"BehaviorSpace results (NetLogo 7.0.3)","Table version 2.0"
"week3.nlogox"
"experiment5"
"03/14/2026 11:03:59:346 +0530"
"min-pxcor","max-pxcor","min-pycor","max-pycor"
"-14","15","-14","15"
"[run number]","Q","F","world-width","world-height","[step]","event-count","interaction-count","interaction-rate","unique-cultures","number-of-regions"
"2","10","5","35","35","0","0","0","0","898","900"
"3","10","5","35","35","0","0","0","0","898","900"
"1","10","5","35","35","0","0","0","0","897","900"
"1","10","5","35","35","1","100000","8477","0.08477","439","451"
"3","10","5","35","35","1","100000","8383","0.08383","456","481"
"2","10","5","35","35","1","100000","8599","0.08599","472","487"
"3","10","5","35","35","2","200000","19555","0.097775","303","343"
"1","10","5","35","35","2","200000","19225","0.096125","310","345"
"2","10","5","35","35","2","200000","19202","0.09601","330","364"
"1","10","5","35","35","3","300000","29870","0.09956666666666666","276","316"
"3","10","5","35","35","3","300000","30960","0.1032","227","265"
"2","10","5","35","35","3","300000","30342","0.10114","279","323"
"1","10","5","35","35","4","400000","40993","0.1024825","215","255"
"3","10","5","35","35","4","400000","42653","0.1066325","201","251"
"2","10","5","35","35","4","400000","42166","0.105415","223","279"
"1","10","5","35","35","5","500000","51258","0.102516","187","239"
"3","10","5","35","35","5","500000","54470","0.10894","186","240"
"2","10","5","35","35","5","500000","54048","0.108096","178","243"
"3","10","5","35","35","6","600000","64579","0.10763166666666667","134","173"
"1","10","5","35","35","6","600000","62283","0.103805","145","196"
"2","10","5","35","35","6","600000","64985","0.10830833333333334","146","197"
"3","10","5","35","35","7","700000","73548","0.10506857142857143","115","172"
"1","10","5","35","35","7","700000","72835","0.10405","126","183"
"2","10","5","35","35","7","700000","74360","0.10622857142857142","113","163"
"3","10","5","35","35","8","800000","82395","0.10299375","99","138"
"1","10","5","35","35","8","800000","83098","0.1038725","107","159"
"2","10","5","35","35","8","800000","83406","0.1042575","102","148"
"3","10","5","35","35","9","900000","91431","0.10159","99","144"
"1","10","5","35","35","9","900000","92944","0.1032711111111111","94","145"
"2","10","5","35","35","9","900000","91476","0.10164","81","115"
"3","10","5","35","35","10","1000000","100088","0.100088","77","117"
"2","10","5","35","35","10","1000000","99063","0.099063","74","110"
"1","10","5","35","35","10","1000000","102382","0.102382","78","123"
"3","10","5","35","35","11","1100000","108012","0.09819272727272728","60","98"
"2","10","5","35","35","11","1100000","106560","0.09687272727272728","68","105"
"1","10","5","35","35","11","1100000","110589","0.10053545454545454","64","97"
"3","10","5","35","35","12","1200000","115885","0.09657083333333333","65","103"
"2","10","5","35","35","12","1200000","113934","0.094945","61","91"
"1","10","5","35","35","12","1200000","118063","0.09838583333333334","55","89"
"3","10","5","35","35","13","1300000","123490","0.0949923076923077","66","96"
"2","10","5","35","35","13","1300000","120977","0.09305923076923077","59","97"
"1","10","5","35","35","13","1300000","125250","0.09634615384615385","48","72"
"3","10","5","35","35","14","1400000","131355","0.093825","70","107"
"2","10","5","35","35","14","1400000","127639","0.09117071428571429","54","74"
"1","10","5","35","35","14","1400000","131435","0.09388214285714286","46","77"
"3","10","5","35","35","15","1500000","138706","0.09247066666666667","52","92"
"2","10","5","35","35","15","1500000","134190","0.08946","48","82"
"1","10","5","35","35","15","1500000","137231","0.09148733333333334","42","63"
"3","10","5","35","35","16","1600000","145499","0.090936875","56","88"
"2","10","5","35","35","16","1600000","140092","0.0875575","50","78"
"1","10","5","35","35","16","1600000","143317","0.089573125","41","65"
"3","10","5","35","35","17","1700000","152024","0.08942588235294117","41","76"
"2","10","5","35","35","17","1700000","146186","0.08599176470588235","50","66"
"1","10","5","35","35","17","1700000","149489","0.08793470588235294","39","63"
"3","10","5","35","35","18","1800000","157991","0.08777277777777778","41","71"
"2","10","5","35","35","18","1800000","152049","0.08447166666666667","41","66"
"1","10","5","35","35","18","1800000","155403","0.086335","37","58"
"3","10","5","35","35","19","1900000","164011","0.08632157894736842","38","65"
"2","10","5","35","35","19","1900000","157724","0.08301263157894737","37","67"
"1","10","5","35","35","19","1900000","161186","0.08483473684210527","34","50"
"3","10","5","35","35","20","2000000","169904","0.084952","40","70"
"2","10","5","35","35","20","2000000","163206","0.081603","36","63"
"1","10","5","35","35","20","2000000","166595","0.0832975","30","57"
"3","10","5","35","35","21","2100000","175729","0.0836804761904762","31","52"
"2","10","5","35","35","21","2100000","168498","0.08023714285714285","37","63"
"1","10","5","35","35","21","2100000","171506","0.0816695238095238","25","43"
"3","10","5","35","35","22","2200000","181709","0.082595","32","50"
"2","10","5","35","35","22","2200000","173687","0.07894863636363636","30","50"
"1","10","5","35","35","22","2200000","175945","0.079975","24","45"
"3","10","5","35","35","23","2300000","187447","0.08149869565217391","34","60"
"2","10","5","35","35","23","2300000","178384","0.07755826086956522","33","60"
"1","10","5","35","35","23","2300000","179865","0.07820217391304347","23","32"
"3","10","5","35","35","24","2400000","192999","0.08041625","32","56"
"2","10","5","35","35","24","2400000","183392","0.07641333333333333","35","65"
"1","10","5","35","35","24","2400000","183416","0.07642333333333333","21","37"
"3","10","5","35","35","25","2500000","198444","0.0793776","30","65"
"2","10","5","35","35","25","2500000","188022","0.0752088","31","55"
"1","10","5","35","35","25","2500000","186578","0.0746312","18","28"
"2","10","5","35","35","26","2600000","192604","0.07407846153846154","28","51"
"3","10","5","35","35","26","2600000","204536","0.07866769230769231","35","70"
"1","10","5","35","35","26","2600000","189833","0.0730126923076923","19","23"
"2","10","5","35","35","27","2700000","197495","0.07314629629629629","26","53"
"3","10","5","35","35","27","2700000","210374","0.0779162962962963","38","63"
"1","10","5","35","35","27","2700000","192943","0.07146037037037037","19","27"
"2","10","5","35","35","28","2800000","201712","0.07204","23","29"
"3","10","5","35","35","28","2800000","215793","0.07706892857142857","29","49"
"1","10","5","35","35","28","2800000","195983","0.06999392857142857","18","24"
"2","10","5","35","35","29","2900000","205492","0.07085931034482759","25","38"
"3","10","5","35","35","29","2900000","220986","0.07620206896551725","29","62"
"1","10","5","35","35","29","2900000","198751","0.0685348275862069","17","29"
"2","10","5","35","35","30","3000000","209195","0.06973166666666666","19","33"
"3","10","5","35","35","30","3000000","226435","0.07547833333333333","30","65"
"1","10","5","35","35","30","3000000","201624","0.067208","15","17"
"2","10","5","35","35","31","3100000","212861","0.06866483870967742","21","36"
"3","10","5","35","35","31","3100000","231659","0.07472870967741936","25","49"
"1","10","5","35","35","31","3100000","204198","0.06587032258064517","16","19"
"2","10","5","35","35","32","3200000","216486","0.067651875","23","29"
"3","10","5","35","35","32","3200000","236358","0.073861875","20","35"
"1","10","5","35","35","32","3200000","206374","0.064491875","15","19"
"2","10","5","35","35","33","3300000","220004","0.06666787878787879","22","32"
"3","10","5","35","35","33","3300000","240652","0.07292484848484848","17","37"
"1","10","5","35","35","33","3300000","208309","0.0631239393939394","14","14"
"2","10","5","35","35","34","3400000","223668","0.06578470588235294","21","35"
"1","10","5","35","35","34","3400000","209907","0.06173735294117647","14","16"
"3","10","5","35","35","34","3400000","245004","0.07206","17","31"
"2","10","5","35","35","35","3500000","227358","0.06495942857142857","22","35"
"1","10","5","35","35","35","3500000","211765","0.06050428571428571","14","21"
"3","10","5","35","35","35","3500000","249223","0.07120657142857142","15","25"
"2","10","5","35","35","36","3600000","231137","0.06420472222222222","21","33"
"1","10","5","35","35","36","3600000","213532","0.05931444444444445","13","14"
"3","10","5","35","35","36","3600000","253023","0.07028416666666666","12","21"
"2","10","5","35","35","37","3700000","234608","0.06340756756756757","23","36"
"1","10","5","35","35","37","3700000","215176","0.05815567567567568","12","15"
"3","10","5","35","35","37","3700000","256615","0.0693554054054054","12","24"
"2","10","5","35","35","38","3800000","238246","0.06269631578947368","21","32"
"1","10","5","35","35","38","3800000","216731","0.057034473684210524","12","13"
"3","10","5","35","35","38","3800000","260080","0.0684421052631579","14","28"
"1","10","5","35","35","39","3900000","218221","0.05595410256410256","12","13"
"2","10","5","35","35","39","3900000","241865","0.062016666666666664","21","33"
"3","10","5","35","35","39","3900000","263402","0.06753897435897437","15","24"
"1","10","5","35","35","40","4000000","219500","0.054875","12","14"
"2","10","5","35","35","40","4000000","245469","0.06136725","21","30"
"3","10","5","35","35","40","4000000","266553","0.06663825","14","30"
"1","10","5","35","35","41","4100000","220632","0.05381268292682927","12","15"
"2","10","5","35","35","41","4100000","248577","0.06062853658536586","18","25"
"3","10","5","35","35","41","4100000","269639","0.06576560975609756","11","27"
"1","10","5","35","35","42","4200000","221556","0.052751428571428574","12","12"
"3","10","5","35","35","42","4200000","272409","0.06485928571428572","9","16"
"2","10","5","35","35","42","4200000","251576","0.059899047619047616","19","28"
"1","10","5","35","35","43","4300000","222376","0.0517153488372093","12","16"
"3","10","5","35","35","43","4300000","275233","0.06400767441860465","10","14"
"2","10","5","35","35","43","4300000","254485","0.05918255813953489","20","27"
"1","10","5","35","35","44","4400000","223181","0.05072295454545454","12","12"
"3","10","5","35","35","44","4400000","277968","0.06317454545454546","11","25"
"2","10","5","35","35","44","4400000","257551","0.05853431818181818","19","25"
"1","10","5","35","35","45","4500000","223853","0.04974511111111111","12","12"
"3","10","5","35","35","45","4500000","280886","0.06241911111111111","11","20"
"2","10","5","35","35","45","4500000","260361","0.057858","18","25"
"1","10","5","35","35","46","4600000","224388","0.04878","12","14"
"3","10","5","35","35","46","4600000","283510","0.06163260869565217","11","19"
"2","10","5","35","35","46","4600000","262946","0.05716217391304348","18","21"
"1","10","5","35","35","47","4700000","224891","0.04784914893617021","12","12"
"3","10","5","35","35","47","4700000","285944","0.06083914893617021","10","22"
"2","10","5","35","35","47","4700000","265259","0.05643808510638298","15","23"
"1","10","5","35","35","48","4800000","225343","0.04694645833333334","12","14"
"3","10","5","35","35","48","4800000","288422","0.060087916666666664","10","16"
"2","10","5","35","35","48","4800000","267505","0.055730208333333336","15","23"
"1","10","5","35","35","49","4900000","225834","0.04608857142857143","12","12"
"3","10","5","35","35","49","4900000","290960","0.05937959183673469","8","12"
"2","10","5","35","35","49","4900000","269881","0.05507775510204082","14","17"
"1","10","5","35","35","50","5000000","226391","0.0452782","12","15"
"3","10","5","35","35","50","5000000","293291","0.0586582","7","9"
"2","10","5","35","35","50","5000000","272234","0.0544468","14","20"
"1","10","5","35","35","51","5100000","226734","0.04445764705882353","11","11"
"3","10","5","35","35","51","5100000","295376","0.05791686274509804","6","11"
"2","10","5","35","35","51","5100000","274455","0.05381470588235294","14","19"
"1","10","5","35","35","52","5200000","226762","0.04360807692307692","10","10"
"4","10","5","35","35","0","0","0","0","897","900"
"3","10","5","35","35","52","5200000","297624","0.05723538461538462","6","9"
"2","10","5","35","35","52","5200000","276633","0.05319865384615385","14","15"
"3","10","5","35","35","53","5300000","299458","0.05650150943396227","7","9"
"4","10","5","35","35","1","100000","8356","0.08356","454","471"
"2","10","5","35","35","53","5300000","278669","0.052579056603773586","14","18"
"3","10","5","35","35","54","5400000","301550","0.05584259259259259","6","7"
"2","10","5","35","35","54","5400000","280980","0.052033333333333334","14","16"
"4","10","5","35","35","2","200000","18895","0.094475","281","325"
"3","10","5","35","35","55","5500000","303234","0.05513345454545455","5","9"
"2","10","5","35","35","55","5500000","282988","0.051452363636363636","14","18"
"4","10","5","35","35","3","300000","30267","0.10089","237","277"
"3","10","5","35","35","56","5600000","304945","0.05445446428571429","5","7"
"2","10","5","35","35","56","5600000","285127","0.05091553571428571","14","17"
"4","10","5","35","35","4","400000","41307","0.1032675","217","260"
"3","10","5","35","35","57","5700000","306608","0.05379087719298246","5","5"
"2","10","5","35","35","57","5700000","286938","0.05034","13","19"
"4","10","5","35","35","5","500000","52601","0.105202","192","227"
"3","10","5","35","35","58","5800000","308309","0.05315672413793104","5","7"
"2","10","5","35","35","58","5800000","288722","0.04977965517241379","13","17"
"4","10","5","35","35","6","600000","63331","0.10555166666666667","154","193"
"3","10","5","35","35","59","5900000","309828","0.05251322033898305","5","6"
"2","10","5","35","35","59","5900000","290674","0.049266779661016946","13","15"
"3","10","5","35","35","60","6000000","311364","0.051894","5","6"
"4","10","5","35","35","7","700000","72640","0.10377142857142857","116","159"
"2","10","5","35","35","60","6000000","292532","0.04875533333333333","13","16"
"3","10","5","35","35","61","6100000","312802","0.05127901639344262","5","6"
"4","10","5","35","35","8","800000","81439","0.10179875","111","169"
"2","10","5","35","35","61","6100000","294389","0.04826049180327869","13","16"
"3","10","5","35","35","62","6200000","314497","0.05072532258064516","5","5"
"4","10","5","35","35","9","900000","89810","0.09978888888888889","92","132"
"2","10","5","35","35","62","6200000","296209","0.04777564516129032","13","16"
"3","10","5","35","35","63","6300000","316100","0.05017460317460318","5","6"
"2","10","5","35","35","63","6300000","298251","0.04734142857142857","13","17"
"4","10","5","35","35","10","1000000","97678","0.097678","79","110"
"3","10","5","35","35","64","6400000","317696","0.04964","5","9"
"2","10","5","35","35","64","6400000","300159","0.04689984375","13","16"
"4","10","5","35","35","11","1100000","104913","0.09537545454545454","82","128"
"3","10","5","35","35","65","6500000","319210","0.049109230769230766","5","7"
"2","10","5","35","35","65","6500000","301943","0.04645276923076923","13","19"
"4","10","5","35","35","12","1200000","112315","0.09359583333333334","67","99"
"3","10","5","35","35","66","6600000","320584","0.048573333333333336","5","5"
"2","10","5","35","35","66","6600000","303909","0.04604681818181818","13","16"
"4","10","5","35","35","13","1300000","119383","0.09183307692307692","73","115"
"3","10","5","35","35","67","6700000","321634","0.04800507462686567","4","7"
"2","10","5","35","35","67","6700000","305857","0.04565029850746269","13","18"
"4","10","5","35","35","14","1400000","126802","0.09057285714285715","67","90"
"3","10","5","35","35","68","6800000","322576","0.04743764705882353","4","4"
"2","10","5","35","35","68","6800000","307776","0.045261176470588235","13","17"
"4","10","5","35","35","15","1500000","133912","0.08927466666666667","52","93"
"3","10","5","35","35","69","6900000","323619","0.046901304347826085","4","5"
"2","10","5","35","35","69","6900000","309660","0.044878260869565215","13","17"
"3","10","5","35","35","70","7000000","324698","0.04638542857142857","4","6"
"4","10","5","35","35","16","1600000","140740","0.0879625","54","87"
"2","10","5","35","35","70","7000000","311417","0.04448814285714286","13","15"
"3","10","5","35","35","71","7100000","325785","0.045885211267605634","4","10"
"4","10","5","35","35","17","1700000","147227","0.08660411764705882","39","73"
"2","10","5","35","35","71","7100000","312961","0.04407901408450704","13","14"
"3","10","5","35","35","72","7200000","326876","0.045399444444444444","4","5"
"4","10","5","35","35","18","1800000","153649","0.08536055555555555","40","74"
"2","10","5","35","35","72","7200000","314449","0.043673472222222225","13","19"
"3","10","5","35","35","73","7300000","327946","0.0449241095890411","4","5"
"4","10","5","35","35","19","1900000","159595","0.08399736842105263","34","53"
"2","10","5","35","35","73","7300000","316125","0.043304794520547946","13","15"
"3","10","5","35","35","74","7400000","328989","0.04445797297297297","4","4"
"4","10","5","35","35","20","2000000","164985","0.0824925","33","55"
"2","10","5","35","35","74","7400000","318132","0.04299081081081081","13","15"
"3","10","5","35","35","75","7500000","330024","0.0440032","4","4"
"4","10","5","35","35","21","2100000","170032","0.08096761904761905","33","68"
"2","10","5","35","35","75","7500000","319723","0.042629733333333336","13","13"
"3","10","5","35","35","76","7600000","331038","0.04355763157894737","4","6"
"2","10","5","35","35","76","7600000","321511","0.04230407894736842","13","17"
"4","10","5","35","35","22","2200000","175852","0.07993272727272727","34","53"
"3","10","5","35","35","77","7700000","332109","0.04313103896103896","4","4"
"2","10","5","35","35","77","7700000","323332","0.04199116883116883","13","17"
"4","10","5","35","35","23","2300000","181332","0.07884","34","55"
"3","10","5","35","35","78","7800000","333048","0.04269846153846154","4","5"
"2","10","5","35","35","78","7800000","324977","0.04166371794871795","13","17"
"4","10","5","35","35","24","2400000","186606","0.0777525","27","41"
"3","10","5","35","35","79","7900000","334008","0.04227949367088608","4","5"
"2","10","5","35","35","79","7900000","326734","0.04135873417721519","13","17"
"3","10","5","35","35","80","8000000","334923","0.041865375","4","5"
"4","10","5","35","35","25","2500000","191334","0.0765336","28","40"
"2","10","5","35","35","80","8000000","328295","0.041036875","13","18"
"3","10","5","35","35","81","8100000","335926","0.04147234567901235","4","8"
"4","10","5","35","35","26","2600000","195975","0.075375","27","50"
"2","10","5","35","35","81","8100000","329878","0.04072567901234568","13","17"
"3","10","5","35","35","82","8200000","336867","0.04108134146341463","4","4"
"4","10","5","35","35","27","2700000","200175","0.07413888888888889","20","30"
"2","10","5","35","35","82","8200000","331567","0.040435","13","27"
"3","10","5","35","35","83","8300000","337785","0.04069698795180723","4","6"
"4","10","5","35","35","28","2800000","204058","0.07287785714285715","24","33"
"2","10","5","35","35","83","8300000","333305","0.04015722891566265","13","24"
"3","10","5","35","35","84","8400000","338740","0.040326190476190474","4","4"
"4","10","5","35","35","29","2900000","207401","0.07151758620689655","21","34"
"2","10","5","35","35","84","8400000","334864","0.0398647619047619","13","19"
"3","10","5","35","35","85","8500000","339742","0.039969647058823526","4","7"
"4","10","5","35","35","30","3000000","210888","0.070296","21","35"
"2","10","5","35","35","85","8500000","336438","0.03958094117647059","13","20"
"3","10","5","35","35","86","8600000","340627","0.03960779069767442","4","5"
"4","10","5","35","35","31","3100000","214674","0.06924967741935484","22","38"
"2","10","5","35","35","86","8600000","338132","0.03931767441860465","13","17"
"3","10","5","35","35","87","8700000","341591","0.03926333333333333","4","6"
"4","10","5","35","35","32","3200000","218424","0.0682575","18","29"
"2","10","5","35","35","87","8700000","339751","0.03905183908045977","13","20"
"3","10","5","35","35","88","8800000","342650","0.0389375","4","5"
"4","10","5","35","35","33","3300000","221739","0.06719363636363636","20","30"
"2","10","5","35","35","88","8800000","341567","0.03881443181818182","13","19"
"3","10","5","35","35","89","8900000","343836","0.03863325842696629","4","6"
"4","10","5","35","35","34","3400000","225069","0.06619676470588236","20","29"
"2","10","5","35","35","89","8900000","343244","0.038566741573033705","13","20"
"3","10","5","35","35","90","9000000","344908","0.03832311111111111","4","4"
"4","10","5","35","35","35","3500000","228162","0.06518914285714286","18","29"
"2","10","5","35","35","90","9000000","344810","0.03831222222222222","13","22"
"3","10","5","35","35","91","9100000","346061","0.03802868131868132","4","7"
"4","10","5","35","35","36","3600000","231100","0.06419444444444444","16","28"
"3","10","5","35","35","92","9200000","347159","0.03773467391304348","4","4"
"2","10","5","35","35","91","9100000","346156","0.038039120879120876","13","21"
"4","10","5","35","35","37","3700000","234014","0.06324702702702703","18","25"
"3","10","5","35","35","93","9300000","348175","0.03743817204301075","4","7"
"2","10","5","35","35","92","9200000","347486","0.037770217391304345","13","20"
"4","10","5","35","35","38","3800000","237108","0.06239684210526316","17","24"
"3","10","5","35","35","94","9400000","349012","0.03712893617021277","4","5"
"2","10","5","35","35","93","9300000","348976","0.037524301075268815","13","17"
"4","10","5","35","35","39","3900000","240015","0.061542307692307695","19","33"
"3","10","5","35","35","95","9500000","349789","0.03681989473684211","4","5"
"2","10","5","35","35","94","9400000","350643","0.037302446808510636","13","22"
"4","10","5","35","35","40","4000000","243127","0.06078175","16","28"
"3","10","5","35","35","96","9600000","350733","0.0365346875","4","5"
"2","10","5","35","35","95","9500000","352037","0.03705652631578947","13","23"
"3","10","5","35","35","97","9700000","351596","0.03624701030927835","4","6"
"4","10","5","35","35","41","4100000","246085","0.060020731707317074","17","24"
"2","10","5","35","35","96","9600000","353199","0.0367915625","13","19"
"3","10","5","35","35","98","9800000","352409","0.03596010204081632","4","6"
"4","10","5","35","35","42","4200000","249060","0.0593","18","31"
"2","10","5","35","35","97","9700000","354383","0.03653432989690722","13","19"
"3","10","5","35","35","99","9900000","353198","0.035676565656565656","4","5"
"4","10","5","35","35","43","4300000","252068","0.058620465116279066","16","26"
"2","10","5","35","35","98","9800000","355560","0.036281632653061224","13","16"
"3","10","5","35","35","100","10000000","353893","0.0353893","4","4"
"2","10","5","35","35","99","9900000","356689","0.03602919191919192","12","14"
"4","10","5","35","35","44","4400000","255031","0.05796159090909091","14","21"
"3","10","5","35","35","101","10100000","354449","0.035093960396039604","4","5"
"2","10","5","35","35","100","10000000","357721","0.0357721","12","13"
"4","10","5","35","35","45","4500000","257987","0.05733044444444445","15","26"
"3","10","5","35","35","102","10200000","355117","0.034815392156862746","4","6"
"2","10","5","35","35","101","10100000","358384","0.03548356435643564","11","11"
"4","10","5","35","35","46","4600000","260689","0.05667152173913043","15","22"
"3","10","5","35","35","103","10300000","355997","0.034562815533980586","4","5"
"2","10","5","35","35","102","10200000","358957","0.035191862745098036","11","11"
"4","10","5","35","35","47","4700000","263666","0.05609914893617021","17","26"
"3","10","5","35","35","104","10400000","356700","0.034298076923076924","4","5"
"2","10","5","35","35","103","10300000","359675","0.034919902912621356","11","11"
"4","10","5","35","35","48","4800000","266279","0.05547479166666667","14","21"
"3","10","5","35","35","105","10500000","357533","0.0340507619047619","4","4"
"2","10","5","35","35","104","10400000","360312","0.03464538461538461","11","12"
"4","10","5","35","35","49","4900000","268859","0.054869183673469386","14","18"
"3","10","5","35","35","106","10600000","358272","0.03379924528301887","4","5"
"2","10","5","35","35","105","10500000","361051","0.03438580952380953","11","11"
"4","10","5","35","35","50","5000000","270873","0.0541746","11","14"
"3","10","5","35","35","107","10700000","359066","0.033557570093457945","4","4"
"2","10","5","35","35","106","10600000","362011","0.034151981132075473","11","12"
"4","10","5","35","35","51","5100000","272734","0.053477254901960786","11","17"
"3","10","5","35","35","108","10800000","359844","0.03331888888888889","4","4"
"2","10","5","35","35","107","10700000","363170","0.0339411214953271","11","14"
"4","10","5","35","35","52","5200000","274494","0.05278730769230769","11","17"
"3","10","5","35","35","109","10900000","360519","0.0330751376146789","4","4"
"2","10","5","35","35","108","10800000","364056","0.033708888888888885","11","11"
"4","10","5","35","35","53","5300000","276171","0.052107735849056605","10","11"
"3","10","5","35","35","110","11000000","360803","0.032800272727272727","4","5"
"2","10","5","35","35","109","10900000","364536","0.03344366972477064","11","11"
"4","10","5","35","35","54","5400000","277527","0.05139388888888889","10","10"
"3","10","5","35","35","111","11100000","360997","0.032522252252252255","4","5"
"2","10","5","35","35","110","11000000","364893","0.03317209090909091","11","11"
"4","10","5","35","35","55","5500000","279137","0.05075218181818182","10","10"
"3","10","5","35","35","112","11200000","361025","0.032234375","3","3"
"5","10","5","35","35","0","0","0","0","896","900"
"2","10","5","35","35","111","11100000","365124","0.03289405405405405","11","11"
"4","10","5","35","35","56","5600000","280742","0.0501325","10","13"
"2","10","5","35","35","112","11200000","365151","0.032602767857142854","10","10"
"6","10","5","35","35","0","0","0","0","898","900"
"5","10","5","35","35","1","100000","8548","0.08548","442","467"
"4","10","5","35","35","57","5700000","282071","0.04948614035087719","10","12"
"6","10","5","35","35","1","100000","8312","0.08312","428","446"
"5","10","5","35","35","2","200000","18597","0.092985","299","332"
"4","10","5","35","35","58","5800000","283586","0.04889413793103448","10","10"
"6","10","5","35","35","2","200000","17915","0.089575","290","325"
"5","10","5","35","35","3","300000","28490","0.09496666666666667","237","268"
"4","10","5","35","35","59","5900000","285004","0.04830576271186441","10","10"
"6","10","5","35","35","3","300000","28185","0.09395","260","292"
"5","10","5","35","35","4","400000","38510","0.096275","199","248"
"4","10","5","35","35","60","6000000","286384","0.047730666666666664","10","12"
"4","10","5","35","35","61","6100000","287467","0.047125737704918035","9","12"
"6","10","5","35","35","4","400000","38316","0.09579","190","231"
"5","10","5","35","35","5","500000","48996","0.097992","160","221"
"4","10","5","35","35","62","6200000","288613","0.04655048387096774","9","10"
"6","10","5","35","35","5","500000","47934","0.095868","166","201"
"5","10","5","35","35","6","600000","59029","0.09838166666666667","145","203"
"4","10","5","35","35","63","6300000","289859","0.04600936507936508","9","9"
"6","10","5","35","35","6","600000","57539","0.09589833333333334","160","206"
"5","10","5","35","35","7","700000","68825","0.09832142857142857","139","173"
"4","10","5","35","35","64","6400000","291040","0.045475","9","10"
"6","10","5","35","35","7","700000","66503","0.09500428571428571","131","165"
"5","10","5","35","35","8","800000","78419","0.09802375","137","186"
"4","10","5","35","35","65","6500000","292163","0.044948153846153846","9","10"
"6","10","5","35","35","8","800000","74900","0.093625","123","145"
"5","10","5","35","35","9","900000","87716","0.09746222222222223","129","174"
"4","10","5","35","35","66","6600000","293136","0.04441454545454546","9","10"
"6","10","5","35","35","9","900000","82568","0.09174222222222223","123","148"
"5","10","5","35","35","10","1000000","96918","0.096918","104","155"
"4","10","5","35","35","67","6700000","294206","0.04391134328358209","9","9"
"6","10","5","35","35","10","1000000","90542","0.090542","113","158"
"5","10","5","35","35","11","1100000","106267","0.09660636363636364","107","146"
"4","10","5","35","35","68","6800000","295146","0.043403823529411766","9","10"
"6","10","5","35","35","11","1100000","97628","0.08875272727272727","89","121"
"5","10","5","35","35","12","1200000","115394","0.09616166666666667","86","141"
"4","10","5","35","35","69","6900000","296235","0.04293260869565217","9","12"
"6","10","5","35","35","12","1200000","104477","0.08706416666666666","101","142"
"5","10","5","35","35","13","1300000","123785","0.09521923076923076","81","121"
"4","10","5","35","35","70","7000000","297558","0.042508285714285714","9","14"
"6","10","5","35","35","13","1300000","112213","0.0863176923076923","91","116"
"4","10","5","35","35","71","7100000","298357","0.042022112676056336","9","9"
"5","10","5","35","35","14","1400000","131898","0.09421285714285714","72","101"
"4","10","5","35","35","72","7200000","298990","0.04152638888888889","9","9"
"6","10","5","35","35","14","1400000","119443","0.08531642857142857","88","142"
"5","10","5","35","35","15","1500000","138720","0.09248","65","94"
"4","10","5","35","35","73","7300000","299377","0.04101054794520548","9","9"
"6","10","5","35","35","15","1500000","126246","0.084164","69","97"
"5","10","5","35","35","16","1600000","145404","0.0908775","67","102"
"4","10","5","35","35","74","7400000","299709","0.04050121621621622","9","9"
"6","10","5","35","35","16","1600000","132694","0.08293375","74","108"
"5","10","5","35","35","17","1700000","152486","0.08969764705882353","74","116"
"4","10","5","35","35","75","7500000","299987","0.039998266666666664","9","10"
"6","10","5","35","35","17","1700000","139882","0.0822835294117647","73","114"
"5","10","5","35","35","18","1800000","160066","0.08892555555555555","62","99"
"4","10","5","35","35","76","7600000","300181","0.0394975","8","8"
"7","10","5","35","35","0","0","0","0","894","900"
"6","10","5","35","35","18","1800000","146701","0.08150055555555556","62","92"
"5","10","5","35","35","19","1900000","167525","0.08817105263157894","61","105"
"7","10","5","35","35","1","100000","8456","0.08456","432","459"
"6","10","5","35","35","19","1900000","154017","0.08106157894736842","73","131"
"5","10","5","35","35","20","2000000","174865","0.0874325","52","107"
"7","10","5","35","35","2","200000","19043","0.095215","319","352"
"6","10","5","35","35","20","2000000","161585","0.0807925","62","103"
"5","10","5","35","35","21","2100000","182073","0.08670142857142857","50","86"
"7","10","5","35","35","3","300000","30618","0.10206","277","319"
"6","10","5","35","35","21","2100000","168279","0.08013285714285714","61","87"
"5","10","5","35","35","22","2200000","189109","0.08595863636363636","57","97"
"6","10","5","35","35","22","2200000","174743","0.07942863636363637","59","93"
"7","10","5","35","35","4","400000","43006","0.107515","221","266"
"5","10","5","35","35","23","2300000","195661","0.08507","55","81"
"6","10","5","35","35","23","2300000","181476","0.07890260869565217","49","71"
"7","10","5","35","35","5","500000","55046","0.110092","204","259"
"5","10","5","35","35","24","2400000","202766","0.08448583333333333","43","72"
"6","10","5","35","35","24","2400000","188169","0.07840375","49","68"
"7","10","5","35","35","6","600000","66700","0.11116666666666666","195","253"
"5","10","5","35","35","25","2500000","208840","0.083536","34","67"
"6","10","5","35","35","25","2500000","194909","0.0779636","44","89"
"7","10","5","35","35","7","700000","78018","0.11145428571428571","163","219"
"5","10","5","35","35","26","2600000","214298","0.0824223076923077","37","61"
"6","10","5","35","35","26","2600000","201421","0.07746961538461539","37","59"
"7","10","5","35","35","8","800000","88855","0.11106875","128","189"
"5","10","5","35","35","27","2700000","219671","0.08135962962962963","27","54"
"6","10","5","35","35","27","2700000","207594","0.07688666666666667","33","53"
"7","10","5","35","35","9","900000","98586","0.10954","100","147"
"5","10","5","35","35","28","2800000","225140","0.08040714285714286","27","62"
"6","10","5","35","35","28","2800000","213341","0.07619321428571428","32","58"
"7","10","5","35","35","10","1000000","107821","0.107821","101","151"
"5","10","5","35","35","29","2900000","230616","0.07952275862068965","27","47"
"6","10","5","35","35","29","2900000","218779","0.07544103448275861","37","65"
"5","10","5","35","35","30","3000000","235314","0.078438","21","38"
"7","10","5","35","35","11","1100000","117210","0.10655454545454546","98","160"
"6","10","5","35","35","30","3000000","224122","0.07470733333333333","39","65"
"5","10","5","35","35","31","3100000","239691","0.07731967741935483","22","45"
"7","10","5","35","35","12","1200000","126429","0.1053575","84","131"
"6","10","5","35","35","31","3100000","229667","0.07408612903225806","30","48"
"5","10","5","35","35","32","3200000","244436","0.07638625","17","33"
"7","10","5","35","35","13","1300000","135361","0.10412384615384615","82","124"
"6","10","5","35","35","32","3200000","235020","0.07344375","29","51"
"5","10","5","35","35","33","3300000","248533","0.0753130303030303","18","34"
"7","10","5","35","35","14","1400000","143484","0.10248857142857143","63","101"
"6","10","5","35","35","33","3300000","240379","0.0728421212121212","27","50"
"5","10","5","35","35","34","3400000","252634","0.07430411764705883","18","29"
"7","10","5","35","35","15","1500000","151881","0.101254","62","105"
"6","10","5","35","35","34","3400000","245470","0.0721970588235294","28","46"
"5","10","5","35","35","35","3500000","256410","0.07326","18","25"
"7","10","5","35","35","16","1600000","159866","0.09991625","57","104"
"6","10","5","35","35","35","3500000","250351","0.07152885714285714","25","38"
"5","10","5","35","35","36","3600000","260093","0.07224805555555555","18","30"
"7","10","5","35","35","17","1700000","167592","0.09858352941176471","57","114"
"6","10","5","35","35","36","3600000","254961","0.0708225","24","43"
"5","10","5","35","35","37","3700000","263522","0.07122216216216216","14","24"
"7","10","5","35","35","18","1800000","175062","0.09725666666666667","52","90"
"6","10","5","35","35","37","3700000","259419","0.07011324324324324","20","30"
"5","10","5","35","35","38","3800000","266890","0.07023421052631579","11","20"
"6","10","5","35","35","38","3800000","263790","0.06941842105263157","20","45"
"7","10","5","35","35","19","1900000","182184","0.09588631578947368","42","83"
"5","10","5","35","35","39","3900000","269907","0.06920692307692308","10","14"
"6","10","5","35","35","39","3900000","267803","0.0686674358974359","17","31"
"7","10","5","35","35","20","2000000","188245","0.0941225","38","68"
"5","10","5","35","35","40","4000000","272923","0.06823075","11","15"
"6","10","5","35","35","40","4000000","271518","0.0678795","17","33"
"7","10","5","35","35","21","2100000","193676","0.09222666666666667","39","58"
"5","10","5","35","35","41","4100000","275779","0.06726317073170732","11","18"
"6","10","5","35","35","41","4100000","275202","0.06712243902439025","17","25"
"7","10","5","35","35","22","2200000","199145","0.09052045454545454","27","45"
"5","10","5","35","35","42","4200000","278781","0.06637642857142857","10","20"
"6","10","5","35","35","42","4200000","278533","0.06631738095238095","17","27"
"7","10","5","35","35","23","2300000","204325","0.08883695652173913","26","46"
"5","10","5","35","35","43","4300000","281798","0.06553441860465116","9","19"
"6","10","5","35","35","43","4300000","281644","0.06549860465116279","17","25"
"7","10","5","35","35","24","2400000","209724","0.087385","30","54"
"5","10","5","35","35","44","4400000","284603","0.0646825","8","13"
"6","10","5","35","35","44","4400000","284720","0.06470909090909091","17","30"
"7","10","5","35","35","25","2500000","214938","0.0859752","31","55"
"5","10","5","35","35","45","4500000","287306","0.06384577777777778","9","22"
"6","10","5","35","35","45","4500000","287897","0.06397711111111111","18","28"
"7","10","5","35","35","26","2600000","219875","0.08456730769230769","27","50"
"5","10","5","35","35","46","4600000","289877","0.06301673913043478","8","16"
"6","10","5","35","35","46","4600000","290869","0.06323239130434782","17","26"
"5","10","5","35","35","47","4700000","292111","0.06215127659574468","7","10"
"7","10","5","35","35","27","2700000","224840","0.08327407407407407","24","41"
"6","10","5","35","35","47","4700000","294252","0.0626068085106383","16","24"
"5","10","5","35","35","48","4800000","294396","0.0613325","7","14"
"7","10","5","35","35","28","2800000","229593","0.0819975","19","36"
"6","10","5","35","35","48","4800000","297530","0.06198541666666667","15","23"
"5","10","5","35","35","49","4900000","296802","0.06057183673469388","7","12"
"7","10","5","35","35","29","2900000","233707","0.08058862068965517","18","32"
"6","10","5","35","35","49","4900000","300897","0.061407551020408166","14","24"
"5","10","5","35","35","50","5000000","298713","0.0597426","7","12"
"7","10","5","35","35","30","3000000","238076","0.07935866666666666","18","31"
"6","10","5","35","35","50","5000000","304098","0.0608196","15","29"
"5","10","5","35","35","51","5100000","300239","0.058870392156862746","7","13"
"7","10","5","35","35","31","3100000","242528","0.07823483870967742","20","40"
"6","10","5","35","35","51","5100000","307238","0.060242745098039216","15","23"
"5","10","5","35","35","52","5200000","301915","0.05806057692307692","6","10"
"7","10","5","35","35","32","3200000","247079","0.0772121875","20","30"
"6","10","5","35","35","52","5200000","310465","0.05970480769230769","15","25"
"5","10","5","35","35","53","5300000","303204","0.057208301886792455","4","4"
"7","10","5","35","35","33","3300000","251218","0.07612666666666666","18","35"
"6","10","5","35","35","53","5300000","313756","0.05919924528301887","14","24"
"5","10","5","35","35","54","5400000","304290","0.05635","4","4"
"7","10","5","35","35","34","3400000","255793","0.07523323529411764","17","34"
"6","10","5","35","35","54","5400000","316875","0.058680555555555555","15","28"
"5","10","5","35","35","55","5500000","305315","0.05551181818181818","4","4"
"7","10","5","35","35","35","3500000","260330","0.07438","16","34"
"6","10","5","35","35","55","5500000","320169","0.058212545454545454","14","22"
"5","10","5","35","35","56","5600000","306340","0.05470357142857143","4","7"
"7","10","5","35","35","36","3600000","264670","0.07351944444444444","15","37"
"6","10","5","35","35","56","5600000","323603","0.05778625","14","29"
"5","10","5","35","35","57","5700000","307566","0.05395894736842105","4","9"
"7","10","5","35","35","37","3700000","268743","0.07263324324324325","15","33"
"6","10","5","35","35","57","5700000","326834","0.05733929824561403","14","23"
"5","10","5","35","35","58","5800000","308694","0.05322310344827586","4","5"
"7","10","5","35","35","38","3800000","272680","0.0717578947368421","18","38"
"6","10","5","35","35","58","5800000","330168","0.05692551724137931","14","22"
"5","10","5","35","35","59","5900000","310236","0.052582372881355935","4","6"
"7","10","5","35","35","39","3900000","276663","0.07093923076923077","13","30"
"5","10","5","35","35","60","6000000","311627","0.051937833333333336","4","6"
"6","10","5","35","35","59","5900000","333677","0.05655542372881356","15","18"
"7","10","5","35","35","40","4000000","280528","0.070132","13","26"
"5","10","5","35","35","61","6100000","312817","0.05128147540983607","4","4"
"6","10","5","35","35","60","6000000","336960","0.05616","15","22"
"7","10","5","35","35","41","4100000","284058","0.06928243902439024","13","29"
"5","10","5","35","35","62","6200000","313922","0.05063258064516129","4","7"
"6","10","5","35","35","61","6100000","339978","0.05573409836065574","12","20"
"7","10","5","35","35","42","4200000","287800","0.06852380952380953","14","24"
"5","10","5","35","35","63","6300000","315067","0.05001063492063492","4","7"
"6","10","5","35","35","62","6200000","343063","0.05533274193548387","12","23"
"7","10","5","35","35","43","4300000","291229","0.06772767441860465","15","23"
"5","10","5","35","35","64","6400000","316134","0.0493959375","4","4"
"6","10","5","35","35","63","6300000","346322","0.05497174603174603","12","21"
"5","10","5","35","35","65","6500000","317071","0.04878015384615385","4","4"
"7","10","5","35","35","44","4400000","294340","0.06689545454545455","12","16"
"6","10","5","35","35","64","6400000","349387","0.05459171875","12","21"
"5","10","5","35","35","66","6600000","318015","0.04818409090909091","4","4"
"7","10","5","35","35","45","4500000","297484","0.06610755555555556","13","27"
"6","10","5","35","35","65","6500000","352300","0.0542","14","24"
"5","10","5","35","35","67","6700000","318902","0.04759731343283582","4","8"
"7","10","5","35","35","46","4600000","300441","0.06531326086956522","13","28"
"6","10","5","35","35","66","6600000","355047","0.053795","14","24"
"5","10","5","35","35","68","6800000","319704","0.04701529411764706","4","4"
"6","10","5","35","35","67","6700000","357627","0.05337716417910448","14","30"
"7","10","5","35","35","47","4700000","303475","0.06456914893617022","11","30"
"5","10","5","35","35","69","6900000","320592","0.04646260869565218","4","8"
"6","10","5","35","35","68","6800000","360259","0.05297926470588235","14","23"
"7","10","5","35","35","48","4800000","306225","0.063796875","11","25"
"5","10","5","35","35","70","7000000","321604","0.04594342857142857","4","4"
"6","10","5","35","35","69","6900000","363025","0.05261231884057971","14","25"
"7","10","5","35","35","49","4900000","308524","0.06296408163265306","10","19"
"5","10","5","35","35","71","7100000","322522","0.0454256338028169","4","5"
"6","10","5","35","35","70","7000000","365767","0.052252428571428575","14","29"
"7","10","5","35","35","50","5000000","310951","0.0621902","10","21"
"5","10","5","35","35","72","7200000","323315","0.04490486111111111","4","5"
"6","10","5","35","35","71","7100000","368473","0.051897605633802815","14","20"
"7","10","5","35","35","51","5100000","313739","0.06151745098039216","9","22"
"5","10","5","35","35","73","7300000","324209","0.04441219178082192","4","7"
"6","10","5","35","35","72","7200000","371274","0.05156583333333333","13","17"
"7","10","5","35","35","52","5200000","316454","0.06085653846153846","9","17"
"5","10","5","35","35","74","7400000","325241","0.04395148648648649","4","5"
"6","10","5","35","35","73","7300000","373998","0.051232602739726026","13","14"
"7","10","5","35","35","53","5300000","319080","0.06020377358490566","8","13"
"5","10","5","35","35","75","7500000","326123","0.04348306666666667","4","4"
"6","10","5","35","35","74","7400000","376933","0.05093689189189189","12","23"
"7","10","5","35","35","54","5400000","321822","0.059596666666666666","8","14"
"5","10","5","35","35","76","7600000","327048","0.04303263157894737","4","5"
"6","10","5","35","35","75","7500000","379311","0.0505748","13","19"
"7","10","5","35","35","55","5500000","324347","0.05897218181818182","11","17"
"5","10","5","35","35","77","7700000","328147","0.042616493506493505","4","6"
"6","10","5","35","35","76","7600000","381431","0.050188289473684214","10","12"
"7","10","5","35","35","56","5600000","327068","0.058405","9","19"
"5","10","5","35","35","78","7800000","329017","0.042181666666666666","4","5"
"6","10","5","35","35","77","7700000","383442","0.049797662337662335","10","13"
"7","10","5","35","35","57","5700000","329950","0.0578859649122807","9","17"
"5","10","5","35","35","79","7900000","330001","0.041772278481012656","4","4"
"6","10","5","35","35","78","7800000","385351","0.04940397435897436","10","14"
"7","10","5","35","35","58","5800000","332701","0.05736224137931034","9","15"
"5","10","5","35","35","80","8000000","330916","0.0413645","4","5"
"6","10","5","35","35","79","7900000","387388","0.04903645569620253","10","11"
"7","10","5","35","35","59","5900000","335480","0.05686101694915254","10","22"
"5","10","5","35","35","81","8100000","331777","0.04096012345679012","4","4"
"6","10","5","35","35","80","8000000","389381","0.048672625","10","15"
"7","10","5","35","35","60","6000000","338545","0.056424166666666664","9","18"
"5","10","5","35","35","82","8200000","332747","0.04057890243902439","4","5"
"6","10","5","35","35","81","8100000","391294","0.0483079012345679","10","14"
"7","10","5","35","35","61","6100000","341232","0.05593967213114754","9","17"
"5","10","5","35","35","83","8300000","333588","0.04019132530120482","4","5"
"6","10","5","35","35","82","8200000","393369","0.04797182926829268","10","17"
"7","10","5","35","35","62","6200000","343924","0.0554716129032258","9","19"
"5","10","5","35","35","84","8400000","334344","0.03980285714285714","4","7"
"6","10","5","35","35","83","8300000","395241","0.04761939759036145","10","16"
"7","10","5","35","35","63","6300000","346796","0.055046984126984125","9","17"
"5","10","5","35","35","85","8500000","335060","0.03941882352941176","4","5"
"6","10","5","35","35","84","8400000","397158","0.04728071428571429","10","14"
"7","10","5","35","35","64","6400000","349381","0.05459078125","9","11"
"5","10","5","35","35","86","8600000","335781","0.0390443023255814","4","4"
"6","10","5","35","35","85","8500000","399145","0.04695823529411765","10","10"
"7","10","5","35","35","65","6500000","351934","0.05414369230769231","9","13"
"5","10","5","35","35","87","8700000","336475","0.038675287356321836","4","5"
"6","10","5","35","35","86","8600000","401150","0.046645348837209305","10","16"
"5","10","5","35","35","88","8800000","337029","0.03829875","4","4"
"7","10","5","35","35","66","6600000","354459","0.05370590909090909","9","16"
"6","10","5","35","35","87","8700000","403150","0.046339080459770116","10","14"
"5","10","5","35","35","89","8900000","337548","0.03792674157303371","4","4"
"7","10","5","35","35","67","6700000","356989","0.05328194029850746","9","16"
"6","10","5","35","35","88","8800000","405137","0.04603829545454546","10","12"
"5","10","5","35","35","90","9000000","338001","0.03755566666666667","4","4"
"7","10","5","35","35","68","6800000","359418","0.05285558823529412","9","13"
"6","10","5","35","35","89","8900000","406916","0.045720898876404494","10","10"
"5","10","5","35","35","91","9100000","338270","0.03717252747252747","4","4"
"7","10","5","35","35","69","6900000","361849","0.05244188405797101","9","18"
"6","10","5","35","35","90","9000000","408988","0.04544311111111111","10","13"
"5","10","5","35","35","92","9200000","338299","0.036771630434782605","3","3"
"8","10","5","35","35","0","0","0","0","894","900"
"7","10","5","35","35","70","7000000","363941","0.05199157142857143","8","11"
"6","10","5","35","35","91","9100000","411053","0.04517065934065934","10","12"
"7","10","5","35","35","71","7100000","365755","0.051514788732394366","8","14"
"8","10","5","35","35","1","100000","8399","0.08399","471","492"
"6","10","5","35","35","92","9200000","413118","0.044904130434782606","10","13"
"7","10","5","35","35","72","7200000","367365","0.05102291666666667","6","9"
"8","10","5","35","35","2","200000","19025","0.095125","320","360"
"6","10","5","35","35","93","9300000","414887","0.044611505376344084","10","13"
"7","10","5","35","35","73","7300000","368994","0.05054712328767123","7","10"
"8","10","5","35","35","3","300000","30777","0.10259","265","319"
"6","10","5","35","35","94","9400000","416625","0.0443218085106383","10","13"
"7","10","5","35","35","74","7400000","370734","0.05009918918918919","6","9"
"6","10","5","35","35","95","9500000","418562","0.04405915789473684","10","16"
"8","10","5","35","35","4","400000","42501","0.1062525","222","260"
"7","10","5","35","35","75","7500000","372030","0.049604","6","7"
"6","10","5","35","35","96","9600000","420572","0.04380958333333333","10","18"
"8","10","5","35","35","5","500000","53577","0.107154","177","230"
"7","10","5","35","35","76","7600000","373075","0.04908881578947368","5","6"
"6","10","5","35","35","97","9700000","422546","0.04356144329896907","10","18"
"8","10","5","35","35","6","600000","62851","0.10475166666666667","138","181"
"7","10","5","35","35","77","7700000","374147","0.04859051948051948","5","6"
"6","10","5","35","35","98","9800000","424452","0.04331142857142857","10","12"
"8","10","5","35","35","7","700000","71927","0.10275285714285715","143","191"
"7","10","5","35","35","78","7800000","375298","0.048115128205128206","5","7"
"6","10","5","35","35","99","9900000","426377","0.043068383838383836","10","14"
"8","10","5","35","35","8","800000","81307","0.10163375","122","165"
"7","10","5","35","35","79","7900000","376381","0.04764316455696203","5","5"
"6","10","5","35","35","100","10000000","428395","0.0428395","9","13"
"8","10","5","35","35","9","900000","90386","0.10042888888888889","137","192"
"7","10","5","35","35","80","8000000","377391","0.047173875","5","6"
"6","10","5","35","35","101","10100000","430504","0.042624158415841586","9","12"
"8","10","5","35","35","10","1000000","99446","0.099446","107","133"
"7","10","5","35","35","81","8100000","378339","0.04670851851851852","5","6"
"6","10","5","35","35","102","10200000","432439","0.04239598039215686","9","14"
"7","10","5","35","35","82","8200000","379308","0.04625707317073171","5","5"
"8","10","5","35","35","11","1100000","108421","0.09856454545454546","102","142"
"6","10","5","35","35","103","10300000","434501","0.042184563106796115","9","12"
"7","10","5","35","35","83","8300000","380129","0.04579867469879518","5","7"
"8","10","5","35","35","12","1200000","116634","0.097195","98","142"
"6","10","5","35","35","104","10400000","436406","0.04196211538461538","9","10"
"7","10","5","35","35","84","8400000","380810","0.04533452380952381","5","6"
"6","10","5","35","35","105","10500000","438164","0.04172990476190476","9","13"
"8","10","5","35","35","13","1300000","124860","0.09604615384615385","80","120"
"7","10","5","35","35","85","8500000","381652","0.04490023529411765","5","7"
"6","10","5","35","35","106","10600000","439489","0.04146122641509434","8","10"
"8","10","5","35","35","14","1400000","132459","0.09461357142857142","83","120"
"7","10","5","35","35","86","8600000","382367","0.04446127906976744","5","5"
"6","10","5","35","35","107","10700000","440897","0.04120532710280374","8","11"
"8","10","5","35","35","15","1500000","140361","0.093574","76","113"
"7","10","5","35","35","87","8700000","382847","0.044005402298850575","5","5"
"6","10","5","35","35","108","10800000","442260","0.04095","8","9"
"8","10","5","35","35","16","1600000","147756","0.0923475","70","104"
"7","10","5","35","35","88","8800000","383280","0.04355454545454546","5","6"
"6","10","5","35","35","109","10900000","443298","0.04066954128440367","6","7"
"8","10","5","35","35","17","1700000","155247","0.09132176470588235","76","125"
"7","10","5","35","35","89","8900000","383674","0.04310943820224719","5","5"
"6","10","5","35","35","110","11000000","444213","0.040383","6","7"
"8","10","5","35","35","18","1800000","162226","0.09012555555555556","61","98"
"7","10","5","35","35","90","9000000","383910","0.04265666666666667","4","4"
"9","10","5","35","35","0","0","0","0","897","900"
"6","10","5","35","35","111","11100000","445226","0.040110450450450454","6","6"
"8","10","5","35","35","19","1900000","169231","0.08906894736842105","57","102"
"6","10","5","35","35","112","11200000","446191","0.039838482142857144","6","7"
"9","10","5","35","35","1","100000","8399","0.08399","406","434"
"8","10","5","35","35","20","2000000","176568","0.088284","43","85"
"6","10","5","35","35","113","11300000","447179","0.03957336283185841","6","9"
"9","10","5","35","35","2","200000","18109","0.090545","301","335"
"6","10","5","35","35","114","11400000","448299","0.03932447368421053","6","6"
"8","10","5","35","35","21","2100000","183783","0.08751571428571428","57","94"
"9","10","5","35","35","3","300000","29037","0.09679","258","305"
"6","10","5","35","35","115","11500000","449228","0.03906330434782609","6","7"
"8","10","5","35","35","22","2200000","191003","0.08681954545454545","45","79"
"9","10","5","35","35","4","400000","39762","0.099405","211","249"
"6","10","5","35","35","116","11600000","450261","0.038815603448275865","6","8"
"8","10","5","35","35","23","2300000","197718","0.08596434782608696","40","73"
"9","10","5","35","35","5","500000","50034","0.100068","185","230"
"6","10","5","35","35","117","11700000","451167","0.03856128205128205","6","6"
"8","10","5","35","35","24","2400000","204641","0.08526708333333333","38","68"
"9","10","5","35","35","6","600000","60127","0.10021166666666667","159","199"
"6","10","5","35","35","118","11800000","452156","0.03831830508474576","6","6"
"8","10","5","35","35","25","2500000","210301","0.0841204","35","47"
"9","10","5","35","35","7","700000","69967","0.09995285714285715","156","202"
"6","10","5","35","35","119","11900000","453162","0.03808084033613445","6","6"
"8","10","5","35","35","26","2600000","215532","0.08289692307692308","36","56"
"9","10","5","35","35","8","800000","80497","0.10062125","159","220"
"6","10","5","35","35","120","12000000","454303","0.037858583333333334","6","9"
"8","10","5","35","35","27","2700000","220695","0.08173888888888889","34","69"
"6","10","5","35","35","121","12100000","455470","0.03764214876033058","6","12"
"9","10","5","35","35","9","900000","90487","0.10054111111111111","120","176"
"8","10","5","35","35","28","2800000","226377","0.08084892857142857","32","59"
"6","10","5","35","35","122","12200000","456439","0.03741303278688524","6","6"
"9","10","5","35","35","10","1000000","99586","0.099586","111","147"
"8","10","5","35","35","29","2900000","232197","0.08006793103448276","34","62"
"6","10","5","35","35","123","12300000","457462","0.037192032520325206","6","6"
"9","10","5","35","35","11","1100000","108383","0.09853","100","138"
"8","10","5","35","35","30","3000000","237410","0.07913666666666666","30","44"
"6","10","5","35","35","124","12400000","458368","0.03696516129032258","6","6"
"9","10","5","35","35","12","1200000","117582","0.097985","103","158"
"6","10","5","35","35","125","12500000","459271","0.03674168","6","7"
"8","10","5","35","35","31","3100000","242196","0.07812774193548387","25","47"
"9","10","5","35","35","13","1300000","127102","0.09777076923076923","103","171"
"6","10","5","35","35","126","12600000","460136","0.03651873015873016","6","8"
"8","10","5","35","35","32","3200000","246774","0.077116875","21","34"
"9","10","5","35","35","14","1400000","135844","0.09703142857142857","77","131"
"6","10","5","35","35","127","12700000","461119","0.03630858267716536","6","7"
"8","10","5","35","35","33","3300000","251141","0.07610333333333333","20","33"
"9","10","5","35","35","15","1500000","143986","0.09599066666666667","80","122"
"6","10","5","35","35","128","12800000","462079","0.036099921875","6","7"
"8","10","5","35","35","34","3400000","255443","0.07513029411764706","18","27"
"6","10","5","35","35","129","12900000","462824","0.03587782945736434","6","7"
"9","10","5","35","35","16","1600000","152672","0.09542","77","131"
"8","10","5","35","35","35","3500000","259704","0.07420114285714285","18","26"
"6","10","5","35","35","130","13000000","463700","0.03566923076923077","6","7"
"9","10","5","35","35","17","1700000","161108","0.09476941176470588","76","119"
"8","10","5","35","35","36","3600000","263388","0.07316333333333333","16","25"
"6","10","5","35","35","131","13100000","464724","0.035475114503816796","6","9"
"9","10","5","35","35","18","1800000","169389","0.094105","61","107"
"8","10","5","35","35","37","3700000","267202","0.07221675675675676","17","28"
"6","10","5","35","35","132","13200000","465826","0.035289848484848486","6","6"
"9","10","5","35","35","19","1900000","176250","0.09276315789473684","55","88"
"8","10","5","35","35","38","3800000","270642","0.07122157894736843","17","30"
"6","10","5","35","35","133","13300000","466810","0.035098496240601504","6","7"
"8","10","5","35","35","39","3900000","274234","0.07031641025641025","16","27"
"9","10","5","35","35","20","2000000","182487","0.0912435","60","98"
"6","10","5","35","35","134","13400000","467950","0.034921641791044775","6","7"
"8","10","5","35","35","40","4000000","277528","0.069382","13","18"
"9","10","5","35","35","21","2100000","188940","0.08997142857142858","48","80"
"6","10","5","35","35","135","13500000","469128","0.034750222222222224","6","8"
"8","10","5","35","35","41","4100000","280126","0.06832341463414635","12","17"
"9","10","5","35","35","22","2200000","194551","0.08843227272727272","44","68"
"6","10","5","35","35","136","13600000","470417","0.03458948529411765","6","9"
"8","10","5","35","35","42","4200000","282600","0.06728571428571428","12","24"
"9","10","5","35","35","23","2300000","200550","0.08719565217391305","45","84"
"6","10","5","35","35","137","13700000","471915","0.034446350364963504","6","8"
"8","10","5","35","35","43","4300000","285255","0.06633837209302326","12","16"
"6","10","5","35","35","138","13800000","473554","0.03431550724637681","6","9"
"9","10","5","35","35","24","2400000","206206","0.08591916666666667","43","80"
"8","10","5","35","35","44","4400000","287342","0.065305","9","11"
"6","10","5","35","35","139","13900000","474648","0.034147338129496406","6","9"
"9","10","5","35","35","25","2500000","211662","0.0846648","42","74"
"8","10","5","35","35","45","4500000","289374","0.06430533333333334","9","12"
"6","10","5","35","35","140","14000000","475868","0.033990571428571426","6","6"
"9","10","5","35","35","26","2600000","217414","0.08362076923076923","35","60"
"8","10","5","35","35","46","4600000","291373","0.06334195652173913","9","11"
"6","10","5","35","35","141","14100000","476908","0.03382326241134752","6","6"
"9","10","5","35","35","27","2700000","222971","0.08258185185185185","33","62"
"8","10","5","35","35","47","4700000","293428","0.062431489361702126","9","12"
"6","10","5","35","35","142","14200000","478086","0.03366802816901408","6","10"
"9","10","5","35","35","28","2800000","228732","0.08169","36","67"
"8","10","5","35","35","48","4800000","295599","0.061583125","9","11"
"6","10","5","35","35","143","14300000","479233","0.0335127972027972","6","8"
"9","10","5","35","35","29","2900000","234405","0.08082931034482758","34","59"
"6","10","5","35","35","144","14400000","480289","0.03335340277777778","6","6"
"8","10","5","35","35","49","4900000","297731","0.06076142857142857","9","10"
"9","10","5","35","35","30","3000000","239712","0.079904","40","64"
"6","10","5","35","35","145","14500000","481384","0.03319889655172414","6","6"
"8","10","5","35","35","50","5000000","299648","0.0599296","9","12"
"9","10","5","35","35","31","3100000","245034","0.07904322580645161","36","52"
"6","10","5","35","35","146","14600000","482517","0.033049109589041094","6","7"
"8","10","5","35","35","51","5100000","301564","0.059130196078431375","9","9"
"9","10","5","35","35","32","3200000","250775","0.0783671875","31","59"
"6","10","5","35","35","147","14700000","483516","0.03289224489795918","6","6"
"8","10","5","35","35","52","5200000","303429","0.05835173076923077","9","10"
"9","10","5","35","35","33","3300000","256542","0.07774","31","66"
"6","10","5","35","35","148","14800000","484461","0.03273385135135135","6","9"
"8","10","5","35","35","53","5300000","305405","0.05762358490566038","9","10"
"6","10","5","35","35","149","14900000","485488","0.032583087248322144","6","6"
"9","10","5","35","35","34","3400000","262209","0.07712029411764706","32","62"
"8","10","5","35","35","54","5400000","307360","0.05691851851851852","9","16"
"6","10","5","35","35","150","15000000","486389","0.03242593333333333","6","8"
"9","10","5","35","35","35","3500000","267278","0.07636514285714285","30","40"
"8","10","5","35","35","55","5500000","309292","0.05623490909090909","9","11"
"6","10","5","35","35","151","15100000","487233","0.03226708609271523","6","8"
"9","10","5","35","35","36","3600000","271998","0.075555","30","51"
"8","10","5","35","35","56","5600000","311259","0.05558196428571428","9","13"
"6","10","5","35","35","152","15200000","488104","0.03211210526315789","6","10"
"9","10","5","35","35","37","3700000","276961","0.07485432432432433","30","54"
"8","10","5","35","35","57","5700000","313323","0.054968947368421055","9","11"
"6","10","5","35","35","153","15300000","488997","0.031960588235294116","6","7"
"8","10","5","35","35","58","5800000","315342","0.05436931034482759","9","11"
"9","10","5","35","35","38","3800000","281569","0.0740971052631579","28","50"
"6","10","5","35","35","154","15400000","489988","0.031817402597402594","6","7"
"8","10","5","35","35","59","5900000","317691","0.05384593220338983","9","13"
"9","10","5","35","35","39","3900000","286168","0.07337641025641026","28","45"
"6","10","5","35","35","155","15500000","490887","0.03167012903225806","6","7"
"8","10","5","35","35","60","6000000","319719","0.0532865","9","9"
"9","10","5","35","35","40","4000000","290611","0.07265275","29","45"
"6","10","5","35","35","156","15600000","491840","0.03152820512820513","6","6"
"8","10","5","35","35","61","6100000","321544","0.05271213114754098","9","11"
"9","10","5","35","35","41","4100000","295298","0.07202390243902439","28","44"
"6","10","5","35","35","157","15700000","492610","0.03137643312101911","6","6"
"8","10","5","35","35","62","6200000","322955","0.05208951612903226","9","9"
"9","10","5","35","35","42","4200000","299635","0.07134166666666666","27","45"
"6","10","5","35","35","158","15800000","493612","0.03124126582278481","6","6"
"8","10","5","35","35","63","6300000","324468","0.05150285714285714","9","10"
"9","10","5","35","35","43","4300000","303931","0.07068162790697674","25","45"
"6","10","5","35","35","159","15900000","494522","0.03110201257861635","6","6"
"8","10","5","35","35","64","6400000","325996","0.050936875","9","10"
"9","10","5","35","35","44","4400000","308345","0.0700784090909091","22","33"
"6","10","5","35","35","160","16000000","495347","0.0309591875","6","9"
"8","10","5","35","35","65","6500000","327037","0.050313384615384614","8","8"
"9","10","5","35","35","45","4500000","312363","0.069414","23","41"
"6","10","5","35","35","161","16100000","496212","0.030820621118012422","6","6"
"8","10","5","35","35","66","6600000","327995","0.04969621212121212","8","8"
"6","10","5","35","35","162","16200000","496956","0.030676296296296295","6","7"
"9","10","5","35","35","46","4600000","316534","0.06881173913043478","20","39"
"8","10","5","35","35","67","6700000","328909","0.04909089552238806","8","8"
"6","10","5","35","35","163","16300000","497691","0.03053319018404908","6","6"
"9","10","5","35","35","47","4700000","320804","0.06825617021276596","21","47"
"8","10","5","35","35","68","6800000","329807","0.04850102941176471","8","9"
"6","10","5","35","35","164","16400000","498423","0.030391646341463414","6","6"
"9","10","5","35","35","48","4800000","325249","0.06776020833333334","18","29"
"8","10","5","35","35","69","6900000","330934","0.04796144927536232","8","13"
"6","10","5","35","35","165","16500000","499084","0.03024751515151515","6","7"
"9","10","5","35","35","49","4900000","329447","0.06723408163265306","20","32"
"8","10","5","35","35","70","7000000","331933","0.047419","8","8"
"6","10","5","35","35","166","16600000","499663","0.030100180722891567","6","7"
"9","10","5","35","35","50","5000000","333318","0.0666636","18","24"
"8","10","5","35","35","71","7100000","332937","0.04689253521126761","8","10"
"6","10","5","35","35","167","16700000","499740","0.029924550898203593","5","5"
"10","10","5","35","35","0","0","0","0","895","900"
"9","10","5","35","35","51","5100000","337493","0.06617509803921569","18","36"
"8","10","5","35","35","72","7200000","333925","0.046378472222222224","8","10"
"10","10","5","35","35","1","100000","8377","0.08377","463","486"
"9","10","5","35","35","52","5200000","341492","0.06567153846153846","18","32"
"8","10","5","35","35","73","7300000","334770","0.04585890410958904","8","9"
"10","10","5","35","35","2","200000","18783","0.093915","297","335"
"9","10","5","35","35","53","5300000","345521","0.06519264150943396","19","29"
"8","10","5","35","35","74","7400000","335865","0.04538716216216216","8","9"
"10","10","5","35","35","3","300000","30022","0.10007333333333333","246","289"
"9","10","5","35","35","54","5400000","349214","0.06466925925925926","19","31"
"8","10","5","35","35","75","7500000","336844","0.04491253333333333","8","9"
"10","10","5","35","35","4","400000","41671","0.1041775","231","278"
"9","10","5","35","35","55","5500000","353020","0.06418545454545455","21","38"
"8","10","5","35","35","76","7600000","337783","0.04444513157894737","8","8"
"9","10","5","35","35","56","5600000","356477","0.06365660714285715","17","29"
"10","10","5","35","35","5","500000","53457","0.106914","192","244"
"8","10","5","35","35","77","7700000","338773","0.043996493506493504","8","11"
"9","10","5","35","35","57","5700000","359575","0.06308333333333334","19","28"
"8","10","5","35","35","78","7800000","339655","0.04354551282051282","8","9"
"10","10","5","35","35","6","600000","64336","0.10722666666666666","156","225"
"9","10","5","35","35","58","5800000","362814","0.06255413793103448","18","35"
"8","10","5","35","35","79","7900000","340646","0.043119746835443035","8","10"
"10","10","5","35","35","7","700000","75200","0.10742857142857143","159","215"
"8","10","5","35","35","80","8000000","341770","0.04272125","8","10"
"9","10","5","35","35","59","5900000","366413","0.06210389830508475","18","31"
"10","10","5","35","35","8","800000","85409","0.10676125","118","174"
"8","10","5","35","35","81","8100000","342836","0.04232543209876543","8","8"
"9","10","5","35","35","60","6000000","369889","0.061648166666666664","15","28"
"10","10","5","35","35","9","900000","94405","0.10489444444444444","97","140"
"8","10","5","35","35","82","8200000","343911","0.04194036585365854","8","11"
"9","10","5","35","35","61","6100000","373401","0.06121327868852459","15","21"
"10","10","5","35","35","10","1000000","102555","0.102555","76","111"
"8","10","5","35","35","83","8300000","344841","0.04154710843373494","8","8"
"9","10","5","35","35","62","6200000","376745","0.06076532258064516","15","21"
"10","10","5","35","35","11","1100000","109421","0.09947363636363636","66","96"
"8","10","5","35","35","84","8400000","345766","0.041162619047619045","8","9"
"9","10","5","35","35","63","6300000","380208","0.06035047619047619","15","23"
"10","10","5","35","35","12","1200000","116092","0.09674333333333333","67","106"
"8","10","5","35","35","85","8500000","346753","0.04079447058823529","8","10"
"9","10","5","35","35","64","6400000","383888","0.0599825","16","33"
"10","10","5","35","35","13","1300000","123539","0.09503","63","104"
"8","10","5","35","35","86","8600000","347734","0.040434186046511625","8","10"
"9","10","5","35","35","65","6500000","387591","0.05962938461538462","16","33"
"10","10","5","35","35","14","1400000","130387","0.09313357142857143","67","96"
"8","10","5","35","35","87","8700000","348771","0.04008862068965517","8","11"
"9","10","5","35","35","66","6600000","391211","0.05927439393939394","16","30"
"10","10","5","35","35","15","1500000","137167","0.09144466666666666","55","98"
"8","10","5","35","35","88","8800000","349916","0.039763181818181816","8","9"
"9","10","5","35","35","67","6700000","394832","0.05893014925373134","14","21"
"10","10","5","35","35","16","1600000","143646","0.08977875","58","92"
"8","10","5","35","35","89","8900000","350917","0.039428876404494384","8","9"
"9","10","5","35","35","68","6800000","398467","0.05859808823529412","15","24"
"8","10","5","35","35","90","9000000","351862","0.03909577777777778","8","9"
"10","10","5","35","35","17","1700000","150030","0.08825294117647059","55","82"
"9","10","5","35","35","69","6900000","401905","0.05824710144927536","15","21"
"8","10","5","35","35","91","9100000","353031","0.038794615384615386","8","9"
"10","10","5","35","35","18","1800000","156597","0.08699833333333333","50","93"
"9","10","5","35","35","70","7000000","405208","0.05788685714285714","16","28"
"8","10","5","35","35","92","9200000","354204","0.03850043478260869","8","9"
"10","10","5","35","35","19","1900000","163197","0.08589315789473684","55","95"
"9","10","5","35","35","71","7100000","408620","0.05755211267605634","16","29"
"8","10","5","35","35","93","9300000","355292","0.03820344086021506","8","10"
"10","10","5","35","35","20","2000000","169521","0.0847605","41","65"
"9","10","5","35","35","72","7200000","411984","0.05722","16","26"
"8","10","5","35","35","94","9400000","356546","0.03793042553191489","8","11"
"10","10","5","35","35","21","2100000","175448","0.08354666666666667","40","59"
"9","10","5","35","35","73","7300000","415130","0.05686712328767123","16","19"
"8","10","5","35","35","95","9500000","357849","0.03766831578947368","8","10"
"10","10","5","35","35","22","2200000","180510","0.08205","29","49"
"9","10","5","35","35","74","7400000","417431","0.056409594594594596","12","14"
"8","10","5","35","35","96","9600000","358897","0.03738510416666667","8","9"
"10","10","5","35","35","23","2300000","185412","0.08061391304347826","28","50"
"9","10","5","35","35","75","7500000","419683","0.055957733333333336","11","12"
"8","10","5","35","35","97","9700000","359939","0.03710711340206185","8","11"
"10","10","5","35","35","24","2400000","190311","0.07929625","31","51"
"9","10","5","35","35","76","7600000","421777","0.05549697368421053","11","15"
"8","10","5","35","35","98","9800000","360857","0.03682214285714286","8","9"
"10","10","5","35","35","25","2500000","195491","0.0781964","37","57"
"9","10","5","35","35","77","7700000","423805","0.05503961038961039","11","17"
"8","10","5","35","35","99","9900000","361881","0.036553636363636365","8","8"
"9","10","5","35","35","78","7800000","425708","0.054577948717948715","11","15"
"10","10","5","35","35","26","2600000","200969","0.07729576923076924","34","58"
"8","10","5","35","35","100","10000000","362990","0.036299","8","9"
"9","10","5","35","35","79","7900000","427856","0.05415898734177215","11","12"
"10","10","5","35","35","27","2700000","206409","0.07644777777777778","35","62"
"8","10","5","35","35","101","10100000","364138","0.036053267326732676","8","9"
"9","10","5","35","35","80","8000000","430031","0.053753875","11","14"
"10","10","5","35","35","28","2800000","211958","0.07569928571428572","34","65"
"8","10","5","35","35","102","10200000","365232","0.035807058823529414","8","11"
"9","10","5","35","35","81","8100000","432086","0.05334395061728395","11","14"
"10","10","5","35","35","29","2900000","217345","0.07494655172413793","30","56"
"8","10","5","35","35","103","10300000","366232","0.03555650485436893","8","9"
"9","10","5","35","35","82","8200000","434209","0.05295231707317073","12","16"
"10","10","5","35","35","30","3000000","222657","0.074219","35","65"
"8","10","5","35","35","104","10400000","367309","0.03531817307692308","8","9"
"9","10","5","35","35","83","8300000","436415","0.052580120481927714","11","18"
"8","10","5","35","35","105","10500000","368346","0.035080571428571426","8","10"
"10","10","5","35","35","31","3100000","228190","0.07360967741935484","28","57"
"9","10","5","35","35","84","8400000","438681","0.052223928571428574","13","28"
"8","10","5","35","35","106","10600000","369338","0.03484320754716981","8","9"
"10","10","5","35","35","32","3200000","234098","0.073155625","26","60"
"9","10","5","35","35","85","8500000","440856","0.05186541176470588","12","22"
"8","10","5","35","35","107","10700000","370273","0.034604953271028034","8","9"
"10","10","5","35","35","33","3300000","239677","0.07262939393939394","22","57"
"9","10","5","35","35","86","8600000","443166","0.05153093023255814","12","20"
"8","10","5","35","35","108","10800000","371278","0.03437759259259259","8","9"
"10","10","5","35","35","34","3400000","245126","0.07209588235294118","23","60"
"8","10","5","35","35","109","10900000","372227","0.03414926605504587","8","9"
"9","10","5","35","35","87","8700000","445180","0.05117011494252874","12","15"
"10","10","5","35","35","35","3500000","250694","0.07162685714285714","23","48"
"8","10","5","35","35","110","11000000","373269","0.03393354545454545","8","12"
"9","10","5","35","35","88","8800000","447415","0.05084261363636364","13","18"
"10","10","5","35","35","36","3600000","255489","0.07096916666666667","21","37"
"8","10","5","35","35","111","11100000","374291","0.03371990990990991","8","9"
"9","10","5","35","35","89","8900000","449702","0.05052831460674157","13","20"
"10","10","5","35","35","37","3700000","259992","0.0702681081081081","19","40"
"8","10","5","35","35","112","11200000","375272","0.03350642857142857","8","9"
"9","10","5","35","35","90","9000000","452011","0.050223444444444446","11","20"
"10","10","5","35","35","38","3800000","264066","0.06949105263157895","16","41"
"8","10","5","35","35","113","11300000","376387","0.03330858407079646","8","10"
"9","10","5","35","35","91","9100000","454226","0.04991494505494506","11","15"
"10","10","5","35","35","39","3900000","268264","0.06878564102564103","16","37"
"8","10","5","35","35","114","11400000","377418","0.03310684210526316","8","9"
"9","10","5","35","35","92","9200000","456610","0.049631521739130435","10","14"
"10","10","5","35","35","40","4000000","272262","0.0680655","16","30"
"8","10","5","35","35","115","11500000","378522","0.03291495652173913","8","13"
"9","10","5","35","35","93","9300000","458774","0.0493305376344086","11","13"
"10","10","5","35","35","41","4100000","276544","0.06744975609756097","14","30"
"8","10","5","35","35","116","11600000","379504","0.03271586206896552","8","9"
"9","10","5","35","35","94","9400000","461182","0.04906191489361702","11","19"
"10","10","5","35","35","42","4200000","280553","0.06679833333333333","15","41"
"8","10","5","35","35","117","11700000","380454","0.0325174358974359","8","10"
"9","10","5","35","35","95","9500000","463477","0.048787052631578946","11","21"
"10","10","5","35","35","43","4300000","284414","0.06614279069767443","13","23"
"8","10","5","35","35","118","11800000","381433","0.032324830508474574","8","10"
"9","10","5","35","35","96","9600000","465868","0.048527916666666664","10","16"
"10","10","5","35","35","44","4400000","287864","0.06542363636363636","16","30"
"8","10","5","35","35","119","11900000","382387","0.032133361344537814","8","10"
"9","10","5","35","35","97","9700000","467978","0.04824515463917526","10","15"
"10","10","5","35","35","45","4500000","291076","0.06468355555555555","15","26"
"8","10","5","35","35","120","12000000","383327","0.03194391666666667","8","8"
"9","10","5","35","35","98","9800000","469808","0.04793959183673469","10","15"
"10","10","5","35","35","46","4600000","294330","0.06398478260869565","16","34"
"8","10","5","35","35","121","12100000","384200","0.03175206611570248","8","8"
"9","10","5","35","35","99","9900000","471727","0.04764919191919192","10","13"
"10","10","5","35","35","47","4700000","297380","0.06327234042553191","14","32"
"8","10","5","35","35","122","12200000","385262","0.03157885245901639","8","8"
"9","10","5","35","35","100","10000000","473439","0.0473439","10","11"
"10","10","5","35","35","48","4800000","300286","0.06255958333333334","14","28"
"8","10","5","35","35","123","12300000","386278","0.03140471544715447","8","8"
"9","10","5","35","35","101","10100000","474877","0.04701752475247525","10","14"
"10","10","5","35","35","49","4900000","303121","0.061861428571428574","12","23"
"8","10","5","35","35","124","12400000","387197","0.031225564516129033","8","9"
"9","10","5","35","35","102","10200000","476347","0.0467006862745098","10","15"
"10","10","5","35","35","50","5000000","306213","0.0612426","12","22"
"8","10","5","35","35","125","12500000","388176","0.03105408","8","9"
"9","10","5","35","35","103","10300000","477777","0.04638611650485437","10","17"
"8","10","5","35","35","126","12600000","389212","0.03088984126984127","8","10"
"10","10","5","35","35","51","5100000","309339","0.060654705882352944","12","21"
"9","10","5","35","35","104","10400000","479290","0.046085576923076924","10","14"
"8","10","5","35","35","127","12700000","390373","0.030738031496062992","8","8"
"10","10","5","35","35","52","5200000","312650","0.060125","12","23"
"9","10","5","35","35","105","10500000","480924","0.04580228571428571","10","12"
"8","10","5","35","35","128","12800000","391455","0.030582421875","8","10"
"10","10","5","35","35","53","5300000","315506","0.05952943396226415","10","21"
"9","10","5","35","35","106","10600000","482536","0.045522264150943396","10","10"
"8","10","5","35","35","129","12900000","392485","0.03042519379844961","8","10"
"10","10","5","35","35","54","5400000","318340","0.05895185185185185","11","22"
"9","10","5","35","35","107","10700000","483593","0.045195607476635515","10","11"
"8","10","5","35","35","130","13000000","393431","0.030263923076923077","8","9"
"10","10","5","35","35","55","5500000","321025","0.05836818181818182","10","18"
"9","10","5","35","35","108","10800000","484818","0.04489055555555556","10","13"
"8","10","5","35","35","131","13100000","394372","0.03010473282442748","8","10"
"10","10","5","35","35","56","5600000","323558","0.05777821428571429","10","25"
"9","10","5","35","35","109","10900000","485957","0.04458321100917431","10","17"
"8","10","5","35","35","132","13200000","395323","0.029948712121212123","8","8"
"10","10","5","35","35","57","5700000","325973","0.057188245614035085","10","16"
"9","10","5","35","35","110","11000000","486947","0.044267909090909094","10","15"
"8","10","5","35","35","133","13300000","396282","0.02979563909774436","8","8"
"10","10","5","35","35","58","5800000","328393","0.05661948275862069","10","16"
"9","10","5","35","35","111","11100000","487805","0.043946396396396394","10","10"
"8","10","5","35","35","134","13400000","397199","0.029641716417910448","8","9"
"10","10","5","35","35","59","5900000","330765","0.05606186440677966","10","20"
"9","10","5","35","35","112","11200000","488481","0.043614375","9","10"
"8","10","5","35","35","135","13500000","398088","0.029488","8","9"
"10","10","5","35","35","60","6000000","333025","0.05550416666666667","9","15"
"9","10","5","35","35","113","11300000","489163","0.0432887610619469","8","8"
"8","10","5","35","35","136","13600000","399027","0.029340220588235294","8","13"
"9","10","5","35","35","114","11400000","489758","0.04296122807017544","8","8"
"10","10","5","35","35","61","6100000","335285","0.05496475409836066","9","17"
"8","10","5","35","35","137","13700000","399964","0.029194452554744524","8","10"
"9","10","5","35","35","115","11500000","490267","0.04263191304347826","8","9"
"10","10","5","35","35","62","6200000","337169","0.05438209677419355","9","12"
"8","10","5","35","35","138","13800000","400923","0.029052391304347825","8","8"
"9","10","5","35","35","116","11600000","490592","0.042292413793103445","8","8"
"10","10","5","35","35","63","6300000","339361","0.0538668253968254","9","17"
"8","10","5","35","35","139","13900000","401697","0.02889906474820144","8","13"
"9","10","5","35","35","117","11700000","490883","0.04195581196581197","8","8"
"10","10","5","35","35","64","6400000","341374","0.0533396875","7","9"
"8","10","5","35","35","140","14000000","402498","0.028749857142857143","8","10"
"9","10","5","35","35","118","11800000","491037","0.04161330508474576","7","7"
"11","10","5","35","35","0","0","0","0","897","900"
"10","10","5","35","35","65","6500000","343367","0.05282569230769231","7","8"
"8","10","5","35","35","141","14100000","403206","0.028596170212765958","8","8"
"11","10","5","35","35","1","100000","8706","0.08706","437","461"
"10","10","5","35","35","66","6600000","345095","0.052287121212121215","7","8"
"8","10","5","35","35","142","14200000","403742","0.028432535211267606","8","9"
"10","10","5","35","35","67","6700000","346645","0.05173805970149254","7","9"
"11","10","5","35","35","2","200000","19267","0.096335","318","355"
"8","10","5","35","35","143","14300000","403880","0.028243356643356643","7","7"
"12","10","5","35","35","0","0","0","0","899","900"
"10","10","5","35","35","68","6800000","348369","0.051230735294117646","7","11"
"11","10","5","35","35","3","300000","29554","0.09851333333333333","221","255"
"12","10","5","35","35","1","100000","8681","0.08681","449","475"
"10","10","5","35","35","69","6900000","349785","0.05069347826086956","6","8"
"11","10","5","35","35","4","400000","39213","0.0980325","194","230"
"12","10","5","35","35","2","200000","19735","0.098675","344","384"
"10","10","5","35","35","70","7000000","351051","0.05015014285714286","6","7"
"11","10","5","35","35","5","500000","48426","0.096852","187","235"
"12","10","5","35","35","3","300000","31698","0.10566","284","331"
"10","10","5","35","35","71","7100000","352538","0.04965323943661972","7","8"
"11","10","5","35","35","6","600000","58015","0.09669166666666666","173","216"
"10","10","5","35","35","72","7200000","353802","0.049139166666666664","7","11"
"12","10","5","35","35","4","400000","43265","0.1081625","202","250"
"11","10","5","35","35","7","700000","68133","0.09733285714285714","159","212"
"10","10","5","35","35","73","7300000","354820","0.048605479452054796","7","11"
"12","10","5","35","35","5","500000","54296","0.108592","168","219"
"11","10","5","35","35","8","800000","78396","0.097995","145","189"
"10","10","5","35","35","74","7400000","355583","0.048051756756756756","7","10"
"12","10","5","35","35","6","600000","65376","0.10896","168","231"
"11","10","5","35","35","9","900000","87613","0.09734777777777778","119","166"
"10","10","5","35","35","75","7500000","356324","0.047509866666666664","6","9"
"12","10","5","35","35","7","700000","76290","0.10898571428571428","153","203"
"11","10","5","35","35","10","1000000","96426","0.096426","105","152"
"10","10","5","35","35","76","7600000","357184","0.04699789473684211","7","9"
"12","10","5","35","35","8","800000","87504","0.10938","126","204"
"10","10","5","35","35","77","7700000","358041","0.04649883116883117","7","13"
"11","10","5","35","35","11","1100000","104712","0.09519272727272728","90","122"
"12","10","5","35","35","9","900000","98096","0.10899555555555555","103","160"
"10","10","5","35","35","78","7800000","358553","0.04596833333333333","5","5"
"11","10","5","35","35","12","1200000","112781","0.09398416666666666","87","128"
"12","10","5","35","35","10","1000000","107650","0.10765","94","135"
"10","10","5","35","35","79","7900000","358870","0.045426582278481016","5","5"
"11","10","5","35","35","13","1300000","120063","0.09235615384615385","75","104"
"10","10","5","35","35","80","8000000","358921","0.044865125","4","4"
"13","10","5","35","35","0","0","0","0","897","900"
"12","10","5","35","35","11","1100000","116410","0.10582727272727273","79","113"
"11","10","5","35","35","14","1400000","126927","0.09066214285714286","71","107"
"13","10","5","35","35","1","100000","8440","0.0844","453","482"
"12","10","5","35","35","12","1200000","125156","0.10429666666666666","81","122"
"11","10","5","35","35","15","1500000","133079","0.08871933333333333","54","73"
"13","10","5","35","35","2","200000","19024","0.09512","307","351"
"12","10","5","35","35","13","1300000","132914","0.10224153846153847","65","101"
"11","10","5","35","35","16","1600000","138328","0.086455","49","66"
"13","10","5","35","35","3","300000","29858","0.09952666666666667","256","300"
"12","10","5","35","35","14","1400000","140800","0.10057142857142858","76","109"
"11","10","5","35","35","17","1700000","143567","0.08445117647058824","49","75"
"12","10","5","35","35","15","1500000","148282","0.09885466666666666","65","93"
"13","10","5","35","35","4","400000","40364","0.10091","202","236"
"11","10","5","35","35","18","1800000","148925","0.08273611111111111","42","70"
"11","10","5","35","35","19","1900000","154325","0.08122368421052631","41","64"
"12","10","5","35","35","16","1600000","154645","0.096653125","61","91"
"13","10","5","35","35","5","500000","51427","0.102854","178","242"
"11","10","5","35","35","20","2000000","159100","0.07955","39","53"
"12","10","5","35","35","17","1700000","161022","0.09471882352941176","60","91"
"13","10","5","35","35","6","600000","62990","0.10498333333333333","167","220"
"11","10","5","35","35","21","2100000","163848","0.07802285714285714","34","54"
"12","10","5","35","35","18","1800000","167058","0.09281","52","90"
"13","10","5","35","35","7","700000","74313","0.10616142857142857","146","221"
"11","10","5","35","35","22","2200000","168591","0.07663227272727273","36","47"
"12","10","5","35","35","19","1900000","173178","0.09114631578947369","65","94"
"13","10","5","35","35","8","800000","85734","0.1071675","112","184"
"11","10","5","35","35","23","2300000","173196","0.07530260869565217","34","62"
"12","10","5","35","35","20","2000000","179392","0.089696","54","84"
"13","10","5","35","35","9","900000","95814","0.10646","114","173"
"11","10","5","35","35","24","2400000","177371","0.07390458333333333","29","50"
"12","10","5","35","35","21","2100000","185569","0.08836619047619047","53","87"
"13","10","5","35","35","10","1000000","104982","0.104982","111","162"
"11","10","5","35","35","25","2500000","181432","0.0725728","30","47"
"12","10","5","35","35","22","2200000","191607","0.08709409090909091","54","85"
"13","10","5","35","35","11","1100000","114365","0.10396818181818182","91","161"
"11","10","5","35","35","26","2600000","185004","0.07115538461538462","26","48"
"12","10","5","35","35","23","2300000","197698","0.08595565217391304","46","74"
"13","10","5","35","35","12","1200000","123418","0.10284833333333333","80","120"
"11","10","5","35","35","27","2700000","188819","0.06993296296296296","25","36"
"12","10","5","35","35","24","2400000","203524","0.08480166666666666","49","71"
"13","10","5","35","35","13","1300000","131549","0.10119153846153846","90","125"
"11","10","5","35","35","28","2800000","192508","0.06875285714285714","22","34"
"12","10","5","35","35","25","2500000","209146","0.0836584","44","64"
"13","10","5","35","35","14","1400000","139363","0.099545","73","117"
"11","10","5","35","35","29","2900000","195937","0.06756448275862069","24","38"
"12","10","5","35","35","26","2600000","215273","0.0827973076923077","63","87"
"13","10","5","35","35","15","1500000","146412","0.097608","57","86"
"11","10","5","35","35","30","3000000","199408","0.06646933333333334","22","38"
"12","10","5","35","35","27","2700000","221418","0.08200666666666667","52","85"
"13","10","5","35","35","16","1600000","153157","0.095723125","65","98"
"11","10","5","35","35","31","3100000","202457","0.06530870967741935","17","27"
"12","10","5","35","35","28","2800000","227035","0.08108392857142857","52","75"
"11","10","5","35","35","32","3200000","205164","0.06411375","23","37"
"13","10","5","35","35","17","1700000","160084","0.09416705882352941","65","104"
"12","10","5","35","35","29","2900000","232514","0.08017724137931034","47","71"
"11","10","5","35","35","33","3300000","208004","0.06303151515151516","23","30"
"13","10","5","35","35","18","1800000","167104","0.09283555555555556","61","109"
"12","10","5","35","35","30","3000000","237304","0.07910133333333333","47","61"
"11","10","5","35","35","34","3400000","210501","0.06191205882352941","21","35"
"13","10","5","35","35","19","1900000","174446","0.09181368421052631","54","84"
"12","10","5","35","35","31","3100000","241491","0.07790032258064516","40","62"
"11","10","5","35","35","35","3500000","212956","0.06084457142857143","19","29"
"13","10","5","35","35","20","2000000","181345","0.0906725","59","91"
"12","10","5","35","35","32","3200000","245555","0.0767359375","38","59"
"11","10","5","35","35","36","3600000","215344","0.059817777777777775","19","30"
"13","10","5","35","35","21","2100000","188338","0.0896847619047619","59","93"
"12","10","5","35","35","33","3300000","249535","0.07561666666666667","41","59"
"11","10","5","35","35","37","3700000","217778","0.058858918918918916","19","32"
"13","10","5","35","35","22","2200000","194470","0.08839545454545454","55","85"
"12","10","5","35","35","34","3400000","253972","0.07469764705882354","45","69"
"11","10","5","35","35","38","3800000","220281","0.05796868421052632","17","33"
"13","10","5","35","35","23","2300000","200883","0.0873404347826087","63","91"
"12","10","5","35","35","35","3500000","258604","0.07388685714285714","34","57"
"11","10","5","35","35","39","3900000","222616","0.05708102564102564","18","28"
"13","10","5","35","35","24","2400000","207287","0.08636958333333333","51","85"
"12","10","5","35","35","36","3600000","263117","0.07308805555555556","43","69"
"11","10","5","35","35","40","4000000","225172","0.056293","20","32"
"13","10","5","35","35","25","2500000","213328","0.0853312","51","81"
"12","10","5","35","35","37","3700000","267665","0.07234189189189189","33","45"
"11","10","5","35","35","41","4100000","227577","0.05550658536585366","21","41"
"13","10","5","35","35","26","2600000","219350","0.08436538461538462","51","80"
"11","10","5","35","35","42","4200000","230028","0.05476857142857143","18","32"
"12","10","5","35","35","38","3800000","271862","0.07154263157894737","36","53"
"13","10","5","35","35","27","2700000","225840","0.08364444444444444","46","78"
"11","10","5","35","35","43","4300000","232540","0.05407906976744186","20","27"
"12","10","5","35","35","39","3900000","276428","0.07087897435897436","39","54"
"13","10","5","35","35","28","2800000","232054","0.08287642857142857","48","75"
"11","10","5","35","35","44","4400000","235005","0.053410227272727276","18","28"
"12","10","5","35","35","40","4000000","280960","0.07024","41","57"
"11","10","5","35","35","45","4500000","237491","0.052775777777777776","16","28"
"13","10","5","35","35","29","2900000","238065","0.08209137931034483","45","85"
"12","10","5","35","35","41","4100000","285358","0.06959951219512195","39","50"
"11","10","5","35","35","46","4600000","240194","0.05221608695652174","17","27"
"13","10","5","35","35","30","3000000","244589","0.08152966666666667","43","81"
"12","10","5","35","35","42","4200000","289770","0.06899285714285715","35","55"
"11","10","5","35","35","47","4700000","242943","0.05169","18","26"
"13","10","5","35","35","31","3100000","250195","0.08070806451612904","39","67"
"12","10","5","35","35","43","4300000","294293","0.06844023255813954","40","53"
"11","10","5","35","35","48","4800000","245543","0.051154791666666664","17","24"
"12","10","5","35","35","44","4400000","297901","0.06770477272727272","28","48"
"13","10","5","35","35","32","3200000","255530","0.079853125","41","78"
"11","10","5","35","35","49","4900000","248161","0.05064510204081633","18","31"
"12","10","5","35","35","45","4500000","301262","0.06694711111111111","23","43"
"13","10","5","35","35","33","3300000","260833","0.07904030303030303","32","53"
"11","10","5","35","35","50","5000000","250738","0.0501476","15","23"
"12","10","5","35","35","46","4600000","304685","0.06623586956521739","27","56"
"13","10","5","35","35","34","3400000","265618","0.07812294117647059","23","43"
"11","10","5","35","35","51","5100000","253030","0.049613725490196076","14","22"
"12","10","5","35","35","47","4700000","308355","0.06560744680851063","27","37"
"13","10","5","35","35","35","3500000","269960","0.07713142857142857","19","41"
"11","10","5","35","35","52","5200000","255233","0.04908326923076923","14","20"
"12","10","5","35","35","48","4800000","311959","0.06499145833333334","23","43"
"13","10","5","35","35","36","3600000","274185","0.0761625","21","53"
"11","10","5","35","35","53","5300000","257062","0.04850226415094339","11","14"
"12","10","5","35","35","49","4900000","315603","0.06440877551020407","22","35"
"13","10","5","35","35","37","3700000","278200","0.0751891891891892","20","50"
"11","10","5","35","35","54","5400000","258813","0.04792833333333334","12","13"
"12","10","5","35","35","50","5000000","318840","0.063768","25","41"
"13","10","5","35","35","38","3800000","282150","0.07425","20","37"
"11","10","5","35","35","55","5500000","260825","0.047422727272727276","11","12"
"12","10","5","35","35","51","5100000","322186","0.06317372549019608","26","50"
"13","10","5","35","35","39","3900000","286169","0.07337666666666667","22","34"
"11","10","5","35","35","56","5600000","262615","0.046895535714285716","9","9"
"12","10","5","35","35","52","5200000","325790","0.06265192307692308","27","45"
"13","10","5","35","35","40","4000000","289885","0.07247125","20","31"
"11","10","5","35","35","57","5700000","264396","0.046385263157894735","10","11"
"12","10","5","35","35","53","5300000","329801","0.0622266037735849","23","42"
"13","10","5","35","35","41","4100000","293630","0.07161707317073171","19","35"
"11","10","5","35","35","58","5800000","265988","0.04586","9","10"
"12","10","5","35","35","54","5400000","334117","0.061873518518518515","27","49"
"13","10","5","35","35","42","4200000","297028","0.07072095238095238","14","28"
"11","10","5","35","35","59","5900000","267404","0.04532271186440678","9","17"
"12","10","5","35","35","55","5500000","338449","0.061536181818181816","29","61"
"13","10","5","35","35","43","4300000","299794","0.06971953488372093","17","29"
"11","10","5","35","35","60","6000000","268625","0.044770833333333336","9","11"
"12","10","5","35","35","56","5600000","343216","0.06128857142857143","29","50"
"13","10","5","35","35","44","4400000","302529","0.0687565909090909","15","22"
"11","10","5","35","35","61","6100000","269869","0.04424081967213115","8","10"
"12","10","5","35","35","57","5700000","347484","0.060962105263157894","26","45"
"13","10","5","35","35","45","4500000","305215","0.06782555555555556","13","21"
"11","10","5","35","35","62","6200000","270972","0.04370516129032258","9","14"
"12","10","5","35","35","58","5800000","351778","0.060651379310344825","29","46"
"11","10","5","35","35","63","6300000","272200","0.04320634920634921","8","8"
"13","10","5","35","35","46","4600000","307792","0.06691130434782609","15","23"
"12","10","5","35","35","59","5900000","356379","0.06040322033898305","25","52"
"11","10","5","35","35","64","6400000","273281","0.04270015625","9","10"
"13","10","5","35","35","47","4700000","310216","0.06600340425531914","15","22"
"11","10","5","35","35","65","6500000","274442","0.04222184615384615","9","14"
"12","10","5","35","35","60","6000000","360705","0.0601175","28","40"
"13","10","5","35","35","48","4800000","312933","0.065194375","14","23"
"11","10","5","35","35","66","6600000","275380","0.04172424242424243","9","15"
"12","10","5","35","35","61","6100000","365414","0.05990393442622951","26","57"
"13","10","5","35","35","49","4900000","315574","0.06440285714285714","13","17"
"11","10","5","35","35","67","6700000","276504","0.04126925373134328","9","19"
"12","10","5","35","35","62","6200000","369778","0.0596416129032258","17","40"
"13","10","5","35","35","50","5000000","318234","0.0636468","13","24"
"11","10","5","35","35","68","6800000","277620","0.0408264705882353","9","15"
"13","10","5","35","35","51","5100000","320726","0.06288745098039215","14","24"
"12","10","5","35","35","63","6300000","374058","0.05937428571428571","21","45"
"11","10","5","35","35","69","6900000","278513","0.04036420289855072","9","15"
"13","10","5","35","35","52","5200000","323211","0.06215596153846154","13","21"
"12","10","5","35","35","64","6400000","378549","0.05914828125","21","37"
"11","10","5","35","35","70","7000000","279655","0.039950714285714284","8","15"
"13","10","5","35","35","53","5300000","325810","0.06147358490566038","12","18"
"12","10","5","35","35","65","6500000","383311","0.058970923076923074","18","44"
"11","10","5","35","35","71","7100000","280698","0.03953492957746479","9","15"
"13","10","5","35","35","54","5400000","328260","0.06078888888888889","12","16"
"12","10","5","35","35","66","6600000","387985","0.05878560606060606","21","52"
"11","10","5","35","35","72","7200000","281937","0.03915791666666667","9","15"
"13","10","5","35","35","55","5500000","330852","0.06015490909090909","13","23"
"12","10","5","35","35","67","6700000","392044","0.05851402985074627","18","44"
"11","10","5","35","35","73","7300000","283259","0.03880260273972603","8","9"
"13","10","5","35","35","56","5600000","333584","0.05956857142857143","13","16"
"12","10","5","35","35","68","6800000","395968","0.05823058823529412","17","31"
"11","10","5","35","35","74","7400000","284573","0.03845581081081081","8","12"
"13","10","5","35","35","57","5700000","336303","0.059000526315789475","15","23"
"12","10","5","35","35","69","6900000","399883","0.057954057971014494","16","33"
"11","10","5","35","35","75","7500000","285830","0.03811066666666667","9","20"
"13","10","5","35","35","58","5800000","338966","0.05844241379310345","14","27"
"12","10","5","35","35","70","7000000","403833","0.05769042857142857","18","36"
"11","10","5","35","35","76","7600000","287318","0.037805","9","15"
"13","10","5","35","35","59","5900000","341452","0.05787322033898305","14","21"
"12","10","5","35","35","71","7100000","407441","0.057386056338028166","14","26"
"11","10","5","35","35","77","7700000","288683","0.0374912987012987","9","12"
"13","10","5","35","35","60","6000000","344196","0.057366","12","17"
"12","10","5","35","35","72","7200000","410725","0.05704513888888889","14","26"
"11","10","5","35","35","78","7800000","289992","0.037178461538461535","9","13"
"13","10","5","35","35","61","6100000","346674","0.056831803278688524","12","16"
"12","10","5","35","35","73","7300000","414081","0.056723424657534244","11","23"
"11","10","5","35","35","79","7900000","291168","0.03685670886075949","9","12"
"13","10","5","35","35","62","6200000","349199","0.05632241935483871","11","22"
"12","10","5","35","35","74","7400000","417267","0.05638743243243243","11","21"
"11","10","5","35","35","80","8000000","292578","0.03657225","9","20"
"13","10","5","35","35","63","6300000","351590","0.05580793650793651","11","17"
"11","10","5","35","35","81","8100000","293916","0.03628592592592592","9","13"
"12","10","5","35","35","75","7500000","420416","0.056055466666666665","11","28"
"13","10","5","35","35","64","6400000","354090","0.0553265625","12","18"
"11","10","5","35","35","82","8200000","295017","0.03597768292682927","9","13"
"12","10","5","35","35","76","7600000","423807","0.05576407894736842","10","21"
"13","10","5","35","35","65","6500000","356664","0.054871384615384614","11","15"
"11","10","5","35","35","83","8300000","296175","0.035683734939759036","8","11"
"12","10","5","35","35","77","7700000","427166","0.0554761038961039","8","11"
"11","10","5","35","35","84","8400000","297273","0.035389642857142856","9","15"
"13","10","5","35","35","66","6600000","359242","0.05443060606060606","12","21"
"12","10","5","35","35","78","7800000","429808","0.05510358974358975","8","13"
"11","10","5","35","35","85","8500000","298343","0.03509917647058824","9","12"
"13","10","5","35","35","67","6700000","361595","0.053969402985074626","12","14"
"12","10","5","35","35","79","7900000","432442","0.054739493670886076","9","22"
"11","10","5","35","35","86","8600000","299636","0.034841395348837206","9","10"
"13","10","5","35","35","68","6800000","363823","0.05350338235294118","11","17"
"12","10","5","35","35","80","8000000","434876","0.0543595","8","14"
"11","10","5","35","35","87","8700000","300832","0.0345783908045977","8","10"
"13","10","5","35","35","69","6900000","366027","0.053047391304347824","12","19"
"12","10","5","35","35","81","8100000","437259","0.053982592592592596","8","9"
"11","10","5","35","35","88","8800000","302060","0.034325","9","13"
"13","10","5","35","35","70","7000000","368189","0.052598428571428574","12","24"
"12","10","5","35","35","82","8200000","439927","0.05364963414634146","8","15"
"11","10","5","35","35","89","8900000","303246","0.03407258426966292","9","11"
"13","10","5","35","35","71","7100000","370424","0.05217239436619718","11","16"
"12","10","5","35","35","83","8300000","442119","0.05326734939759036","8","13"
"11","10","5","35","35","90","9000000","304688","0.03385422222222222","9","18"
"13","10","5","35","35","72","7200000","373174","0.05182972222222222","11","16"
"12","10","5","35","35","84","8400000","444175","0.05287797619047619","8","12"
"11","10","5","35","35","91","9100000","305718","0.03359538461538462","9","17"
"13","10","5","35","35","73","7300000","375478","0.051435342465753424","11","18"
"12","10","5","35","35","85","8500000","446209","0.05249517647058823","8","13"
"11","10","5","35","35","92","9200000","306847","0.033352934782608694","9","15"
"13","10","5","35","35","74","7400000","377884","0.051065405405405405","12","20"
"12","10","5","35","35","86","8600000","447910","0.052082558139534885","7","9"
"11","10","5","35","35","93","9300000","308089","0.03312784946236559","9","17"
"13","10","5","35","35","75","7500000","380306","0.050707466666666666","12","19"
"12","10","5","35","35","87","8700000","449347","0.05164908045977012","6","8"
"11","10","5","35","35","94","9400000","309372","0.03291191489361702","9","15"
"12","10","5","35","35","88","8800000","450758","0.0512225","6","9"
"13","10","5","35","35","76","7600000","382812","0.05037","11","16"
"11","10","5","35","35","95","9500000","310592","0.0326938947368421","8","11"
"12","10","5","35","35","89","8900000","452132","0.05080134831460674","6","8"
"13","10","5","35","35","77","7700000","384992","0.04999896103896104","11","13"
"11","10","5","35","35","96","9600000","311976","0.0324975","9","14"
"12","10","5","35","35","90","9000000","453641","0.05040455555555556","6","7"
"13","10","5","35","35","78","7800000","386906","0.04960333333333333","11","17"
"11","10","5","35","35","97","9700000","313029","0.03227103092783505","9","14"
"12","10","5","35","35","91","9100000","455343","0.05003769230769231","7","8"
"13","10","5","35","35","79","7900000","388816","0.04921721518987342","11","12"
"11","10","5","35","35","98","9800000","314058","0.03204673469387755","9","17"
"12","10","5","35","35","92","9200000","456855","0.04965815217391304","7","14"
"13","10","5","35","35","80","8000000","390486","0.04881075","11","19"
"11","10","5","35","35","99","9900000","315126","0.03183090909090909","9","18"
"12","10","5","35","35","93","9300000","458197","0.049268494623655915","6","7"
"13","10","5","35","35","81","8100000","391919","0.04838506172839506","9","9"
"11","10","5","35","35","100","10000000","316305","0.0316305","8","12"
"12","10","5","35","35","94","9400000","459669","0.04890095744680851","7","11"
"13","10","5","35","35","82","8200000","393104","0.04793951219512195","9","11"
"11","10","5","35","35","101","10100000","317546","0.03144019801980198","9","14"
"12","10","5","35","35","95","9500000","461403","0.04856873684210526","6","9"
"13","10","5","35","35","83","8300000","394322","0.04750867469879518","9","12"
"11","10","5","35","35","102","10200000","318879","0.03126264705882353","9","16"
"12","10","5","35","35","96","9600000","462966","0.048225625","6","8"
"13","10","5","35","35","84","8400000","395139","0.04704035714285714","8","9"
"11","10","5","35","35","103","10300000","320071","0.03107485436893204","9","14"
"12","10","5","35","35","97","9700000","464574","0.04789422680412371","6","9"
"13","10","5","35","35","85","8500000","395911","0.04657776470588235","8","8"
"11","10","5","35","35","104","10400000","321136","0.03087846153846154","9","13"
"12","10","5","35","35","98","9800000","466129","0.04756418367346939","6","7"
"13","10","5","35","35","86","8600000","396588","0.046114883720930235","8","10"
"11","10","5","35","35","105","10500000","322293","0.03069457142857143","9","17"
"12","10","5","35","35","99","9900000","467636","0.047235959595959595","6","6"
"13","10","5","35","35","87","8700000","397218","0.04565724137931035","8","8"
"11","10","5","35","35","106","10600000","323331","0.030502924528301886","9","17"
"12","10","5","35","35","100","10000000","469000","0.0469","7","8"
"13","10","5","35","35","88","8800000","397987","0.045225795454545456","8","10"
"11","10","5","35","35","107","10700000","324431","0.030320654205607478","9","14"
"12","10","5","35","35","101","10100000","470397","0.0465739603960396","6","7"
"13","10","5","35","35","89","8900000","398851","0.0448147191011236","8","9"
"11","10","5","35","35","108","10800000","325582","0.030146481481481482","9","15"
"12","10","5","35","35","102","10200000","471905","0.046265196078431374","6","7"
"13","10","5","35","35","90","9000000","399777","0.04441966666666667","8","8"
"11","10","5","35","35","109","10900000","326868","0.02998788990825688","9","16"
"12","10","5","35","35","103","10300000","473070","0.045929126213592235","6","6"
"13","10","5","35","35","91","9100000","400521","0.044013296703296706","8","9"
"11","10","5","35","35","110","11000000","328169","0.029833545454545453","9","14"
"12","10","5","35","35","104","10400000","474392","0.045614615384615385","6","8"
"13","10","5","35","35","92","9200000","401189","0.0436075","8","8"
"11","10","5","35","35","111","11100000","329329","0.02966927927927928","9","14"
"12","10","5","35","35","105","10500000","475506","0.045286285714285716","5","5"
"13","10","5","35","35","93","9300000","401717","0.043195376344086024","8","8"
"11","10","5","35","35","112","11200000","330457","0.029505089285714287","9","12"
"12","10","5","35","35","106","10600000","476633","0.044965377358490564","5","7"
"13","10","5","35","35","94","9400000","402296","0.042797446808510636","8","9"
"11","10","5","35","35","113","11300000","331553","0.029340973451327433","9","12"
"12","10","5","35","35","107","10700000","477673","0.04464233644859813","5","6"
"13","10","5","35","35","95","9500000","402977","0.04241863157894737","8","9"
"11","10","5","35","35","114","11400000","332575","0.029173245614035087","9","11"
"12","10","5","35","35","108","10800000","478839","0.04433694444444444","5","5"
"13","10","5","35","35","96","9600000","403668","0.04204875","8","10"
"11","10","5","35","35","115","11500000","333629","0.02901121739130435","9","14"
"12","10","5","35","35","109","10900000","479874","0.0440251376146789","5","6"
"13","10","5","35","35","97","9700000","404231","0.04167329896907217","8","8"
"11","10","5","35","35","116","11600000","334725","0.02885560344827586","9","15"
"12","10","5","35","35","110","11000000","480938","0.043721636363636365","5","7"
"13","10","5","35","35","98","9800000","404727","0.04129867346938775","8","9"
"11","10","5","35","35","117","11700000","335850","0.028705128205128206","9","14"
"12","10","5","35","35","111","11100000","481942","0.0434181981981982","5","7"
"13","10","5","35","35","99","9900000","404896","0.040898585858585856","7","7"
"11","10","5","35","35","118","11800000","336985","0.028558050847457626","9","16"
"14","10","5","35","35","0","0","0","0","896","900"
"12","10","5","35","35","112","11200000","482903","0.04311633928571429","5","6"
"11","10","5","35","35","119","11900000","338244","0.028423865546218487","9","20"
"14","10","5","35","35","1","100000","9122","0.09122","455","482"
"12","10","5","35","35","113","11300000","483918","0.042824601769911506","5","7"
"11","10","5","35","35","120","12000000","339666","0.0283055","9","12"
"14","10","5","35","35","2","200000","19652","0.09826","302","334"
"12","10","5","35","35","114","11400000","484933","0.04253798245614035","5","8"
"11","10","5","35","35","121","12100000","340867","0.02817082644628099","9","15"
"14","10","5","35","35","3","300000","31024","0.10341333333333333","237","284"
"12","10","5","35","35","115","11500000","485925","0.04225434782608695","5","6"
"11","10","5","35","35","122","12200000","342164","0.02804622950819672","9","11"
"14","10","5","35","35","4","400000","41981","0.1049525","204","252"
"11","10","5","35","35","123","12300000","343204","0.027902764227642277","9","12"
"12","10","5","35","35","116","11600000","487054","0.041987413793103445","5","9"
"14","10","5","35","35","5","500000","52392","0.104784","169","224"
"11","10","5","35","35","124","12400000","344388","0.027773225806451612","9","12"
"12","10","5","35","35","117","11700000","488027","0.0417117094017094","5","8"
"14","10","5","35","35","6","600000","63053","0.10508833333333334","160","222"
"11","10","5","35","35","125","12500000","345767","0.02766136","9","13"
"12","10","5","35","35","118","11800000","489020","0.04144237288135593","5","5"
"11","10","5","35","35","126","12600000","346896","0.02753142857142857","9","14"
"12","10","5","35","35","119","11900000","489976","0.041174453781512604","5","7"
"14","10","5","35","35","7","700000","73599","0.10514142857142857","134","181"
"11","10","5","35","35","127","12700000","348160","0.027414173228346456","8","9"
"12","10","5","35","35","120","12000000","490959","0.04091325","5","6"
"14","10","5","35","35","8","800000","83651","0.10456375","120","179"
"11","10","5","35","35","128","12800000","349371","0.027294609375","9","16"
"12","10","5","35","35","121","12100000","492048","0.04066512396694215","5","5"
"14","10","5","35","35","9","900000","93701","0.10411222222222222","101","163"
"11","10","5","35","35","129","12900000","350479","0.02716891472868217","9","15"
"12","10","5","35","35","122","12200000","493007","0.04041040983606557","5","7"
"14","10","5","35","35","10","1000000","104103","0.104103","110","172"
"11","10","5","35","35","130","13000000","351776","0.02705969230769231","13","17"
"12","10","5","35","35","123","12300000","493978","0.040160813008130083","5","8"
"14","10","5","35","35","11","1100000","113676","0.10334181818181819","106","164"
"11","10","5","35","35","131","13100000","353171","0.02695961832061069","8","12"
"12","10","5","35","35","124","12400000","494814","0.039904354838709674","5","7"
"14","10","5","35","35","12","1200000","122493","0.1020775","84","126"
"11","10","5","35","35","132","13200000","354414","0.026849545454545456","9","14"
"12","10","5","35","35","125","12500000","495820","0.0396656","5","6"
"14","10","5","35","35","13","1300000","131130","0.10086923076923077","81","128"
"11","10","5","35","35","133","13300000","355747","0.026747894736842106","9","14"
"12","10","5","35","35","126","12600000","496859","0.03943325396825397","5","8"
"14","10","5","35","35","14","1400000","139332","0.09952285714285715","78","131"
"11","10","5","35","35","134","13400000","356888","0.026633432835820897","9","18"
"12","10","5","35","35","127","12700000","497853","0.03920102362204724","5","5"
"12","10","5","35","35","128","12800000","498801","0.038968828125","5","6"
"11","10","5","35","35","135","13500000","358049","0.02652214814814815","9","18"
"14","10","5","35","35","15","1500000","147330","0.09822","72","106"
"12","10","5","35","35","129","12900000","499726","0.0387384496124031","5","7"
"11","10","5","35","35","136","13600000","359182","0.026410441176470588","9","13"
"14","10","5","35","35","16","1600000","154685","0.096678125","63","93"
"12","10","5","35","35","130","13000000","500550","0.03850384615384615","5","5"
"11","10","5","35","35","137","13700000","360294","0.02629883211678832","8","8"
"14","10","5","35","35","17","1700000","161479","0.09498764705882352","51","83"
"12","10","5","35","35","131","13100000","501400","0.038274809160305345","5","5"
"11","10","5","35","35","138","13800000","361554","0.026199565217391304","9","13"
"14","10","5","35","35","18","1800000","167608","0.09311555555555555","46","81"
"12","10","5","35","35","132","13200000","502328","0.038055151515151514","5","7"
"11","10","5","35","35","139","13900000","362660","0.02609064748201439","9","11"
"14","10","5","35","35","19","1900000","173768","0.09145684210526316","43","71"
"12","10","5","35","35","133","13300000","503192","0.03783398496240602","5","5"
"11","10","5","35","35","140","14000000","363934","0.025995285714285714","9","16"
"14","10","5","35","35","20","2000000","180287","0.0901435","37","70"
"12","10","5","35","35","134","13400000","504085","0.03761828358208955","5","5"
"11","10","5","35","35","141","14100000","365214","0.025901702127659576","9","18"
"14","10","5","35","35","21","2100000","185701","0.08842904761904762","37","57"
"12","10","5","35","35","135","13500000","504999","0.037407333333333334","5","6"
"11","10","5","35","35","142","14200000","366458","0.025806901408450704","8","11"
"14","10","5","35","35","22","2200000","190907","0.08677590909090908","26","48"
"12","10","5","35","35","136","13600000","505808","0.037191764705882355","5","5"
"11","10","5","35","35","143","14300000","367713","0.025714195804195806","8","10"
"14","10","5","35","35","23","2300000","195485","0.08499347826086956","25","43"
"12","10","5","35","35","137","13700000","506718","0.03698671532846715","5","6"
"11","10","5","35","35","144","14400000","369049","0.025628402777777778","8","10"
"14","10","5","35","35","24","2400000","200033","0.08334708333333334","24","38"
"12","10","5","35","35","138","13800000","507827","0.036799057971014494","5","5"
"11","10","5","35","35","145","14500000","370404","0.02554510344827586","8","9"
"12","10","5","35","35","139","13900000","508701","0.036597194244604316","5","6"
"14","10","5","35","35","25","2500000","204558","0.0818232","19","38"
"11","10","5","35","35","146","14600000","371676","0.025457260273972604","8","9"
"12","10","5","35","35","140","14000000","509737","0.036409785714285714","5","7"
"11","10","5","35","35","147","14700000","372839","0.025363197278911565","8","8"
"14","10","5","35","35","26","2600000","208703","0.08027038461538462","18","29"
"12","10","5","35","35","141","14100000","510546","0.036208936170212765","5","6"
"11","10","5","35","35","148","14800000","374124","0.02527864864864865","9","12"
"14","10","5","35","35","27","2700000","212387","0.07866185185185186","17","31"
"12","10","5","35","35","142","14200000","511377","0.03601246478873239","5","7"
"11","10","5","35","35","149","14900000","375378","0.025193154362416106","9","12"
"14","10","5","35","35","28","2800000","215952","0.07712571428571428","17","31"
"12","10","5","35","35","143","14300000","511950","0.035800699300699304","5","5"
"11","10","5","35","35","150","15000000","376754","0.025116933333333334","8","8"
"14","10","5","35","35","29","2900000","219667","0.07574724137931034","17","25"
"12","10","5","35","35","144","14400000","512326","0.03557819444444445","5","5"
"11","10","5","35","35","151","15100000","378123","0.025041258278145694","8","9"
"14","10","5","35","35","30","3000000","223580","0.07452666666666667","18","29"
"12","10","5","35","35","145","14500000","512631","0.03535386206896552","5","5"
"11","10","5","35","35","152","15200000","379361","0.02495796052631579","8","8"
"14","10","5","35","35","31","3100000","227023","0.07323322580645161","16","30"
"12","10","5","35","35","146","14600000","512722","0.03511794520547945","4","4"
"15","10","5","35","35","0","0","0","0","896","900"
"11","10","5","35","35","153","15300000","380581","0.024874575163398693","9","11"
"14","10","5","35","35","32","3200000","230608","0.072065","16","29"
"15","10","5","35","35","1","100000","8758","0.08758","457","484"
"11","10","5","35","35","154","15400000","381985","0.02480422077922078","9","11"
"14","10","5","35","35","33","3300000","233990","0.07090606060606061","15","28"
"11","10","5","35","35","155","15500000","383316","0.02473006451612903","8","9"
"15","10","5","35","35","2","200000","19583","0.097915","314","352"
"14","10","5","35","35","34","3400000","237425","0.06983088235294117","16","25"
"11","10","5","35","35","156","15600000","384734","0.024662435897435896","8","11"
"15","10","5","35","35","3","300000","30814","0.10271333333333334","261","310"
"14","10","5","35","35","35","3500000","240457","0.068702","14","18"
"11","10","5","35","35","157","15700000","386127","0.024594076433121018","9","10"
"15","10","5","35","35","4","400000","41837","0.1045925","237","297"
"14","10","5","35","35","36","3600000","243426","0.06761833333333334","14","27"
"11","10","5","35","35","158","15800000","387458","0.0245226582278481","8","8"
"15","10","5","35","35","5","500000","53399","0.106798","192","240"
"14","10","5","35","35","37","3700000","246065","0.06650405405405406","13","20"
"11","10","5","35","35","159","15900000","388818","0.024453962264150943","8","8"
"15","10","5","35","35","6","600000","63829","0.10638166666666667","152","201"
"14","10","5","35","35","38","3800000","248538","0.06540473684210527","13","19"
"11","10","5","35","35","160","16000000","390239","0.0243899375","8","10"
"14","10","5","35","35","39","3900000","251118","0.06438923076923077","13","14"
"15","10","5","35","35","7","700000","74011","0.10573","135","189"
"11","10","5","35","35","161","16100000","391620","0.02432422360248447","8","10"
"14","10","5","35","35","40","4000000","254037","0.06350925","13","22"
"11","10","5","35","35","162","16200000","392781","0.02424574074074074","8","8"
"15","10","5","35","35","8","800000","83873","0.10484125","131","175"
"14","10","5","35","35","41","4100000","256663","0.06260073170731707","12","15"
"11","10","5","35","35","163","16300000","393905","0.0241659509202454","8","8"
"15","10","5","35","35","9","900000","93118","0.10346444444444444","92","131"
"14","10","5","35","35","42","4200000","259268","0.06173047619047619","12","18"
"11","10","5","35","35","164","16400000","395092","0.024090975609756097","8","11"
"15","10","5","35","35","10","1000000","101346","0.101346","77","120"
"11","10","5","35","35","165","16500000","396352","0.024021333333333332","8","9"
"14","10","5","35","35","43","4300000","261890","0.060904651162790695","11","16"
"15","10","5","35","35","11","1100000","108903","0.09900272727272727","61","96"
"11","10","5","35","35","166","16600000","397406","0.023940120481927712","8","12"
"14","10","5","35","35","44","4400000","264255","0.060057954545454546","11","14"
"15","10","5","35","35","12","1200000","116148","0.09679","61","103"
"11","10","5","35","35","167","16700000","398308","0.02385077844311377","8","8"
"14","10","5","35","35","45","4500000","266660","0.05925777777777778","12","20"
"15","10","5","35","35","13","1300000","122561","0.09427769230769231","52","80"
"11","10","5","35","35","168","16800000","399297","0.02376767857142857","8","11"
"14","10","5","35","35","46","4600000","269047","0.058488478260869566","12","18"
"15","10","5","35","35","14","1400000","129043","0.09217357142857142","47","71"
"11","10","5","35","35","169","16900000","400391","0.023691775147928994","8","10"
"14","10","5","35","35","47","4700000","271369","0.05773808510638298","12","21"
"15","10","5","35","35","15","1500000","135497","0.09033133333333333","43","62"
"11","10","5","35","35","170","17000000","401425","0.023613235294117647","8","10"
"14","10","5","35","35","48","4800000","273672","0.057015","10","16"
"15","10","5","35","35","16","1600000","141384","0.088365","53","81"
"11","10","5","35","35","171","17100000","402397","0.023531988304093567","8","8"
"14","10","5","35","35","49","4900000","275899","0.05630591836734694","11","17"
"11","10","5","35","35","172","17200000","403297","0.0234475","8","8"
"15","10","5","35","35","17","1700000","147519","0.08677588235294117","43","66"
"14","10","5","35","35","50","5000000","277816","0.0555632","10","13"
"11","10","5","35","35","173","17300000","404135","0.023360404624277457","7","7"
"15","10","5","35","35","18","1800000","153215","0.08511944444444444","44","75"
"14","10","5","35","35","51","5100000","280063","0.054914313725490195","10","16"
"11","10","5","35","35","174","17400000","404816","0.02326528735632184","7","7"
"15","10","5","35","35","19","1900000","159367","0.08387736842105263","45","71"
"14","10","5","35","35","52","5200000","282432","0.05431384615384616","11","17"
"11","10","5","35","35","175","17500000","405414","0.023166514285714285","7","8"
"15","10","5","35","35","20","2000000","165493","0.0827465","42","69"
"14","10","5","35","35","53","5300000","284425","0.05366509433962264","10","12"
"11","10","5","35","35","176","17600000","406055","0.023071306818181817","7","9"
"15","10","5","35","35","21","2100000","171386","0.08161238095238095","45","73"
"14","10","5","35","35","54","5400000","286491","0.05305388888888889","10","14"
"11","10","5","35","35","177","17700000","406845","0.022985593220338982","7","8"
"14","10","5","35","35","55","5500000","288486","0.052452","10","11"
"15","10","5","35","35","22","2200000","177206","0.08054818181818182","43","76"
"11","10","5","35","35","178","17800000","407489","0.0228926404494382","7","7"
"14","10","5","35","35","56","5600000","290336","0.05184571428571429","9","12"
"15","10","5","35","35","23","2300000","183202","0.07965304347826087","42","71"
"11","10","5","35","35","179","17900000","408026","0.022794748603351955","7","8"
"14","10","5","35","35","57","5700000","292309","0.05128228070175438","9","11"
"15","10","5","35","35","24","2400000","189092","0.07878833333333334","44","81"
"11","10","5","35","35","180","18000000","408661","0.022703388888888888","7","8"
"14","10","5","35","35","58","5800000","293996","0.05068896551724138","9","11"
"11","10","5","35","35","181","18100000","409280","0.0226121546961326","7","9"
"15","10","5","35","35","25","2500000","194556","0.0778224","42","67"
"14","10","5","35","35","59","5900000","295709","0.050120169491525424","9","11"
"11","10","5","35","35","182","18200000","409949","0.02252467032967033","7","7"
"15","10","5","35","35","26","2600000","199630","0.07678076923076924","39","63"
"14","10","5","35","35","60","6000000","297321","0.0495535","9","12"
"11","10","5","35","35","183","18300000","410677","0.02244136612021858","7","7"
"15","10","5","35","35","27","2700000","204939","0.07590333333333334","42","67"
"14","10","5","35","35","61","6100000","298803","0.04898409836065574","9","12"
"11","10","5","35","35","184","18400000","411388","0.02235804347826087","7","7"
"15","10","5","35","35","28","2800000","210152","0.07505428571428571","37","62"
"14","10","5","35","35","62","6200000","300072","0.048398709677419355","9","9"
"11","10","5","35","35","185","18500000","412005","0.02227054054054054","7","7"
"15","10","5","35","35","29","2900000","215723","0.07438724137931034","39","61"
"11","10","5","35","35","186","18600000","412674","0.02218677419354839","7","7"
"14","10","5","35","35","63","6300000","301300","0.047825396825396826","9","12"
"15","10","5","35","35","30","3000000","221254","0.07375133333333334","40","66"
"11","10","5","35","35","187","18700000","413212","0.022096898395721924","7","10"
"14","10","5","35","35","64","6400000","302575","0.04727734375","9","10"
"15","10","5","35","35","31","3100000","226725","0.07313709677419356","44","74"
"11","10","5","35","35","188","18800000","413873","0.022014521276595745","7","7"
"14","10","5","35","35","65","6500000","303534","0.046697538461538464","9","10"
"15","10","5","35","35","32","3200000","232009","0.0725028125","38","61"
"11","10","5","35","35","189","18900000","414464","0.021929312169312168","7","7"
"14","10","5","35","35","66","6600000","304380","0.046118181818181815","9","11"
"11","10","5","35","35","190","19000000","415064","0.021845473684210526","7","7"
"15","10","5","35","35","33","3300000","237076","0.07184121212121213","46","69"
"14","10","5","35","35","67","6700000","304915","0.045509701492537316","8","10"
"11","10","5","35","35","191","19100000","415814","0.021770366492146597","7","8"
"14","10","5","35","35","68","6800000","305255","0.04489044117647059","8","9"
"15","10","5","35","35","34","3400000","242132","0.07121529411764706","38","67"
"11","10","5","35","35","192","19200000","416516","0.021693541666666667","7","8"
"14","10","5","35","35","69","6900000","305513","0.044277246376811595","8","8"
"15","10","5","35","35","35","3500000","246809","0.07051685714285715","40","65"
"11","10","5","35","35","193","19300000","417310","0.021622279792746113","7","8"
"14","10","5","35","35","70","7000000","305643","0.04366328571428572","7","7"
"16","10","5","35","35","0","0","0","0","892","900"
"15","10","5","35","35","36","3600000","251156","0.06976555555555555","33","54"
"11","10","5","35","35","194","19400000","418081","0.021550567010309277","7","9"
"15","10","5","35","35","37","3700000","255386","0.06902324324324324","41","62"
"16","10","5","35","35","1","100000","8449","0.08449","452","465"
"11","10","5","35","35","195","19500000","418779","0.021475846153846154","7","8"
"15","10","5","35","35","38","3800000","259844","0.06838","39","59"
"16","10","5","35","35","2","200000","18852","0.09426","322","352"
"11","10","5","35","35","196","19600000","419543","0.021405255102040815","7","8"
"15","10","5","35","35","39","3900000","264223","0.06774948717948719","41","66"
"16","10","5","35","35","3","300000","30480","0.1016","256","304"
"11","10","5","35","35","197","19700000","420232","0.021331573604060915","7","9"
"15","10","5","35","35","40","4000000","268195","0.06704875","40","54"
"11","10","5","35","35","198","19800000","420861","0.02125560606060606","7","8"
"16","10","5","35","35","4","400000","41688","0.10422","218","269"
"15","10","5","35","35","41","4100000","272019","0.0663460975609756","39","56"
"11","10","5","35","35","199","19900000","421613","0.021186582914572864","7","8"
"16","10","5","35","35","5","500000","51956","0.103912","165","200"
"15","10","5","35","35","42","4200000","275679","0.06563785714285714","42","61"
"11","10","5","35","35","200","20000000","422506","0.0211253","7","8"
"16","10","5","35","35","6","600000","62260","0.10376666666666666","156","196"
"11","10","5","35","35","201","20100000","423315","0.02106044776119403","7","7"
"15","10","5","35","35","43","4300000","279166","0.06492232558139535","33","45"
"16","10","5","35","35","7","700000","72055","0.10293571428571428","137","190"
"11","10","5","35","35","202","20200000","424067","0.020993415841584158","7","10"
"15","10","5","35","35","44","4400000","282317","0.06416295454545455","40","55"
"16","10","5","35","35","8","800000","81701","0.10212625","141","185"
"11","10","5","35","35","203","20300000","424673","0.020919852216748767","7","7"
"15","10","5","35","35","45","4500000","285382","0.06341822222222222","39","54"
"16","10","5","35","35","9","900000","91390","0.10154444444444445","121","163"
"11","10","5","35","35","204","20400000","425234","0.02084480392156863","7","8"
"15","10","5","35","35","46","4600000","288742","0.06277","39","60"
"16","10","5","35","35","10","1000000","100798","0.100798","110","150"
"11","10","5","35","35","205","20500000","425850","0.020773170731707317","7","9"
"15","10","5","35","35","47","4700000","292546","0.06224382978723404","37","62"
"11","10","5","35","35","206","20600000","426328","0.020695533980582523","7","7"
"16","10","5","35","35","11","1100000","109527","0.09957","85","125"
"15","10","5","35","35","48","4800000","296409","0.061751875","30","44"
"11","10","5","35","35","207","20700000","426805","0.020618599033816427","7","7"
"16","10","5","35","35","12","1200000","117285","0.0977375","68","114"
"15","10","5","35","35","49","4900000","300031","0.061230816326530615","27","38"
"11","10","5","35","35","208","20800000","427435","0.020549759615384616","7","7"
"16","10","5","35","35","13","1300000","124732","0.0959476923076923","53","89"
"15","10","5","35","35","50","5000000","303037","0.0606074","27","40"
"11","10","5","35","35","209","20900000","427852","0.020471387559808613","7","7"
"16","10","5","35","35","14","1400000","131722","0.09408714285714286","59","94"
"15","10","5","35","35","51","5100000","306094","0.060018431372549017","26","43"
"11","10","5","35","35","210","21000000","428243","0.02039252380952381","7","8"
"16","10","5","35","35","15","1500000","138018","0.092012","53","80"
"15","10","5","35","35","52","5200000","309404","0.05950076923076923","25","43"
"11","10","5","35","35","211","21100000","428577","0.020311706161137442","7","9"
"16","10","5","35","35","16","1600000","143755","0.089846875","51","83"
"15","10","5","35","35","53","5300000","312452","0.05895320754716981","25","39"
"11","10","5","35","35","212","21200000","428649","0.02021929245283019","6","6"
"17","10","5","35","35","0","0","0","0","896","900"
"16","10","5","35","35","17","1700000","149192","0.08776","43","75"
"15","10","5","35","35","54","5400000","315298","0.05838851851851852","20","34"
"17","10","5","35","35","1","100000","8643","0.08643","464","495"
"16","10","5","35","35","18","1800000","154349","0.08574944444444445","39","50"
"15","10","5","35","35","55","5500000","317608","0.05774690909090909","18","27"
"17","10","5","35","35","2","200000","19399","0.096995","323","363"
"16","10","5","35","35","19","1900000","158514","0.08342842105263158","34","54"
"15","10","5","35","35","56","5600000","319541","0.05706089285714286","13","18"
"17","10","5","35","35","3","300000","30295","0.10098333333333333","256","295"
"15","10","5","35","35","57","5700000","320831","0.056286140350877194","11","11"
"16","10","5","35","35","20","2000000","163096","0.081548","34","66"
"17","10","5","35","35","4","400000","41078","0.102695","220","270"
"15","10","5","35","35","58","5800000","322157","0.05554431034482759","11","13"
"16","10","5","35","35","21","2100000","167429","0.07972809523809524","37","57"
"17","10","5","35","35","5","500000","51852","0.103704","193","249"
"15","10","5","35","35","59","5900000","323282","0.0547935593220339","10","11"
"16","10","5","35","35","22","2200000","171170","0.07780454545454546","29","50"
"17","10","5","35","35","6","600000","62133","0.103555","158","196"
"15","10","5","35","35","60","6000000","323418","0.053903","9","9"
"18","10","5","35","35","0","0","0","0","894","900"
"16","10","5","35","35","23","2300000","175330","0.0762304347826087","36","50"
"17","10","5","35","35","7","700000","72570","0.10367142857142857","141","192"
"16","10","5","35","35","24","2400000","178914","0.0745475","25","36"
"18","10","5","35","35","1","100000","8198","0.08198","451","477"
"17","10","5","35","35","8","800000","82635","0.10329375","117","168"
"16","10","5","35","35","25","2500000","181809","0.0727236","27","48"
"18","10","5","35","35","2","200000","18415","0.092075","299","335"
"17","10","5","35","35","9","900000","91936","0.10215111111111111","104","141"
"16","10","5","35","35","26","2600000","184458","0.07094538461538462","28","34"
"18","10","5","35","35","3","300000","29299","0.09766333333333334","249","296"
"17","10","5","35","35","10","1000000","101381","0.101381","97","145"
"16","10","5","35","35","27","2700000","187706","0.06952074074074074","28","48"
"18","10","5","35","35","4","400000","40346","0.100865","186","237"
"16","10","5","35","35","28","2800000","191115","0.06825535714285715","30","47"
"17","10","5","35","35","11","1100000","109999","0.09999909090909091","82","130"
"18","10","5","35","35","5","500000","50876","0.101752","170","220"
"16","10","5","35","35","29","2900000","195158","0.06729586206896551","34","54"
"17","10","5","35","35","12","1200000","118270","0.09855833333333333","76","110"
"18","10","5","35","35","6","600000","60778","0.10129666666666666","150","200"
"16","10","5","35","35","30","3000000","199094","0.06636466666666667","34","57"
"17","10","5","35","35","13","1300000","126204","0.09708","65","87"
"18","10","5","35","35","7","700000","69818","0.09974","135","179"
"16","10","5","35","35","31","3100000","202981","0.06547774193548388","32","50"
"17","10","5","35","35","14","1400000","133683","0.09548785714285714","57","93"
"18","10","5","35","35","8","800000","79242","0.0990525","142","181"
"16","10","5","35","35","32","3200000","207185","0.0647453125","34","57"
"17","10","5","35","35","15","1500000","140687","0.09379133333333334","53","93"
"18","10","5","35","35","9","900000","88776","0.09864","114","160"
"16","10","5","35","35","33","3300000","210726","0.06385636363636364","27","43"
"17","10","5","35","35","16","1600000","147493","0.092183125","45","77"
"18","10","5","35","35","10","1000000","97619","0.097619","103","148"
"16","10","5","35","35","34","3400000","214198","0.06299941176470589","29","49"
"17","10","5","35","35","17","1700000","153830","0.09048823529411765","40","61"
"18","10","5","35","35","11","1100000","105857","0.09623363636363637","97","150"
"16","10","5","35","35","35","3500000","217687","0.06219628571428571","24","44"
"17","10","5","35","35","18","1800000","160029","0.088905","45","78"
"18","10","5","35","35","12","1200000","114310","0.09525833333333333","90","127"
"16","10","5","35","35","36","3600000","221185","0.06144027777777778","23","37"
"17","10","5","35","35","19","1900000","165634","0.0871757894736842","39","59"
"18","10","5","35","35","13","1300000","122386","0.09414307692307693","75","107"
"16","10","5","35","35","37","3700000","224871","0.060775945945945944","22","43"
"17","10","5","35","35","20","2000000","171029","0.0855145","44","69"
"18","10","5","35","35","14","1400000","130630","0.09330714285714285","86","135"
"16","10","5","35","35","38","3800000","228450","0.06011842105263158","21","35"
"17","10","5","35","35","21","2100000","176190","0.0839","35","57"
"18","10","5","35","35","15","1500000","139180","0.09278666666666667","81","119"
"16","10","5","35","35","39","3900000","232024","0.059493333333333336","21","40"
"17","10","5","35","35","22","2200000","181243","0.08238318181818181","29","41"
"16","10","5","35","35","40","4000000","235429","0.05885725","22","35"
"18","10","5","35","35","16","1600000","147771","0.092356875","79","116"
"17","10","5","35","35","23","2300000","185716","0.08074608695652175","26","46"
"16","10","5","35","35","41","4100000","238934","0.05827658536585366","24","32"
"18","10","5","35","35","17","1700000","155114","0.09124352941176471","70","113"
"17","10","5","35","35","24","2400000","190634","0.07943083333333334","23","39"
"16","10","5","35","35","42","4200000","242348","0.05770190476190476","24","46"
"18","10","5","35","35","18","1800000","162743","0.09041277777777777","65","98"
"17","10","5","35","35","25","2500000","195119","0.0780476","27","53"
"16","10","5","35","35","43","4300000","245494","0.05709162790697674","24","46"
"18","10","5","35","35","19","1900000","170142","0.08954842105263158","59","89"
"17","10","5","35","35","26","2600000","199280","0.07664615384615385","23","42"
"16","10","5","35","35","44","4400000","249024","0.05659636363636364","27","51"
"18","10","5","35","35","20","2000000","177156","0.088578","49","83"
"17","10","5","35","35","27","2700000","202973","0.07517518518518519","21","32"
"16","10","5","35","35","45","4500000","252218","0.05604844444444444","27","47"
"18","10","5","35","35","21","2100000","184158","0.08769428571428571","47","83"
"17","10","5","35","35","28","2800000","206581","0.07377892857142856","21","36"
"16","10","5","35","35","46","4600000","255401","0.05552195652173913","24","40"
"18","10","5","35","35","22","2200000","190511","0.08659590909090908","35","68"
"17","10","5","35","35","29","2900000","209950","0.07239655172413793","18","28"
"16","10","5","35","35","47","4700000","258092","0.054913191489361704","25","46"
"18","10","5","35","35","23","2300000","196619","0.08548652173913043","46","66"
"17","10","5","35","35","30","3000000","213530","0.07117666666666667","15","27"
"16","10","5","35","35","48","4800000","260647","0.05430145833333333","26","36"
"18","10","5","35","35","24","2400000","202416","0.08434","37","64"
"17","10","5","35","35","31","3100000","217171","0.07005516129032258","19","30"
"16","10","5","35","35","49","4900000","263618","0.053799591836734696","27","40"
"18","10","5","35","35","25","2500000","207930","0.083172","34","55"
"17","10","5","35","35","32","3200000","220502","0.068906875","18","27"
"16","10","5","35","35","50","5000000","266362","0.0532724","19","26"
"18","10","5","35","35","26","2600000","212911","0.08188884615384616","43","69"
"17","10","5","35","35","33","3300000","223942","0.06786121212121213","18","26"
"16","10","5","35","35","51","5100000","269135","0.05277156862745098","20","36"
"18","10","5","35","35","27","2700000","218049","0.0807588888888889","39","69"
"17","10","5","35","35","34","3400000","227717","0.06697558823529412","17","29"
"16","10","5","35","35","52","5200000","271800","0.05226923076923077","14","16"
"18","10","5","35","35","28","2800000","222787","0.07956678571428571","38","70"
"17","10","5","35","35","35","3500000","231354","0.06610114285714286","18","25"
"16","10","5","35","35","53","5300000","273946","0.051687924528301885","11","12"
"18","10","5","35","35","29","2900000","227473","0.07843896551724137","39","58"
"17","10","5","35","35","36","3600000","234867","0.06524083333333333","18","37"
"16","10","5","35","35","54","5400000","276033","0.051117222222222224","11","14"
"18","10","5","35","35","30","3000000","232066","0.07735533333333333","37","53"
"17","10","5","35","35","37","3700000","238643","0.0644981081081081","15","23"
"16","10","5","35","35","55","5500000","277949","0.05053618181818182","11","14"
"18","10","5","35","35","31","3100000","236728","0.07636387096774193","41","70"
"17","10","5","35","35","38","3800000","241941","0.06366868421052632","15","20"
"16","10","5","35","35","56","5600000","279671","0.04994125","11","14"
"18","10","5","35","35","32","3200000","240955","0.0752984375","40","63"
"16","10","5","35","35","57","5700000","281679","0.04941736842105263","10","13"
"17","10","5","35","35","39","3900000","245001","0.06282076923076924","14","21"
"18","10","5","35","35","33","3300000","245386","0.07435939393939393","34","53"
"16","10","5","35","35","58","5800000","283450","0.04887068965517241","10","10"
"17","10","5","35","35","40","4000000","248183","0.06204575","16","26"
"18","10","5","35","35","34","3400000","249483","0.07337735294117648","28","52"
"16","10","5","35","35","59","5900000","285449","0.048381186440677966","10","12"
"17","10","5","35","35","41","4100000","251620","0.06137073170731707","15","21"
"18","10","5","35","35","35","3500000","253179","0.07233685714285715","31","52"
"16","10","5","35","35","60","6000000","287041","0.04784016666666667","10","14"
"17","10","5","35","35","42","4200000","255014","0.06071761904761905","15","21"
"18","10","5","35","35","36","3600000","256998","0.07138833333333333","26","48"
"16","10","5","35","35","61","6100000","288490","0.04729344262295082","10","11"
"17","10","5","35","35","43","4300000","258236","0.060054883720930236","16","22"
"18","10","5","35","35","37","3700000","260957","0.07052891891891892","27","45"
"16","10","5","35","35","62","6200000","289641","0.04671629032258064","9","11"
"17","10","5","35","35","44","4400000","260862","0.059286818181818184","10","12"
"18","10","5","35","35","38","3800000","264965","0.06972763157894737","25","42"
"16","10","5","35","35","63","6300000","290651","0.046135079365079365","9","12"
"17","10","5","35","35","45","4500000","263548","0.05856622222222222","10","14"
"18","10","5","35","35","39","3900000","268887","0.06894538461538462","28","44"
"16","10","5","35","35","64","6400000","291688","0.04557625","9","11"
"17","10","5","35","35","46","4600000","266082","0.05784391304347826","10","14"
"18","10","5","35","35","40","4000000","272597","0.06814925","29","47"
"16","10","5","35","35","65","6500000","292758","0.04503969230769231","9","10"
"17","10","5","35","35","47","4700000","268181","0.05705978723404255","10","10"
"16","10","5","35","35","66","6600000","293771","0.04451075757575758","9","9"
"18","10","5","35","35","41","4100000","276676","0.0674819512195122","24","42"
"17","10","5","35","35","48","4800000","270205","0.05629270833333333","9","13"
"16","10","5","35","35","67","6700000","294683","0.04398253731343284","9","9"
"18","10","5","35","35","42","4200000","280470","0.06677857142857142","24","39"
"17","10","5","35","35","49","4900000","271679","0.05544469387755102","8","9"
"16","10","5","35","35","68","6800000","295747","0.04349220588235294","9","9"
"18","10","5","35","35","43","4300000","284081","0.0660653488372093","26","38"
"17","10","5","35","35","50","5000000","273276","0.0546552","8","16"
"16","10","5","35","35","69","6900000","296839","0.04302014492753623","9","10"
"18","10","5","35","35","44","4400000","287375","0.0653125","28","41"
"17","10","5","35","35","51","5100000","274685","0.053859803921568625","9","13"
"16","10","5","35","35","70","7000000","297764","0.04253771428571428","9","10"
"18","10","5","35","35","45","4500000","290941","0.06465355555555556","28","42"
"17","10","5","35","35","52","5200000","276192","0.05311384615384615","8","8"
"16","10","5","35","35","71","7100000","298843","0.04209056338028169","9","11"
"18","10","5","35","35","46","4600000","294691","0.06406326086956522","27","48"
"17","10","5","35","35","53","5300000","277564","0.05237056603773585","8","9"
"16","10","5","35","35","72","7200000","299973","0.04166291666666667","9","12"
"18","10","5","35","35","47","4700000","298320","0.06347234042553192","25","37"
"17","10","5","35","35","54","5400000","278943","0.05165611111111111","8","10"
"16","10","5","35","35","73","7300000","300850","0.04121232876712329","9","11"
"18","10","5","35","35","48","4800000","302151","0.062948125","25","44"
"17","10","5","35","35","55","5500000","280477","0.050995818181818184","7","8"
"16","10","5","35","35","74","7400000","301520","0.040745945945945945","9","10"
"18","10","5","35","35","49","4900000","306102","0.06246979591836735","27","41"
"17","10","5","35","35","56","5600000","281622","0.05028964285714286","6","7"
"16","10","5","35","35","75","7500000","302204","0.040293866666666664","9","12"
"18","10","5","35","35","50","5000000","309435","0.061887","26","46"
"17","10","5","35","35","57","5700000","282708","0.049597894736842105","6","8"
"16","10","5","35","35","76","7600000","302808","0.039843157894736844","9","10"
"18","10","5","35","35","51","5100000","312612","0.06129647058823529","29","43"
"17","10","5","35","35","58","5800000","283893","0.04894706896551724","6","6"
"16","10","5","35","35","77","7700000","303353","0.039396493506493505","9","9"
"18","10","5","35","35","52","5200000","316120","0.060792307692307694","23","39"
"17","10","5","35","35","59","5900000","284968","0.04829966101694915","6","6"
"16","10","5","35","35","78","7800000","304034","0.03897871794871795","9","9"
"18","10","5","35","35","53","5300000","319471","0.06027754716981132","23","37"
"17","10","5","35","35","60","6000000","285760","0.047626666666666664","6","7"
"16","10","5","35","35","79","7900000","304727","0.03857303797468355","9","11"
"18","10","5","35","35","54","5400000","323284","0.05986740740740741","20","46"
"17","10","5","35","35","61","6100000","286664","0.04699409836065574","6","7"
"16","10","5","35","35","80","8000000","305309","0.038163625","9","9"
"17","10","5","35","35","62","6200000","287822","0.04642290322580645","6","8"
"18","10","5","35","35","55","5500000","327148","0.059481454545454546","18","30"
"16","10","5","35","35","81","8100000","305826","0.037756296296296295","9","10"
"17","10","5","35","35","63","6300000","288917","0.04585984126984127","6","8"
"18","10","5","35","35","56","5600000","330741","0.05906089285714286","20","31"
"16","10","5","35","35","82","8200000","306406","0.03736658536585366","9","9"
"17","10","5","35","35","64","6400000","289940","0.045303125","6","9"
"18","10","5","35","35","57","5700000","334118","0.05861719298245614","19","35"
"16","10","5","35","35","83","8300000","306922","0.03697855421686747","9","10"
"17","10","5","35","35","65","6500000","290838","0.044744307692307694","6","7"
"18","10","5","35","35","58","5800000","336453","0.05800913793103448","17","36"
"16","10","5","35","35","84","8400000","307780","0.03664047619047619","9","9"
"17","10","5","35","35","66","6600000","291543","0.04417318181818182","6","8"
"18","10","5","35","35","59","5900000","338831","0.05742898305084746","15","25"
"16","10","5","35","35","85","8500000","308434","0.03628635294117647","9","10"
"17","10","5","35","35","67","6700000","292082","0.04359432835820896","6","8"
"18","10","5","35","35","60","6000000","341128","0.056854666666666664","17","29"
"16","10","5","35","35","86","8600000","309086","0.03594023255813954","9","10"
"17","10","5","35","35","68","6800000","292810","0.04306029411764706","6","7"
"18","10","5","35","35","61","6100000","343810","0.05636229508196721","18","46"
"16","10","5","35","35","87","8700000","309659","0.035592988505747124","9","10"
"17","10","5","35","35","69","6900000","293318","0.04250985507246377","6","6"
"18","10","5","35","35","62","6200000","346144","0.05582967741935484","18","35"
"16","10","5","35","35","88","8800000","310247","0.03525534090909091","9","9"
"17","10","5","35","35","70","7000000","293565","0.041937857142857145","5","5"
"19","10","5","35","35","0","0","0","0","892","900"
"18","10","5","35","35","63","6300000","348673","0.055344920634920636","18","35"
"16","10","5","35","35","89","8900000","310902","0.034932808988764046","9","11"
"19","10","5","35","35","1","100000","8759","0.08759","463","487"
"18","10","5","35","35","64","6400000","351068","0.054854375","13","31"
"16","10","5","35","35","90","9000000","311540","0.03461555555555555","9","9"
"18","10","5","35","35","65","6500000","353601","0.05440015384615385","15","26"
"16","10","5","35","35","91","9100000","312109","0.03429769230769231","9","11"
"19","10","5","35","35","2","200000","19700","0.0985","328","367"
"16","10","5","35","35","92","9200000","312657","0.03398445652173913","9","9"
"18","10","5","35","35","66","6600000","356181","0.053966818181818185","15","34"
"19","10","5","35","35","3","300000","31240","0.10413333333333333","274","307"
"16","10","5","35","35","93","9300000","313322","0.0336905376344086","9","12"
"18","10","5","35","35","67","6700000","359240","0.053617910447761194","14","33"
"19","10","5","35","35","4","400000","43110","0.107775","244","283"
"16","10","5","35","35","94","9400000","313858","0.03338914893617021","9","9"
"18","10","5","35","35","68","6800000","362037","0.053240735294117644","13","25"
"19","10","5","35","35","5","500000","55063","0.110126","193","244"
"16","10","5","35","35","95","9500000","314231","0.03307694736842105","9","10"
"18","10","5","35","35","69","6900000","364757","0.05286333333333333","15","30"
"19","10","5","35","35","6","600000","66364","0.11060666666666667","175","216"
"16","10","5","35","35","96","9600000","314710","0.032782291666666664","9","9"
"18","10","5","35","35","70","7000000","367447","0.05249242857142857","16","29"
"19","10","5","35","35","7","700000","77591","0.11084428571428571","162","222"
"16","10","5","35","35","97","9700000","315140","0.032488659793814434","9","11"
"18","10","5","35","35","71","7100000","370201","0.05214098591549296","19","33"
"16","10","5","35","35","98","9800000","315461","0.03218989795918367","9","9"
"19","10","5","35","35","8","800000","88596","0.110745","136","187"
"18","10","5","35","35","72","7200000","372845","0.051784027777777776","11","22"
"16","10","5","35","35","99","9900000","315529","0.03187161616161616","8","8"
"20","10","5","35","35","0","0","0","0","896","900"
"19","10","5","35","35","9","900000","98919","0.10991","127","180"
"18","10","5","35","35","73","7300000","375627","0.05145575342465753","15","36"
"20","10","5","35","35","1","100000","9242","0.09242","441","458"
"18","10","5","35","35","74","7400000","378278","0.05111864864864865","16","27"
"19","10","5","35","35","10","1000000","109371","0.109371","120","164"
"20","10","5","35","35","2","200000","20314","0.10157","303","342"
"18","10","5","35","35","75","7500000","380737","0.05076493333333333","17","36"
"19","10","5","35","35","11","1100000","119619","0.10874454545454545","97","155"
"18","10","5","35","35","76","7600000","383327","0.050437763157894736","17","36"
"20","10","5","35","35","3","300000","31439","0.10479666666666666","225","266"
"19","10","5","35","35","12","1200000","128936","0.10744666666666666","95","148"
"18","10","5","35","35","77","7700000","385371","0.05004818181818182","18","33"
"20","10","5","35","35","4","400000","41809","0.1045225","181","216"
"19","10","5","35","35","13","1300000","138087","0.10622076923076923","90","141"
"18","10","5","35","35","78","7800000","387814","0.04971974358974359","20","47"
"20","10","5","35","35","5","500000","51469","0.102938","156","195"
"19","10","5","35","35","14","1400000","147329","0.105235","83","127"
"18","10","5","35","35","79","7900000","390187","0.04939075949367089","15","37"
"20","10","5","35","35","6","600000","60609","0.101015","127","176"
"19","10","5","35","35","15","1500000","156151","0.10410066666666666","77","132"
"18","10","5","35","35","80","8000000","392628","0.0490785","16","36"
"20","10","5","35","35","7","700000","70662","0.10094571428571429","136","193"
"19","10","5","35","35","16","1600000","164270","0.10266875","69","117"
"18","10","5","35","35","81","8100000","394827","0.04874407407407407","18","36"
"20","10","5","35","35","8","800000","81035","0.10129375","132","171"
"19","10","5","35","35","17","1700000","171705","0.10100294117647059","57","83"
"18","10","5","35","35","82","8200000","396940","0.04840731707317073","16","29"
"20","10","5","35","35","9","900000","91356","0.10150666666666666","115","165"
"19","10","5","35","35","18","1800000","178966","0.09942555555555556","52","85"
"18","10","5","35","35","83","8300000","399336","0.04811277108433735","16","32"
"20","10","5","35","35","10","1000000","101488","0.101488","117","170"
"19","10","5","35","35","19","1900000","186210","0.09800526315789473","57","86"
"18","10","5","35","35","84","8400000","401941","0.04785011904761905","18","36"
"20","10","5","35","35","11","1100000","110670","0.10060909090909091","95","141"
"18","10","5","35","35","85","8500000","404275","0.04756176470588235","18","24"
"19","10","5","35","35","20","2000000","193281","0.0966405","56","85"
"20","10","5","35","35","12","1200000","120000","0.1","100","144"
"18","10","5","35","35","86","8600000","406603","0.047279418604651166","18","36"
"19","10","5","35","35","21","2100000","200469","0.09546142857142857","53","95"
"18","10","5","35","35","87","8700000","408800","0.04698850574712644","16","26"
"20","10","5","35","35","13","1300000","129372","0.09951692307692307","86","131"
"19","10","5","35","35","22","2200000","208231","0.09465045454545455","51","77"
"18","10","5","35","35","88","8800000","411326","0.046741590909090906","16","28"
"20","10","5","35","35","14","1400000","137829","0.09844928571428571","74","109"
"19","10","5","35","35","23","2300000","215171","0.09355260869565217","45","80"
"18","10","5","35","35","89","8900000","413817","0.04649629213483146","15","37"
"20","10","5","35","35","15","1500000","145791","0.097194","53","100"
"19","10","5","35","35","24","2400000","221176","0.09215666666666666","44","73"
"18","10","5","35","35","90","9000000","416396","0.04626622222222222","18","36"
"20","10","5","35","35","16","1600000","154129","0.096330625","57","100"
"19","10","5","35","35","25","2500000","227411","0.0909644","45","70"
"18","10","5","35","35","91","9100000","418862","0.046028791208791206","16","34"
"20","10","5","35","35","17","1700000","161501","0.09500058823529411","52","82"
"19","10","5","35","35","26","2600000","233782","0.08991615384615384","42","64"
"18","10","5","35","35","92","9200000","421400","0.04580434782608696","17","35"
"20","10","5","35","35","18","1800000","168485","0.09360277777777777","45","79"
"19","10","5","35","35","27","2700000","239388","0.08866222222222223","29","50"
"18","10","5","35","35","93","9300000","424336","0.04562752688172043","19","44"
"19","10","5","35","35","28","2800000","244880","0.08745714285714286","31","44"
"20","10","5","35","35","19","1900000","175540","0.09238947368421052","42","71"
"18","10","5","35","35","94","9400000","427243","0.045451382978723406","17","31"
"19","10","5","35","35","29","2900000","250046","0.08622275862068965","29","50"
"20","10","5","35","35","20","2000000","182634","0.091317","52","87"
"18","10","5","35","35","95","9500000","430192","0.045283368421052635","16","40"
"19","10","5","35","35","30","3000000","254807","0.08493566666666667","27","41"
"20","10","5","35","35","21","2100000","189418","0.09019904761904762","46","66"
"18","10","5","35","35","96","9600000","433269","0.0451321875","18","37"
"19","10","5","35","35","31","3100000","259276","0.0836374193548387","25","45"
"20","10","5","35","35","22","2200000","196173","0.08916954545454546","44","74"
"18","10","5","35","35","97","9700000","436455","0.044995360824742266","17","33"
"19","10","5","35","35","32","3200000","263533","0.0823540625","22","28"
"20","10","5","35","35","23","2300000","202633","0.08810130434782609","37","74"
"18","10","5","35","35","98","9800000","439565","0.04485357142857143","16","35"
"19","10","5","35","35","33","3300000","267397","0.08102939393939394","23","39"
"20","10","5","35","35","24","2400000","208768","0.08698666666666667","35","58"
"18","10","5","35","35","99","9900000","442498","0.044696767676767675","15","31"
"19","10","5","35","35","34","3400000","271698","0.07991117647058824","24","45"
"20","10","5","35","35","25","2500000","215123","0.0860492","35","65"
"18","10","5","35","35","100","10000000","445585","0.0445585","15","36"
"19","10","5","35","35","35","3500000","275735","0.07878142857142857","21","33"
"20","10","5","35","35","26","2600000","221545","0.08520961538461538","38","65"
"18","10","5","35","35","101","10100000","448660","0.04442178217821782","18","33"
"19","10","5","35","35","36","3600000","279261","0.0775725","21","38"
"20","10","5","35","35","27","2700000","227275","0.08417592592592593","35","66"
"18","10","5","35","35","102","10200000","451638","0.044278235294117646","17","33"
"19","10","5","35","35","37","3700000","282613","0.07638189189189189","18","31"
"18","10","5","35","35","103","10300000","454270","0.04410388349514563","18","37"
"20","10","5","35","35","28","2800000","233553","0.08341178571428572","31","61"
"19","10","5","35","35","38","3800000","285936","0.07524631578947369","19","35"
"18","10","5","35","35","104","10400000","456760","0.043919230769230766","17","30"
"20","10","5","35","35","29","2900000","239459","0.08257206896551725","33","60"
"19","10","5","35","35","39","3900000","289525","0.07423717948717949","24","40"
"18","10","5","35","35","105","10500000","458983","0.043712666666666664","17","29"
"20","10","5","35","35","30","3000000","244569","0.081523","31","50"
"19","10","5","35","35","40","4000000","293084","0.073271","21","35"
"18","10","5","35","35","106","10600000","461076","0.043497735849056605","16","29"
"20","10","5","35","35","31","3100000","249268","0.08040903225806452","28","46"
"19","10","5","35","35","41","4100000","296653","0.07235439024390244","18","25"
"18","10","5","35","35","107","10700000","463213","0.04329093457943925","17","32"
"20","10","5","35","35","32","3200000","254187","0.0794334375","27","52"
"19","10","5","35","35","42","4200000","300146","0.07146333333333334","18","32"
"18","10","5","35","35","108","10800000","465850","0.04313425925925926","18","37"
"20","10","5","35","35","33","3300000","259322","0.07858242424242425","30","51"
"19","10","5","35","35","43","4300000","303273","0.07052860465116279","18","33"
"18","10","5","35","35","109","10900000","468445","0.04297660550458716","18","34"
"20","10","5","35","35","34","3400000","264588","0.07782","28","58"
"19","10","5","35","35","44","4400000","306429","0.06964295454545455","20","33"
"18","10","5","35","35","110","11000000","471086","0.042826","16","37"
"20","10","5","35","35","35","3500000","270187","0.07719628571428572","27","59"
"19","10","5","35","35","45","4500000","309680","0.06881777777777778","18","31"
"18","10","5","35","35","111","11100000","473546","0.042661801801801805","19","34"
"20","10","5","35","35","36","3600000","275490","0.076525","30","56"
"19","10","5","35","35","46","4600000","312894","0.06802043478260869","19","32"
"18","10","5","35","35","112","11200000","476013","0.04250116071428572","14","22"
"20","10","5","35","35","37","3700000","280818","0.07589675675675675","28","50"
"19","10","5","35","35","47","4700000","316369","0.06731255319148936","20","28"
"18","10","5","35","35","113","11300000","478402","0.04233646017699115","14","30"
"20","10","5","35","35","38","3800000","286015","0.0752671052631579","23","46"
"19","10","5","35","35","48","4800000","319918","0.06664958333333333","19","31"
"18","10","5","35","35","114","11400000","481008","0.042193684210526314","13","24"
"20","10","5","35","35","39","3900000","290844","0.07457538461538461","21","46"
"19","10","5","35","35","49","4900000","323556","0.06603183673469387","20","31"
"18","10","5","35","35","115","11500000","483813","0.04207069565217391","14","27"
"20","10","5","35","35","40","4000000","295738","0.0739345","19","36"
"19","10","5","35","35","50","5000000","326773","0.0653546","19","27"
"18","10","5","35","35","116","11600000","486335","0.041925431034482756","14","36"
"20","10","5","35","35","41","4100000","300646","0.07332829268292683","18","40"
"19","10","5","35","35","51","5100000","329882","0.06468274509803922","18","26"
"18","10","5","35","35","117","11700000","488696","0.04176888888888889","15","32"
"20","10","5","35","35","42","4200000","304980","0.07261428571428571","17","37"
"19","10","5","35","35","52","5200000","332738","0.06398807692307693","18","28"
"18","10","5","35","35","118","11800000","491162","0.04162389830508475","14","32"
"20","10","5","35","35","43","4300000","309043","0.07187046511627906","17","25"
"19","10","5","35","35","53","5300000","335575","0.06331603773584905","18","29"
"18","10","5","35","35","119","11900000","493983","0.04151117647058823","15","31"
"20","10","5","35","35","44","4400000","312965","0.07112840909090909","14","23"
"19","10","5","35","35","54","5400000","338464","0.06267851851851852","17","20"
"18","10","5","35","35","120","12000000","496183","0.041348583333333334","14","25"
"20","10","5","35","35","45","4500000","316932","0.07042933333333333","16","30"
"19","10","5","35","35","55","5500000","341311","0.062056545454545455","18","29"
"18","10","5","35","35","121","12100000","498492","0.041197685950413225","12","25"
"20","10","5","35","35","46","4600000","320679","0.06971282608695652","17","29"
"19","10","5","35","35","56","5600000","344053","0.061438035714285716","16","20"
"18","10","5","35","35","122","12200000","500847","0.04105303278688525","16","32"
"20","10","5","35","35","47","4700000","324494","0.06904127659574467","16","32"
"19","10","5","35","35","57","5700000","346466","0.060783508771929826","15","20"
"18","10","5","35","35","123","12300000","503442","0.040930243902439024","12","24"
"20","10","5","35","35","48","4800000","328269","0.068389375","14","26"
"19","10","5","35","35","58","5800000","348999","0.06017224137931034","15","22"
"18","10","5","35","35","124","12400000","505854","0.04079467741935484","15","30"
"20","10","5","35","35","49","4900000","331869","0.06772836734693878","14","27"
"19","10","5","35","35","59","5900000","351650","0.05960169491525424","14","24"
"18","10","5","35","35","125","12500000","508410","0.0406728","16","26"
"20","10","5","35","35","50","5000000","335559","0.0671118","11","23"
"19","10","5","35","35","60","6000000","354348","0.059058","13","20"
"18","10","5","35","35","126","12600000","510840","0.040542857142857144","17","37"
"20","10","5","35","35","51","5100000","338618","0.0663956862745098","9","11"
"19","10","5","35","35","61","6100000","356702","0.058475737704918034","13","20"
"18","10","5","35","35","127","12700000","513099","0.04040149606299213","15","33"
"20","10","5","35","35","52","5200000","341216","0.06561846153846154","8","8"
"19","10","5","35","35","62","6200000","358490","0.057820967741935486","12","15"
"18","10","5","35","35","128","12800000","515916","0.0403059375","12","33"
"20","10","5","35","35","53","5300000","343686","0.06484641509433962","8","12"
"19","10","5","35","35","63","6300000","360230","0.05717936507936508","10","15"
"18","10","5","35","35","129","12900000","518531","0.0401962015503876","15","30"
"20","10","5","35","35","54","5400000","345989","0.06407203703703704","8","11"
"19","10","5","35","35","64","6400000","362150","0.0565859375","9","9"
"18","10","5","35","35","130","13000000","520817","0.04006284615384616","15","26"
"20","10","5","35","35","55","5500000","348240","0.06331636363636364","8","11"
"19","10","5","35","35","65","6500000","363649","0.055946","9","11"
"18","10","5","35","35","131","13100000","523044","0.03992702290076336","15","27"
"20","10","5","35","35","56","5600000","350762","0.06263607142857143","8","13"
"19","10","5","35","35","66","6600000","364891","0.05528651515151515","9","10"
"18","10","5","35","35","132","13200000","526101","0.039856136363636364","17","32"
"20","10","5","35","35","57","5700000","353079","0.06194368421052632","8","9"
"19","10","5","35","35","67","6700000","366057","0.054635373134328355","9","9"
"18","10","5","35","35","133","13300000","529296","0.039796691729323305","12","23"
"20","10","5","35","35","58","5800000","355091","0.06122258620689655","7","10"
"19","10","5","35","35","68","6800000","367281","0.054011911764705885","9","12"
"18","10","5","35","35","134","13400000","532239","0.039719328358208954","13","26"
"20","10","5","35","35","59","5900000","357053","0.060517457627118645","7","7"
"19","10","5","35","35","69","6900000","368536","0.05341101449275362","9","10"
"18","10","5","35","35","135","13500000","534887","0.03962125925925926","14","26"
"19","10","5","35","35","70","7000000","369679","0.05281128571428571","9","9"
"20","10","5","35","35","60","6000000","359080","0.059846666666666666","7","9"
"18","10","5","35","35","136","13600000","537755","0.039540808823529415","15","21"
"19","10","5","35","35","71","7100000","370991","0.05225225352112676","9","10"
"20","10","5","35","35","61","6100000","361115","0.059199180327868854","7","11"
"18","10","5","35","35","137","13700000","540909","0.03948240875912409","14","25"
"19","10","5","35","35","72","7200000","372203","0.05169486111111111","9","11"
"20","10","5","35","35","62","6200000","362861","0.05852596774193548","7","10"
"18","10","5","35","35","138","13800000","543962","0.03941753623188406","14","29"
"19","10","5","35","35","73","7300000","373289","0.051135479452054794","9","13"
"20","10","5","35","35","63","6300000","364834","0.05791015873015873","7","12"
"18","10","5","35","35","139","13900000","546858","0.03934230215827338","14","28"
"19","10","5","35","35","74","7400000","374360","0.05058918918918919","9","9"
"20","10","5","35","35","64","6400000","367064","0.05735375","7","12"
"18","10","5","35","35","140","14000000","549952","0.039282285714285714","15","32"
"19","10","5","35","35","75","7500000","375450","0.05006","9","10"
"20","10","5","35","35","65","6500000","369252","0.056808","7","9"
"18","10","5","35","35","141","14100000","552707","0.039199078014184395","14","22"
"19","10","5","35","35","76","7600000","376620","0.049555263157894734","9","11"
"20","10","5","35","35","66","6600000","371358","0.056266363636363635","7","9"
"18","10","5","35","35","142","14200000","555231","0.039100774647887325","13","24"
"19","10","5","35","35","77","7700000","377778","0.049062077922077924","9","10"
"20","10","5","35","35","67","6700000","373629","0.0557655223880597","7","12"
"18","10","5","35","35","143","14300000","557805","0.03900734265734266","13","26"
"19","10","5","35","35","78","7800000","379024","0.04859282051282051","9","12"
"20","10","5","35","35","68","6800000","375754","0.055257941176470586","7","14"
"18","10","5","35","35","144","14400000","560635","0.03893298611111111","12","23"
"19","10","5","35","35","79","7900000","380187","0.04812493670886076","9","9"
"20","10","5","35","35","69","6900000","377780","0.05475072463768116","7","11"
"18","10","5","35","35","145","14500000","563374","0.03885337931034483","12","19"
"19","10","5","35","35","80","8000000","381238","0.04765475","9","11"
"20","10","5","35","35","70","7000000","379496","0.05421371428571429","7","10"
"18","10","5","35","35","146","14600000","566396","0.038794246575342466","14","25"
"19","10","5","35","35","81","8100000","382234","0.04718938271604938","9","9"
"20","10","5","35","35","71","7100000","381552","0.05373971830985916","7","13"
"18","10","5","35","35","147","14700000","569653","0.038751904761904765","14","29"
"19","10","5","35","35","82","8200000","383110","0.046720731707317074","9","11"
"20","10","5","35","35","72","7200000","383624","0.05328111111111111","7","15"
"18","10","5","35","35","148","14800000","572598","0.03868905405405405","13","18"
"19","10","5","35","35","83","8300000","383447","0.04619843373493976","7","7"
"21","10","5","35","35","0","0","0","0","892","900"
"20","10","5","35","35","73","7300000","385319","0.052783424657534245","7","10"
"18","10","5","35","35","149","14900000","575657","0.038634697986577184","13","22"
"21","10","5","35","35","1","100000","8124","0.08124","477","506"
"20","10","5","35","35","74","7400000","386816","0.05227243243243243","7","10"
"18","10","5","35","35","150","15000000","578475","0.038565","12","18"
"21","10","5","35","35","2","200000","17214","0.08607","308","340"
"20","10","5","35","35","75","7500000","388128","0.0517504","7","13"
"18","10","5","35","35","151","15100000","581315","0.0384976821192053","12","23"
"20","10","5","35","35","76","7600000","389423","0.05123986842105263","6","9"
"21","10","5","35","35","3","300000","25915","0.08638333333333334","231","269"
"18","10","5","35","35","152","15200000","584113","0.038428486842105265","10","18"
"20","10","5","35","35","77","7700000","390570","0.05072337662337662","6","7"
"21","10","5","35","35","4","400000","35334","0.088335","183","230"
"18","10","5","35","35","153","15300000","586985","0.038365032679738564","10","24"
"20","10","5","35","35","78","7800000","391582","0.05020282051282051","5","6"
"21","10","5","35","35","5","500000","44323","0.088646","184","216"
"18","10","5","35","35","154","15400000","589805","0.03829902597402597","11","20"
"20","10","5","35","35","79","7900000","392319","0.0496606329113924","5","6"
"21","10","5","35","35","6","600000","53020","0.08836666666666666","161","204"
"18","10","5","35","35","155","15500000","592205","0.038206774193548385","12","22"
"20","10","5","35","35","80","8000000","393235","0.049154375","5","5"
"21","10","5","35","35","7","700000","62381","0.08911571428571428","144","191"
"18","10","5","35","35","156","15600000","594811","0.038128910256410256","10","12"
"20","10","5","35","35","81","8100000","394101","0.048654444444444445","5","5"
"21","10","5","35","35","8","800000","71677","0.08959625","131","182"
"18","10","5","35","35","157","15700000","596892","0.03801859872611465","10","18"
"20","10","5","35","35","82","8200000","394979","0.048168170731707316","5","5"
"21","10","5","35","35","9","900000","80787","0.08976333333333333","119","157"
"18","10","5","35","35","158","15800000","598465","0.03787753164556962","10","14"
"20","10","5","35","35","83","8300000","395835","0.04769096385542169","5","10"
"18","10","5","35","35","159","15900000","600447","0.03776396226415094","10","15"
"21","10","5","35","35","10","1000000","89563","0.089563","113","162"
"20","10","5","35","35","84","8400000","396645","0.047219642857142856","5","5"
"18","10","5","35","35","160","16000000","602302","0.037643875","10","14"
"20","10","5","35","35","85","8500000","397426","0.046756","5","5"
"21","10","5","35","35","11","1100000","98653","0.08968454545454546","97","133"
"18","10","5","35","35","161","16100000","604078","0.037520372670807454","9","14"
"20","10","5","35","35","86","8600000","398269","0.0463103488372093","5","5"
"21","10","5","35","35","12","1200000","107645","0.08970416666666667","98","141"
"18","10","5","35","35","162","16200000","605574","0.03738111111111111","10","17"
"20","10","5","35","35","87","8700000","399205","0.045885632183908044","5","7"
"21","10","5","35","35","13","1300000","116640","0.08972307692307692","85","131"
"18","10","5","35","35","163","16300000","607020","0.03724049079754601","10","20"
"20","10","5","35","35","88","8800000","400157","0.04547238636363636","5","7"
"21","10","5","35","35","14","1400000","125552","0.08968","82","146"
"18","10","5","35","35","164","16400000","608176","0.03708390243902439","7","10"
"20","10","5","35","35","89","8900000","400956","0.04505123595505618","5","7"
"21","10","5","35","35","15","1500000","133831","0.08922066666666667","81","119"
"18","10","5","35","35","165","16500000","608990","0.03690848484848485","7","11"
"20","10","5","35","35","90","9000000","401704","0.04463377777777778","5","9"
"21","10","5","35","35","16","1600000","141742","0.08858875","79","116"
"18","10","5","35","35","166","16600000","609652","0.03672602409638554","6","7"
"20","10","5","35","35","91","9100000","402499","0.04423065934065934","5","5"
"21","10","5","35","35","17","1700000","149978","0.08822235294117647","72","106"
"18","10","5","35","35","167","16700000","610048","0.036529820359281436","6","6"
"20","10","5","35","35","92","9200000","403333","0.04384054347826087","5","6"
"18","10","5","35","35","168","16800000","610491","0.03633875","6","7"
"20","10","5","35","35","93","9300000","403916","0.043431827956989244","5","5"
"21","10","5","35","35","18","1800000","157631","0.08757277777777778","73","117"
"18","10","5","35","35","169","16900000","611130","0.03616153846153846","6","7"
"20","10","5","35","35","94","9400000","404349","0.04301585106382979","5","5"
"21","10","5","35","35","19","1900000","165115","0.08690263157894737","74","99"
"18","10","5","35","35","170","17000000","611397","0.03596452941176471","6","8"
"20","10","5","35","35","95","9500000","404573","0.04258663157894737","4","4"
"22","10","5","35","35","0","0","0","0","896","900"
"21","10","5","35","35","20","2000000","172051","0.0860255","58","90"
"18","10","5","35","35","171","17100000","611551","0.035763216374269005","6","7"
"22","10","5","35","35","1","100000","9290","0.0929","454","488"
"21","10","5","35","35","21","2100000","178322","0.0849152380952381","53","86"
"18","10","5","35","35","172","17200000","611601","0.035558197674418604","5","5"
"23","10","5","35","35","0","0","0","0","894","900"
"22","10","5","35","35","2","200000","20955","0.104775","345","373"
"21","10","5","35","35","22","2200000","184883","0.08403772727272728","55","83"
"23","10","5","35","35","1","100000","8183","0.08183","439","460"
"22","10","5","35","35","3","300000","33774","0.11258","270","331"
"21","10","5","35","35","23","2300000","190822","0.08296608695652175","38","62"
"23","10","5","35","35","2","200000","17754","0.08877","303","344"
"22","10","5","35","35","4","400000","46255","0.1156375","196","245"
"21","10","5","35","35","24","2400000","196788","0.081995","39","72"
"23","10","5","35","35","3","300000","27877","0.09292333333333333","229","275"
"22","10","5","35","35","5","500000","58496","0.116992","187","238"
"21","10","5","35","35","25","2500000","202638","0.0810552","36","68"
"23","10","5","35","35","4","400000","35945","0.0898625","162","205"
"21","10","5","35","35","26","2600000","208249","0.08009576923076923","33","62"
"22","10","5","35","35","6","600000","69979","0.11663166666666666","144","192"
"23","10","5","35","35","5","500000","45004","0.090008","179","231"
"21","10","5","35","35","27","2700000","213809","0.07918851851851852","28","58"
"22","10","5","35","35","7","700000","81268","0.11609714285714286","141","203"
"23","10","5","35","35","6","600000","54323","0.09053833333333333","163","214"
"21","10","5","35","35","28","2800000","219503","0.07839392857142857","27","53"
"22","10","5","35","35","8","800000","92052","0.115065","121","189"
"23","10","5","35","35","7","700000","63991","0.09141571428571428","132","178"
"21","10","5","35","35","29","2900000","224449","0.07739620689655173","22","41"
"22","10","5","35","35","9","900000","101840","0.11315555555555555","122","176"
"23","10","5","35","35","8","800000","73543","0.09192875","105","160"
"21","10","5","35","35","30","3000000","229116","0.076372","20","29"
"22","10","5","35","35","10","1000000","111367","0.111367","116","173"
"23","10","5","35","35","9","900000","83005","0.09222777777777778","104","143"
"21","10","5","35","35","31","3100000","233068","0.0751832258064516","19","25"
"22","10","5","35","35","11","1100000","120478","0.10952545454545455","95","143"
"23","10","5","35","35","10","1000000","91838","0.091838","102","156"
"21","10","5","35","35","32","3200000","236829","0.0740090625","16","36"
"22","10","5","35","35","12","1200000","129692","0.10807666666666667","90","124"
"23","10","5","35","35","11","1100000","100405","0.09127727272727272","80","126"
"21","10","5","35","35","33","3300000","239915","0.07270151515151516","13","23"
"22","10","5","35","35","13","1300000","138580","0.1066","78","121"
"23","10","5","35","35","12","1200000","109478","0.09123166666666667","78","128"
"21","10","5","35","35","34","3400000","242661","0.07137088235294117","14","24"
"22","10","5","35","35","14","1400000","146630","0.10473571428571428","81","120"
"23","10","5","35","35","13","1300000","117826","0.09063538461538462","76","110"
"21","10","5","35","35","35","3500000","245375","0.07010714285714285","13","21"
"22","10","5","35","35","15","1500000","153844","0.10256266666666666","71","102"
"21","10","5","35","35","36","3600000","247722","0.06881166666666666","13","20"
"23","10","5","35","35","14","1400000","124901","0.089215","62","98"
"22","10","5","35","35","16","1600000","161065","0.100665625","65","93"
"21","10","5","35","35","37","3700000","250222","0.06762756756756756","13","19"
"23","10","5","35","35","15","1500000","131646","0.087764","60","94"
"22","10","5","35","35","17","1700000","168272","0.0989835294117647","66","101"
"21","10","5","35","35","38","3800000","252527","0.06645447368421052","11","17"
"23","10","5","35","35","16","1600000","138625","0.086640625","67","115"
"22","10","5","35","35","18","1800000","174252","0.09680666666666667","54","83"
"21","10","5","35","35","39","3900000","254512","0.06525948717948718","11","18"
"23","10","5","35","35","17","1700000","145267","0.08545117647058824","62","91"
"22","10","5","35","35","19","1900000","180835","0.09517631578947368","59","91"
"21","10","5","35","35","40","4000000","256662","0.0641655","11","17"
"23","10","5","35","35","18","1800000","151341","0.08407833333333334","62","85"
"21","10","5","35","35","41","4100000","258909","0.06314853658536586","11","18"
"22","10","5","35","35","20","2000000","187044","0.093522","61","91"
"23","10","5","35","35","19","1900000","157645","0.08297105263157895","67","109"
"21","10","5","35","35","42","4200000","260446","0.06201095238095238","8","10"
"22","10","5","35","35","21","2100000","193379","0.0920852380952381","56","102"
"23","10","5","35","35","20","2000000","164269","0.0821345","58","87"
"21","10","5","35","35","43","4300000","261450","0.060802325581395346","8","10"
"22","10","5","35","35","22","2200000","199406","0.0906390909090909","52","82"
"23","10","5","35","35","21","2100000","170385","0.08113571428571428","58","82"
"21","10","5","35","35","44","4400000","262392","0.059634545454545454","8","9"
"22","10","5","35","35","23","2300000","205062","0.08915739130434783","47","76"
"23","10","5","35","35","22","2200000","176020","0.0800090909090909","53","90"
"21","10","5","35","35","45","4500000","263332","0.05851822222222222","8","9"
"22","10","5","35","35","24","2400000","210770","0.08782083333333333","49","77"
"23","10","5","35","35","23","2300000","181357","0.07885086956521739","57","82"
"21","10","5","35","35","46","4600000","264368","0.05747130434782609","8","8"
"22","10","5","35","35","25","2500000","216108","0.0864432","48","72"
"23","10","5","35","35","24","2400000","186551","0.07772958333333334","47","76"
"21","10","5","35","35","47","4700000","265647","0.05652063829787234","8","9"
"22","10","5","35","35","26","2600000","221825","0.08531730769230769","50","75"
"23","10","5","35","35","25","2500000","191301","0.0765204","43","64"
"21","10","5","35","35","48","4800000","266621","0.055546041666666664","8","8"
"22","10","5","35","35","27","2700000","227895","0.08440555555555555","46","79"
"23","10","5","35","35","26","2600000","196160","0.07544615384615384","41","69"
"21","10","5","35","35","49","4900000","267480","0.054587755102040815","8","9"
"22","10","5","35","35","28","2800000","233480","0.08338571428571429","42","77"
"23","10","5","35","35","27","2700000","200852","0.07438962962962962","35","53"
"21","10","5","35","35","50","5000000","268151","0.0536302","8","13"
"22","10","5","35","35","29","2900000","239079","0.08244103448275862","39","55"
"23","10","5","35","35","28","2800000","205716","0.07347","40","65"
"21","10","5","35","35","51","5100000","268960","0.05273725490196078","8","11"
"23","10","5","35","35","29","2900000","211189","0.07282379310344828","41","63"
"22","10","5","35","35","30","3000000","245010","0.08167","34","59"
"21","10","5","35","35","52","5200000","269615","0.05184903846153846","8","8"
"23","10","5","35","35","30","3000000","216110","0.07203666666666667","37","64"
"22","10","5","35","35","31","3100000","250118","0.08068322580645161","33","52"
"21","10","5","35","35","53","5300000","270156","0.05097283018867924","8","11"
"21","10","5","35","35","54","5400000","270326","0.05006037037037037","8","8"
"23","10","5","35","35","31","3100000","220948","0.07127354838709678","35","59"
"22","10","5","35","35","32","3200000","255161","0.0797378125","22","42"
"21","10","5","35","35","55","5500000","270391","0.049162","7","7"
"24","10","5","35","35","0","0","0","0","896","900"
"23","10","5","35","35","32","3200000","225918","0.070599375","38","67"
"22","10","5","35","35","33","3300000","259637","0.07867787878787878","24","49"
"24","10","5","35","35","1","100000","8513","0.08513","450","473"
"23","10","5","35","35","33","3300000","230720","0.06991515151515151","30","49"
"22","10","5","35","35","34","3400000","263843","0.07760088235294117","20","32"
"23","10","5","35","35","34","3400000","235354","0.06922176470588236","27","50"
"24","10","5","35","35","2","200000","18832","0.09416","307","346"
"22","10","5","35","35","35","3500000","268466","0.07670457142857143","20","39"
"23","10","5","35","35","35","3500000","239833","0.06852371428571429","31","49"
"24","10","5","35","35","3","300000","30240","0.1008","243","288"
"22","10","5","35","35","36","3600000","272841","0.07578916666666667","15","20"
"23","10","5","35","35","36","3600000","244631","0.06795305555555556","36","57"
"22","10","5","35","35","37","3700000","276492","0.07472756756756757","14","22"
"24","10","5","35","35","4","400000","40974","0.102435","191","227"
"23","10","5","35","35","37","3700000","249572","0.0674518918918919","32","51"
"22","10","5","35","35","38","3800000","279650","0.07359210526315789","12","29"
"24","10","5","35","35","5","500000","51293","0.102586","168","220"
"23","10","5","35","35","38","3800000","254284","0.06691684210526316","31","48"
"22","10","5","35","35","39","3900000","282623","0.0724674358974359","11","16"
"24","10","5","35","35","6","600000","61535","0.10255833333333333","144","206"
"23","10","5","35","35","39","3900000","259165","0.0664525641025641","33","67"
"22","10","5","35","35","40","4000000","285543","0.07138575","12","19"
"24","10","5","35","35","7","700000","71320","0.10188571428571429","127","167"
"23","10","5","35","35","40","4000000","264539","0.06613475","29","58"
"22","10","5","35","35","41","4100000","288483","0.07036170731707317","10","18"
"24","10","5","35","35","8","800000","80534","0.1006675","107","157"
"23","10","5","35","35","41","4100000","269843","0.06581536585365853","31","55"
"22","10","5","35","35","42","4200000","291498","0.06940428571428571","11","22"
"24","10","5","35","35","9","900000","89426","0.09936222222222223","105","137"
"23","10","5","35","35","42","4200000","275005","0.06547738095238095","29","62"
"22","10","5","35","35","43","4300000","294543","0.06849837209302326","10","19"
"24","10","5","35","35","10","1000000","97697","0.097697","81","111"
"23","10","5","35","35","43","4300000","279984","0.06511255813953488","28","53"
"22","10","5","35","35","44","4400000","297279","0.06756340909090909","11","19"
"24","10","5","35","35","11","1100000","105211","0.09564636363636364","77","124"
"22","10","5","35","35","45","4500000","300127","0.06669488888888889","11","20"
"23","10","5","35","35","44","4400000","284967","0.06476522727272727","29","53"
"24","10","5","35","35","12","1200000","112842","0.094035","61","99"
"22","10","5","35","35","46","4600000","303256","0.06592521739130434","10","18"
"23","10","5","35","35","45","4500000","289898","0.06442177777777777","26","61"
"24","10","5","35","35","13","1300000","119864","0.09220307692307693","57","92"
"22","10","5","35","35","47","4700000","305774","0.06505829787234042","7","12"
"23","10","5","35","35","46","4600000","294272","0.06397217391304348","27","57"
"24","10","5","35","35","14","1400000","126525","0.090375","55","79"
"22","10","5","35","35","48","4800000","308106","0.06418875","7","11"
"23","10","5","35","35","47","4700000","299063","0.06363042553191489","25","45"
"24","10","5","35","35","15","1500000","132874","0.08858266666666667","57","96"
"22","10","5","35","35","49","4900000","310061","0.06327775510204081","7","9"
"23","10","5","35","35","48","4800000","303276","0.0631825","28","46"
"24","10","5","35","35","16","1600000","139346","0.08709125","56","85"
"22","10","5","35","35","50","5000000","311961","0.0623922","7","9"
"23","10","5","35","35","49","4900000","307383","0.06273122448979591","28","50"
"24","10","5","35","35","17","1700000","145312","0.08547764705882353","49","73"
"22","10","5","35","35","51","5100000","313756","0.06152078431372549","7","10"
"23","10","5","35","35","50","5000000","311773","0.0623546","27","48"
"22","10","5","35","35","52","5200000","315584","0.060689230769230766","7","8"
"24","10","5","35","35","18","1800000","151608","0.08422666666666667","51","78"
"23","10","5","35","35","51","5100000","315500","0.06186274509803921","20","32"
"22","10","5","35","35","53","5300000","317186","0.05984641509433962","7","9"
"24","10","5","35","35","19","1900000","157259","0.08276789473684211","47","69"
"23","10","5","35","35","52","5200000","318577","0.061264807692307695","23","47"
"22","10","5","35","35","54","5400000","318908","0.05905703703703704","7","11"
"23","10","5","35","35","53","5300000","321796","0.06071622641509434","20","32"
"24","10","5","35","35","20","2000000","162756","0.081378","47","66"
"22","10","5","35","35","55","5500000","320786","0.05832472727272727","7","8"
"23","10","5","35","35","54","5400000","325431","0.060265","25","37"
"24","10","5","35","35","21","2100000","167860","0.07993333333333333","36","64"
"22","10","5","35","35","56","5600000","322324","0.05755785714285714","7","11"
"23","10","5","35","35","55","5500000","329019","0.05982163636363636","22","41"
"24","10","5","35","35","22","2200000","172730","0.07851363636363637","33","54"
"22","10","5","35","35","57","5700000","323672","0.05678456140350877","6","7"
"23","10","5","35","35","56","5600000","332664","0.059404285714285715","23","37"
"24","10","5","35","35","23","2300000","177084","0.07699304347826087","30","42"
"22","10","5","35","35","58","5800000","324840","0.05600689655172414","6","9"
"23","10","5","35","35","57","5700000","336499","0.059034912280701755","18","36"
"24","10","5","35","35","24","2400000","181162","0.07548416666666667","29","42"
"22","10","5","35","35","59","5900000","326058","0.05526406779661017","6","12"
"23","10","5","35","35","58","5800000","340592","0.05872275862068965","21","43"
"24","10","5","35","35","25","2500000","184811","0.0739244","27","44"
"22","10","5","35","35","60","6000000","326978","0.054496333333333334","6","7"
"23","10","5","35","35","59","5900000","344767","0.058435084745762714","22","40"
"24","10","5","35","35","26","2600000","188806","0.07261769230769231","27","43"
"22","10","5","35","35","61","6100000","327968","0.05376524590163934","6","8"
"23","10","5","35","35","60","6000000","348805","0.05813416666666667","21","41"
"24","10","5","35","35","27","2700000","192264","0.07120888888888889","28","44"
"22","10","5","35","35","62","6200000","328896","0.05304774193548387","5","6"
"23","10","5","35","35","61","6100000","352761","0.05782967213114754","18","38"
"24","10","5","35","35","28","2800000","195720","0.0699","27","40"
"22","10","5","35","35","63","6300000","329680","0.05233015873015873","5","6"
"23","10","5","35","35","62","6200000","356577","0.05751241935483871","16","27"
"24","10","5","35","35","29","2900000","199315","0.06872931034482758","28","45"
"22","10","5","35","35","64","6400000","330586","0.0516540625","5","7"
"23","10","5","35","35","63","6300000","360676","0.05725015873015873","21","36"
"24","10","5","35","35","30","3000000","202981","0.06766033333333334","26","36"
"22","10","5","35","35","65","6500000","331465","0.05099461538461538","5","7"
"23","10","5","35","35","64","6400000","364894","0.0570146875","19","35"
"24","10","5","35","35","31","3100000","206379","0.06657387096774194","25","42"
"22","10","5","35","35","66","6600000","332467","0.05037378787878788","5","8"
"23","10","5","35","35","65","6500000","369202","0.05680030769230769","20","41"
"24","10","5","35","35","32","3200000","209895","0.0655921875","23","37"
"22","10","5","35","35","67","6700000","333541","0.04978223880597015","5","5"
"23","10","5","35","35","66","6600000","373303","0.05656106060606061","19","37"
"24","10","5","35","35","33","3300000","213316","0.06464121212121213","23","34"
"22","10","5","35","35","68","6800000","334502","0.049191470588235295","5","7"
"23","10","5","35","35","67","6700000","377237","0.05630402985074627","18","37"
"24","10","5","35","35","34","3400000","216427","0.063655","21","24"
"22","10","5","35","35","69","6900000","335499","0.048623043478260866","5","7"
"23","10","5","35","35","68","6800000","381135","0.056049264705882354","18","34"
"24","10","5","35","35","35","3500000","219532","0.06272342857142857","21","29"
"22","10","5","35","35","70","7000000","336496","0.048070857142857144","5","7"
"23","10","5","35","35","69","6900000","384749","0.05576072463768116","18","33"
"22","10","5","35","35","71","7100000","337526","0.04753887323943662","5","5"
"24","10","5","35","35","36","3600000","222831","0.0618975","21","35"
"23","10","5","35","35","70","7000000","388428","0.05548971428571429","19","36"
"22","10","5","35","35","72","7200000","338531","0.047018194444444446","5","9"
"24","10","5","35","35","37","3700000","225967","0.061072162162162165","21","28"
"23","10","5","35","35","71","7100000","392212","0.05524112676056338","17","32"
"22","10","5","35","35","73","7300000","339470","0.0465027397260274","5","6"
"24","10","5","35","35","38","3800000","228935","0.06024605263157895","20","28"
"23","10","5","35","35","72","7200000","395563","0.054939305555555554","17","28"
"22","10","5","35","35","74","7400000","340552","0.04602054054054054","5","6"
"24","10","5","35","35","39","3900000","231724","0.05941641025641026","19","26"
"23","10","5","35","35","73","7300000","398924","0.05464712328767123","16","28"
"22","10","5","35","35","75","7500000","341560","0.045541333333333336","5","5"
"24","10","5","35","35","40","4000000","234426","0.0586065","21","39"
"23","10","5","35","35","74","7400000","402391","0.054377162162162165","15","20"
"22","10","5","35","35","76","7600000","342412","0.04505421052631579","5","5"
"24","10","5","35","35","41","4100000","237104","0.05783024390243902","19","29"
"23","10","5","35","35","75","7500000","405574","0.054076533333333336","15","31"
"22","10","5","35","35","77","7700000","343425","0.04460064935064935","5","7"
"24","10","5","35","35","42","4200000","239696","0.05707047619047619","18","23"
"23","10","5","35","35","76","7600000","408550","0.05375657894736842","12","18"
"22","10","5","35","35","78","7800000","344400","0.044153846153846155","5","5"
"24","10","5","35","35","43","4300000","242058","0.05629255813953488","19","26"
"23","10","5","35","35","77","7700000","411498","0.0534412987012987","12","20"
"22","10","5","35","35","79","7900000","345384","0.043719493670886074","5","7"
"24","10","5","35","35","44","4400000","244251","0.055511590909090906","17","21"
"23","10","5","35","35","78","7800000","414074","0.053086410256410255","10","19"
"22","10","5","35","35","80","8000000","346267","0.043283375","5","6"
"24","10","5","35","35","45","4500000","246636","0.054808","17","23"
"23","10","5","35","35","79","7900000","416495","0.052720886075949366","7","12"
"22","10","5","35","35","81","8100000","347250","0.04287037037037037","5","6"
"24","10","5","35","35","46","4600000","248334","0.053985652173913046","16","21"
"23","10","5","35","35","80","8000000","418269","0.052283625","7","12"
"22","10","5","35","35","82","8200000","348252","0.04246975609756098","5","6"
"24","10","5","35","35","47","4700000","250223","0.05323893617021277","16","20"
"23","10","5","35","35","81","8100000","420118","0.05186641975308642","7","13"
"22","10","5","35","35","83","8300000","349247","0.04207795180722892","5","7"
"24","10","5","35","35","48","4800000","252188","0.052539166666666665","15","20"
"23","10","5","35","35","82","8200000","422049","0.05146939024390244","8","10"
"22","10","5","35","35","84","8400000","350100","0.041678571428571426","5","6"
"24","10","5","35","35","49","4900000","254290","0.05189591836734694","18","22"
"23","10","5","35","35","83","8300000","423699","0.05104807228915663","6","8"
"22","10","5","35","35","85","8500000","350819","0.041272823529411765","5","6"
"24","10","5","35","35","50","5000000","256656","0.0513312","20","26"
"23","10","5","35","35","84","8400000","425189","0.0506177380952381","6","12"
"22","10","5","35","35","86","8600000","351562","0.040879302325581394","5","6"
"24","10","5","35","35","51","5100000","258711","0.05072764705882353","14","18"
"23","10","5","35","35","85","8500000","426685","0.05019823529411765","6","7"
"22","10","5","35","35","87","8700000","352694","0.040539540229885054","5","6"
"24","10","5","35","35","52","5200000","260515","0.05009903846153846","13","14"
"23","10","5","35","35","86","8600000","428175","0.04978779069767442","6","8"
"22","10","5","35","35","88","8800000","353739","0.040197613636363635","5","5"
"24","10","5","35","35","53","5300000","261947","0.049423962264150946","13","13"
"23","10","5","35","35","87","8700000","429474","0.049364827586206896","6","8"
"22","10","5","35","35","89","8900000","354835","0.039869101123595506","5","7"
"24","10","5","35","35","54","5400000","263228","0.04874592592592593","13","15"
"23","10","5","35","35","88","8800000","430804","0.048955","6","8"
"22","10","5","35","35","90","9000000","355904","0.039544888888888886","5","6"
"24","10","5","35","35","55","5500000","264433","0.04807872727272727","13","14"
"23","10","5","35","35","89","8900000","432342","0.04857775280898877","6","9"
"22","10","5","35","35","91","9100000","356818","0.03921076923076923","5","5"
"24","10","5","35","35","56","5600000","265637","0.04743517857142857","12","13"
"23","10","5","35","35","90","9000000","433942","0.04821577777777778","6","9"
"22","10","5","35","35","92","9200000","357785","0.03888967391304348","5","7"
"24","10","5","35","35","57","5700000","266472","0.04674947368421053","12","13"
"23","10","5","35","35","91","9100000","435397","0.04784582417582418","6","15"
"22","10","5","35","35","93","9300000","358714","0.03857139784946237","5","6"
"24","10","5","35","35","58","5800000","267352","0.0460951724137931","12","14"
"23","10","5","35","35","92","9200000","436543","0.04745032608695652","5","9"
"22","10","5","35","35","94","9400000","359766","0.03827297872340425","5","6"
"24","10","5","35","35","59","5900000","268328","0.0454793220338983","12","12"
"23","10","5","35","35","93","9300000","437467","0.047039462365591395","5","5"
"22","10","5","35","35","95","9500000","360710","0.037969473684210525","5","5"
"24","10","5","35","35","60","6000000","269272","0.044878666666666664","12","12"
"23","10","5","35","35","94","9400000","438423","0.04664074468085106","5","6"
"22","10","5","35","35","96","9600000","361604","0.03766708333333333","5","6"
"24","10","5","35","35","61","6100000","270218","0.044298032786885246","12","13"
"23","10","5","35","35","95","9500000","439439","0.04625673684210526","5","7"
"22","10","5","35","35","97","9700000","362524","0.03737360824742268","5","5"
"24","10","5","35","35","62","6200000","271157","0.043735","12","15"
"23","10","5","35","35","96","9600000","440223","0.0458565625","5","6"
"22","10","5","35","35","98","9800000","363594","0.03710142857142857","5","5"
"24","10","5","35","35","63","6300000","272234","0.04321174603174603","12","15"
"23","10","5","35","35","97","9700000","440724","0.04543546391752577","5","6"
"22","10","5","35","35","99","9900000","364746","0.0368430303030303","5","6"
"24","10","5","35","35","64","6400000","273372","0.042714375","12","12"
"23","10","5","35","35","98","9800000","440944","0.044994285714285716","4","4"
"25","10","5","35","35","0","0","0","0","895","900"
"22","10","5","35","35","100","10000000","365596","0.0365596","5","6"
"24","10","5","35","35","65","6500000","274258","0.04219353846153846","12","14"
"25","10","5","35","35","1","100000","8576","0.08576","441","461"
"22","10","5","35","35","101","10100000","366377","0.0362749504950495","5","6"
"24","10","5","35","35","66","6600000","275237","0.04170257575757576","12","13"
"25","10","5","35","35","2","200000","19063","0.095315","326","368"
"22","10","5","35","35","102","10200000","367310","0.03601078431372549","5","8"
"24","10","5","35","35","67","6700000","276090","0.041207462686567164","12","12"
"22","10","5","35","35","103","10300000","368245","0.03575194174757282","5","8"
"25","10","5","35","35","3","300000","29863","0.09954333333333333","263","301"
"24","10","5","35","35","68","6800000","277075","0.040746323529411765","12","13"
"22","10","5","35","35","104","10400000","369036","0.03548423076923077","5","6"
"25","10","5","35","35","4","400000","40989","0.1024725","214","249"
"24","10","5","35","35","69","6900000","278069","0.04029985507246377","12","13"
"22","10","5","35","35","105","10500000","369719","0.03521133333333333","5","7"
"25","10","5","35","35","5","500000","51942","0.103884","190","222"
"24","10","5","35","35","70","7000000","279073","0.039867571428571426","12","13"
"22","10","5","35","35","106","10600000","370518","0.03495452830188679","5","6"
"25","10","5","35","35","6","600000","62909","0.10484833333333334","168","225"
"24","10","5","35","35","71","7100000","280023","0.03943985915492958","12","15"
"22","10","5","35","35","107","10700000","371281","0.03469915887850467","5","6"
"25","10","5","35","35","7","700000","73455","0.10493571428571428","126","181"
"24","10","5","35","35","72","7200000","281228","0.039059444444444445","12","14"
"22","10","5","35","35","108","10800000","372093","0.034453055555555556","5","7"
"24","10","5","35","35","73","7300000","282082","0.0386413698630137","12","12"
"25","10","5","35","35","8","800000","83194","0.1039925","113","151"
"22","10","5","35","35","109","10900000","372960","0.03421651376146789","5","6"
"24","10","5","35","35","74","7400000","283033","0.0382477027027027","12","12"
"25","10","5","35","35","9","900000","92538","0.10282","108","157"
"22","10","5","35","35","110","11000000","373671","0.03397009090909091","5","8"
"24","10","5","35","35","75","7500000","283926","0.0378568","12","14"
"25","10","5","35","35","10","1000000","101220","0.10122","89","130"
"22","10","5","35","35","111","11100000","374187","0.03371054054054054","5","5"
"24","10","5","35","35","76","7600000","284846","0.03747973684210526","12","12"
"22","10","5","35","35","112","11200000","374493","0.033436875","4","4"
"25","10","5","35","35","11","1100000","109886","0.09989636363636363","82","119"
"26","10","5","35","35","0","0","0","0","896","900"
"24","10","5","35","35","77","7700000","285746","0.03710987012987013","12","12"
"25","10","5","35","35","12","1200000","118104","0.09842","76","106"
"26","10","5","35","35","1","100000","8475","0.08475","446","466"
"24","10","5","35","35","78","7800000","287052","0.03680153846153846","12","15"
"25","10","5","35","35","13","1300000","126350","0.09719230769230769","71","108"
"26","10","5","35","35","2","200000","18838","0.09419","326","357"
"24","10","5","35","35","79","7900000","288091","0.03646721518987342","12","13"
"25","10","5","35","35","14","1400000","133886","0.09563285714285714","56","96"
"26","10","5","35","35","3","300000","30637","0.10212333333333333","258","297"
"24","10","5","35","35","80","8000000","289027","0.036128375","12","12"
"25","10","5","35","35","15","1500000","140951","0.09396733333333333","50","86"
"26","10","5","35","35","4","400000","42101","0.1052525","178","218"
"24","10","5","35","35","81","8100000","289874","0.03578691358024692","12","14"
"25","10","5","35","35","16","1600000","147811","0.092381875","44","72"
"24","10","5","35","35","82","8200000","290828","0.035466829268292685","12","14"
"26","10","5","35","35","5","500000","52275","0.10455","139","176"
"25","10","5","35","35","17","1700000","154204","0.09070823529411765","39","64"
"24","10","5","35","35","83","8300000","292133","0.035196746987951805","12","15"
"26","10","5","35","35","6","600000","61477","0.10246166666666667","120","165"
"25","10","5","35","35","18","1800000","160141","0.08896722222222223","34","57"
"24","10","5","35","35","84","8400000","293181","0.0349025","12","14"
"26","10","5","35","35","7","700000","70496","0.10070857142857143","112","163"
"24","10","5","35","35","85","8500000","294229","0.03461517647058823","12","14"
"25","10","5","35","35","19","1900000","165928","0.08733052631578947","32","62"
"26","10","5","35","35","8","800000","80027","0.10003375","114","167"
"24","10","5","35","35","86","8600000","295337","0.034341511627906975","12","13"
"25","10","5","35","35","20","2000000","171979","0.0859895","30","63"
"26","10","5","35","35","9","900000","89927","0.09991888888888889","129","183"
"24","10","5","35","35","87","8700000","296261","0.034052988505747124","12","13"
"25","10","5","35","35","21","2100000","177264","0.08441142857142857","31","55"
"26","10","5","35","35","10","1000000","99956","0.099956","121","174"
"24","10","5","35","35","88","8800000","297235","0.03377670454545455","12","17"
"25","10","5","35","35","22","2200000","182209","0.08282227272727273","24","40"
"26","10","5","35","35","11","1100000","109471","0.0995190909090909","97","148"
"24","10","5","35","35","89","8900000","298153","0.03350033707865169","12","12"
"25","10","5","35","35","23","2300000","187080","0.08133913043478261","22","39"
"26","10","5","35","35","12","1200000","118530","0.098775","81","128"
"24","10","5","35","35","90","9000000","299169","0.033241","12","13"
"25","10","5","35","35","24","2400000","191534","0.07980583333333334","22","44"
"26","10","5","35","35","13","1300000","126946","0.09765076923076924","75","113"
"24","10","5","35","35","91","9100000","300024","0.03296967032967033","12","13"
"25","10","5","35","35","25","2500000","195766","0.0783064","17","24"
"24","10","5","35","35","92","9200000","300986","0.03271586956521739","12","13"
"26","10","5","35","35","14","1400000","135352","0.09668","71","100"
"25","10","5","35","35","26","2600000","199695","0.07680576923076923","20","37"
"24","10","5","35","35","93","9300000","301869","0.03245903225806451","12","14"
"26","10","5","35","35","15","1500000","143396","0.09559733333333334","66","101"
"25","10","5","35","35","27","2700000","203558","0.07539185185185185","15","23"
"24","10","5","35","35","94","9400000","302846","0.03221765957446809","12","14"
"26","10","5","35","35","16","1600000","150435","0.094021875","57","90"
"25","10","5","35","35","28","2800000","206981","0.07392178571428572","16","21"
"24","10","5","35","35","95","9500000","303867","0.031986","12","12"
"26","10","5","35","35","17","1700000","157072","0.09239529411764706","45","66"
"25","10","5","35","35","29","2900000","210314","0.07252206896551724","15","29"
"24","10","5","35","35","96","9600000","304659","0.0317353125","12","14"
"26","10","5","35","35","18","1800000","163437","0.09079833333333333","44","71"
"25","10","5","35","35","30","3000000","213810","0.07127","16","26"
"24","10","5","35","35","97","9700000","305555","0.03150051546391753","12","13"
"26","10","5","35","35","19","1900000","169783","0.08935947368421053","45","68"
"25","10","5","35","35","31","3100000","217280","0.07009032258064517","16","19"
"24","10","5","35","35","98","9800000","306506","0.03127612244897959","12","13"
"26","10","5","35","35","20","2000000","176090","0.088045","37","61"
"25","10","5","35","35","32","3200000","220715","0.0689734375","13","20"
"24","10","5","35","35","99","9900000","307397","0.03105020202020202","12","12"
"26","10","5","35","35","21","2100000","181907","0.08662238095238095","31","54"
"25","10","5","35","35","33","3300000","223742","0.06780060606060606","13","23"
"24","10","5","35","35","100","10000000","308274","0.0308274","12","12"
"25","10","5","35","35","34","3400000","226372","0.06658","12","24"
"26","10","5","35","35","22","2200000","187132","0.08506","28","51"
"24","10","5","35","35","101","10100000","309107","0.030604653465346535","12","12"
"25","10","5","35","35","35","3500000","229132","0.06546628571428571","12","20"
"26","10","5","35","35","23","2300000","191990","0.08347391304347826","24","42"
"24","10","5","35","35","102","10200000","310113","0.030403235294117648","12","15"
"25","10","5","35","35","36","3600000","231942","0.06442833333333334","12","17"
"26","10","5","35","35","24","2400000","196565","0.08190208333333333","26","44"
"24","10","5","35","35","103","10300000","310972","0.030191456310679612","12","14"
"25","10","5","35","35","37","3700000","234575","0.06339864864864865","11","16"
"26","10","5","35","35","25","2500000","201423","0.0805692","22","42"
"24","10","5","35","35","104","10400000","311886","0.029989038461538463","12","15"
"25","10","5","35","35","38","3800000","237252","0.062434736842105265","11","17"
"26","10","5","35","35","26","2600000","205932","0.07920461538461539","22","40"
"24","10","5","35","35","105","10500000","312710","0.029781904761904763","12","13"
"25","10","5","35","35","39","3900000","239536","0.06141948717948718","11","14"
"24","10","5","35","35","106","10600000","313633","0.029588018867924528","12","15"
"26","10","5","35","35","27","2700000","210174","0.07784222222222222","20","26"
"25","10","5","35","35","40","4000000","241732","0.060433","11","14"
"24","10","5","35","35","107","10700000","314674","0.02940878504672897","12","14"
"26","10","5","35","35","28","2800000","214186","0.076495","22","38"
"25","10","5","35","35","41","4100000","243877","0.05948219512195122","10","13"
"24","10","5","35","35","108","10800000","315807","0.02924138888888889","12","14"
"26","10","5","35","35","29","2900000","217638","0.07504758620689655","15","27"
"25","10","5","35","35","42","4200000","245649","0.05848785714285714","9","12"
"24","10","5","35","35","109","10900000","316951","0.02907807339449541","12","15"
"26","10","5","35","35","30","3000000","220450","0.07348333333333333","14","20"
"25","10","5","35","35","43","4300000","247300","0.057511627906976746","9","12"
"24","10","5","35","35","110","11000000","317908","0.028900727272727272","12","13"
"26","10","5","35","35","31","3100000","222860","0.07189032258064516","13","22"
"25","10","5","35","35","44","4400000","248755","0.05653522727272727","9","16"
"24","10","5","35","35","111","11100000","318612","0.028703783783783784","12","14"
"26","10","5","35","35","32","3200000","225140","0.07035625","12","23"
"25","10","5","35","35","45","4500000","250190","0.05559777777777778","9","13"
"24","10","5","35","35","112","11200000","319255","0.028504910714285715","12","12"
"26","10","5","35","35","33","3300000","227482","0.0689339393939394","12","18"
"25","10","5","35","35","46","4600000","251776","0.05473391304347826","9","9"
"24","10","5","35","35","113","11300000","319835","0.028303982300884954","12","14"
"26","10","5","35","35","34","3400000","229377","0.06746382352941177","9","11"
"25","10","5","35","35","47","4700000","253179","0.05386787234042553","9","13"
"24","10","5","35","35","114","11400000","320421","0.028107105263157895","12","13"
"26","10","5","35","35","35","3500000","230621","0.06589171428571429","8","11"
"25","10","5","35","35","48","4800000","254526","0.05302625","9","10"
"24","10","5","35","35","115","11500000","320937","0.027907565217391305","12","13"
"26","10","5","35","35","36","3600000","231750","0.064375","8","9"
"25","10","5","35","35","49","4900000","256159","0.05227734693877551","8","10"
"24","10","5","35","35","116","11600000","321595","0.027723706896551722","12","12"
"26","10","5","35","35","37","3700000","232685","0.06288783783783784","8","11"
"25","10","5","35","35","50","5000000","257720","0.051544","9","13"
"24","10","5","35","35","117","11700000","322205","0.02753888888888889","12","12"
"26","10","5","35","35","38","3800000","233847","0.061538684210526315","8","12"
"25","10","5","35","35","51","5100000","259510","0.050884313725490196","8","10"
"24","10","5","35","35","118","11800000","322720","0.02734915254237288","12","13"
"26","10","5","35","35","39","3900000","234605","0.06015512820512821","6","7"
"25","10","5","35","35","52","5200000","260873","0.050167884615384614","8","8"
"24","10","5","35","35","119","11900000","323130","0.027153781512605044","12","12"
"26","10","5","35","35","40","4000000","235165","0.05879125","6","7"
"25","10","5","35","35","53","5300000","262216","0.04947471698113207","8","8"
"24","10","5","35","35","120","12000000","323406","0.0269505","12","12"
"26","10","5","35","35","41","4100000","235756","0.05750146341463415","6","7"
"25","10","5","35","35","54","5400000","263354","0.04876925925925926","8","9"
"24","10","5","35","35","121","12100000","323433","0.02673","11","11"
"27","10","5","35","35","0","0","0","0","894","900"
"26","10","5","35","35","42","4200000","236416","0.05628952380952381","6","7"
"25","10","5","35","35","55","5500000","264519","0.048094363636363636","8","11"
"27","10","5","35","35","1","100000","8420","0.0842","429","442"
"26","10","5","35","35","43","4300000","237056","0.05512930232558139","6","6"
"25","10","5","35","35","56","5600000","265588","0.04742642857142857","8","8"
"27","10","5","35","35","2","200000","18541","0.092705","316","360"
"26","10","5","35","35","44","4400000","237443","0.05396431818181818","6","7"
"25","10","5","35","35","57","5700000","266397","0.04673631578947368","7","10"
"26","10","5","35","35","45","4500000","237838","0.05285288888888889","6","6"
"27","10","5","35","35","3","300000","28972","0.09657333333333333","259","306"
"25","10","5","35","35","58","5800000","267283","0.046083275862068965","7","11"
"26","10","5","35","35","46","4600000","238171","0.05177630434782609","6","7"
"27","10","5","35","35","4","400000","39169","0.0979225","188","232"
"25","10","5","35","35","59","5900000","268007","0.04542491525423729","7","7"
"26","10","5","35","35","47","4700000","238259","0.05069340425531915","5","5"
"28","10","5","35","35","0","0","0","0","894","900"
"27","10","5","35","35","5","500000","49226","0.098452","176","228"
"25","10","5","35","35","60","6000000","268792","0.04479866666666667","7","8"
"28","10","5","35","35","1","100000","8617","0.08617","444","466"
"25","10","5","35","35","61","6100000","269552","0.044188852459016395","7","9"
"27","10","5","35","35","6","600000","59623","0.09937166666666666","140","190"
"28","10","5","35","35","2","200000","18813","0.094065","300","334"
"25","10","5","35","35","62","6200000","270416","0.04361548387096774","7","8"
"27","10","5","35","35","7","700000","68738","0.09819714285714286","137","190"
"25","10","5","35","35","63","6300000","271319","0.04306650793650794","7","10"
"28","10","5","35","35","3","300000","30023","0.10007666666666666","257","301"
"27","10","5","35","35","8","800000","77964","0.097455","119","160"
"25","10","5","35","35","64","6400000","272393","0.04256140625","7","9"
"28","10","5","35","35","4","400000","41665","0.1041625","218","275"
"27","10","5","35","35","9","900000","87104","0.09678222222222223","115","158"
"25","10","5","35","35","65","6500000","273183","0.04202815384615385","7","7"
"28","10","5","35","35","5","500000","53446","0.106892","185","248"
"27","10","5","35","35","10","1000000","95299","0.095299","101","136"
"25","10","5","35","35","66","6600000","274183","0.04154287878787879","7","9"
"28","10","5","35","35","6","600000","65274","0.10879","138","201"
"27","10","5","35","35","11","1100000","102984","0.09362181818181818","98","134"
"25","10","5","35","35","67","6700000","275097","0.04105925373134328","7","7"
"28","10","5","35","35","7","700000","75602","0.10800285714285714","127","179"
"27","10","5","35","35","12","1200000","110818","0.09234833333333334","102","139"
"25","10","5","35","35","68","6800000","275895","0.04057279411764706","7","7"
"27","10","5","35","35","13","1300000","119004","0.09154153846153847","101","140"
"28","10","5","35","35","8","800000","84924","0.106155","109","153"
"25","10","5","35","35","69","6900000","276888","0.04012869565217391","7","8"
"27","10","5","35","35","14","1400000","126707","0.090505","82","109"
"28","10","5","35","35","9","900000","94100","0.10455555555555555","90","126"
"25","10","5","35","35","70","7000000","278025","0.039717857142857145","7","9"
"27","10","5","35","35","15","1500000","133838","0.08922533333333334","79","121"
"25","10","5","35","35","71","7100000","278897","0.0392812676056338","7","8"
"28","10","5","35","35","10","1000000","102301","0.102301","81","118"
"25","10","5","35","35","72","7200000","279731","0.038851527777777776","7","9"
"27","10","5","35","35","16","1600000","141180","0.0882375","75","116"
"28","10","5","35","35","11","1100000","109977","0.0999790909090909","74","109"
"25","10","5","35","35","73","7300000","280504","0.03842520547945205","7","8"
"27","10","5","35","35","17","1700000","148035","0.08707941176470588","57","87"
"28","10","5","35","35","12","1200000","117941","0.09828416666666667","76","115"
"25","10","5","35","35","74","7400000","281299","0.03801337837837838","7","7"
"27","10","5","35","35","18","1800000","154886","0.08604777777777778","68","108"
"28","10","5","35","35","13","1300000","126251","0.09711615384615385","67","107"
"25","10","5","35","35","75","7500000","282110","0.037614666666666664","7","9"
"27","10","5","35","35","19","1900000","161662","0.08508526315789473","73","105"
"28","10","5","35","35","14","1400000","133861","0.095615","56","96"
"25","10","5","35","35","76","7600000","283059","0.03724460526315789","7","10"
"27","10","5","35","35","20","2000000","168388","0.084194","64","96"
"28","10","5","35","35","15","1500000","140997","0.093998","53","84"
"25","10","5","35","35","77","7700000","283885","0.03686818181818182","7","7"
"27","10","5","35","35","21","2100000","174654","0.08316857142857143","69","96"
"28","10","5","35","35","16","1600000","147877","0.092423125","52","85"
"25","10","5","35","35","78","7800000","284773","0.036509358974358974","7","8"
"27","10","5","35","35","22","2200000","180568","0.08207636363636364","60","93"
"28","10","5","35","35","17","1700000","154766","0.09103882352941177","45","71"
"25","10","5","35","35","79","7900000","285591","0.036150759493670886","7","8"
"28","10","5","35","35","18","1800000","160538","0.08918777777777778","36","64"
"27","10","5","35","35","23","2300000","186685","0.08116739130434783","59","90"
"25","10","5","35","35","80","8000000","286262","0.03578275","7","7"
"28","10","5","35","35","19","1900000","166280","0.08751578947368421","33","60"
"25","10","5","35","35","81","8100000","286829","0.035410987654320984","7","7"
"27","10","5","35","35","24","2400000","193066","0.08044416666666666","60","101"
"25","10","5","35","35","82","8200000","287248","0.03503024390243902","7","7"
"28","10","5","35","35","20","2000000","171322","0.085661","32","57"
"27","10","5","35","35","25","2500000","199348","0.0797392","60","88"
"25","10","5","35","35","83","8300000","287514","0.03464024096385542","7","8"
"28","10","5","35","35","21","2100000","175833","0.08373","23","43"
"27","10","5","35","35","26","2600000","205345","0.07897884615384615","55","82"
"25","10","5","35","35","84","8400000","287573","0.034234880952380954","6","6"
"29","10","5","35","35","0","0","0","0","896","900"
"28","10","5","35","35","22","2200000","180456","0.08202545454545454","23","46"
"27","10","5","35","35","27","2700000","211419","0.07830333333333334","52","91"
"29","10","5","35","35","1","100000","8277","0.08277","446","475"
"28","10","5","35","35","23","2300000","184650","0.08028260869565218","21","31"
"27","10","5","35","35","28","2800000","217639","0.07772821428571429","46","72"
"29","10","5","35","35","2","200000","17733","0.088665","301","337"
"28","10","5","35","35","24","2400000","188631","0.07859625","17","35"
"27","10","5","35","35","29","2900000","223577","0.07709551724137931","48","72"
"28","10","5","35","35","25","2500000","192521","0.0770084","19","31"
"29","10","5","35","35","3","300000","27729","0.09243","288","315"
"27","10","5","35","35","30","3000000","229593","0.076531","43","72"
"28","10","5","35","35","26","2600000","196201","0.07546192307692308","18","29"
"29","10","5","35","35","4","400000","39051","0.0976275","224","279"
"27","10","5","35","35","31","3100000","235106","0.07584064516129033","46","71"
"28","10","5","35","35","27","2700000","199846","0.07401703703703703","16","28"
"29","10","5","35","35","5","500000","50767","0.101534","214","266"
"27","10","5","35","35","32","3200000","241296","0.075405","41","75"
"28","10","5","35","35","28","2800000","203361","0.07262892857142857","19","35"
"29","10","5","35","35","6","600000","62000","0.10333333333333333","185","222"
"27","10","5","35","35","33","3300000","246342","0.07464909090909091","39","64"
"28","10","5","35","35","29","2900000","206479","0.07119965517241379","14","24"
"27","10","5","35","35","34","3400000","250754","0.07375117647058824","41","64"
"29","10","5","35","35","7","700000","72535","0.10362142857142857","153","185"
"28","10","5","35","35","30","3000000","209671","0.06989033333333333","14","21"
"27","10","5","35","35","35","3500000","255104","0.07288685714285714","34","48"
"29","10","5","35","35","8","800000","82789","0.10348625","119","183"
"28","10","5","35","35","31","3100000","212720","0.06861935483870968","14","27"
"27","10","5","35","35","36","3600000","259152","0.07198666666666667","27","45"
"29","10","5","35","35","9","900000","92651","0.10294555555555555","130","183"
"28","10","5","35","35","32","3200000","215994","0.067498125","12","22"
"27","10","5","35","35","37","3700000","262573","0.07096567567567567","27","35"
"29","10","5","35","35","10","1000000","102811","0.102811","122","177"
"28","10","5","35","35","33","3300000","219311","0.06645787878787879","19","32"
"27","10","5","35","35","38","3800000","265802","0.06994789473684211","24","36"
"29","10","5","35","35","11","1100000","112252","0.10204727272727272","113","149"
"28","10","5","35","35","34","3400000","222681","0.06549441176470588","15","28"
"27","10","5","35","35","39","3900000","268790","0.06892051282051281","24","37"
"29","10","5","35","35","12","1200000","121426","0.10118833333333334","102","152"
"28","10","5","35","35","35","3500000","226003","0.06457228571428572","12","24"
"27","10","5","35","35","40","4000000","271886","0.0679715","24","35"
"28","10","5","35","35","36","3600000","229004","0.06361222222222222","13","17"
"29","10","5","35","35","13","1300000","130140","0.10010769230769231","94","137"
"27","10","5","35","35","41","4100000","274721","0.0670051219512195","24","36"
"28","10","5","35","35","37","3700000","231923","0.0626818918918919","14","26"
"29","10","5","35","35","14","1400000","138827","0.09916214285714285","86","134"
"27","10","5","35","35","42","4200000","277240","0.06600952380952381","24","28"
"28","10","5","35","35","38","3800000","234628","0.06174421052631579","12","23"
"29","10","5","35","35","15","1500000","146897","0.09793133333333333","87","131"
"27","10","5","35","35","43","4300000","279532","0.06500744186046511","21","24"
"28","10","5","35","35","39","3900000","237512","0.06090051282051282","10","21"
"29","10","5","35","35","16","1600000","154616","0.096635","77","116"
"27","10","5","35","35","44","4400000","281708","0.06402454545454546","20","29"
"28","10","5","35","35","40","4000000","240337","0.06008425","11","19"
"29","10","5","35","35","17","1700000","161401","0.09494176470588235","63","98"
"27","10","5","35","35","45","4500000","284047","0.06312155555555556","19","23"
"28","10","5","35","35","41","4100000","243071","0.05928560975609756","11","20"
"29","10","5","35","35","18","1800000","167817","0.09323166666666667","60","92"
"27","10","5","35","35","46","4600000","286377","0.06225586956521739","18","25"
"28","10","5","35","35","42","4200000","245984","0.05856761904761905","13","26"
"29","10","5","35","35","19","1900000","174485","0.0918342105263158","53","81"
"27","10","5","35","35","47","4700000","288529","0.061389148936170215","17","21"
"28","10","5","35","35","43","4300000","248532","0.05779813953488372","11","19"
"27","10","5","35","35","48","4800000","290309","0.060481041666666666","17","19"
"29","10","5","35","35","20","2000000","180473","0.0902365","49","88"
"28","10","5","35","35","44","4400000","251126","0.05707409090909091","11","22"
"27","10","5","35","35","49","4900000","292152","0.059622857142857144","17","22"
"29","10","5","35","35","21","2100000","186822","0.08896285714285715","50","75"
"28","10","5","35","35","45","4500000","253864","0.05641422222222222","12","20"
"27","10","5","35","35","50","5000000","293983","0.0587966","17","21"
"29","10","5","35","35","22","2200000","193041","0.0877459090909091","48","79"
"28","10","5","35","35","46","4600000","256644","0.05579217391304348","12","22"
"27","10","5","35","35","51","5100000","295800","0.058","17","28"
"29","10","5","35","35","23","2300000","199231","0.08662217391304348","47","76"
"28","10","5","35","35","47","4700000","259494","0.05521148936170213","13","26"
"27","10","5","35","35","52","5200000","297357","0.05718403846153846","17","27"
"29","10","5","35","35","24","2400000","205060","0.08544166666666667","49","88"
"28","10","5","35","35","48","4800000","262076","0.054599166666666664","13","20"
"27","10","5","35","35","53","5300000","299375","0.056485849056603775","17","23"
"29","10","5","35","35","25","2500000","210493","0.0841972","51","86"
"28","10","5","35","35","49","4900000","264522","0.05398408163265306","10","13"
"27","10","5","35","35","54","5400000","301342","0.055804074074074075","17","28"
"28","10","5","35","35","50","5000000","266609","0.0533218","9","13"
"29","10","5","35","35","26","2600000","216597","0.08330653846153846","57","91"
"27","10","5","35","35","55","5500000","303148","0.055117818181818184","17","20"
"28","10","5","35","35","51","5100000","268914","0.052728235294117645","9","14"
"29","10","5","35","35","27","2700000","221794","0.08214592592592593","42","73"
"27","10","5","35","35","56","5600000","304783","0.05442553571428571","17","23"
"28","10","5","35","35","52","5200000","271437","0.052199423076923074","6","9"
"29","10","5","35","35","28","2800000","226821","0.0810075","46","74"
"27","10","5","35","35","57","5700000","306380","0.05375087719298246","16","21"
"28","10","5","35","35","53","5300000","273958","0.05169018867924528","7","10"
"29","10","5","35","35","29","2900000","231722","0.07990413793103449","40","66"
"27","10","5","35","35","58","5800000","308038","0.05311","17","25"
"28","10","5","35","35","54","5400000","276214","0.05115074074074074","8","15"
"29","10","5","35","35","30","3000000","236697","0.078899","34","57"
"27","10","5","35","35","59","5900000","309917","0.05252830508474576","17","27"
"28","10","5","35","35","55","5500000","278279","0.05059618181818182","8","9"
"29","10","5","35","35","31","3100000","241830","0.07800967741935484","40","65"
"27","10","5","35","35","60","6000000","311583","0.0519305","17","20"
"28","10","5","35","35","56","5600000","279823","0.04996839285714286","6","12"
"29","10","5","35","35","32","3200000","247661","0.0773940625","42","70"
"27","10","5","35","35","61","6100000","313174","0.05134","17","23"
"28","10","5","35","35","57","5700000","281367","0.049362631578947366","5","5"
"29","10","5","35","35","33","3300000","253452","0.07680363636363637","36","61"
"27","10","5","35","35","62","6200000","315077","0.05081887096774194","17","29"
"28","10","5","35","35","58","5800000","282839","0.04876534482758621","6","10"
"27","10","5","35","35","63","6300000","316717","0.05027253968253968","17","23"
"29","10","5","35","35","34","3400000","258864","0.07613647058823529","36","67"
"28","10","5","35","35","59","5900000","284141","0.04815949152542373","5","6"
"27","10","5","35","35","64","6400000","318421","0.04975328125","16","20"
"29","10","5","35","35","35","3500000","264148","0.07547085714285715","39","65"
"28","10","5","35","35","60","6000000","285560","0.047593333333333335","6","9"
"27","10","5","35","35","65","6500000","320094","0.04924523076923077","16","20"
"29","10","5","35","35","36","3600000","269314","0.07480944444444444","34","51"
"28","10","5","35","35","61","6100000","286894","0.04703180327868853","6","9"
"27","10","5","35","35","66","6600000","322000","0.04878787878787879","16","17"
"29","10","5","35","35","37","3700000","274559","0.07420513513513513","39","54"
"28","10","5","35","35","62","6200000","288219","0.04648693548387097","5","6"
"27","10","5","35","35","67","6700000","323949","0.048350597014925376","17","26"
"29","10","5","35","35","38","3800000","279734","0.0736142105263158","35","68"
"28","10","5","35","35","63","6300000","289451","0.04594460317460317","5","8"
"27","10","5","35","35","68","6800000","325873","0.0479225","16","19"
"28","10","5","35","35","64","6400000","290426","0.0453790625","4","4"
"29","10","5","35","35","39","3900000","285072","0.07309538461538462","37","66"
"27","10","5","35","35","69","6900000","327640","0.047484057971014494","17","21"
"28","10","5","35","35","65","6500000","291128","0.04478892307692308","4","5"
"29","10","5","35","35","40","4000000","290496","0.072624","37","60"
"27","10","5","35","35","70","7000000","329486","0.047069428571428575","17","20"
"28","10","5","35","35","66","6600000","291875","0.044223484848484845","4","4"
"29","10","5","35","35","41","4100000","295347","0.07203585365853658","38","66"
"27","10","5","35","35","71","7100000","331125","0.04663732394366197","17","25"
"28","10","5","35","35","67","6700000","292527","0.043660746268656715","4","7"
"29","10","5","35","35","42","4200000","300224","0.07148190476190476","35","65"
"27","10","5","35","35","72","7200000","333116","0.04626611111111111","17","23"
"28","10","5","35","35","68","6800000","293110","0.043104411764705884","4","4"
"29","10","5","35","35","43","4300000","305404","0.07102418604651163","40","61"
"27","10","5","35","35","73","7300000","335286","0.04592958904109589","17","18"
"28","10","5","35","35","69","6900000","293343","0.04251347826086956","4","5"
"29","10","5","35","35","44","4400000","309971","0.07044795454545455","34","55"
"28","10","5","35","35","70","7000000","293411","0.041915857142857144","3","3"
"27","10","5","35","35","74","7400000","337418","0.045597027027027025","17","22"
"30","10","5","35","35","0","0","0","0","898","900"
"29","10","5","35","35","45","4500000","314902","0.06997822222222222","37","72"
"27","10","5","35","35","75","7500000","339263","0.045235066666666664","17","25"
"30","10","5","35","35","1","100000","8033","0.08033","408","422"
"29","10","5","35","35","46","4600000","319666","0.06949260869565217","39","68"
"27","10","5","35","35","76","7600000","341187","0.044893026315789474","17","22"
"30","10","5","35","35","2","200000","17013","0.085065","302","337"
"29","10","5","35","35","47","4700000","324704","0.06908595744680851","41","57"
"27","10","5","35","35","77","7700000","343171","0.04456766233766234","17","23"
"30","10","5","35","35","3","300000","26872","0.08957333333333334","271","304"
"29","10","5","35","35","48","4800000","329869","0.06872270833333333","37","60"
"27","10","5","35","35","78","7800000","344962","0.044225897435897436","17","19"
"30","10","5","35","35","4","400000","37719","0.0942975","192","234"
"29","10","5","35","35","49","4900000","335501","0.06846959183673469","37","65"
"27","10","5","35","35","79","7900000","346737","0.04389075949367088","17","19"
"30","10","5","35","35","5","500000","47123","0.094246","152","190"
"29","10","5","35","35","50","5000000","340627","0.0681254","37","62"
"27","10","5","35","35","80","8000000","348652","0.0435815","17","24"
"30","10","5","35","35","6","600000","56711","0.09451833333333333","149","195"
"29","10","5","35","35","51","5100000","345862","0.06781607843137255","35","60"
"27","10","5","35","35","81","8100000","350495","0.04327098765432099","17","28"
"30","10","5","35","35","7","700000","65277","0.09325285714285714","101","138"
"29","10","5","35","35","52","5200000","350708","0.06744384615384616","36","58"
"27","10","5","35","35","82","8200000","352508","0.04298878048780488","17","29"
"30","10","5","35","35","8","800000","72898","0.0911225","102","137"
"27","10","5","35","35","83","8300000","354420","0.04270120481927711","17","27"
"29","10","5","35","35","53","5300000","355851","0.06714169811320755","31","56"
"30","10","5","35","35","9","900000","80745","0.08971666666666667","78","105"
"27","10","5","35","35","84","8400000","356407","0.04242940476190476","17","21"
"29","10","5","35","35","54","5400000","360615","0.06678055555555555","34","59"
"27","10","5","35","35","85","8500000","358453","0.04217094117647059","16","21"
"30","10","5","35","35","10","1000000","88252","0.088252","80","111"
"29","10","5","35","35","55","5500000","365730","0.06649636363636363","31","47"
"27","10","5","35","35","86","8600000","360355","0.04190174418604651","17","23"
"30","10","5","35","35","11","1100000","95430","0.08675454545454546","60","88"
"29","10","5","35","35","56","5600000","370633","0.06618446428571428","29","53"
"27","10","5","35","35","87","8700000","362363","0.04165091954022988","16","19"
"30","10","5","35","35","12","1200000","102056","0.08504666666666667","64","93"
"29","10","5","35","35","57","5700000","375505","0.06587807017543859","36","66"
"27","10","5","35","35","88","8800000","364259","0.041393068181818184","17","26"
"30","10","5","35","35","13","1300000","108591","0.08353153846153846","60","87"
"29","10","5","35","35","58","5800000","379690","0.06546379310344827","35","53"
"27","10","5","35","35","89","8900000","366288","0.04115595505617978","17","23"
"29","10","5","35","35","59","5900000","384112","0.06510372881355932","37","61"
"30","10","5","35","35","14","1400000","115314","0.08236714285714286","55","83"
"27","10","5","35","35","90","9000000","368295","0.04092166666666667","17","24"
"29","10","5","35","35","60","6000000","388378","0.06472966666666667","30","59"
"30","10","5","35","35","15","1500000","122036","0.08135733333333334","63","96"
"27","10","5","35","35","91","9100000","370482","0.040712307692307693","17","24"
"29","10","5","35","35","61","6100000","392894","0.0644088524590164","29","54"
"30","10","5","35","35","16","1600000","128715","0.080446875","45","74"
"27","10","5","35","35","92","9200000","372604","0.040500434782608695","17","27"
"29","10","5","35","35","62","6200000","397421","0.06410016129032257","25","42"
"30","10","5","35","35","17","1700000","134559","0.07915235294117647","39","61"
"27","10","5","35","35","93","9300000","374618","0.04028150537634408","17","28"
"30","10","5","35","35","18","1800000","140022","0.07779","38","66"
"29","10","5","35","35","63","6300000","401662","0.06375587301587302","32","45"
"27","10","5","35","35","94","9400000","376407","0.04004329787234043","17","23"
"30","10","5","35","35","19","1900000","145510","0.0765842105263158","35","61"
"29","10","5","35","35","64","6400000","406074","0.0634490625","25","42"
"27","10","5","35","35","95","9500000","378388","0.039830315789473686","17","28"
"30","10","5","35","35","20","2000000","150301","0.0751505","32","46"
"29","10","5","35","35","65","6500000","410421","0.0631416923076923","19","39"
"27","10","5","35","35","96","9600000","380049","0.0395884375","17","22"
"29","10","5","35","35","66","6600000","414681","0.06283045454545455","21","44"
"30","10","5","35","35","21","2100000","154907","0.07376523809523809","28","40"
"27","10","5","35","35","97","9700000","381621","0.03934237113402062","17","23"
"30","10","5","35","35","22","2200000","159348","0.07243090909090909","30","44"
"29","10","5","35","35","67","6700000","419002","0.06253761194029851","20","47"
"27","10","5","35","35","98","9800000","383006","0.03908224489795918","17","23"
"29","10","5","35","35","68","6800000","423026","0.06220970588235294","17","42"
"30","10","5","35","35","23","2300000","163925","0.07127173913043479","33","62"
"27","10","5","35","35","99","9900000","384590","0.03884747474747475","17","20"
"29","10","5","35","35","69","6900000","426701","0.06184072463768116","19","36"
"30","10","5","35","35","24","2400000","168587","0.07024458333333333","31","57"
"27","10","5","35","35","100","10000000","386295","0.0386295","17","25"
"29","10","5","35","35","70","7000000","430742","0.06153457142857143","19","39"
"30","10","5","35","35","25","2500000","172939","0.0691756","32","52"
"27","10","5","35","35","101","10100000","387861","0.03840207920792079","17","23"
"27","10","5","35","35","102","10200000","389407","0.0381771568627451","17","24"
"29","10","5","35","35","71","7100000","434379","0.061180140845070424","18","33"
"30","10","5","35","35","26","2600000","176871","0.06802730769230769","24","33"
"27","10","5","35","35","103","10300000","391129","0.03797368932038835","17","21"
"29","10","5","35","35","72","7200000","438056","0.06084111111111111","17","30"
"30","10","5","35","35","27","2700000","180731","0.0669374074074074","23","37"
"27","10","5","35","35","104","10400000","392710","0.037760576923076924","17","27"
"29","10","5","35","35","73","7300000","441853","0.06052780821917808","17","33"
"30","10","5","35","35","28","2800000","184815","0.06600535714285714","25","50"
"27","10","5","35","35","105","10500000","394127","0.03753590476190476","17","26"
"29","10","5","35","35","74","7400000","445453","0.06019635135135135","14","25"
"30","10","5","35","35","29","2900000","188450","0.06498275862068965","25","44"
"27","10","5","35","35","106","10600000","395625","0.03732311320754717","17","19"
"29","10","5","35","35","75","7500000","448575","0.05981","15","32"
"30","10","5","35","35","30","3000000","191829","0.063943","24","36"
"27","10","5","35","35","107","10700000","397391","0.03713934579439252","17","26"
"29","10","5","35","35","76","7600000","451779","0.059444605263157896","15","29"
"30","10","5","35","35","31","3100000","195544","0.06307870967741935","23","35"
"27","10","5","35","35","108","10800000","398983","0.03694287037037037","17","23"
"29","10","5","35","35","77","7700000","455438","0.059147792207792205","17","31"
"30","10","5","35","35","32","3200000","199428","0.06232125","19","34"
"27","10","5","35","35","109","10900000","400788","0.03676954128440367","17","24"
"29","10","5","35","35","78","7800000","459087","0.058857307692307695","15","30"
"30","10","5","35","35","33","3300000","203252","0.061591515151515154","19","29"
"27","10","5","35","35","110","11000000","402420","0.03658363636363637","17","21"
"29","10","5","35","35","79","7900000","462605","0.05855759493670886","15","29"
"30","10","5","35","35","34","3400000","207097","0.060910882352941176","20","25"
"27","10","5","35","35","111","11100000","403952","0.036392072072072075","16","20"
"29","10","5","35","35","80","8000000","466137","0.058267125","17","23"
"30","10","5","35","35","35","3500000","210965","0.06027571428571429","18","30"
"27","10","5","35","35","112","11200000","405506","0.03620589285714286","17","20"
"29","10","5","35","35","81","8100000","469790","0.05799876543209877","15","24"
"30","10","5","35","35","36","3600000","214470","0.059575","15","27"
"27","10","5","35","35","113","11300000","407068","0.03602371681415929","17","25"
"29","10","5","35","35","82","8200000","473277","0.05771670731707317","16","24"
"30","10","5","35","35","37","3700000","217840","0.05887567567567568","16","26"
"27","10","5","35","35","114","11400000","408692","0.03585017543859649","17","28"
"29","10","5","35","35","83","8300000","476578","0.057419036144578314","15","30"
"30","10","5","35","35","38","3800000","220985","0.058153947368421055","17","33"
"27","10","5","35","35","115","11500000","410456","0.03569182608695652","17","26"
"29","10","5","35","35","84","8400000","480171","0.05716321428571428","13","24"
"30","10","5","35","35","39","3900000","223844","0.05739589743589744","16","28"
"27","10","5","35","35","116","11600000","411811","0.03550094827586207","17","22"
"29","10","5","35","35","85","8500000","483553","0.056888588235294114","13","22"
"30","10","5","35","35","40","4000000","226856","0.056714","13","26"
"27","10","5","35","35","117","11700000","412961","0.03529581196581197","17","20"
"29","10","5","35","35","86","8600000","486575","0.056578488372093026","14","26"
"30","10","5","35","35","41","4100000","229762","0.05603951219512195","15","22"
"27","10","5","35","35","118","11800000","413962","0.03508152542372881","17","19"
"29","10","5","35","35","87","8700000","489506","0.05626505747126437","15","23"
"30","10","5","35","35","42","4200000","232764","0.05542","13","17"
"27","10","5","35","35","119","11900000","414702","0.03484890756302521","15","17"
"29","10","5","35","35","88","8800000","492576","0.05597454545454546","12","20"
"30","10","5","35","35","43","4300000","235686","0.0548106976744186","13","17"
"27","10","5","35","35","120","12000000","414908","0.034575666666666664","15","15"
"29","10","5","35","35","89","8900000","495296","0.05565123595505618","12","20"
"30","10","5","35","35","44","4400000","238586","0.05422409090909091","13","16"
"27","10","5","35","35","121","12100000","415108","0.034306446280991734","15","15"
"29","10","5","35","35","90","9000000","497990","0.05533222222222222","13","19"
"30","10","5","35","35","45","4500000","241159","0.05359088888888889","11","14"
"27","10","5","35","35","122","12200000","415315","0.0340422131147541","15","15"
"29","10","5","35","35","91","9100000","500719","0.05502406593406593","13","23"
"30","10","5","35","35","46","4600000","243446","0.05292304347826087","11","18"
"27","10","5","35","35","123","12300000","415597","0.033788373983739836","15","15"
"29","10","5","35","35","92","9200000","503479","0.054725978260869564","12","17"
"30","10","5","35","35","47","4700000","245549","0.05224446808510638","8","11"
"27","10","5","35","35","124","12400000","415760","0.033529032258064514","15","15"
"29","10","5","35","35","93","9300000","505952","0.054403440860215056","11","21"
"30","10","5","35","35","48","4800000","247538","0.05157041666666667","8","14"
"27","10","5","35","35","125","12500000","415954","0.03327632","15","15"
"29","10","5","35","35","94","9400000","508623","0.054108829787234046","12","20"
"30","10","5","35","35","49","4900000","249352","0.050888163265306124","10","12"
"27","10","5","35","35","126","12600000","416184","0.03303047619047619","15","15"
"29","10","5","35","35","95","9500000","511263","0.053817157894736845","12","19"
"30","10","5","35","35","50","5000000","251218","0.0502436","10","18"
"27","10","5","35","35","127","12700000","416347","0.032783228346456694","15","15"
"27","10","5","35","35","128","12800000","416474","0.03253703125","14","14"
"30","10","5","35","35","51","5100000","253056","0.049618823529411764","9","12"
"29","10","5","35","35","96","9600000","513768","0.0535175","12","22"
"30","10","5","35","35","52","5200000","254631","0.0489675","8","11"
"29","10","5","35","35","97","9700000","516271","0.053223814432989694","13","19"
"30","10","5","35","35","53","5300000","256140","0.048328301886792456","10","20"
"29","10","5","35","35","98","9800000","518532","0.052911428571428575","12","18"
"30","10","5","35","35","54","5400000","257764","0.047734074074074075","9","14"
"29","10","5","35","35","99","9900000","521096","0.0526359595959596","12","19"
"30","10","5","35","35","55","5500000","259143","0.04711690909090909","8","15"
"29","10","5","35","35","100","10000000","523317","0.0523317","12","16"
"30","10","5","35","35","56","5600000","260342","0.046489642857142854","7","8"
"29","10","5","35","35","101","10100000","525612","0.05204079207920792","12","19"
"30","10","5","35","35","57","5700000","261460","0.04587017543859649","7","7"
"29","10","5","35","35","102","10200000","528066","0.05177117647058824","13","23"
"30","10","5","35","35","58","5800000","262506","0.045259655172413794","6","7"
"29","10","5","35","35","103","10300000","530722","0.051526407766990294","12","21"
"30","10","5","35","35","59","5900000","263470","0.04465593220338983","6","6"
"29","10","5","35","35","104","10400000","533451","0.05129336538461538","12","22"
"30","10","5","35","35","60","6000000","264549","0.0440915","6","7"
"29","10","5","35","35","105","10500000","536232","0.05106971428571429","12","18"
"30","10","5","35","35","61","6100000","265533","0.04353","6","6"
"29","10","5","35","35","106","10600000","538864","0.05083622641509434","11","26"
"30","10","5","35","35","62","6200000","266436","0.04297354838709677","6","8"
"29","10","5","35","35","107","10700000","541565","0.050613551401869156","12","19"
"30","10","5","35","35","63","6300000","267258","0.042421904761904765","6","6"
"29","10","5","35","35","108","10800000","544042","0.05037425925925926","12","19"
"30","10","5","35","35","64","6400000","268184","0.04190375","6","6"
"29","10","5","35","35","109","10900000","546608","0.050147522935779815","12","21"
"30","10","5","35","35","65","6500000","269101","0.041400153846153843","6","6"
"29","10","5","35","35","110","11000000","549133","0.049921181818181816","11","21"
"30","10","5","35","35","66","6600000","270050","0.040916666666666664","6","8"
"29","10","5","35","35","111","11100000","551675","0.04970045045045045","11","22"
"30","10","5","35","35","67","6700000","271040","0.04045373134328358","6","6"
"29","10","5","35","35","112","11200000","554192","0.04948142857142857","12","22"
"30","10","5","35","35","68","6800000","271969","0.03999544117647059","6","7"
"29","10","5","35","35","113","11300000","556751","0.04927","12","17"
"30","10","5","35","35","69","6900000","272894","0.039549855072463766","6","8"
"29","10","5","35","35","114","11400000","559416","0.049071578947368424","13","22"
"30","10","5","35","35","70","7000000","273753","0.03910757142857143","6","6"
"29","10","5","35","35","115","11500000","562143","0.048882","12","26"
"30","10","5","35","35","71","7100000","274616","0.03867830985915493","6","8"
"29","10","5","35","35","116","11600000","564899","0.04869818965517241","11","23"
"30","10","5","35","35","72","7200000","275456","0.03825777777777778","6","7"
"29","10","5","35","35","117","11700000","567735","0.04852435897435897","11","25"
"30","10","5","35","35","73","7300000","276232","0.03784","6","6"
"29","10","5","35","35","118","11800000","570543","0.04835110169491525","12","21"
"30","10","5","35","35","74","7400000","277019","0.037435","6","7"
"29","10","5","35","35","119","11900000","573189","0.04816714285714286","12","22"
"30","10","5","35","35","75","7500000","277800","0.03704","6","7"
"29","10","5","35","35","120","12000000","575725","0.04797708333333333","11","17"
"30","10","5","35","35","76","7600000","278698","0.03667078947368421","6","6"
"29","10","5","35","35","121","12100000","578523","0.047811818181818184","11","18"
"30","10","5","35","35","77","7700000","279418","0.03628805194805195","6","7"
"29","10","5","35","35","122","12200000","581734","0.04768311475409836","12","25"
"30","10","5","35","35","78","7800000","280107","0.03591115384615385","6","7"
"29","10","5","35","35","123","12300000","584942","0.04755626016260162","11","21"
"30","10","5","35","35","79","7900000","280878","0.03555417721518987","6","8"
"29","10","5","35","35","124","12400000","587537","0.047382016129032256","11","21"
"30","10","5","35","35","80","8000000","281620","0.0352025","6","8"
"29","10","5","35","35","125","12500000","590133","0.04721064","12","18"
"30","10","5","35","35","81","8100000","282304","0.034852345679012346","6","6"
"29","10","5","35","35","126","12600000","592930","0.04705793650793651","12","18"
"30","10","5","35","35","82","8200000","282855","0.03449451219512195","6","6"
"29","10","5","35","35","127","12700000","595918","0.04692267716535433","11","17"
"30","10","5","35","35","83","8300000","283220","0.03412289156626506","6","6"
"29","10","5","35","35","128","12800000","598729","0.046775703125","12","21"
"30","10","5","35","35","84","8400000","283564","0.03375761904761905","6","6"
"30","10","5","35","35","85","8500000","283754","0.03338282352941176","6","6"
"29","10","5","35","35","129","12900000","601340","0.046615503875968994","11","21"
"30","10","5","35","35","86","8600000","283784","0.03299813953488372","5","5"
"29","10","5","35","35","130","13000000","603954","0.046458","12","30"
"29","10","5","35","35","131","13100000","606706","0.046313435114503816","12","24"
"29","10","5","35","35","132","13200000","609259","0.04615598484848485","13","24"
"29","10","5","35","35","133","13300000","611847","0.04600353383458647","13","34"
"29","10","5","35","35","134","13400000","614628","0.04586776119402985","13","25"
"29","10","5","35","35","135","13500000","617545","0.045744074074074076","13","20"
"29","10","5","35","35","136","13600000","620445","0.04562095588235294","13","20"
"29","10","5","35","35","137","13700000","623163","0.045486350364963506","12","16"
"29","10","5","35","35","138","13800000","625877","0.04535340579710145","13","17"
"29","10","5","35","35","139","13900000","628736","0.045232805755395684","13","24"
"29","10","5","35","35","140","14000000","631727","0.045123357142857146","13","17"
"29","10","5","35","35","141","14100000","634638","0.04500978723404255","13","16"
"29","10","5","35","35","142","14200000","637268","0.04487802816901409","11","15"
"29","10","5","35","35","143","14300000","639887","0.044747342657342655","13","23"
"29","10","5","35","35","144","14400000","642308","0.04460472222222222","11","19"
"29","10","5","35","35","145","14500000","644713","0.04446296551724138","10","19"
"29","10","5","35","35","146","14600000","647244","0.044331780821917806","10","13"
"29","10","5","35","35","147","14700000","649829","0.044206054421768705","9","16"
"29","10","5","35","35","148","14800000","651998","0.04405391891891892","9","22"
"29","10","5","35","35","149","14900000","654244","0.0439089932885906","9","14"
"29","10","5","35","35","150","15000000","656398","0.04375986666666667","9","14"
"29","10","5","35","35","151","15100000","658425","0.04360430463576159","8","11"
"29","10","5","35","35","152","15200000","660369","0.04344532894736842","8","11"
"29","10","5","35","35","153","15300000","662010","0.04326862745098039","9","12"
"29","10","5","35","35","154","15400000","663522","0.043085844155844155","9","10"
"29","10","5","35","35","155","15500000","665183","0.04291503225806451","8","13"
"29","10","5","35","35","156","15600000","666714","0.04273807692307692","9","10"
"29","10","5","35","35","157","15700000","668089","0.04255343949044586","9","14"
"29","10","5","35","35","158","15800000","669520","0.0423746835443038","9","13"
"29","10","5","35","35","159","15900000","671146","0.04221044025157233","9","13"
"29","10","5","35","35","160","16000000","672851","0.0420531875","9","14"
"29","10","5","35","35","161","16100000","674818","0.04191416149068323","9","11"
"29","10","5","35","35","162","16200000","676690","0.04177098765432099","9","16"
"29","10","5","35","35","163","16300000","678297","0.04161331288343558","9","13"
"29","10","5","35","35","164","16400000","679883","0.04145628048780488","9","13"
"29","10","5","35","35","165","16500000","681372","0.04129527272727273","9","10"
"29","10","5","35","35","166","16600000","682763","0.041130301204819274","9","13"
"29","10","5","35","35","167","16700000","684112","0.04096479041916168","8","10"
"29","10","5","35","35","168","16800000","685432","0.040799523809523806","8","10"
"29","10","5","35","35","169","16900000","686732","0.040635029585798815","8","10"
"29","10","5","35","35","170","17000000","688134","0.040478470588235296","8","9"
"29","10","5","35","35","171","17100000","689126","0.040299766081871344","7","10"
"29","10","5","35","35","172","17200000","690081","0.040120988372093026","7","8"
"29","10","5","35","35","173","17300000","691118","0.03994901734104046","7","8"
"29","10","5","35","35","174","17400000","692216","0.039782528735632185","7","10"
"29","10","5","35","35","175","17500000","693156","0.03960891428571429","7","9"
"29","10","5","35","35","176","17600000","693579","0.039407897727272725","7","7"
"29","10","5","35","35","177","17700000","693631","0.03918819209039548","6","6"
