"BehaviorSpace results (NetLogo 7.0.3)","Table version 2.0"
"week3.nlogox"
"experiment5"
"03/14/2026 10:33:55:973 +0530"
"min-pxcor","max-pxcor","min-pycor","max-pycor"
"-14","15","-14","15"
"[run number]","Q","F","world-width","world-height","[step]","event-count","interaction-count","interaction-rate","unique-cultures","number-of-regions"
"3","10","5","25","25","0","0","0","0","897","900"
"1","10","5","25","25","0","0","0","0","896","900"
"2","10","5","25","25","0","0","0","0","899","900"
"3","10","5","25","25","1","100000","8734","0.08734","422","445"
"1","10","5","25","25","1","100000","8579","0.08579","409","435"
"2","10","5","25","25","1","100000","8956","0.08956","457","469"
"1","10","5","25","25","2","200000","17877","0.089385","272","297"
"3","10","5","25","25","2","200000","19216","0.09608","304","346"
"2","10","5","25","25","2","200000","19762","0.09881","314","357"
"1","10","5","25","25","3","300000","26868","0.08956","262","300"
"3","10","5","25","25","3","300000","29625","0.09875","233","261"
"2","10","5","25","25","3","300000","30214","0.10071333333333334","244","289"
"3","10","5","25","25","4","400000","39340","0.09835","198","232"
"1","10","5","25","25","4","400000","37093","0.0927325","222","265"
"2","10","5","25","25","4","400000","40463","0.1011575","182","235"
"3","10","5","25","25","5","500000","49009","0.098018","175","216"
"2","10","5","25","25","5","500000","50247","0.100494","159","206"
"1","10","5","25","25","5","500000","46768","0.093536","191","240"
"3","10","5","25","25","6","600000","57609","0.096015","143","193"
"2","10","5","25","25","6","600000","59489","0.09914833333333334","145","190"
"1","10","5","25","25","6","600000","56318","0.09386333333333333","144","184"
"3","10","5","25","25","7","700000","65845","0.09406428571428571","133","173"
"2","10","5","25","25","7","700000","68872","0.09838857142857142","133","176"
"1","10","5","25","25","7","700000","65202","0.09314571428571429","141","174"
"3","10","5","25","25","8","800000","73790","0.0922375","137","176"
"2","10","5","25","25","8","800000","77815","0.09726875","123","178"
"1","10","5","25","25","8","800000","73565","0.09195625","133","166"
"3","10","5","25","25","9","900000","81499","0.09055444444444445","109","138"
"2","10","5","25","25","9","900000","86745","0.09638333333333333","100","141"
"1","10","5","25","25","9","900000","81933","0.09103666666666667","118","164"
"3","10","5","25","25","10","1000000","89364","0.089364","112","141"
"2","10","5","25","25","10","1000000","95295","0.095295","95","141"
"1","10","5","25","25","10","1000000","90256","0.090256","111","144"
"3","10","5","25","25","11","1100000","96968","0.08815272727272727","101","124"
"2","10","5","25","25","11","1100000","103750","0.09431818181818181","87","127"
"1","10","5","25","25","11","1100000","98592","0.08962909090909091","110","142"
"3","10","5","25","25","12","1200000","103252","0.08604333333333333","90","123"
"2","10","5","25","25","12","1200000","111814","0.09317833333333334","63","100"
"1","10","5","25","25","12","1200000","107203","0.08933583333333334","110","145"
"3","10","5","25","25","13","1300000","109530","0.08425384615384615","85","114"
"2","10","5","25","25","13","1300000","118384","0.09106461538461538","66","96"
"1","10","5","25","25","13","1300000","115986","0.08922","90","126"
"3","10","5","25","25","14","1400000","115309","0.08236357142857142","71","94"
"2","10","5","25","25","14","1400000","125285","0.08948928571428572","61","92"
"1","10","5","25","25","14","1400000","124324","0.08880285714285714","92","138"
"3","10","5","25","25","15","1500000","120718","0.08047866666666667","66","89"
"2","10","5","25","25","15","1500000","131243","0.08749533333333333","52","78"
"1","10","5","25","25","15","1500000","132736","0.08849066666666666","86","121"
"3","10","5","25","25","16","1600000","125811","0.078631875","66","83"
"2","10","5","25","25","16","1600000","137160","0.085725","49","90"
"1","10","5","25","25","16","1600000","141112","0.088195","77","117"
"3","10","5","25","25","17","1700000","131251","0.0772064705882353","68","83"
"2","10","5","25","25","17","1700000","142459","0.08379941176470589","35","52"
"1","10","5","25","25","17","1700000","149128","0.08772235294117647","63","105"
"3","10","5","25","25","18","1800000","136990","0.07610555555555555","63","83"
"2","10","5","25","25","18","1800000","147843","0.082135","32","55"
"1","10","5","25","25","18","1800000","156313","0.08684055555555556","46","75"
"3","10","5","25","25","19","1900000","142196","0.07484","54","76"
"2","10","5","25","25","19","1900000","152660","0.08034736842105263","31","49"
"1","10","5","25","25","19","1900000","163184","0.08588631578947369","46","83"
"3","10","5","25","25","20","2000000","147055","0.0735275","49","72"
"2","10","5","25","25","20","2000000","157306","0.078653","29","50"
"3","10","5","25","25","21","2100000","150955","0.07188333333333333","43","54"
"1","10","5","25","25","20","2000000","169438","0.084719","47","78"
"2","10","5","25","25","21","2100000","162005","0.0771452380952381","29","55"
"3","10","5","25","25","22","2200000","154920","0.07041818181818182","45","66"
"1","10","5","25","25","21","2100000","175520","0.08358095238095238","45","81"
"2","10","5","25","25","22","2200000","166282","0.07558272727272727","29","41"
"3","10","5","25","25","23","2300000","158563","0.0689404347826087","40","54"
"1","10","5","25","25","22","2200000","181015","0.08227954545454545","36","64"
"2","10","5","25","25","23","2300000","170306","0.07404608695652173","24","44"
"3","10","5","25","25","24","2400000","162342","0.0676425","37","50"
"1","10","5","25","25","23","2300000","185940","0.08084347826086956","34","53"
"2","10","5","25","25","24","2400000","174217","0.07259041666666667","22","38"
"3","10","5","25","25","25","2500000","165968","0.0663872","47","61"
"1","10","5","25","25","24","2400000","190971","0.07957125","39","55"
"2","10","5","25","25","25","2500000","178113","0.0712452","21","33"
"3","10","5","25","25","26","2600000","169683","0.06526269230769231","42","59"
"1","10","5","25","25","25","2500000","196460","0.078584","37","51"
"2","10","5","25","25","26","2600000","182234","0.07009","21","37"
"3","10","5","25","25","27","2700000","172951","0.06405592592592593","37","49"
"2","10","5","25","25","27","2700000","185904","0.06885333333333334","25","50"
"1","10","5","25","25","26","2600000","201929","0.077665","33","54"
"3","10","5","25","25","28","2800000","176013","0.06286178571428572","37","50"
"2","10","5","25","25","28","2800000","189356","0.06762714285714286","22","43"
"1","10","5","25","25","27","2700000","206814","0.07659777777777778","31","52"
"3","10","5","25","25","29","2900000","178752","0.06163862068965517","33","44"
"2","10","5","25","25","29","2900000","192816","0.06648827586206897","23","41"
"1","10","5","25","25","28","2800000","211864","0.07566571428571428","34","55"
"3","10","5","25","25","30","3000000","181443","0.060481","32","47"
"2","10","5","25","25","30","3000000","195956","0.06531866666666666","24","35"
"1","10","5","25","25","29","2900000","216840","0.07477241379310345","32","55"
"3","10","5","25","25","31","3100000","184055","0.059372580645161294","30","48"
"2","10","5","25","25","31","3100000","199080","0.06421935483870968","23","42"
"1","10","5","25","25","30","3000000","221869","0.07395633333333333","30","41"
"3","10","5","25","25","32","3200000","186200","0.0581875","32","46"
"2","10","5","25","25","32","3200000","202509","0.0632840625","21","40"
"1","10","5","25","25","31","3100000","226964","0.0732141935483871","23","39"
"3","10","5","25","25","33","3300000","188289","0.05705727272727273","29","39"
"2","10","5","25","25","33","3300000","205939","0.06240575757575757","17","27"
"3","10","5","25","25","34","3400000","190337","0.05598147058823529","31","40"
"1","10","5","25","25","32","3200000","231969","0.0724903125","27","48"
"2","10","5","25","25","34","3400000","209417","0.06159323529411765","21","30"
"3","10","5","25","25","35","3500000","192138","0.054896571428571427","26","39"
"1","10","5","25","25","33","3300000","236438","0.07164787878787879","24","49"
"2","10","5","25","25","35","3500000","212975","0.06085","21","33"
"3","10","5","25","25","36","3600000","194203","0.05394527777777778","30","44"
"1","10","5","25","25","34","3400000","240762","0.07081235294117647","21","35"
"2","10","5","25","25","36","3600000","216268","0.060074444444444444","18","25"
"3","10","5","25","25","37","3700000","196688","0.05315891891891892","28","40"
"1","10","5","25","25","35","3500000","244834","0.06995257142857143","19","31"
"2","10","5","25","25","37","3700000","219790","0.0594027027027027","17","25"
"3","10","5","25","25","38","3800000","198802","0.05231631578947368","30","38"
"1","10","5","25","25","36","3600000","248611","0.06905861111111111","19","29"
"2","10","5","25","25","38","3800000","223456","0.05880421052631579","17","28"
"3","10","5","25","25","39","3900000","201319","0.05162025641025641","29","43"
"1","10","5","25","25","37","3700000","252027","0.06811540540540541","18","25"
"2","10","5","25","25","39","3900000","227107","0.058232564102564104","14","23"
"3","10","5","25","25","40","4000000","203692","0.050923","27","37"
"1","10","5","25","25","38","3800000","255459","0.06722605263157895","17","26"
"2","10","5","25","25","40","4000000","230800","0.0577","16","28"
"3","10","5","25","25","41","4100000","206238","0.0503019512195122","31","40"
"1","10","5","25","25","39","3900000","258991","0.06640794871794872","20","30"
"2","10","5","25","25","41","4100000","234876","0.057286829268292684","14","30"
"3","10","5","25","25","42","4200000","208615","0.049670238095238094","30","45"
"1","10","5","25","25","40","4000000","262727","0.06568175","17","30"
"3","10","5","25","25","43","4300000","210885","0.04904302325581395","30","42"
"2","10","5","25","25","42","4200000","238666","0.056825238095238095","15","29"
"1","10","5","25","25","41","4100000","266084","0.06489853658536586","16","24"
"3","10","5","25","25","44","4400000","213008","0.04841090909090909","31","46"
"2","10","5","25","25","43","4300000","242261","0.056339767441860464","16","33"
"1","10","5","25","25","42","4200000","269246","0.06410619047619047","14","24"
"3","10","5","25","25","45","4500000","215334","0.047852","32","47"
"2","10","5","25","25","44","4400000","245909","0.05588840909090909","17","27"
"1","10","5","25","25","43","4300000","272096","0.06327813953488372","11","14"
"3","10","5","25","25","46","4600000","217772","0.04734173913043478","29","40"
"2","10","5","25","25","45","4500000","249415","0.055425555555555554","16","29"
"1","10","5","25","25","44","4400000","274912","0.06248","11","17"
"3","10","5","25","25","47","4700000","219817","0.04676957446808511","26","42"
"2","10","5","25","25","46","4600000","252714","0.05493782608695652","15","30"
"1","10","5","25","25","45","4500000","277778","0.06172844444444445","10","13"
"3","10","5","25","25","48","4800000","222156","0.0462825","28","40"
"2","10","5","25","25","47","4700000","255923","0.054451702127659575","15","19"
"1","10","5","25","25","46","4600000","280671","0.06101543478260869","11","13"
"3","10","5","25","25","49","4900000","224724","0.045862040816326534","26","42"
"2","10","5","25","25","48","4800000","258329","0.053818541666666664","12","17"
"1","10","5","25","25","47","4700000","283466","0.06031191489361702","10","12"
"3","10","5","25","25","50","5000000","226992","0.0453984","28","35"
"2","10","5","25","25","49","4900000","260699","0.053203877551020407","11","19"
"1","10","5","25","25","48","4800000","285964","0.059575833333333335","10","14"
"3","10","5","25","25","51","5100000","229417","0.04498372549019608","27","41"
"2","10","5","25","25","50","5000000","262759","0.0525518","10","14"
"1","10","5","25","25","49","4900000","288114","0.058798775510204085","9","12"
"3","10","5","25","25","52","5200000","231778","0.044572692307692306","26","43"
"2","10","5","25","25","51","5100000","264996","0.05196","11","16"
"1","10","5","25","25","50","5000000","289990","0.057998","8","9"
"3","10","5","25","25","53","5300000","234117","0.044173018867924525","26","41"
"2","10","5","25","25","52","5200000","267246","0.05139346153846154","13","23"
"1","10","5","25","25","51","5100000","291965","0.057248039215686275","8","12"
"3","10","5","25","25","54","5400000","236472","0.043791111111111114","29","39"
"2","10","5","25","25","53","5300000","269399","0.05083","12","23"
"1","10","5","25","25","52","5200000","293798","0.056499615384615384","8","10"
"3","10","5","25","25","55","5500000","238427","0.04335036363636364","28","39"
"2","10","5","25","25","54","5400000","271481","0.05027425925925926","13","20"
"1","10","5","25","25","53","5300000","295224","0.055702641509433964","9","11"
"3","10","5","25","25","56","5600000","240628","0.04296928571428572","29","38"
"2","10","5","25","25","55","5500000","273453","0.049718727272727276","12","16"
"1","10","5","25","25","54","5400000","296664","0.05493777777777778","8","18"
"3","10","5","25","25","57","5700000","242938","0.04262070175438597","28","42"
"2","10","5","25","25","56","5600000","275417","0.049181607142857145","12","14"
"1","10","5","25","25","55","5500000","297964","0.054175272727272725","8","10"
"3","10","5","25","25","58","5800000","244956","0.042233793103448276","26","31"
"2","10","5","25","25","57","5700000","277740","0.04872631578947369","10","19"
"1","10","5","25","25","56","5600000","299398","0.05346392857142857","8","12"
"3","10","5","25","25","59","5900000","246884","0.04184474576271186","27","38"
"2","10","5","25","25","58","5800000","279709","0.04822568965517241","11","17"
"1","10","5","25","25","57","5700000","300911","0.05279140350877193","8","10"
"3","10","5","25","25","60","6000000","249222","0.041537","30","43"
"2","10","5","25","25","59","5900000","281727","0.047750338983050845","11","21"
"1","10","5","25","25","58","5800000","302499","0.052155","8","9"
"3","10","5","25","25","61","6100000","251639","0.04125229508196721","28","45"
"2","10","5","25","25","60","6000000","283894","0.047315666666666666","13","20"
"1","10","5","25","25","59","5900000","303735","0.05148050847457627","7","7"
"3","10","5","25","25","62","6200000","253884","0.04094903225806452","28","41"
"2","10","5","25","25","61","6100000","285947","0.04687655737704918","11","13"
"1","10","5","25","25","60","6000000","304758","0.050793","7","7"
"3","10","5","25","25","63","6300000","256333","0.04068777777777778","29","42"
"2","10","5","25","25","62","6200000","287986","0.046449354838709676","10","13"
"1","10","5","25","25","61","6100000","305681","0.05011163934426229","7","7"
"3","10","5","25","25","64","6400000","258503","0.04039109375","29","40"
"2","10","5","25","25","63","6300000","290133","0.046052857142857145","10","16"
"1","10","5","25","25","62","6200000","306601","0.04945177419354839","7","12"
"3","10","5","25","25","65","6500000","260553","0.040085076923076925","29","48"
"2","10","5","25","25","64","6400000","292242","0.0456628125","10","14"
"1","10","5","25","25","63","6300000","307535","0.04881507936507937","7","8"
"3","10","5","25","25","66","6600000","262617","0.039790454545454546","30","46"
"2","10","5","25","25","65","6500000","294234","0.04526676923076923","13","17"
"1","10","5","25","25","64","6400000","308516","0.048205625","7","9"
"3","10","5","25","25","67","6700000","264621","0.03949567164179105","28","37"
"2","10","5","25","25","66","6600000","296272","0.04488969696969697","11","12"
"1","10","5","25","25","65","6500000","309751","0.047654","7","7"
"3","10","5","25","25","68","6800000","266889","0.039248382352941175","29","43"
"2","10","5","25","25","67","6700000","298164","0.044502089552238805","12","14"
"1","10","5","25","25","66","6600000","310922","0.04710939393939394","7","8"
"3","10","5","25","25","69","6900000","269018","0.038988115942028986","27","42"
"2","10","5","25","25","68","6800000","300190","0.04414558823529412","11","22"
"1","10","5","25","25","67","6700000","311850","0.046544776119402984","7","7"
"3","10","5","25","25","70","7000000","271118","0.03873114285714286","26","34"
"2","10","5","25","25","69","6900000","302138","0.043788115942028985","9","16"
"1","10","5","25","25","68","6800000","312815","0.04600220588235294","7","8"
"3","10","5","25","25","71","7100000","273281","0.03849028169014085","26","37"
"2","10","5","25","25","70","7000000","303719","0.04338842857142857","9","12"
"1","10","5","25","25","69","6900000","313955","0.04550072463768116","7","9"
"3","10","5","25","25","72","7200000","275607","0.03827875","28","37"
"2","10","5","25","25","71","7100000","305574","0.04303859154929578","9","12"
"1","10","5","25","25","70","7000000","314995","0.044999285714285714","7","9"
"3","10","5","25","25","73","7300000","277572","0.038023561643835614","27","36"
"2","10","5","25","25","72","7200000","307416","0.04269666666666667","9","18"
"1","10","5","25","25","71","7100000","316162","0.044529859154929574","7","12"
"3","10","5","25","25","74","7400000","279321","0.03774608108108108","29","47"
"2","10","5","25","25","73","7300000","309133","0.04234698630136986","7","12"
"3","10","5","25","25","75","7500000","280976","0.03746346666666667","28","50"
"1","10","5","25","25","72","7200000","317164","0.04405055555555556","7","8"
"2","10","5","25","25","74","7400000","310898","0.042013243243243244","7","12"
"1","10","5","25","25","73","7300000","318216","0.04359123287671233","7","9"
"3","10","5","25","25","76","7600000","283199","0.037263026315789476","27","43"
"2","10","5","25","25","75","7500000","312186","0.0416248","7","8"
"1","10","5","25","25","74","7400000","319332","0.04315297297297297","7","7"
"3","10","5","25","25","77","7700000","285385","0.03706298701298701","27","34"
"2","10","5","25","25","76","7600000","313202","0.04121078947368421","7","7"
"3","10","5","25","25","78","7800000","287574","0.03686846153846154","28","36"
"1","10","5","25","25","75","7500000","320499","0.0427332","7","10"
"2","10","5","25","25","77","7700000","314367","0.040826883116883116","7","8"
"3","10","5","25","25","79","7900000","289699","0.036670759493670886","29","46"
"1","10","5","25","25","76","7600000","321855","0.04234934210526316","7","10"
"2","10","5","25","25","78","7800000","315136","0.04040205128205128","6","7"
"3","10","5","25","25","80","8000000","291607","0.036450875","28","39"
"1","10","5","25","25","77","7700000","323040","0.041953246753246756","7","11"
"2","10","5","25","25","79","7900000","315799","0.039974556962025315","6","7"
"3","10","5","25","25","81","8100000","293541","0.03623962962962963","25","35"
"1","10","5","25","25","78","7800000","324197","0.04156371794871795","7","9"
"2","10","5","25","25","80","8000000","316400","0.03955","6","6"
"3","10","5","25","25","82","8200000","295393","0.036023536585365855","26","44"
"1","10","5","25","25","79","7900000","325100","0.04115189873417722","7","9"
"2","10","5","25","25","81","8100000","317055","0.03914259259259259","6","7"
"3","10","5","25","25","83","8300000","297276","0.03581638554216868","27","47"
"1","10","5","25","25","80","8000000","325717","0.040714625","7","8"
"2","10","5","25","25","82","8200000","317696","0.03874341463414634","6","6"
"3","10","5","25","25","84","8400000","299398","0.03564261904761905","28","44"
"1","10","5","25","25","81","8100000","326192","0.040270617283950615","7","7"
"2","10","5","25","25","83","8300000","318413","0.03836301204819277","6","7"
"3","10","5","25","25","85","8500000","301296","0.03544658823529412","26","33"
"1","10","5","25","25","82","8200000","326513","0.039818658536585366","7","7"
"2","10","5","25","25","84","8400000","319052","0.037982380952380955","6","8"
"3","10","5","25","25","86","8600000","303463","0.03528639534883721","25","39"
"1","10","5","25","25","83","8300000","326823","0.039376265060240966","7","7"
"2","10","5","25","25","85","8500000","319499","0.03758811764705882","6","6"
"3","10","5","25","25","87","8700000","305674","0.035134942528735634","26","36"
"1","10","5","25","25","84","8400000","327074","0.03893738095238095","6","6"
"4","10","5","25","25","0","0","0","0","894","900"
"2","10","5","25","25","86","8600000","320151","0.03722686046511628","6","6"
"3","10","5","25","25","88","8800000","307846","0.0349825","26","37"
"2","10","5","25","25","87","8700000","320747","0.03686747126436782","6","6"
"4","10","5","25","25","1","100000","8657","0.08657","474","496"
"3","10","5","25","25","89","8900000","310003","0.034831797752808986","27","43"
"2","10","5","25","25","88","8800000","321365","0.03651875","6","7"
"4","10","5","25","25","2","200000","19694","0.09847","341","384"
"3","10","5","25","25","90","9000000","312296","0.03469955555555555","27","39"
"2","10","5","25","25","89","8900000","322145","0.03619606741573034","6","7"
"4","10","5","25","25","3","300000","31664","0.10554666666666666","265","313"
"3","10","5","25","25","91","9100000","314334","0.034542197802197805","26","40"
"2","10","5","25","25","90","9000000","322845","0.03587166666666667","6","7"
"4","10","5","25","25","4","400000","43591","0.1089775","220","271"
"3","10","5","25","25","92","9200000","316247","0.034374673913043476","25","41"
"2","10","5","25","25","91","9100000","323567","0.03555681318681319","6","7"
"4","10","5","25","25","5","500000","54993","0.109986","174","226"
"3","10","5","25","25","93","9300000","318030","0.034196774193548385","24","33"
"2","10","5","25","25","92","9200000","324202","0.03523934782608696","6","6"
"4","10","5","25","25","6","600000","66292","0.11048666666666666","142","186"
"3","10","5","25","25","94","9400000","320134","0.034056808510638296","26","41"
"2","10","5","25","25","93","9300000","324895","0.03493494623655914","6","6"
"3","10","5","25","25","95","9500000","322139","0.03390936842105263","25","39"
"2","10","5","25","25","94","9400000","325497","0.034627340425531915","6","7"
"4","10","5","25","25","7","700000","76425","0.10917857142857143","124","180"
"2","10","5","25","25","95","9500000","326214","0.03433831578947368","6","7"
"3","10","5","25","25","96","9600000","324152","0.033765833333333335","25","37"
"4","10","5","25","25","8","800000","86438","0.1080475","104","150"
"3","10","5","25","25","97","9700000","326169","0.03362567010309278","23","31"
"2","10","5","25","25","96","9600000","326671","0.03402822916666667","6","7"
"4","10","5","25","25","9","900000","95592","0.10621333333333334","101","145"
"2","10","5","25","25","97","9700000","327115","0.03372319587628866","6","7"
"3","10","5","25","25","98","9800000","328203","0.03349010204081632","22","33"
"4","10","5","25","25","10","1000000","104397","0.104397","95","149"
"2","10","5","25","25","98","9800000","327153","0.03338295918367347","5","5"
"5","10","5","25","25","0","0","0","0","892","900"
"3","10","5","25","25","99","9900000","330207","0.033354242424242425","20","24"
"4","10","5","25","25","11","1100000","112759","0.10250818181818182","84","123"
"3","10","5","25","25","100","10000000","332114","0.0332114","20","29"
"5","10","5","25","25","1","100000","8672","0.08672","444","464"
"4","10","5","25","25","12","1200000","121022","0.10085166666666667","73","109"
"3","10","5","25","25","101","10100000","334157","0.03308485148514852","20","24"
"5","10","5","25","25","2","200000","18936","0.09468","272","311"
"4","10","5","25","25","13","1300000","128887","0.09914384615384615","63","98"
"3","10","5","25","25","102","10200000","336040","0.032945098039215685","20","26"
"5","10","5","25","25","3","300000","28309","0.09436333333333333","207","239"
"3","10","5","25","25","103","10300000","337659","0.03278242718446602","20","28"
"4","10","5","25","25","14","1400000","135956","0.09711142857142857","64","115"
"5","10","5","25","25","4","400000","37699","0.0942475","172","211"
"3","10","5","25","25","104","10400000","339501","0.03264432692307692","20","28"
"4","10","5","25","25","15","1500000","143041","0.09536066666666666","49","80"
"5","10","5","25","25","5","500000","47095","0.09419","158","194"
"3","10","5","25","25","105","10500000","341356","0.03251009523809524","19","26"
"4","10","5","25","25","16","1600000","149520","0.09345","54","88"
"5","10","5","25","25","6","600000","56303","0.09383833333333333","141","188"
"3","10","5","25","25","106","10600000","343156","0.03237320754716981","19","23"
"4","10","5","25","25","17","1700000","155588","0.09152235294117647","42","71"
"5","10","5","25","25","7","700000","65327","0.09332428571428572","143","187"
"3","10","5","25","25","107","10700000","344831","0.032227196261682245","20","22"
"4","10","5","25","25","18","1800000","161610","0.08978333333333334","46","83"
"5","10","5","25","25","8","800000","74028","0.092535","125","173"
"3","10","5","25","25","108","10800000","346342","0.0320687037037037","19","22"
"4","10","5","25","25","19","1900000","167487","0.08815105263157895","49","88"
"5","10","5","25","25","9","900000","82565","0.09173888888888888","104","148"
"3","10","5","25","25","109","10900000","347575","0.031887614678899084","19","24"
"4","10","5","25","25","20","2000000","173410","0.086705","49","78"
"5","10","5","25","25","10","1000000","90739","0.090739","110","150"
"3","10","5","25","25","110","11000000","348858","0.03171436363636364","19","23"
"4","10","5","25","25","21","2100000","179526","0.08548857142857143","46","80"
"3","10","5","25","25","111","11100000","350010","0.03153243243243243","19","26"
"5","10","5","25","25","11","1100000","100105","0.09100454545454545","111","163"
"4","10","5","25","25","22","2200000","185616","0.0843709090909091","46","78"
"3","10","5","25","25","112","11200000","351361","0.03137151785714286","19","22"
"5","10","5","25","25","12","1200000","109030","0.09085833333333333","109","157"
"3","10","5","25","25","113","11300000","352439","0.03118929203539823","19","21"
"4","10","5","25","25","23","2300000","191780","0.08338260869565217","43","59"
"5","10","5","25","25","13","1300000","117562","0.09043230769230769","103","147"
"3","10","5","25","25","114","11400000","353502","0.031008947368421053","19","27"
"4","10","5","25","25","24","2400000","197328","0.08222","38","64"
"5","10","5","25","25","14","1400000","126712","0.09050857142857142","94","148"
"3","10","5","25","25","115","11500000","354715","0.03084478260869565","19","23"
"4","10","5","25","25","25","2500000","202820","0.081128","39","69"
"5","10","5","25","25","15","1500000","135326","0.09021733333333333","92","127"
"3","10","5","25","25","116","11600000","355936","0.030684137931034482","19","23"
"4","10","5","25","25","26","2600000","208118","0.08004538461538462","36","56"
"5","10","5","25","25","16","1600000","143807","0.089879375","91","132"
"3","10","5","25","25","117","11700000","357308","0.0305391452991453","19","22"
"4","10","5","25","25","27","2700000","213311","0.07900407407407407","36","56"
"5","10","5","25","25","17","1700000","152307","0.08959235294117647","84","117"
"3","10","5","25","25","118","11800000","358823","0.030408728813559324","20","28"
"4","10","5","25","25","28","2800000","218072","0.07788285714285714","32","58"
"5","10","5","25","25","18","1800000","160503","0.08916833333333334","75","102"
"3","10","5","25","25","119","11900000","360351","0.030281596638655463","19","22"
"4","10","5","25","25","29","2900000","222603","0.07675965517241379","32","57"
"3","10","5","25","25","120","12000000","361863","0.03015525","19","26"
"5","10","5","25","25","19","1900000","168984","0.08893894736842105","76","116"
"4","10","5","25","25","30","3000000","226855","0.07561833333333333","34","52"
"3","10","5","25","25","121","12100000","363388","0.03003206611570248","20","23"
"5","10","5","25","25","20","2000000","177157","0.0885785","61","111"
"4","10","5","25","25","31","3100000","231115","0.07455322580645161","32","50"
"3","10","5","25","25","122","12200000","364896","0.02990950819672131","20","23"
"5","10","5","25","25","21","2100000","184531","0.08787190476190476","62","100"
"4","10","5","25","25","32","3200000","235035","0.0734484375","27","47"
"3","10","5","25","25","123","12300000","366450","0.029792682926829267","20","24"
"5","10","5","25","25","22","2200000","191910","0.08723181818181819","51","89"
"4","10","5","25","25","33","3300000","239208","0.07248727272727273","36","53"
"3","10","5","25","25","124","12400000","368004","0.02967774193548387","20","22"
"5","10","5","25","25","23","2300000","198793","0.08643173913043478","57","76"
"3","10","5","25","25","125","12500000","369443","0.02955544","19","29"
"4","10","5","25","25","34","3400000","243231","0.07153852941176471","26","53"
"5","10","5","25","25","24","2400000","205216","0.08550666666666666","47","79"
"3","10","5","25","25","126","12600000","371401","0.02947626984126984","18","22"
"4","10","5","25","25","35","3500000","247212","0.070632","27","43"
"5","10","5","25","25","25","2500000","211658","0.0846632","45","73"
"3","10","5","25","25","127","12700000","373101","0.02937803149606299","18","22"
"4","10","5","25","25","36","3600000","251138","0.06976055555555556","24","49"
"5","10","5","25","25","26","2600000","218327","0.08397192307692308","47","81"
"3","10","5","25","25","128","12800000","374711","0.029274296875","18","19"
"4","10","5","25","25","37","3700000","254815","0.06886891891891891","25","44"
"5","10","5","25","25","27","2700000","225238","0.08342148148148149","46","74"
"3","10","5","25","25","129","12900000","376428","0.02918046511627907","18","22"
"4","10","5","25","25","38","3800000","258808","0.06810736842105262","18","38"
"5","10","5","25","25","28","2800000","231337","0.08262035714285715","38","52"
"3","10","5","25","25","130","13000000","378106","0.029085076923076922","19","22"
"4","10","5","25","25","39","3900000","262426","0.06728871794871795","18","36"
"5","10","5","25","25","29","2900000","236786","0.08165034482758621","31","60"
"3","10","5","25","25","131","13100000","379497","0.028969236641221374","19","23"
"4","10","5","25","25","40","4000000","265855","0.06646375","18","41"
"5","10","5","25","25","30","3000000","241486","0.08049533333333334","29","47"
"3","10","5","25","25","132","13200000","381057","0.028867954545454544","20","26"
"4","10","5","25","25","41","4100000","269411","0.06571","19","35"
"5","10","5","25","25","31","3100000","245422","0.07916838709677419","24","46"
"3","10","5","25","25","133","13300000","382677","0.028772706766917292","20","24"
"4","10","5","25","25","42","4200000","272775","0.06494642857142857","16","35"
"5","10","5","25","25","32","3200000","248662","0.077706875","24","34"
"3","10","5","25","25","134","13400000","384095","0.028663805970149253","20","28"
"4","10","5","25","25","43","4300000","276442","0.06428883720930233","16","41"
"5","10","5","25","25","33","3300000","251771","0.07629424242424243","21","35"
"3","10","5","25","25","135","13500000","385503","0.028555777777777777","20","24"
"4","10","5","25","25","44","4400000","280298","0.0637040909090909","16","41"
"3","10","5","25","25","136","13600000","386797","0.02844095588235294","20","26"
"5","10","5","25","25","34","3400000","254510","0.07485588235294117","20","27"
"4","10","5","25","25","45","4500000","284135","0.0631411111111111","15","38"
"5","10","5","25","25","35","3500000","256980","0.07342285714285714","21","32"
"3","10","5","25","25","137","13700000","388147","0.028331897810218977","18","21"
"4","10","5","25","25","46","4600000","287592","0.06252","18","35"
"3","10","5","25","25","138","13800000","389611","0.02823268115942029","18","22"
"5","10","5","25","25","36","3600000","259675","0.07213194444444444","16","23"
"4","10","5","25","25","47","4700000","291078","0.061931489361702126","16","37"
"3","10","5","25","25","139","13900000","391116","0.028137841726618706","18","21"
"5","10","5","25","25","37","3700000","262536","0.07095567567567568","14","24"
"4","10","5","25","25","48","4800000","294707","0.061397291666666666","19","35"
"3","10","5","25","25","140","14000000","392680","0.02804857142857143","19","22"
"5","10","5","25","25","38","3800000","265252","0.06980315789473684","15","25"
"4","10","5","25","25","49","4900000","298313","0.06088020408163265","16","45"
"3","10","5","25","25","141","14100000","394491","0.02797808510638298","20","26"
"5","10","5","25","25","39","3900000","267893","0.06869051282051282","15","26"
"4","10","5","25","25","50","5000000","301887","0.0603774","15","30"
"3","10","5","25","25","142","14200000","396380","0.027914084507042254","20","32"
"5","10","5","25","25","40","4000000","270448","0.067612","11","16"
"4","10","5","25","25","51","5100000","305413","0.05988490196078431","16","39"
"3","10","5","25","25","143","14300000","398235","0.0278486013986014","19","23"
"5","10","5","25","25","41","4100000","272323","0.06642024390243903","12","16"
"3","10","5","25","25","144","14400000","399762","0.02776125","18","22"
"4","10","5","25","25","52","5200000","309001","0.05942326923076923","16","30"
"5","10","5","25","25","42","4200000","274290","0.06530714285714286","10","13"
"3","10","5","25","25","145","14500000","401362","0.027680137931034483","18","23"
"4","10","5","25","25","53","5300000","312515","0.05896509433962264","17","33"
"5","10","5","25","25","43","4300000","276060","0.0642","9","11"
"3","10","5","25","25","146","14600000","403188","0.027615616438356163","18","23"
"5","10","5","25","25","44","4400000","277283","0.06301886363636364","7","7"
"4","10","5","25","25","54","5400000","316249","0.058564629629629626","16","33"
"3","10","5","25","25","147","14700000","405120","0.02755918367346939","18","23"
"5","10","5","25","25","45","4500000","278362","0.061858222222222224","7","7"
"4","10","5","25","25","55","5500000","319517","0.058094","13","25"
"3","10","5","25","25","148","14800000","406863","0.027490743243243243","20","24"
"5","10","5","25","25","46","4600000","279417","0.060742826086956525","7","10"
"4","10","5","25","25","56","5600000","322863","0.057654107142857146","14","25"
"3","10","5","25","25","149","14900000","408511","0.027416845637583894","19","19"
"5","10","5","25","25","47","4700000","280429","0.05966574468085106","7","9"
"4","10","5","25","25","57","5700000","326079","0.05720684210526316","14","23"
"3","10","5","25","25","150","15000000","409963","0.027330866666666665","19","23"
"5","10","5","25","25","48","4800000","281502","0.05864625","7","9"
"4","10","5","25","25","58","5800000","329439","0.0567998275862069","14","31"
"5","10","5","25","25","49","4900000","282456","0.05764408163265306","7","8"
"3","10","5","25","25","151","15100000","411486","0.027250728476821192","19","23"
"4","10","5","25","25","59","5900000","332786","0.056404406779661014","13","30"
"5","10","5","25","25","50","5000000","283437","0.0566874","7","10"
"3","10","5","25","25","152","15200000","413084","0.02717657894736842","20","24"
"4","10","5","25","25","60","6000000","335908","0.05598466666666667","13","25"
"5","10","5","25","25","51","5100000","284594","0.055802745098039216","7","8"
"3","10","5","25","25","153","15300000","414711","0.027105294117647057","19","19"
"4","10","5","25","25","61","6100000","338724","0.055528524590163934","13","22"
"5","10","5","25","25","52","5200000","285716","0.05494538461538462","7","12"
"3","10","5","25","25","154","15400000","416109","0.027020064935064935","19","20"
"4","10","5","25","25","62","6200000","341660","0.05510645161290323","13","23"
"5","10","5","25","25","53","5300000","286754","0.05410452830188679","6","10"
"3","10","5","25","25","155","15500000","417766","0.026952645161290322","19","23"
"4","10","5","25","25","63","6300000","344930","0.054750793650793654","13","24"
"5","10","5","25","25","54","5400000","287780","0.05329259259259259","6","9"
"3","10","5","25","25","156","15600000","419346","0.026881153846153846","19","23"
"4","10","5","25","25","64","6400000","347892","0.054358125","13","28"
"5","10","5","25","25","55","5500000","288308","0.05241963636363636","6","8"
"3","10","5","25","25","157","15700000","420994","0.026814904458598725","19","22"
"4","10","5","25","25","65","6500000","351007","0.05400107692307692","13","27"
"5","10","5","25","25","56","5600000","288557","0.051528035714285714","6","6"
"3","10","5","25","25","158","15800000","422699","0.026753101265822785","19","23"
"5","10","5","25","25","57","5700000","288765","0.050660526315789475","6","6"
"4","10","5","25","25","66","6600000","354185","0.05366439393939394","13","26"
"3","10","5","25","25","159","15900000","424553","0.026701446540880504","19","23"
"5","10","5","25","25","58","5800000","288771","0.04978810344827586","5","5"
"6","10","5","25","25","0","0","0","0","891","900"
"4","10","5","25","25","67","6700000","357454","0.05335134328358209","14","29"
"3","10","5","25","25","160","16000000","425982","0.026623875","19","24"
"6","10","5","25","25","1","100000","8210","0.0821","453","476"
"3","10","5","25","25","161","16100000","427282","0.026539254658385095","19","21"
"4","10","5","25","25","68","6800000","360509","0.053016029411764705","14","26"
"3","10","5","25","25","162","16200000","428599","0.02645672839506173","18","19"
"6","10","5","25","25","2","200000","19306","0.09653","342","390"
"4","10","5","25","25","69","6900000","363683","0.05270768115942029","14","28"
"3","10","5","25","25","163","16300000","429897","0.026374049079754602","18","20"
"4","10","5","25","25","70","7000000","366941","0.05242014285714286","14","38"
"6","10","5","25","25","3","300000","30843","0.10281","251","283"
"3","10","5","25","25","164","16400000","431419","0.026306036585365854","18","24"
"4","10","5","25","25","71","7100000","370161","0.05213535211267606","14","33"
"6","10","5","25","25","4","400000","42173","0.1054325","201","246"
"3","10","5","25","25","165","16500000","432793","0.026229878787878788","19","25"
"4","10","5","25","25","72","7200000","373542","0.051880833333333334","14","28"
"6","10","5","25","25","5","500000","52752","0.105504","150","190"
"3","10","5","25","25","166","16600000","433887","0.02613777108433735","18","22"
"4","10","5","25","25","73","7300000","376629","0.05159301369863014","14","27"
"6","10","5","25","25","6","600000","62998","0.10499666666666667","136","177"
"3","10","5","25","25","167","16700000","434755","0.02603323353293413","19","24"
"4","10","5","25","25","74","7400000","379487","0.05128202702702703","13","23"
"6","10","5","25","25","7","700000","72747","0.10392428571428572","105","149"
"3","10","5","25","25","168","16800000","435692","0.02593404761904762","19","23"
"4","10","5","25","25","75","7500000","382237","0.05096493333333333","14","23"
"6","10","5","25","25","8","800000","81964","0.102455","110","148"
"3","10","5","25","25","169","16900000","436717","0.025841242603550297","19","25"
"4","10","5","25","25","76","7600000","385104","0.05067157894736842","13","26"
"3","10","5","25","25","170","17000000","437748","0.025749882352941178","20","23"
"6","10","5","25","25","9","900000","90703","0.10078111111111111","88","136"
"4","10","5","25","25","77","7700000","387896","0.0503761038961039","13","26"
"3","10","5","25","25","171","17100000","438843","0.025663333333333333","19","24"
"6","10","5","25","25","10","1000000","98605","0.098605","74","104"
"4","10","5","25","25","78","7800000","390699","0.050089615384615385","12","21"
"3","10","5","25","25","172","17200000","439903","0.02557575581395349","18","21"
"6","10","5","25","25","11","1100000","106430","0.09675454545454545","76","114"
"4","10","5","25","25","79","7900000","393653","0.04982949367088608","14","19"
"3","10","5","25","25","173","17300000","441129","0.02549878612716763","19","22"
"6","10","5","25","25","12","1200000","113646","0.094705","63","90"
"4","10","5","25","25","80","8000000","396522","0.04956525","12","22"
"3","10","5","25","25","174","17400000","442311","0.025420172413793102","18","20"
"6","10","5","25","25","13","1300000","120271","0.09251615384615385","57","90"
"4","10","5","25","25","81","8100000","399322","0.04929901234567901","12","21"
"3","10","5","25","25","175","17500000","443454","0.02534022857142857","18","21"
"6","10","5","25","25","14","1400000","126625","0.09044642857142857","61","88"
"4","10","5","25","25","82","8200000","401865","0.04900792682926829","13","22"
"3","10","5","25","25","176","17600000","444573","0.025259829545454547","19","21"
"6","10","5","25","25","15","1500000","132976","0.08865066666666667","44","65"
"4","10","5","25","25","83","8300000","404606","0.048747710843373496","12","19"
"3","10","5","25","25","177","17700000","445666","0.025178870056497174","19","21"
"6","10","5","25","25","16","1600000","138878","0.08679875","46","66"
"3","10","5","25","25","178","17800000","446518","0.025085280898876405","19","22"
"4","10","5","25","25","84","8400000","407233","0.04848011904761905","12","13"
"6","10","5","25","25","17","1700000","144378","0.08492823529411765","42","68"
"3","10","5","25","25","179","17900000","447624","0.025006927374301675","19","22"
"4","10","5","25","25","85","8500000","409935","0.04822764705882353","12","19"
"6","10","5","25","25","18","1800000","150050","0.08336111111111111","43","56"
"3","10","5","25","25","180","18000000","449141","0.024952277777777778","19","22"
"4","10","5","25","25","86","8600000","412642","0.04798162790697674","12","16"
"3","10","5","25","25","181","18100000","450557","0.024892651933701656","19","25"
"6","10","5","25","25","19","1900000","155492","0.08183789473684211","38","67"
"4","10","5","25","25","87","8700000","415543","0.04776356321839081","12","21"
"3","10","5","25","25","182","18200000","451862","0.024827582417582417","20","21"
"6","10","5","25","25","20","2000000","161204","0.080602","46","71"
"4","10","5","25","25","88","8800000","418663","0.04757534090909091","12","24"
"3","10","5","25","25","183","18300000","453208","0.024765464480874317","19","26"
"6","10","5","25","25","21","2100000","167120","0.07958095238095238","44","67"
"4","10","5","25","25","89","8900000","421519","0.047361685393258426","12","19"
"3","10","5","25","25","184","18400000","454511","0.024701684782608695","19","26"
"6","10","5","25","25","22","2200000","173399","0.07881772727272728","38","70"
"4","10","5","25","25","90","9000000","423590","0.047065555555555555","10","13"
"3","10","5","25","25","185","18500000","455713","0.024633135135135136","18","21"
"4","10","5","25","25","91","9100000","425483","0.046756373626373623","10","13"
"6","10","5","25","25","23","2300000","179709","0.07813434782608696","36","56"
"3","10","5","25","25","186","18600000","456732","0.024555483870967742","19","21"
"4","10","5","25","25","92","9200000","427626","0.04648108695652174","10","15"
"6","10","5","25","25","24","2400000","185102","0.07712583333333334","32","64"
"3","10","5","25","25","187","18700000","458104","0.024497540106951873","19","20"
"4","10","5","25","25","93","9300000","429486","0.04618129032258064","10","13"
"6","10","5","25","25","25","2500000","190678","0.0762712","40","76"
"3","10","5","25","25","188","18800000","459211","0.024426117021276596","18","20"
"4","10","5","25","25","94","9400000","431414","0.04589510638297872","10","17"
"6","10","5","25","25","26","2600000","195642","0.07524692307692307","30","61"
"3","10","5","25","25","189","18900000","460431","0.024361428571428572","18","21"
"4","10","5","25","25","95","9500000","433501","0.04563168421052632","10","11"
"6","10","5","25","25","27","2700000","200353","0.07420481481481482","29","63"
"3","10","5","25","25","190","19000000","461506","0.02428978947368421","18","21"
"4","10","5","25","25","96","9600000","435651","0.0453803125","10","13"
"6","10","5","25","25","28","2800000","204669","0.07309607142857143","29","56"
"3","10","5","25","25","191","19100000","462655","0.024222774869109946","18","21"
"4","10","5","25","25","97","9700000","437720","0.04512577319587629","10","15"
"6","10","5","25","25","29","2900000","208919","0.07204103448275861","26","58"
"3","10","5","25","25","192","19200000","463743","0.02415328125","19","19"
"4","10","5","25","25","98","9800000","439927","0.044890510204081635","10","13"
"6","10","5","25","25","30","3000000","213530","0.07117666666666667","24","48"
"3","10","5","25","25","193","19300000","464975","0.0240919689119171","19","21"
"4","10","5","25","25","99","9900000","442160","0.044662626262626265","10","15"
"6","10","5","25","25","31","3100000","218439","0.0704641935483871","25","41"
"3","10","5","25","25","194","19400000","466238","0.024032886597938143","19","24"
"4","10","5","25","25","100","10000000","444744","0.0444744","10","17"
"3","10","5","25","25","195","19500000","467543","0.023976564102564102","19","21"
"6","10","5","25","25","32","3200000","223262","0.069769375","23","48"
"4","10","5","25","25","101","10100000","447132","0.04427049504950495","10","15"
"3","10","5","25","25","196","19600000","468733","0.023914948979591837","19","24"
"6","10","5","25","25","33","3300000","227862","0.06904909090909091","23","42"
"4","10","5","25","25","102","10200000","449632","0.04408156862745098","10","18"
"3","10","5","25","25","197","19700000","469883","0.023851928934010152","18","18"
"6","10","5","25","25","34","3400000","232609","0.06841441176470588","23","32"
"4","10","5","25","25","103","10300000","451652","0.043849708737864077","10","15"
"3","10","5","25","25","198","19800000","470776","0.023776565656565656","17","18"
"6","10","5","25","25","35","3500000","237027","0.067722","25","42"
"3","10","5","25","25","199","19900000","471736","0.023705326633165828","17","18"
"4","10","5","25","25","104","10400000","454011","0.04365490384615384","10","22"
"6","10","5","25","25","36","3600000","241189","0.06699694444444444","27","47"
"3","10","5","25","25","200","20000000","472645","0.02363225","17","20"
"4","10","5","25","25","105","10500000","456294","0.04345657142857143","10","21"
"6","10","5","25","25","37","3700000","245751","0.0664191891891892","23","47"
"3","10","5","25","25","201","20100000","473592","0.02356179104477612","17","19"
"4","10","5","25","25","106","10600000","458971","0.043299150943396224","10","22"
"6","10","5","25","25","38","3800000","249873","0.06575605263157895","21","38"
"3","10","5","25","25","202","20200000","474497","0.023489950495049504","17","20"
"4","10","5","25","25","107","10700000","461676","0.04314728971962617","10","21"
"6","10","5","25","25","39","3900000","254267","0.06519666666666667","19","38"
"3","10","5","25","25","203","20300000","475281","0.02341285714285714","17","18"
"4","10","5","25","25","108","10800000","463733","0.04293824074074074","10","19"
"6","10","5","25","25","40","4000000","258952","0.064738","19","40"
"3","10","5","25","25","204","20400000","476076","0.023337058823529412","17","20"
"4","10","5","25","25","109","10900000","465734","0.04272788990825688","10","18"
"6","10","5","25","25","41","4100000","262978","0.0641409756097561","18","24"
"3","10","5","25","25","205","20500000","476958","0.023266243902439025","17","20"
"4","10","5","25","25","110","11000000","467822","0.04252927272727273","10","16"
"6","10","5","25","25","42","4200000","266308","0.06340666666666667","14","34"
"3","10","5","25","25","206","20600000","477688","0.02318873786407767","17","17"
"4","10","5","25","25","111","11100000","469773","0.042321891891891894","10","16"
"6","10","5","25","25","43","4300000","269678","0.06271581395348837","14","24"
"3","10","5","25","25","207","20700000","478586","0.023120096618357486","17","19"
"4","10","5","25","25","112","11200000","471845","0.042129017857142854","10","17"
"6","10","5","25","25","44","4400000","272992","0.06204363636363636","13","25"
"3","10","5","25","25","208","20800000","479358","0.023046057692307692","17","18"
"4","10","5","25","25","113","11300000","473815","0.04193053097345133","10","13"
"6","10","5","25","25","45","4500000","276048","0.061344","14","21"
"3","10","5","25","25","209","20900000","480171","0.02297468899521531","17","17"
"4","10","5","25","25","114","11400000","475771","0.04173429824561403","10","14"
"6","10","5","25","25","46","4600000","279036","0.06066","11","16"
"3","10","5","25","25","210","21000000","480915","0.022900714285714285","17","19"
"4","10","5","25","25","115","11500000","477850","0.04155217391304348","10","16"
"6","10","5","25","25","47","4700000","281776","0.059952340425531915","11","15"
"3","10","5","25","25","211","21100000","481594","0.02282436018957346","17","17"
"4","10","5","25","25","116","11600000","479607","0.04134543103448276","10","13"
"6","10","5","25","25","48","4800000","284190","0.05920625","11","13"
"3","10","5","25","25","212","21200000","482295","0.022749764150943395","17","17"
"4","10","5","25","25","117","11700000","481543","0.04115752136752137","10","14"
"6","10","5","25","25","49","4900000","286704","0.058511020408163264","11","17"
"3","10","5","25","25","213","21300000","483065","0.022679107981220657","17","18"
"4","10","5","25","25","118","11800000","483390","0.04096525423728813","10","12"
"3","10","5","25","25","214","21400000","483850","0.02260981308411215","17","17"
"6","10","5","25","25","50","5000000","289262","0.0578524","11","16"
"4","10","5","25","25","119","11900000","485310","0.04078235294117647","10","17"
"3","10","5","25","25","215","21500000","484544","0.02253693023255814","17","18"
"6","10","5","25","25","51","5100000","291641","0.05718450980392157","11","21"
"4","10","5","25","25","120","12000000","487188","0.040599","10","13"
"3","10","5","25","25","216","21600000","485345","0.022469675925925924","17","17"
"6","10","5","25","25","52","5200000","294082","0.056554230769230766","11","27"
"3","10","5","25","25","217","21700000","486024","0.02239741935483871","17","17"
"4","10","5","25","25","121","12100000","489258","0.04043454545454545","10","15"
"6","10","5","25","25","53","5300000","296596","0.05596150943396226","11","16"
"3","10","5","25","25","218","21800000","486736","0.022327339449541284","17","18"
"4","10","5","25","25","122","12200000","491489","0.04028598360655738","10","16"
"6","10","5","25","25","54","5400000","298830","0.05533888888888889","11","21"
"3","10","5","25","25","219","21900000","487543","0.022262237442922373","17","20"
"4","10","5","25","25","123","12300000","493893","0.04015390243902439","10","13"
"6","10","5","25","25","55","5500000","300823","0.05469509090909091","10","16"
"3","10","5","25","25","220","22000000","488438","0.022201727272727272","17","19"
"4","10","5","25","25","124","12400000","496146","0.040011774193548386","10","16"
"6","10","5","25","25","56","5600000","302734","0.054059642857142855","9","11"
"3","10","5","25","25","221","22100000","489266","0.02213873303167421","17","21"
"6","10","5","25","25","57","5700000","304480","0.05341754385964912","8","12"
"4","10","5","25","25","125","12500000","498130","0.0398504","10","17"
"3","10","5","25","25","222","22200000","490006","0.022072342342342344","17","18"
"6","10","5","25","25","58","5800000","306188","0.05279103448275862","8","11"
"4","10","5","25","25","126","12600000","500085","0.03968928571428571","10","12"
"3","10","5","25","25","223","22300000","490795","0.022008744394618834","17","17"
"6","10","5","25","25","59","5900000","307892","0.052185084745762715","8","10"
"4","10","5","25","25","127","12700000","501906","0.03952015748031496","10","12"
"3","10","5","25","25","224","22400000","491638","0.021948125","17","18"
"6","10","5","25","25","60","6000000","309343","0.05155716666666667","8","13"
"4","10","5","25","25","128","12800000","503810","0.03936015625","10","14"
"3","10","5","25","25","225","22500000","492467","0.021887422222222223","18","20"
"6","10","5","25","25","61","6100000","310877","0.05096344262295082","8","11"
"4","10","5","25","25","129","12900000","505433","0.039180852713178296","10","13"
"3","10","5","25","25","226","22600000","493465","0.021834734513274338","18","20"
"6","10","5","25","25","62","6200000","312049","0.050330483870967745","7","7"
"4","10","5","25","25","130","13000000","507053","0.039004076923076926","10","12"
"3","10","5","25","25","227","22700000","494433","0.021781189427312775","17","17"
"6","10","5","25","25","63","6300000","313086","0.04969619047619048","7","7"
"4","10","5","25","25","131","13100000","508455","0.038813358778625955","10","10"
"3","10","5","25","25","228","22800000","495363","0.021726447368421054","17","19"
"6","10","5","25","25","64","6400000","314232","0.04909875","7","8"
"4","10","5","25","25","132","13200000","509772","0.03861909090909091","10","13"
"3","10","5","25","25","229","22900000","496097","0.02166362445414847","17","17"
"6","10","5","25","25","65","6500000","315191","0.04849092307692308","7","8"
"4","10","5","25","25","133","13300000","510954","0.0384175939849624","10","18"
"3","10","5","25","25","230","23000000","496746","0.021597652173913042","17","17"
"6","10","5","25","25","66","6600000","316067","0.04788893939393939","7","8"
"4","10","5","25","25","134","13400000","512162","0.0382210447761194","10","13"
"3","10","5","25","25","231","23100000","497532","0.021538181818181817","17","17"
"6","10","5","25","25","67","6700000","317096","0.04732776119402985","7","9"
"4","10","5","25","25","135","13500000","513296","0.038021925925925924","10","13"
"3","10","5","25","25","232","23200000","498314","0.021479051724137933","17","22"
"6","10","5","25","25","68","6800000","317868","0.04674529411764706","6","6"
"4","10","5","25","25","136","13600000","514368","0.03782117647058823","10","14"
"3","10","5","25","25","233","23300000","499089","0.021420128755364806","17","18"
"6","10","5","25","25","69","6900000","318535","0.046164492753623186","6","8"
"4","10","5","25","25","137","13700000","515407","0.03762094890510949","10","13"
"3","10","5","25","25","234","23400000","500108","0.021372136752136752","18","19"
"6","10","5","25","25","70","7000000","319099","0.04558557142857143","6","7"
"4","10","5","25","25","138","13800000","516310","0.03741376811594203","10","16"
"3","10","5","25","25","235","23500000","501059","0.021321659574468084","17","19"
"6","10","5","25","25","71","7100000","319681","0.04502549295774648","6","8"
"4","10","5","25","25","139","13900000","517074","0.037199568345323744","10","12"
"3","10","5","25","25","236","23600000","502052","0.021273389830508475","17","17"
"6","10","5","25","25","72","7200000","319881","0.044427916666666664","5","5"
"7","10","5","25","25","0","0","0","0","892","900"
"4","10","5","25","25","140","14000000","517867","0.0369905","10","14"
"3","10","5","25","25","237","23700000","502923","0.02122037974683544","17","20"
"7","10","5","25","25","1","100000","9010","0.0901","444","464"
"4","10","5","25","25","141","14100000","518465","0.03677056737588653","10","14"
"3","10","5","25","25","238","23800000","503830","0.021169327731092438","17","18"
"7","10","5","25","25","2","200000","20276","0.10138","344","391"
"4","10","5","25","25","142","14200000","519311","0.03657119718309859","10","17"
"3","10","5","25","25","239","23900000","504860","0.02112384937238494","17","23"
"7","10","5","25","25","3","300000","32452","0.10817333333333333","249","297"
"4","10","5","25","25","143","14300000","520051","0.0363672027972028","9","9"
"3","10","5","25","25","240","24000000","505639","0.021068291666666666","17","17"
"4","10","5","25","25","144","14400000","520813","0.03616756944444444","9","10"
"7","10","5","25","25","4","400000","44843","0.1121075","235","291"
"3","10","5","25","25","241","24100000","506502","0.02101668049792531","17","18"
"4","10","5","25","25","145","14500000","521558","0.03596951724137931","10","14"
"3","10","5","25","25","242","24200000","507402","0.02096702479338843","17","18"
"7","10","5","25","25","5","500000","56810","0.11362","190","236"
"4","10","5","25","25","146","14600000","522213","0.035768013698630134","10","15"
"3","10","5","25","25","243","24300000","508135","0.02091090534979424","17","19"
"7","10","5","25","25","6","600000","68244","0.11374","182","252"
"3","10","5","25","25","244","24400000","508913","0.020857090163934427","17","18"
"4","10","5","25","25","147","14700000","522920","0.03557278911564626","10","11"
"7","10","5","25","25","7","700000","79777","0.11396714285714286","164","206"
"3","10","5","25","25","245","24500000","509670","0.020802857142857144","17","18"
"4","10","5","25","25","148","14800000","523515","0.03537263513513513","10","12"
"7","10","5","25","25","8","800000","90910","0.1136375","132","184"
"3","10","5","25","25","246","24600000","510285","0.02074329268292683","17","17"
"4","10","5","25","25","149","14900000","523950","0.035164429530201345","8","8"
"7","10","5","25","25","9","900000","101805","0.11311666666666667","130","197"
"3","10","5","25","25","247","24700000","511038","0.020689797570850203","17","20"
"4","10","5","25","25","150","15000000","524275","0.034951666666666666","8","8"
"3","10","5","25","25","248","24800000","512013","0.020645685483870968","17","18"
"7","10","5","25","25","10","1000000","112699","0.112699","101","165"
"4","10","5","25","25","151","15100000","524531","0.03473715231788079","8","8"
"3","10","5","25","25","249","24900000","513167","0.020609116465863452","17","18"
"4","10","5","25","25","152","15200000","524731","0.034521776315789475","8","8"
"7","10","5","25","25","11","1100000","122433","0.11130272727272728","77","121"
"3","10","5","25","25","250","25000000","513955","0.0205582","17","21"
"4","10","5","25","25","153","15300000","524792","0.03430013071895425","7","7"
"8","10","5","25","25","0","0","0","0","897","900"
"7","10","5","25","25","12","1200000","131165","0.10930416666666666","70","113"
"3","10","5","25","25","251","25100000","514858","0.02051227091633466","17","18"
"8","10","5","25","25","1","100000","8382","0.08382","472","502"
"7","10","5","25","25","13","1300000","139102","0.10700153846153847","46","76"
"3","10","5","25","25","252","25200000","515698","0.02046420634920635","17","19"
"8","10","5","25","25","2","200000","18576","0.09288","331","364"
"7","10","5","25","25","14","1400000","146633","0.10473785714285715","47","86"
"3","10","5","25","25","253","25300000","516685","0.020422332015810278","17","19"
"8","10","5","25","25","3","300000","29594","0.09864666666666666","276","319"
"7","10","5","25","25","15","1500000","153570","0.10238","38","72"
"3","10","5","25","25","254","25400000","517752","0.020383937007874015","17","19"
"7","10","5","25","25","16","1600000","160614","0.10038375","41","64"
"8","10","5","25","25","4","400000","40901","0.1022525","219","266"
"3","10","5","25","25","255","25500000","518503","0.020333450980392156","17","18"
"7","10","5","25","25","17","1700000","166927","0.09819235294117647","41","75"
"8","10","5","25","25","5","500000","51735","0.10347","177","210"
"3","10","5","25","25","256","25600000","519281","0.0202844140625","17","17"
"7","10","5","25","25","18","1800000","173292","0.09627333333333334","43","65"
"3","10","5","25","25","257","25700000","520060","0.020235797665369648","17","17"
"8","10","5","25","25","6","600000","61909","0.10318166666666667","157","194"
"3","10","5","25","25","258","25800000","520941","0.020191511627906975","17","17"
"7","10","5","25","25","19","1900000","179257","0.09434578947368422","41","67"
"8","10","5","25","25","7","700000","71785","0.10255","140","185"
"3","10","5","25","25","259","25900000","521911","0.020151003861003863","17","17"
"7","10","5","25","25","20","2000000","184890","0.092445","38","62"
"8","10","5","25","25","8","800000","81850","0.1023125","158","207"
"3","10","5","25","25","260","26000000","522641","0.020101576923076923","17","18"
"7","10","5","25","25","21","2100000","190620","0.09077142857142857","39","65"
"8","10","5","25","25","9","900000","91835","0.10203888888888889","129","185"
"3","10","5","25","25","261","26100000","523499","0.02005743295019157","17","19"
"7","10","5","25","25","22","2200000","196719","0.08941772727272727","45","82"
"8","10","5","25","25","10","1000000","101321","0.101321","124","165"
"3","10","5","25","25","262","26200000","524293","0.02001118320610687","17","19"
"7","10","5","25","25","23","2300000","203160","0.0883304347826087","41","77"
"8","10","5","25","25","11","1100000","110673","0.10061181818181818","101","147"
"3","10","5","25","25","263","26300000","525193","0.019969315589353612","17","19"
"7","10","5","25","25","24","2400000","209616","0.08734","34","73"
"3","10","5","25","25","264","26400000","526167","0.01993056818181818","17","19"
"8","10","5","25","25","12","1200000","119396","0.09949666666666666","89","140"
"7","10","5","25","25","25","2500000","215655","0.086262","34","65"
"3","10","5","25","25","265","26500000","527262","0.01989667924528302","17","20"
"8","10","5","25","25","13","1300000","127819","0.0983223076923077","72","127"
"7","10","5","25","25","26","2600000","221150","0.0850576923076923","34","66"
"3","10","5","25","25","266","26600000","528145","0.019855075187969924","17","19"
"8","10","5","25","25","14","1400000","135297","0.09664071428571429","67","95"
"7","10","5","25","25","27","2700000","226713","0.08396777777777778","31","54"
"3","10","5","25","25","267","26700000","529033","0.019813970037453183","17","18"
"8","10","5","25","25","15","1500000","142640","0.09509333333333334","56","98"
"7","10","5","25","25","28","2800000","232090","0.08288928571428572","24","40"
"3","10","5","25","25","268","26800000","530021","0.01977690298507463","17","19"
"8","10","5","25","25","16","1600000","149710","0.09356875","60","93"
"7","10","5","25","25","29","2900000","236771","0.0816451724137931","27","49"
"3","10","5","25","25","269","26900000","530853","0.019734312267657993","16","17"
"7","10","5","25","25","30","3000000","241188","0.080396","27","50"
"8","10","5","25","25","17","1700000","156496","0.0920564705882353","53","84"
"3","10","5","25","25","270","27000000","531462","0.01968377777777778","16","17"
"3","10","5","25","25","271","27100000","531738","0.019621328413284133","15","15"
"7","10","5","25","25","31","3100000","245539","0.07920612903225807","26","44"
"9","10","5","25","25","0","0","0","0","899","900"
"8","10","5","25","25","18","1800000","163455","0.09080833333333334","55","86"
"7","10","5","25","25","32","3200000","250010","0.078128125","25","57"
"8","10","5","25","25","19","1900000","170151","0.08955315789473685","58","103"
"9","10","5","25","25","1","100000","8744","0.08744","461","485"
"7","10","5","25","25","33","3300000","254646","0.07716545454545455","22","51"
"8","10","5","25","25","20","2000000","176562","0.088281","56","97"
"9","10","5","25","25","2","200000","19530","0.09765","298","331"
"7","10","5","25","25","34","3400000","258765","0.07610735294117647","20","40"
"9","10","5","25","25","3","300000","30983","0.10327666666666667","269","324"
"8","10","5","25","25","21","2100000","182818","0.08705619047619048","50","81"
"7","10","5","25","25","35","3500000","262650","0.07504285714285715","21","51"
"8","10","5","25","25","22","2200000","188774","0.08580636363636364","49","74"
"9","10","5","25","25","4","400000","43322","0.108305","226","285"
"7","10","5","25","25","36","3600000","266955","0.07415416666666666","22","35"
"8","10","5","25","25","23","2300000","194567","0.08459434782608696","51","82"
"9","10","5","25","25","5","500000","55513","0.111026","199","250"
"7","10","5","25","25","37","3700000","271195","0.07329594594594595","20","31"
"8","10","5","25","25","24","2400000","201150","0.0838125","48","87"
"9","10","5","25","25","6","600000","66447","0.110745","161","211"
"7","10","5","25","25","38","3800000","275544","0.07251157894736843","23","40"
"8","10","5","25","25","25","2500000","207192","0.0828768","40","70"
"9","10","5","25","25","7","700000","77677","0.11096714285714286","158","228"
"7","10","5","25","25","39","3900000","279669","0.07171","19","51"
"8","10","5","25","25","26","2600000","212698","0.08180692307692308","40","65"
"9","10","5","25","25","8","800000","88451","0.11056375","127","205"
"7","10","5","25","25","40","4000000","283148","0.070787","18","36"
"8","10","5","25","25","27","2700000","217807","0.08066925925925926","34","60"
"9","10","5","25","25","9","900000","98724","0.10969333333333334","97","152"
"7","10","5","25","25","41","4100000","285946","0.06974292682926829","11","25"
"8","10","5","25","25","28","2800000","222684","0.07953","33","55"
"7","10","5","25","25","42","4200000","288673","0.06873166666666666","13","24"
"9","10","5","25","25","10","1000000","107769","0.107769","85","129"
"8","10","5","25","25","29","2900000","227324","0.07838758620689655","31","44"
"7","10","5","25","25","43","4300000","291463","0.06778209302325582","12","28"
"9","10","5","25","25","11","1100000","115507","0.10500636363636363","59","92"
"8","10","5","25","25","30","3000000","232002","0.077334","29","43"
"7","10","5","25","25","44","4400000","294351","0.06689795454545455","13","26"
"9","10","5","25","25","12","1200000","122738","0.10228166666666667","55","88"
"8","10","5","25","25","31","3100000","236086","0.07615677419354838","25","37"
"7","10","5","25","25","45","4500000","297082","0.06601822222222223","14","21"
"9","10","5","25","25","13","1300000","129075","0.09928846153846153","51","80"
"8","10","5","25","25","32","3200000","240224","0.07507","25","41"
"7","10","5","25","25","46","4600000","299989","0.065215","14","19"
"9","10","5","25","25","14","1400000","135442","0.09674428571428571","45","72"
"7","10","5","25","25","47","4700000","302660","0.06439574468085106","13","24"
"8","10","5","25","25","33","3300000","243872","0.07390060606060606","23","35"
"9","10","5","25","25","15","1500000","141554","0.09436933333333333","48","71"
"7","10","5","25","25","48","4800000","305241","0.063591875","11","23"
"8","10","5","25","25","34","3400000","247482","0.07278882352941177","21","31"
"9","10","5","25","25","16","1600000","147874","0.09242125","45","69"
"7","10","5","25","25","49","4900000","307880","0.06283265306122449","12","23"
"8","10","5","25","25","35","3500000","251165","0.07176142857142857","22","35"
"9","10","5","25","25","17","1700000","154368","0.09080470588235294","42","70"
"7","10","5","25","25","50","5000000","310455","0.062091","14","26"
"8","10","5","25","25","36","3600000","254574","0.070715","19","34"
"9","10","5","25","25","18","1800000","161354","0.08964111111111112","45","79"
"7","10","5","25","25","51","5100000","312810","0.06133529411764706","12","20"
"8","10","5","25","25","37","3700000","257575","0.06961486486486486","16","23"
"9","10","5","25","25","19","1900000","167791","0.08831105263157894","40","70"
"7","10","5","25","25","52","5200000","314856","0.06054923076923077","9","16"
"8","10","5","25","25","38","3800000","260215","0.06847763157894737","16","25"
"9","10","5","25","25","20","2000000","174014","0.087007","39","65"
"7","10","5","25","25","53","5300000","316558","0.05972792452830189","9","19"
"8","10","5","25","25","39","3900000","262799","0.06738435897435897","17","25"
"9","10","5","25","25","21","2100000","180288","0.08585142857142856","41","73"
"7","10","5","25","25","54","5400000","318133","0.05891351851851852","9","22"
"8","10","5","25","25","40","4000000","265167","0.06629175","15","18"
"9","10","5","25","25","22","2200000","186832","0.08492363636363637","38","66"
"7","10","5","25","25","55","5500000","319790","0.05814363636363636","9","22"
"8","10","5","25","25","41","4100000","267568","0.06526048780487805","15","21"
"9","10","5","25","25","23","2300000","193180","0.08399130434782609","42","60"
"7","10","5","25","25","56","5600000","321536","0.057417142857142854","9","16"
"8","10","5","25","25","42","4200000","269696","0.06421333333333333","15","18"
"7","10","5","25","25","57","5700000","323506","0.05675543859649123","9","14"
"9","10","5","25","25","24","2400000","199315","0.08304791666666667","39","70"
"8","10","5","25","25","43","4300000","271778","0.06320418604651162","15","19"
"7","10","5","25","25","58","5800000","325404","0.056104137931034484","9","18"
"9","10","5","25","25","25","2500000","205185","0.082074","38","62"
"8","10","5","25","25","44","4400000","274080","0.06229090909090909","18","22"
"7","10","5","25","25","59","5900000","327423","0.05549542372881356","9","16"
"9","10","5","25","25","26","2600000","210777","0.08106807692307692","35","53"
"8","10","5","25","25","45","4500000","276465","0.06143666666666667","16","27"
"7","10","5","25","25","60","6000000","329217","0.0548695","9","18"
"9","10","5","25","25","27","2700000","216104","0.08003851851851852","31","52"
"8","10","5","25","25","46","4600000","278529","0.06054978260869565","15","19"
"7","10","5","25","25","61","6100000","330922","0.054249508196721315","9","22"
"9","10","5","25","25","28","2800000","221265","0.07902321428571428","30","49"
"8","10","5","25","25","47","4700000","280587","0.05969936170212766","14","15"
"7","10","5","25","25","62","6200000","332679","0.05365790322580645","9","19"
"9","10","5","25","25","29","2900000","226032","0.07794206896551724","29","47"
"8","10","5","25","25","48","4800000","282476","0.05884916666666667","14","15"
"7","10","5","25","25","63","6300000","334625","0.053115079365079365","9","14"
"9","10","5","25","25","30","3000000","231184","0.07706133333333333","31","52"
"8","10","5","25","25","49","4900000","283639","0.057885510204081635","11","13"
"7","10","5","25","25","64","6400000","336557","0.05258703125","9","10"
"9","10","5","25","25","31","3100000","236217","0.07619903225806451","31","43"
"8","10","5","25","25","50","5000000","284436","0.0568872","11","11"
"7","10","5","25","25","65","6500000","338124","0.052019076923076925","8","8"
"9","10","5","25","25","32","3200000","241279","0.0753996875","31","49"
"8","10","5","25","25","51","5100000","285196","0.05592078431372549","11","11"
"7","10","5","25","25","66","6600000","339509","0.05144075757575758","8","12"
"9","10","5","25","25","33","3300000","246191","0.07460333333333333","35","57"
"8","10","5","25","25","52","5200000","286143","0.0550275","11","11"
"7","10","5","25","25","67","6700000","340822","0.050868955223880595","9","10"
"9","10","5","25","25","34","3400000","251286","0.07390764705882354","34","62"
"8","10","5","25","25","53","5300000","287123","0.054174150943396226","11","13"
"7","10","5","25","25","68","6800000","342346","0.050345","9","12"
"9","10","5","25","25","35","3500000","256354","0.073244","34","49"
"8","10","5","25","25","54","5400000","287888","0.05331259259259259","11","12"
"7","10","5","25","25","69","6900000","343505","0.04978333333333333","8","9"
"8","10","5","25","25","55","5500000","288726","0.05249563636363636","11","14"
"9","10","5","25","25","36","3600000","260751","0.07243083333333333","29","53"
"7","10","5","25","25","70","7000000","344692","0.049241714285714284","8","11"
"8","10","5","25","25","56","5600000","289610","0.05171607142857143","11","11"
"9","10","5","25","25","37","3700000","265108","0.07165081081081082","30","43"
"7","10","5","25","25","71","7100000","346119","0.048749154929577466","7","7"
"8","10","5","25","25","57","5700000","290391","0.05094578947368421","11","11"
"9","10","5","25","25","38","3800000","269532","0.07092947368421053","34","57"
"7","10","5","25","25","72","7200000","347177","0.04821902777777778","7","7"
"8","10","5","25","25","58","5800000","291259","0.05021706896551724","11","13"
"7","10","5","25","25","73","7300000","348115","0.04768698630136986","7","7"
"9","10","5","25","25","39","3900000","274100","0.07028205128205128","30","51"
"8","10","5","25","25","59","5900000","292057","0.04950118644067797","11","12"
"7","10","5","25","25","74","7400000","349033","0.04716662162162162","7","9"
"9","10","5","25","25","40","4000000","278770","0.0696925","25","43"
"8","10","5","25","25","60","6000000","292709","0.04878483333333333","11","11"
"7","10","5","25","25","75","7500000","349913","0.04665506666666667","7","9"
"9","10","5","25","25","41","4100000","283448","0.06913365853658536","25","44"
"8","10","5","25","25","61","6100000","293255","0.04807459016393443","11","12"
"7","10","5","25","25","76","7600000","350860","0.04616578947368421","7","8"
"9","10","5","25","25","42","4200000","288011","0.06857404761904762","28","45"
"7","10","5","25","25","77","7700000","351853","0.04569519480519481","7","8"
"8","10","5","25","25","62","6200000","293709","0.04737241935483871","11","12"
"9","10","5","25","25","43","4300000","292893","0.0681146511627907","25","45"
"7","10","5","25","25","78","7800000","352914","0.04524538461538462","7","8"
"8","10","5","25","25","63","6300000","294202","0.04669873015873016","11","13"
"9","10","5","25","25","44","4400000","297526","0.06761954545454546","24","44"
"7","10","5","25","25","79","7900000","353851","0.04479126582278481","7","10"
"8","10","5","25","25","64","6400000","294660","0.046040625","11","11"
"9","10","5","25","25","45","4500000","302115","0.06713666666666666","24","33"
"7","10","5","25","25","80","8000000","354885","0.044360625","7","9"
"8","10","5","25","25","65","6500000","294831","0.045358615384615386","10","10"
"10","10","5","25","25","0","0","0","0","898","900"
"9","10","5","25","25","46","4600000","306237","0.06657326086956522","24","38"
"7","10","5","25","25","81","8100000","355902","0.043938518518518516","7","8"
"10","10","5","25","25","1","100000","8530","0.0853","454","481"
"9","10","5","25","25","47","4700000","310691","0.06610446808510638","25","39"
"7","10","5","25","25","82","8200000","356885","0.043522560975609755","7","9"
"10","10","5","25","25","2","200000","18559","0.092795","302","341"
"9","10","5","25","25","48","4800000","315007","0.06562645833333333","27","54"
"7","10","5","25","25","83","8300000","357781","0.04310614457831325","7","8"
"10","10","5","25","25","3","300000","28499","0.09499666666666666","222","264"
"9","10","5","25","25","49","4900000","319757","0.0652565306122449","24","50"
"7","10","5","25","25","84","8400000","358989","0.04273678571428571","7","8"
"9","10","5","25","25","50","5000000","324274","0.0648548","22","33"
"10","10","5","25","25","4","400000","39433","0.0985825","221","250"
"7","10","5","25","25","85","8500000","359835","0.04233352941176471","7","7"
"9","10","5","25","25","51","5100000","328798","0.06447019607843137","24","42"
"7","10","5","25","25","86","8600000","360818","0.041955581395348836","7","7"
"10","10","5","25","25","5","500000","50804","0.101608","181","236"
"9","10","5","25","25","52","5200000","333156","0.06406846153846153","22","49"
"7","10","5","25","25","87","8700000","361552","0.04155770114942529","7","10"
"10","10","5","25","25","6","600000","61953","0.103255","165","217"
"9","10","5","25","25","53","5300000","337441","0.06366811320754717","23","36"
"7","10","5","25","25","88","8800000","362165","0.041155113636363636","7","8"
"10","10","5","25","25","7","700000","72730","0.1039","124","161"
"7","10","5","25","25","89","8900000","362801","0.04076415730337079","7","7"
"9","10","5","25","25","54","5400000","341611","0.0632612962962963","22","34"
"10","10","5","25","25","8","800000","83159","0.10394875","130","187"
"7","10","5","25","25","90","9000000","363373","0.04037477777777778","7","8"
"9","10","5","25","25","55","5500000","345676","0.06285018181818182","23","42"
"10","10","5","25","25","9","900000","93115","0.10346111111111111","99","143"
"7","10","5","25","25","91","9100000","363996","0.03999956043956044","7","7"
"9","10","5","25","25","56","5600000","349585","0.06242589285714286","24","32"
"10","10","5","25","25","10","1000000","102614","0.102614","76","111"
"7","10","5","25","25","92","9200000","364738","0.03964543478260869","7","7"
"9","10","5","25","25","57","5700000","353535","0.062023684210526314","21","35"
"7","10","5","25","25","93","9300000","365392","0.039289462365591395","7","8"
"10","10","5","25","25","11","1100000","111655","0.10150454545454546","86","146"
"9","10","5","25","25","58","5800000","357900","0.061706896551724136","22","38"
"7","10","5","25","25","94","9400000","366041","0.03894053191489362","7","8"
"9","10","5","25","25","59","5900000","361846","0.06132983050847458","22","38"
"10","10","5","25","25","12","1200000","120245","0.10020416666666666","87","114"
"7","10","5","25","25","95","9500000","366648","0.038594526315789475","7","7"
"9","10","5","25","25","60","6000000","365785","0.060964166666666667","22","36"
"10","10","5","25","25","13","1300000","127998","0.09846","68","112"
"7","10","5","25","25","96","9600000","367178","0.03824770833333333","7","7"
"9","10","5","25","25","61","6100000","370014","0.060658032786885245","21","44"
"10","10","5","25","25","14","1400000","135577","0.09684071428571428","75","107"
"7","10","5","25","25","97","9700000","367647","0.037901752577319585","7","7"
"9","10","5","25","25","62","6200000","373966","0.06031709677419355","20","36"
"10","10","5","25","25","15","1500000","143088","0.095392","73","112"
"7","10","5","25","25","98","9800000","368131","0.03756438775510204","7","8"
"9","10","5","25","25","63","6300000","378461","0.0600731746031746","21","36"
"7","10","5","25","25","99","9900000","368406","0.03721272727272727","7","8"
"10","10","5","25","25","16","1600000","151118","0.09444875","62","93"
"9","10","5","25","25","64","6400000","382201","0.05971890625","19","24"
"7","10","5","25","25","100","10000000","368721","0.0368721","7","7"
"10","10","5","25","25","17","1700000","158385","0.09316764705882354","51","88"
"9","10","5","25","25","65","6500000","386174","0.059411384615384616","21","36"
"7","10","5","25","25","101","10100000","368744","0.03650930693069307","6","6"
"11","10","5","25","25","0","0","0","0","897","900"
"10","10","5","25","25","18","1800000","165289","0.09182722222222223","56","101"
"9","10","5","25","25","66","6600000","389987","0.059088939393939395","22","43"
"11","10","5","25","25","1","100000","8479","0.08479","451","476"
"10","10","5","25","25","19","1900000","172551","0.09081631578947369","59","101"
"9","10","5","25","25","67","6700000","393666","0.05875611940298507","21","34"
"11","10","5","25","25","2","200000","18235","0.091175","268","296"
"10","10","5","25","25","20","2000000","179882","0.089941","49","82"
"9","10","5","25","25","68","6800000","397214","0.05841382352941177","20","38"
"11","10","5","25","25","3","300000","27116","0.09038666666666667","201","231"
"9","10","5","25","25","69","6900000","401022","0.05811913043478261","22","35"
"10","10","5","25","25","21","2100000","186894","0.08899714285714286","51","89"
"11","10","5","25","25","4","400000","36121","0.0903025","187","216"
"9","10","5","25","25","70","7000000","404626","0.057803714285714285","20","31"
"10","10","5","25","25","22","2200000","193679","0.0880359090909091","45","77"
"11","10","5","25","25","5","500000","45566","0.091132","159","196"
"9","10","5","25","25","71","7100000","407936","0.05745577464788732","20","41"
"10","10","5","25","25","23","2300000","200006","0.08695913043478261","43","77"
"11","10","5","25","25","6","600000","54869","0.09144833333333334","150","193"
"9","10","5","25","25","72","7200000","411103","0.05709763888888889","19","28"
"10","10","5","25","25","24","2400000","206095","0.08587291666666666","43","73"
"11","10","5","25","25","7","700000","64330","0.0919","125","167"
"9","10","5","25","25","73","7300000","414136","0.05673095890410959","17","30"
"10","10","5","25","25","25","2500000","212081","0.0848324","38","57"
"11","10","5","25","25","8","800000","72708","0.090885","108","139"
"9","10","5","25","25","74","7400000","417079","0.05636202702702703","19","22"
"10","10","5","25","25","26","2600000","217484","0.08364769230769231","33","49"
"9","10","5","25","25","75","7500000","420052","0.056006933333333335","20","30"
"11","10","5","25","25","9","900000","80492","0.08943555555555556","99","134"
"10","10","5","25","25","27","2700000","222716","0.08248740740740741","29","53"
"9","10","5","25","25","76","7600000","423345","0.05570328947368421","17","23"
"11","10","5","25","25","10","1000000","88100","0.0881","80","118"
"10","10","5","25","25","28","2800000","227786","0.08135214285714286","30","58"
"9","10","5","25","25","77","7700000","426408","0.05537766233766234","18","30"
"11","10","5","25","25","11","1100000","96150","0.08740909090909091","83","114"
"10","10","5","25","25","29","2900000","232883","0.08030448275862069","25","53"
"9","10","5","25","25","78","7800000","429214","0.055027435897435896","18","27"
"11","10","5","25","25","12","1200000","104194","0.08682833333333333","69","112"
"10","10","5","25","25","30","3000000","238265","0.07942166666666667","22","48"
"9","10","5","25","25","79","7900000","432116","0.054698227848101265","17","34"
"11","10","5","25","25","13","1300000","111304","0.08561846153846153","56","95"
"9","10","5","25","25","80","8000000","434793","0.054349125","18","31"
"10","10","5","25","25","31","3100000","243939","0.07869","23","47"
"11","10","5","25","25","14","1400000","118105","0.08436071428571429","52","89"
"9","10","5","25","25","81","8100000","437664","0.05403259259259259","18","24"
"10","10","5","25","25","32","3200000","249528","0.0779775","23","43"
"11","10","5","25","25","15","1500000","124430","0.08295333333333334","53","84"
"9","10","5","25","25","82","8200000","440573","0.05372841463414634","20","41"
"10","10","5","25","25","33","3300000","255193","0.07733121212121212","23","42"
"11","10","5","25","25","16","1600000","130097","0.081310625","45","78"
"9","10","5","25","25","83","8300000","443628","0.053449156626506025","18","28"
"10","10","5","25","25","34","3400000","260658","0.07666411764705883","20","46"
"11","10","5","25","25","17","1700000","135662","0.07980117647058824","42","61"
"9","10","5","25","25","84","8400000","446537","0.05315916666666667","17","25"
"10","10","5","25","25","35","3500000","266391","0.07611171428571428","22","39"
"11","10","5","25","25","18","1800000","140671","0.07815055555555556","41","61"
"9","10","5","25","25","85","8500000","449443","0.05287564705882353","18","32"
"10","10","5","25","25","36","3600000","271890","0.075525","26","50"
"11","10","5","25","25","19","1900000","145536","0.0765978947368421","37","66"
"9","10","5","25","25","86","8600000","452194","0.05258069767441861","16","29"
"10","10","5","25","25","37","3700000","277125","0.07489864864864865","23","44"
"11","10","5","25","25","20","2000000","150528","0.075264","33","60"
"9","10","5","25","25","87","8700000","455002","0.052299080459770116","15","32"
"11","10","5","25","25","21","2100000","155643","0.07411571428571428","37","64"
"10","10","5","25","25","38","3800000","282278","0.07428368421052632","22","47"
"9","10","5","25","25","88","8800000","457991","0.052044431818181816","15","22"
"11","10","5","25","25","22","2200000","160422","0.0729190909090909","36","59"
"10","10","5","25","25","39","3900000","287246","0.07365282051282052","17","29"
"9","10","5","25","25","89","8900000","460852","0.051781123595505615","15","30"
"11","10","5","25","25","23","2300000","165662","0.07202695652173913","31","48"
"10","10","5","25","25","40","4000000","291775","0.07294375","15","30"
"9","10","5","25","25","90","9000000","463678","0.051519777777777775","15","32"
"11","10","5","25","25","24","2400000","170425","0.07101041666666667","30","59"
"10","10","5","25","25","41","4100000","296116","0.07222341463414635","14","34"
"9","10","5","25","25","91","9100000","466617","0.05127659340659341","15","23"
"11","10","5","25","25","25","2500000","175091","0.0700364","29","57"
"10","10","5","25","25","42","4200000","300229","0.07148309523809523","15","32"
"9","10","5","25","25","92","9200000","469175","0.050997282608695654","15","19"
"11","10","5","25","25","26","2600000","179477","0.06902961538461538","24","42"
"9","10","5","25","25","93","9300000","471891","0.05074096774193548","14","22"
"10","10","5","25","25","43","4300000","303702","0.07062837209302325","12","27"
"11","10","5","25","25","27","2700000","183660","0.06802222222222222","28","47"
"9","10","5","25","25","94","9400000","474560","0.05048510638297872","15","20"
"10","10","5","25","25","44","4400000","307436","0.06987181818181819","11","17"
"11","10","5","25","25","28","2800000","187753","0.06705464285714285","28","46"
"9","10","5","25","25","95","9500000","477355","0.0502478947368421","15","19"
"10","10","5","25","25","45","4500000","311081","0.06912911111111111","12","22"
"11","10","5","25","25","29","2900000","191754","0.06612206896551724","22","33"
"9","10","5","25","25","96","9600000","480055","0.050005729166666665","15","29"
"10","10","5","25","25","46","4600000","314444","0.06835739130434783","9","13"
"11","10","5","25","25","30","3000000","195409","0.06513633333333334","20","36"
"9","10","5","25","25","97","9700000","483119","0.049806082474226805","15","27"
"10","10","5","25","25","47","4700000","317659","0.06758702127659574","9","23"
"11","10","5","25","25","31","3100000","198427","0.06400870967741935","19","28"
"9","10","5","25","25","98","9800000","485690","0.049560204081632656","14","21"
"10","10","5","25","25","48","4800000","320757","0.066824375","9","23"
"11","10","5","25","25","32","3200000","201340","0.06291875","14","24"
"9","10","5","25","25","99","9900000","488302","0.04932343434343434","14","22"
"10","10","5","25","25","49","4900000","323654","0.06605183673469388","8","16"
"11","10","5","25","25","33","3300000","203905","0.06178939393939394","13","19"
"9","10","5","25","25","100","10000000","491134","0.0491134","14","18"
"10","10","5","25","25","50","5000000","325950","0.06519","8","12"
"11","10","5","25","25","34","3400000","206626","0.06077235294117647","11","16"
"9","10","5","25","25","101","10100000","493714","0.048882574257425745","15","22"
"10","10","5","25","25","51","5100000","328311","0.06437470588235294","8","16"
"11","10","5","25","25","35","3500000","209277","0.059793428571428574","12","18"
"9","10","5","25","25","102","10200000","495775","0.04860539215686274","13","16"
"10","10","5","25","25","52","5200000","330635","0.06358365384615385","8","14"
"11","10","5","25","25","36","3600000","211733","0.05881472222222222","10","13"
"9","10","5","25","25","103","10300000","497775","0.04832766990291262","13","16"
"10","10","5","25","25","53","5300000","333024","0.06283471698113208","7","15"
"11","10","5","25","25","37","3700000","213947","0.057823513513513516","12","16"
"9","10","5","25","25","104","10400000","499760","0.048053846153846155","13","16"
"10","10","5","25","25","54","5400000","335270","0.06208703703703704","8","12"
"11","10","5","25","25","38","3800000","216454","0.05696157894736842","12","19"
"9","10","5","25","25","105","10500000","501753","0.047786","13","19"
"10","10","5","25","25","55","5500000","337247","0.061317636363636366","8","14"
"11","10","5","25","25","39","3900000","218708","0.05607897435897436","11","21"
"9","10","5","25","25","106","10600000","503868","0.047534716981132076","13","19"
"10","10","5","25","25","56","5600000","339250","0.060580357142857144","8","11"
"11","10","5","25","25","40","4000000","221160","0.05529","11","18"
"9","10","5","25","25","107","10700000","506030","0.04729252336448598","13","18"
"10","10","5","25","25","57","5700000","341158","0.059852280701754385","8","19"
"11","10","5","25","25","41","4100000","223509","0.054514390243902436","11","18"
"9","10","5","25","25","108","10800000","508258","0.04706092592592592","13","16"
"10","10","5","25","25","58","5800000","343004","0.05913862068965517","7","14"
"11","10","5","25","25","42","4200000","225948","0.053797142857142856","12","21"
"9","10","5","25","25","109","10900000","510298","0.046816330275229356","13","19"
"10","10","5","25","25","59","5900000","344976","0.05847050847457627","8","13"
"11","10","5","25","25","43","4300000","228213","0.05307279069767442","11","15"
"9","10","5","25","25","110","11000000","512024","0.04654763636363636","12","14"
"11","10","5","25","25","44","4400000","230551","0.052397954545454546","10","14"
"10","10","5","25","25","60","6000000","347057","0.057842833333333336","8","13"
"9","10","5","25","25","111","11100000","513183","0.0462327027027027","12","15"
"11","10","5","25","25","45","4500000","232824","0.05173866666666667","10","11"
"9","10","5","25","25","112","11200000","514041","0.045896517857142854","11","12"
"10","10","5","25","25","61","6100000","349337","0.057268360655737705","8","13"
"11","10","5","25","25","46","4600000","234565","0.05099239130434782","10","11"
"9","10","5","25","25","113","11300000","515009","0.04557601769911505","11","12"
"10","10","5","25","25","62","6200000","351840","0.05674838709677419","8","17"
"11","10","5","25","25","47","4700000","236400","0.05029787234042553","7","10"
"9","10","5","25","25","114","11400000","515900","0.04525438596491228","11","13"
"10","10","5","25","25","63","6300000","354200","0.05622222222222222","7","13"
"9","10","5","25","25","115","11500000","516982","0.04495495652173913","11","13"
"11","10","5","25","25","48","4800000","238309","0.04964770833333333","7","10"
"10","10","5","25","25","64","6400000","356572","0.055714375","7","11"
"9","10","5","25","25","116","11600000","517998","0.044655","11","12"
"11","10","5","25","25","49","4900000","240191","0.049018571428571425","7","15"
"10","10","5","25","25","65","6500000","358971","0.05522630769230769","7","13"
"9","10","5","25","25","117","11700000","519071","0.044365042735042735","11","11"
"11","10","5","25","25","50","5000000","241621","0.0483242","7","8"
"10","10","5","25","25","66","6600000","361068","0.05470727272727273","7","11"
"9","10","5","25","25","118","11800000","520032","0.04407050847457627","11","12"
"11","10","5","25","25","51","5100000","243242","0.04769450980392157","6","11"
"10","10","5","25","25","67","6700000","363038","0.054184776119402984","7","11"
"9","10","5","25","25","119","11900000","520939","0.04377638655462185","11","11"
"11","10","5","25","25","52","5200000","244876","0.04709153846153846","7","13"
"10","10","5","25","25","68","6800000","364833","0.053651911764705885","6","9"
"9","10","5","25","25","120","12000000","521883","0.04349025","11","12"
"11","10","5","25","25","53","5300000","246527","0.04651452830188679","7","10"
"10","10","5","25","25","69","6900000","366435","0.053106521739130434","6","8"
"9","10","5","25","25","121","12100000","522947","0.04321876033057851","11","11"
"11","10","5","25","25","54","5400000","247950","0.04591666666666667","7","11"
"10","10","5","25","25","70","7000000","367990","0.05257","7","8"
"9","10","5","25","25","122","12200000","523982","0.04294934426229508","11","13"
"11","10","5","25","25","55","5500000","249654","0.04539163636363636","7","17"
"10","10","5","25","25","71","7100000","369692","0.05206929577464789","7","17"
"9","10","5","25","25","123","12300000","524917","0.042676178861788615","11","12"
"11","10","5","25","25","56","5600000","251477","0.044906607142857144","7","10"
"10","10","5","25","25","72","7200000","371210","0.05155694444444445","6","9"
"9","10","5","25","25","124","12400000","525811","0.04240411290322581","11","12"
"11","10","5","25","25","57","5700000","253259","0.04443140350877193","7","11"
"10","10","5","25","25","73","7300000","372721","0.05105767123287671","6","9"
"9","10","5","25","25","125","12500000","526902","0.04215216","11","13"
"11","10","5","25","25","58","5800000","254888","0.04394620689655172","7","12"
"10","10","5","25","25","74","7400000","374024","0.05054378378378378","5","5"
"9","10","5","25","25","126","12600000","527899","0.041896746031746035","11","13"
"11","10","5","25","25","59","5900000","256596","0.043490847457627116","7","9"
"10","10","5","25","25","75","7500000","374923","0.049989733333333335","4","4"
"9","10","5","25","25","127","12700000","528947","0.04164937007874016","11","11"
"11","10","5","25","25","60","6000000","258420","0.04307","7","9"
"10","10","5","25","25","76","7600000","375538","0.04941289473684211","4","4"
"9","10","5","25","25","128","12800000","530066","0.04141140625","11","13"
"11","10","5","25","25","61","6100000","260408","0.04268983606557377","7","15"
"9","10","5","25","25","129","12900000","531030","0.04116511627906977","11","12"
"10","10","5","25","25","77","7700000","375991","0.04883","4","4"
"11","10","5","25","25","62","6200000","262089","0.04227241935483871","7","13"
"9","10","5","25","25","130","13000000","531981","0.04092161538461538","11","11"
"10","10","5","25","25","78","7800000","376381","0.04825397435897436","4","4"
"11","10","5","25","25","63","6300000","263729","0.041861746031746035","7","11"
"9","10","5","25","25","131","13100000","532966","0.04068442748091603","11","14"
"10","10","5","25","25","79","7900000","376925","0.04771202531645569","4","4"
"11","10","5","25","25","64","6400000","265512","0.04148625","7","19"
"9","10","5","25","25","132","13200000","534045","0.04045795454545455","11","12"
"10","10","5","25","25","80","8000000","377210","0.04715125","3","3"
"11","10","5","25","25","65","6500000","267440","0.041144615384615384","7","13"
"12","10","5","25","25","0","0","0","0","897","900"
"9","10","5","25","25","133","13300000","535050","0.04022932330827068","11","12"
"11","10","5","25","25","66","6600000","269175","0.04078409090909091","7","13"
"12","10","5","25","25","1","100000","8791","0.08791","457","478"
"9","10","5","25","25","134","13400000","536022","0.040001641791044776","11","13"
"11","10","5","25","25","67","6700000","270752","0.04041074626865672","7","17"
"12","10","5","25","25","2","200000","19838","0.09919","352","394"
"9","10","5","25","25","135","13500000","537049","0.039781407407407404","11","12"
"11","10","5","25","25","68","6800000","272359","0.04005279411764706","7","11"
"12","10","5","25","25","3","300000","31795","0.10598333333333333","261","313"
"9","10","5","25","25","136","13600000","537987","0.03955786764705883","11","11"
"11","10","5","25","25","69","6900000","273865","0.039690579710144926","7","13"
"12","10","5","25","25","4","400000","43680","0.1092","228","287"
"9","10","5","25","25","137","13700000","539038","0.0393458394160584","11","15"
"11","10","5","25","25","70","7000000","275242","0.03932028571428572","7","9"
"9","10","5","25","25","138","13800000","540065","0.03913514492753623","11","14"
"12","10","5","25","25","5","500000","55808","0.111616","173","232"
"11","10","5","25","25","71","7100000","276588","0.03895605633802817","6","8"
"9","10","5","25","25","139","13900000","541107","0.038928561151079136","11","11"
"11","10","5","25","25","72","7200000","278026","0.038614722222222224","6","10"
"12","10","5","25","25","6","600000","66811","0.11135166666666667","135","181"
"9","10","5","25","25","140","14000000","542131","0.03872364285714286","11","11"
"11","10","5","25","25","73","7300000","279731","0.03831931506849315","7","9"
"12","10","5","25","25","7","700000","77072","0.11010285714285714","118","167"
"9","10","5","25","25","141","14100000","543216","0.03852595744680851","11","14"
"11","10","5","25","25","74","7400000","281356","0.038021081081081085","6","8"
"12","10","5","25","25","8","800000","86535","0.10816875","104","158"
"9","10","5","25","25","142","14200000","544256","0.03832788732394366","11","11"
"11","10","5","25","25","75","7500000","282821","0.03770946666666666","6","8"
"12","10","5","25","25","9","900000","95343","0.10593666666666667","90","149"
"9","10","5","25","25","143","14300000","545366","0.038137482517482515","11","13"
"11","10","5","25","25","76","7600000","284465","0.037429605263157896","7","9"
"12","10","5","25","25","10","1000000","104139","0.104139","94","150"
"9","10","5","25","25","144","14400000","546351","0.03794104166666667","11","12"
"11","10","5","25","25","77","7700000","285965","0.037138311688311686","7","9"
"9","10","5","25","25","145","14500000","547160","0.0377351724137931","11","12"
"12","10","5","25","25","11","1100000","112942","0.10267454545454545","74","134"
"11","10","5","25","25","78","7800000","287215","0.0368224358974359","6","6"
"9","10","5","25","25","146","14600000","548218","0.037549178082191784","11","12"
"11","10","5","25","25","79","7900000","288615","0.03653354430379747","7","13"
"12","10","5","25","25","12","1200000","120968","0.10080666666666667","62","108"
"9","10","5","25","25","147","14700000","549130","0.03735578231292517","11","14"
"11","10","5","25","25","80","8000000","289662","0.03620775","5","7"
"12","10","5","25","25","13","1300000","128935","0.09918076923076923","62","106"
"9","10","5","25","25","148","14800000","550193","0.037175202702702706","11","12"
"11","10","5","25","25","81","8100000","290461","0.03585938271604938","5","6"
"12","10","5","25","25","14","1400000","136553","0.09753785714285715","60","106"
"9","10","5","25","25","149","14900000","551142","0.036989395973154364","11","13"
"11","10","5","25","25","82","8200000","291253","0.03551865853658537","5","6"
"12","10","5","25","25","15","1500000","143593","0.09572866666666667","55","86"
"9","10","5","25","25","150","15000000","551961","0.0367974","11","11"
"11","10","5","25","25","83","8300000","292025","0.035183734939759036","5","8"
"12","10","5","25","25","16","1600000","150503","0.094064375","43","70"
"9","10","5","25","25","151","15100000","553094","0.036628741721854305","11","12"
"11","10","5","25","25","84","8400000","292754","0.03485166666666667","5","5"
"9","10","5","25","25","152","15200000","553999","0.03644730263157895","11","11"
"12","10","5","25","25","17","1700000","157022","0.09236588235294117","40","65"
"11","10","5","25","25","85","8500000","293500","0.034529411764705885","5","5"
"9","10","5","25","25","153","15300000","554910","0.03626862745098039","11","12"
"12","10","5","25","25","18","1800000","163144","0.09063555555555555","38","57"
"11","10","5","25","25","86","8600000","294385","0.03423081395348837","5","5"
"9","10","5","25","25","154","15400000","556110","0.03611103896103896","11","12"
"11","10","5","25","25","87","8700000","295162","0.03392666666666667","5","6"
"12","10","5","25","25","19","1900000","169335","0.08912368421052631","41","80"
"9","10","5","25","25","155","15500000","557145","0.03594483870967742","11","12"
"11","10","5","25","25","88","8800000","295916","0.03362681818181818","5","5"
"12","10","5","25","25","20","2000000","175106","0.087553","34","56"
"9","10","5","25","25","156","15600000","558309","0.03578903846153846","11","12"
"11","10","5","25","25","89","8900000","296759","0.03334370786516854","5","6"
"12","10","5","25","25","21","2100000","180299","0.08585666666666666","34","56"
"9","10","5","25","25","157","15700000","559197","0.03561764331210191","11","12"
"11","10","5","25","25","90","9000000","297674","0.03307488888888889","5","7"
"12","10","5","25","25","22","2200000","185286","0.0842209090909091","35","62"
"9","10","5","25","25","158","15800000","560065","0.03544715189873418","11","12"
"11","10","5","25","25","91","9100000","298447","0.03279637362637362","5","5"
"12","10","5","25","25","23","2300000","189825","0.08253260869565217","32","55"
"9","10","5","25","25","159","15900000","560916","0.0352777358490566","11","12"
"11","10","5","25","25","92","9200000","299216","0.032523478260869564","5","7"
"12","10","5","25","25","24","2400000","194327","0.08096958333333333","28","52"
"9","10","5","25","25","160","16000000","561724","0.03510775","11","13"
"11","10","5","25","25","93","9300000","300006","0.03225870967741935","5","5"
"12","10","5","25","25","25","2500000","198660","0.079464","24","39"
"9","10","5","25","25","161","16100000","562389","0.03493099378881988","11","12"
"11","10","5","25","25","94","9400000","300838","0.03200404255319149","5","6"
"9","10","5","25","25","162","16200000","563180","0.034764197530864197","11","11"
"12","10","5","25","25","26","2600000","202889","0.07803423076923077","26","44"
"11","10","5","25","25","95","9500000","301661","0.03175378947368421","5","6"
"9","10","5","25","25","163","16300000","563681","0.03458165644171779","10","10"
"11","10","5","25","25","96","9600000","302425","0.03150260416666667","5","6"
"12","10","5","25","25","27","2700000","207253","0.07676037037037037","24","41"
"13","10","5","25","25","0","0","0","0","897","900"
"11","10","5","25","25","97","9700000","303288","0.03126680412371134","5","5"
"12","10","5","25","25","28","2800000","211657","0.07559178571428571","21","42"
"13","10","5","25","25","1","100000","8655","0.08655","444","484"
"11","10","5","25","25","98","9800000","304112","0.03103183673469388","5","7"
"12","10","5","25","25","29","2900000","215893","0.07444586206896552","22","50"
"13","10","5","25","25","2","200000","19242","0.09621","298","330"
"11","10","5","25","25","99","9900000","304883","0.030796262626262626","5","6"
"12","10","5","25","25","30","3000000","219974","0.07332466666666666","20","30"
"13","10","5","25","25","3","300000","30046","0.10015333333333333","225","280"
"11","10","5","25","25","100","10000000","305651","0.0305651","5","5"
"12","10","5","25","25","31","3100000","224231","0.07233258064516129","21","34"
"13","10","5","25","25","4","400000","40824","0.10206","189","243"
"11","10","5","25","25","101","10100000","306556","0.030352079207920792","5","6"
"12","10","5","25","25","32","3200000","228602","0.071438125","20","41"
"13","10","5","25","25","5","500000","52236","0.104472","192","250"
"11","10","5","25","25","102","10200000","307342","0.03013156862745098","5","5"
"12","10","5","25","25","33","3300000","232915","0.07058030303030303","23","41"
"13","10","5","25","25","6","600000","63282","0.10547","158","202"
"11","10","5","25","25","103","10300000","308099","0.02991252427184466","5","6"
"12","10","5","25","25","34","3400000","237078","0.06972882352941176","21","36"
"11","10","5","25","25","104","10400000","308770","0.02968942307692308","5","5"
"13","10","5","25","25","7","700000","74182","0.10597428571428572","154","216"
"12","10","5","25","25","35","3500000","241249","0.06892828571428572","20","32"
"11","10","5","25","25","105","10500000","309468","0.029473142857142857","5","5"
"13","10","5","25","25","8","800000","85028","0.106285","148","214"
"12","10","5","25","25","36","3600000","245200","0.06811111111111111","19","26"
"11","10","5","25","25","106","10600000","310175","0.02926179245283019","5","6"
"13","10","5","25","25","9","900000","95582","0.10620222222222223","122","169"
"11","10","5","25","25","107","10700000","310856","0.02905196261682243","5","5"
"12","10","5","25","25","37","3700000","248693","0.06721432432432432","16","22"
"13","10","5","25","25","10","1000000","105542","0.105542","93","149"
"11","10","5","25","25","108","10800000","311554","0.02884759259259259","5","5"
"12","10","5","25","25","38","3800000","251763","0.06625342105263157","15","19"
"13","10","5","25","25","11","1100000","114566","0.10415090909090909","88","141"
"11","10","5","25","25","109","10900000","312251","0.028646880733944953","5","5"
"12","10","5","25","25","39","3900000","254881","0.06535410256410257","13","20"
"13","10","5","25","25","12","1200000","123680","0.10306666666666667","86","124"
"11","10","5","25","25","110","11000000","312993","0.028453909090909092","5","5"
"12","10","5","25","25","40","4000000","257486","0.0643715","14","23"
"13","10","5","25","25","13","1300000","132194","0.10168769230769231","72","123"
"11","10","5","25","25","111","11100000","313772","0.02826774774774775","5","6"
"12","10","5","25","25","41","4100000","260085","0.06343536585365854","11","13"
"13","10","5","25","25","14","1400000","140606","0.10043285714285714","65","92"
"11","10","5","25","25","112","11200000","314661","0.028094732142857144","5","6"
"12","10","5","25","25","42","4200000","262076","0.06239904761904762","10","13"
"11","10","5","25","25","113","11300000","315336","0.0279058407079646","5","7"
"13","10","5","25","25","15","1500000","148149","0.098766","63","100"
"12","10","5","25","25","43","4300000","263902","0.061372558139534884","10","14"
"11","10","5","25","25","114","11400000","316057","0.027724298245614034","5","6"
"13","10","5","25","25","16","1600000","155672","0.097295","54","90"
"12","10","5","25","25","44","4400000","265661","0.0603775","10","11"
"11","10","5","25","25","115","11500000","316785","0.027546521739130435","5","5"
"13","10","5","25","25","17","1700000","162439","0.09555235294117648","56","86"
"12","10","5","25","25","45","4500000","267577","0.05946155555555555","10","15"
"11","10","5","25","25","116","11600000","317529","0.027373189655172415","5","5"
"13","10","5","25","25","18","1800000","168877","0.09382055555555556","54","83"
"12","10","5","25","25","46","4600000","269377","0.05856021739130435","8","11"
"11","10","5","25","25","117","11700000","318274","0.027202905982905982","5","8"
"13","10","5","25","25","19","1900000","174583","0.09188578947368421","49","73"
"12","10","5","25","25","47","4700000","270781","0.057612978723404255","9","14"
"11","10","5","25","25","118","11800000","319072","0.02704","5","5"
"13","10","5","25","25","20","2000000","179351","0.0896755","34","54"
"12","10","5","25","25","48","4800000","272238","0.05671625","9","14"
"11","10","5","25","25","119","11900000","319809","0.02687470588235294","5","5"
"13","10","5","25","25","21","2100000","184102","0.08766761904761905","37","57"
"12","10","5","25","25","49","4900000","273709","0.055858979591836735","9","15"
"11","10","5","25","25","120","12000000","320579","0.026714916666666668","5","5"
"13","10","5","25","25","22","2200000","188673","0.08576045454545454","34","57"
"12","10","5","25","25","50","5000000","275085","0.055017","9","12"
"11","10","5","25","25","121","12100000","321497","0.02657","5","6"
"13","10","5","25","25","23","2300000","193266","0.08402869565217391","34","55"
"12","10","5","25","25","51","5100000","276400","0.05419607843137255","9","12"
"11","10","5","25","25","122","12200000","322314","0.026419180327868854","5","5"
"13","10","5","25","25","24","2400000","197601","0.08233375","32","57"
"12","10","5","25","25","52","5200000","277782","0.053419615384615385","9","10"
"11","10","5","25","25","123","12300000","323312","0.026285528455284552","5","6"
"13","10","5","25","25","25","2500000","202031","0.0808124","41","63"
"12","10","5","25","25","53","5300000","279160","0.05267169811320755","8","12"
"11","10","5","25","25","124","12400000","324197","0.02614491935483871","5","6"
"11","10","5","25","25","125","12500000","325076","0.02600608","5","9"
"12","10","5","25","25","54","5400000","280494","0.051943333333333334","9","12"
"13","10","5","25","25","26","2600000","206300","0.07934615384615384","39","63"
"11","10","5","25","25","126","12600000","325890","0.025864285714285715","5","5"
"12","10","5","25","25","55","5500000","281913","0.05125690909090909","7","9"
"13","10","5","25","25","27","2700000","211337","0.07827296296296296","33","62"
"11","10","5","25","25","127","12700000","326875","0.025738188976377953","5","5"
"12","10","5","25","25","56","5600000","282835","0.05050625","7","10"
"13","10","5","25","25","28","2800000","216731","0.07740392857142857","33","76"
"11","10","5","25","25","128","12800000","327992","0.025624375","5","8"
"12","10","5","25","25","57","5700000","283632","0.04976","7","10"
"13","10","5","25","25","29","2900000","222116","0.07659172413793103","30","49"
"11","10","5","25","25","129","12900000","329046","0.025507441860465115","5","8"
"12","10","5","25","25","58","5800000","284594","0.04906793103448276","7","8"
"13","10","5","25","25","30","3000000","227191","0.07573033333333333","30","48"
"11","10","5","25","25","130","13000000","330105","0.025392692307692307","5","8"
"12","10","5","25","25","59","5900000","285628","0.04841152542372881","7","8"
"13","10","5","25","25","31","3100000","232135","0.07488225806451614","24","45"
"11","10","5","25","25","131","13100000","330840","0.02525496183206107","5","5"
"12","10","5","25","25","60","6000000","286631","0.04777183333333333","7","8"
"13","10","5","25","25","32","3200000","237167","0.0741146875","24","46"
"11","10","5","25","25","132","13200000","331307","0.02509901515151515","5","5"
"12","10","5","25","25","61","6100000","287570","0.047142622950819675","7","8"
"13","10","5","25","25","33","3300000","242045","0.0733469696969697","19","33"
"11","10","5","25","25","133","13300000","331593","0.024931804511278195","5","6"
"12","10","5","25","25","62","6200000","288563","0.04654241935483871","7","8"
"13","10","5","25","25","34","3400000","246501","0.07250029411764707","23","33"
"11","10","5","25","25","134","13400000","331698","0.02475358208955224","4","4"
"14","10","5","25","25","0","0","0","0","898","900"
"12","10","5","25","25","63","6300000","289667","0.04597888888888889","7","8"
"13","10","5","25","25","35","3500000","250717","0.07163342857142857","20","42"
"14","10","5","25","25","1","100000","8113","0.08113","443","468"
"12","10","5","25","25","64","6400000","290839","0.04544359375","7","8"
"13","10","5","25","25","36","3600000","254718","0.070755","17","35"
"14","10","5","25","25","2","200000","18656","0.09328","298","342"
"12","10","5","25","25","65","6500000","291856","0.044900923076923074","7","7"
"13","10","5","25","25","37","3700000","258893","0.06997108108108108","17","26"
"14","10","5","25","25","3","300000","29261","0.09753666666666666","240","281"
"12","10","5","25","25","66","6600000","293049","0.044401363636363635","7","10"
"13","10","5","25","25","38","3800000","262499","0.06907868421052632","16","33"
"14","10","5","25","25","4","400000","40120","0.1003","216","262"
"12","10","5","25","25","67","6700000","294199","0.04391029850746268","7","8"
"13","10","5","25","25","39","3900000","265946","0.06819128205128205","13","26"
"14","10","5","25","25","5","500000","51015","0.10203","186","228"
"12","10","5","25","25","68","6800000","295258","0.04342029411764706","7","7"
"13","10","5","25","25","40","4000000","268934","0.0672335","11","22"
"12","10","5","25","25","69","6900000","296184","0.042925217391304345","7","8"
"14","10","5","25","25","6","600000","60677","0.10112833333333333","156","195"
"13","10","5","25","25","41","4100000","271712","0.06627121951219513","10","14"
"12","10","5","25","25","70","7000000","297093","0.04244185714285714","7","8"
"14","10","5","25","25","7","700000","68797","0.09828142857142858","114","141"
"13","10","5","25","25","42","4200000","274077","0.06525642857142858","8","14"
"12","10","5","25","25","71","7100000","298091","0.04198464788732394","7","9"
"14","10","5","25","25","8","800000","76518","0.0956475","109","146"
"13","10","5","25","25","43","4300000","276055","0.06419883720930232","7","12"
"12","10","5","25","25","72","7200000","299081","0.04153902777777778","7","7"
"14","10","5","25","25","9","900000","83813","0.09312555555555556","96","126"
"13","10","5","25","25","44","4400000","277935","0.06316704545454545","5","11"
"12","10","5","25","25","73","7300000","300023","0.04109904109589041","7","7"
"13","10","5","25","25","45","4500000","279690","0.06215333333333333","4","7"
"14","10","5","25","25","10","1000000","90784","0.090784","97","121"
"12","10","5","25","25","74","7400000","300969","0.04067148648648649","7","8"
"13","10","5","25","25","46","4600000","281231","0.06113717391304348","4","7"
"14","10","5","25","25","11","1100000","97600","0.08872727272727272","78","119"
"12","10","5","25","25","75","7500000","301836","0.0402448","7","8"
"13","10","5","25","25","47","4700000","282322","0.06006851063829787","3","3"
"14","10","5","25","25","12","1200000","104256","0.08688","85","120"
"12","10","5","25","25","76","7600000","302848","0.03984842105263158","7","7"
"13","10","5","25","25","48","4800000","283457","0.05905354166666667","3","4"
"14","10","5","25","25","13","1300000","110964","0.08535692307692308","76","106"
"12","10","5","25","25","77","7700000","303822","0.039457402597402595","7","8"
"13","10","5","25","25","49","4900000","284559","0.058073265306122446","3","4"
"14","10","5","25","25","14","1400000","117016","0.08358285714285714","66","93"
"12","10","5","25","25","78","7800000","304902","0.03909","7","8"
"13","10","5","25","25","50","5000000","285798","0.0571596","3","4"
"14","10","5","25","25","15","1500000","122478","0.081652","55","69"
"12","10","5","25","25","79","7900000","305938","0.03872632911392405","7","9"
"13","10","5","25","25","51","5100000","286838","0.05624274509803921","3","5"
"14","10","5","25","25","16","1600000","127807","0.079879375","55","95"
"12","10","5","25","25","80","8000000","306986","0.03837325","7","8"
"13","10","5","25","25","52","5200000","287796","0.055345384615384616","3","5"
"14","10","5","25","25","17","1700000","133352","0.07844235294117648","58","89"
"12","10","5","25","25","81","8100000","308176","0.03804641975308642","7","7"
"13","10","5","25","25","53","5300000","288797","0.05449","3","3"
"14","10","5","25","25","18","1800000","139120","0.0772888888888889","62","97"
"13","10","5","25","25","54","5400000","289899","0.053685","3","5"
"12","10","5","25","25","82","8200000","309049","0.03768890243902439","7","7"
"14","10","5","25","25","19","1900000","144623","0.07611736842105263","47","74"
"13","10","5","25","25","55","5500000","290983","0.052906","3","4"
"12","10","5","25","25","83","8300000","310097","0.037361084337349394","7","7"
"14","10","5","25","25","20","2000000","149517","0.0747585","51","71"
"13","10","5","25","25","56","5600000","292144","0.052168571428571425","3","4"
"12","10","5","25","25","84","8400000","311102","0.03703595238095238","7","9"
"14","10","5","25","25","21","2100000","154758","0.07369428571428571","54","81"
"13","10","5","25","25","57","5700000","293121","0.051424736842105266","3","3"
"12","10","5","25","25","85","8500000","312124","0.03672047058823529","7","9"
"13","10","5","25","25","58","5800000","294215","0.050726724137931035","3","4"
"14","10","5","25","25","22","2200000","159911","0.07268681818181819","49","67"
"12","10","5","25","25","86","8600000","313002","0.03639558139534884","7","10"
"13","10","5","25","25","59","5900000","295213","0.05003610169491526","3","7"
"14","10","5","25","25","23","2300000","165159","0.07180826086956522","53","85"
"12","10","5","25","25","87","8700000","313941","0.0360851724137931","7","9"
"13","10","5","25","25","60","6000000","296283","0.0493805","3","3"
"14","10","5","25","25","24","2400000","170333","0.07097208333333334","49","66"
"12","10","5","25","25","88","8800000","314810","0.03577386363636364","7","8"
"13","10","5","25","25","61","6100000","297392","0.048752786885245904","3","3"
"14","10","5","25","25","25","2500000","175459","0.0701836","45","67"
"12","10","5","25","25","89","8900000","315685","0.03547022471910112","7","8"
"13","10","5","25","25","62","6200000","298411","0.048130806451612905","3","4"
"12","10","5","25","25","90","9000000","316881","0.035209","7","7"
"14","10","5","25","25","26","2600000","180329","0.06935730769230769","42","60"
"13","10","5","25","25","63","6300000","299350","0.04751587301587302","3","4"
"12","10","5","25","25","91","9100000","318101","0.034956153846153845","7","10"
"14","10","5","25","25","27","2700000","185372","0.0686562962962963","41","75"
"13","10","5","25","25","64","6400000","300053","0.04688328125","3","3"
"12","10","5","25","25","92","9200000","319217","0.0346975","7","7"
"14","10","5","25","25","28","2800000","191046","0.06823071428571428","55","78"
"13","10","5","25","25","65","6500000","300769","0.046272153846153845","3","3"
"12","10","5","25","25","93","9300000","320307","0.0344416129032258","7","7"
"14","10","5","25","25","29","2900000","196303","0.06769068965517241","40","61"
"13","10","5","25","25","66","6600000","301694","0.04571121212121212","3","4"
"12","10","5","25","25","94","9400000","321365","0.03418776595744681","7","10"
"14","10","5","25","25","30","3000000","200621","0.06687366666666666","40","57"
"13","10","5","25","25","67","6700000","302542","0.0451555223880597","3","3"
"12","10","5","25","25","95","9500000","322375","0.03393421052631579","7","10"
"14","10","5","25","25","31","3100000","204722","0.06603935483870968","32","49"
"13","10","5","25","25","68","6800000","303196","0.04458764705882353","3","3"
"12","10","5","25","25","96","9600000","323360","0.033683333333333336","7","8"
"14","10","5","25","25","32","3200000","208449","0.0651403125","41","64"
"13","10","5","25","25","69","6900000","303721","0.04401753623188406","3","3"
"12","10","5","25","25","97","9700000","324306","0.03343360824742268","7","9"
"14","10","5","25","25","33","3300000","212657","0.06444151515151515","35","54"
"13","10","5","25","25","70","7000000","304240","0.04346285714285714","3","3"
"12","10","5","25","25","98","9800000","325258","0.03318959183673469","7","7"
"14","10","5","25","25","34","3400000","216572","0.06369764705882353","37","57"
"13","10","5","25","25","71","7100000","304732","0.04292","3","3"
"12","10","5","25","25","99","9900000","326233","0.032952828282828285","7","8"
"13","10","5","25","25","72","7200000","305191","0.04238763888888889","3","5"
"14","10","5","25","25","35","3500000","220187","0.06291057142857143","38","53"
"12","10","5","25","25","100","10000000","327298","0.0327298","7","10"
"13","10","5","25","25","73","7300000","305508","0.041850410958904107","2","2"
"15","10","5","25","25","0","0","0","0","896","900"
"14","10","5","25","25","36","3600000","223162","0.061989444444444444","32","41"
"12","10","5","25","25","101","10100000","328298","0.03250475247524753","7","9"
"14","10","5","25","25","37","3700000","226499","0.06121594594594595","31","43"
"15","10","5","25","25","1","100000","9127","0.09127","439","461"
"12","10","5","25","25","102","10200000","329483","0.032302254901960786","7","7"
"14","10","5","25","25","38","3800000","229357","0.06035710526315789","23","36"
"15","10","5","25","25","2","200000","19753","0.098765","286","309"
"12","10","5","25","25","103","10300000","330462","0.032083689320388346","7","7"
"14","10","5","25","25","39","3900000","232233","0.059546923076923074","34","45"
"15","10","5","25","25","3","300000","30229","0.10076333333333333","244","301"
"12","10","5","25","25","104","10400000","331336","0.03185923076923077","7","7"
"14","10","5","25","25","40","4000000","234878","0.0587195","29","39"
"15","10","5","25","25","4","400000","40598","0.101495","204","243"
"12","10","5","25","25","105","10500000","332400","0.031657142857142856","7","12"
"14","10","5","25","25","41","4100000","237767","0.05799195121951219","29","43"
"15","10","5","25","25","5","500000","50516","0.101032","176","219"
"12","10","5","25","25","106","10600000","333445","0.03145707547169811","7","7"
"14","10","5","25","25","42","4200000","240469","0.05725452380952381","23","33"
"15","10","5","25","25","6","600000","60367","0.10061166666666667","148","196"
"12","10","5","25","25","107","10700000","334406","0.03125289719626168","7","8"
"14","10","5","25","25","43","4300000","243134","0.05654279069767442","26","32"
"15","10","5","25","25","7","700000","69879","0.09982714285714285","133","185"
"12","10","5","25","25","108","10800000","335375","0.031053240740740742","7","9"
"14","10","5","25","25","44","4400000","246099","0.05593159090909091","31","43"
"15","10","5","25","25","8","800000","79710","0.0996375","121","157"
"12","10","5","25","25","109","10900000","336396","0.030862018348623853","7","10"
"14","10","5","25","25","45","4500000","248782","0.05528488888888889","31","59"
"12","10","5","25","25","110","11000000","337390","0.030671818181818182","7","11"
"15","10","5","25","25","9","900000","88891","0.09876777777777777","102","145"
"14","10","5","25","25","46","4600000","251724","0.054722608695652174","32","41"
"12","10","5","25","25","111","11100000","338617","0.030506036036036036","7","10"
"15","10","5","25","25","10","1000000","96900","0.0969","96","138"
"14","10","5","25","25","47","4700000","253971","0.0540363829787234","23","29"
"12","10","5","25","25","112","11200000","340059","0.030362410714285713","7","12"
"15","10","5","25","25","11","1100000","104793","0.09526636363636364","86","125"
"14","10","5","25","25","48","4800000","256255","0.05338645833333333","24","31"
"12","10","5","25","25","113","11300000","341064","0.030182654867256638","7","11"
"14","10","5","25","25","49","4900000","258141","0.05268183673469388","17","28"
"15","10","5","25","25","12","1200000","111588","0.09299","71","101"
"12","10","5","25","25","114","11400000","342180","0.03001578947368421","7","9"
"14","10","5","25","25","50","5000000","259357","0.0518714","14","18"
"15","10","5","25","25","13","1300000","118142","0.09087846153846153","73","102"
"12","10","5","25","25","115","11500000","343172","0.02984104347826087","7","7"
"14","10","5","25","25","51","5100000","260608","0.05109960784313725","14","20"
"15","10","5","25","25","14","1400000","124737","0.08909785714285715","72","109"
"12","10","5","25","25","116","11600000","344117","0.029665258620689656","7","10"
"14","10","5","25","25","52","5200000","261641","0.05031557692307692","13","20"
"15","10","5","25","25","15","1500000","131957","0.08797133333333333","56","88"
"12","10","5","25","25","117","11700000","345108","0.029496410256410255","7","10"
"14","10","5","25","25","53","5300000","262470","0.04952264150943396","12","14"
"15","10","5","25","25","16","1600000","138550","0.08659375","57","89"
"12","10","5","25","25","118","11800000","346077","0.029328559322033897","7","7"
"14","10","5","25","25","54","5400000","263046","0.04871222222222222","11","11"
"15","10","5","25","25","17","1700000","145395","0.0855264705882353","67","99"
"12","10","5","25","25","119","11900000","346886","0.029150084033613445","7","7"
"14","10","5","25","25","55","5500000","263704","0.04794618181818182","11","11"
"15","10","5","25","25","18","1800000","152537","0.08474277777777778","57","99"
"14","10","5","25","25","56","5600000","264204","0.047179285714285715","11","11"
"12","10","5","25","25","120","12000000","347794","0.028982833333333333","7","8"
"15","10","5","25","25","19","1900000","159481","0.08393736842105264","60","86"
"14","10","5","25","25","57","5700000","264668","0.04643298245614035","11","12"
"12","10","5","25","25","121","12100000","348807","0.02882702479338843","7","8"
"15","10","5","25","25","20","2000000","165716","0.082858","49","80"
"14","10","5","25","25","58","5800000","265004","0.04569034482758621","10","10"
"16","10","5","25","25","0","0","0","0","896","900"
"12","10","5","25","25","122","12200000","349722","0.028665737704918034","7","7"
"15","10","5","25","25","21","2100000","171917","0.0818652380952381","57","85"
"16","10","5","25","25","1","100000","8845","0.08845","420","446"
"12","10","5","25","25","123","12300000","350482","0.028494471544715447","7","7"
"15","10","5","25","25","22","2200000","178368","0.08107636363636364","55","85"
"12","10","5","25","25","124","12400000","351394","0.028338225806451612","7","7"
"16","10","5","25","25","2","200000","19098","0.09549","336","365"
"15","10","5","25","25","23","2300000","184723","0.08031434782608696","54","75"
"12","10","5","25","25","125","12500000","352226","0.02817808","7","9"
"16","10","5","25","25","3","300000","29865","0.09955","274","322"
"15","10","5","25","25","24","2400000","190917","0.07954875","52","81"
"12","10","5","25","25","126","12600000","353110","0.028024603174603174","7","7"
"16","10","5","25","25","4","400000","40496","0.10124","212","251"
"15","10","5","25","25","25","2500000","196409","0.0785636","44","62"
"12","10","5","25","25","127","12700000","354129","0.027884173228346458","7","7"
"16","10","5","25","25","5","500000","50691","0.101382","178","227"
"12","10","5","25","25","128","12800000","354917","0.027727890625","7","7"
"15","10","5","25","25","26","2600000","201610","0.07754230769230769","28","44"
"16","10","5","25","25","6","600000","60219","0.100365","146","191"
"12","10","5","25","25","129","12900000","355685","0.02757248062015504","7","9"
"15","10","5","25","25","27","2700000","205586","0.07614296296296297","34","43"
"16","10","5","25","25","7","700000","69105","0.09872142857142857","144","204"
"12","10","5","25","25","130","13000000","356721","0.027440076923076925","7","8"
"15","10","5","25","25","28","2800000","209077","0.07467035714285715","24","35"
"16","10","5","25","25","8","800000","78539","0.09817375","127","178"
"12","10","5","25","25","131","13100000","357783","0.027311679389312976","7","9"
"15","10","5","25","25","29","2900000","212289","0.07320310344827587","23","36"
"16","10","5","25","25","9","900000","87560","0.09728888888888888","122","158"
"12","10","5","25","25","132","13200000","358854","0.02718590909090909","7","8"
"15","10","5","25","25","30","3000000","215140","0.07171333333333334","18","28"
"16","10","5","25","25","10","1000000","95868","0.095868","126","162"
"12","10","5","25","25","133","13300000","359963","0.027064887218045112","7","7"
"15","10","5","25","25","31","3100000","217736","0.07023741935483871","16","20"
"16","10","5","25","25","11","1100000","103785","0.09435","112","148"
"15","10","5","25","25","32","3200000","220408","0.0688775","18","28"
"12","10","5","25","25","134","13400000","361162","0.02695238805970149","7","8"
"16","10","5","25","25","12","1200000","111313","0.09276083333333333","94","134"
"15","10","5","25","25","33","3300000","223358","0.06768424242424242","16","24"
"12","10","5","25","25","135","13500000","362273","0.026835037037037036","7","7"
"16","10","5","25","25","13","1300000","119133","0.09164076923076923","101","145"
"15","10","5","25","25","34","3400000","226394","0.06658647058823529","18","31"
"12","10","5","25","25","136","13600000","363154","0.0267025","7","8"
"15","10","5","25","25","35","3500000","229381","0.06553742857142857","17","28"
"16","10","5","25","25","14","1400000","126701","0.09050071428571428","89","125"
"12","10","5","25","25","137","13700000","364291","0.02659058394160584","7","11"
"15","10","5","25","25","36","3600000","232122","0.06447833333333333","14","27"
"12","10","5","25","25","138","13800000","365251","0.026467463768115942","7","7"
"16","10","5","25","25","15","1500000","134470","0.08964666666666667","95","128"
"15","10","5","25","25","37","3700000","235063","0.06353054054054054","15","28"
"12","10","5","25","25","139","13900000","366120","0.026339568345323743","7","9"
"16","10","5","25","25","16","1600000","141960","0.088725","89","126"
"15","10","5","25","25","38","3800000","237800","0.06257894736842105","16","27"
"12","10","5","25","25","140","14000000","367079","0.02621992857142857","7","7"
"16","10","5","25","25","17","1700000","149776","0.0881035294117647","82","120"
"15","10","5","25","25","39","3900000","240294","0.06161384615384615","14","24"
"12","10","5","25","25","141","14100000","367999","0.02609921985815603","7","9"
"16","10","5","25","25","18","1800000","157691","0.0876061111111111","77","116"
"15","10","5","25","25","40","4000000","242966","0.0607415","18","35"
"12","10","5","25","25","142","14200000","368783","0.0259706338028169","7","9"
"16","10","5","25","25","19","1900000","165441","0.0870742105263158","70","108"
"15","10","5","25","25","41","4100000","245882","0.05997121951219512","16","23"
"12","10","5","25","25","143","14300000","369593","0.025845664335664334","7","8"
"16","10","5","25","25","20","2000000","172887","0.0864435","80","132"
"15","10","5","25","25","42","4200000","248340","0.059128571428571426","15","22"
"12","10","5","25","25","144","14400000","370505","0.02572951388888889","7","11"
"16","10","5","25","25","21","2100000","179766","0.08560285714285715","75","117"
"15","10","5","25","25","43","4300000","250746","0.05831302325581395","14","20"
"12","10","5","25","25","145","14500000","371251","0.02560351724137931","7","7"
"16","10","5","25","25","22","2200000","186458","0.08475363636363636","61","87"
"15","10","5","25","25","44","4400000","253003","0.05750068181818182","13","21"
"12","10","5","25","25","146","14600000","372050","0.025482876712328767","7","7"
"16","10","5","25","25","23","2300000","192964","0.08389739130434783","55","92"
"15","10","5","25","25","45","4500000","255754","0.056834222222222223","13","23"
"12","10","5","25","25","147","14700000","372930","0.02536938775510204","7","8"
"16","10","5","25","25","24","2400000","199310","0.08304583333333333","52","76"
"15","10","5","25","25","46","4600000","258457","0.05618630434782609","13","20"
"12","10","5","25","25","148","14800000","373796","0.025256486486486488","7","7"
"16","10","5","25","25","25","2500000","205093","0.0820372","48","79"
"15","10","5","25","25","47","4700000","261166","0.05556723404255319","13","19"
"12","10","5","25","25","149","14900000","374709","0.025148255033557047","7","7"
"16","10","5","25","25","26","2600000","210747","0.08105653846153846","42","72"
"15","10","5","25","25","48","4800000","263617","0.05492020833333333","11","15"
"12","10","5","25","25","150","15000000","375703","0.025046866666666667","7","8"
"16","10","5","25","25","27","2700000","216041","0.08001518518518519","43","71"
"15","10","5","25","25","49","4900000","265461","0.054175714285714285","10","16"
"12","10","5","25","25","151","15100000","376687","0.02494615894039735","7","8"
"16","10","5","25","25","28","2800000","221035","0.07894107142857143","43","73"
"15","10","5","25","25","50","5000000","267191","0.0534382","10","15"
"12","10","5","25","25","152","15200000","377395","0.02482861842105263","7","8"
"16","10","5","25","25","29","2900000","225990","0.07792758620689655","39","64"
"15","10","5","25","25","51","5100000","268952","0.0527356862745098","10","14"
"12","10","5","25","25","153","15300000","378142","0.02471516339869281","7","7"
"16","10","5","25","25","30","3000000","231080","0.07702666666666666","41","63"
"15","10","5","25","25","52","5200000","270740","0.05206538461538462","10","15"
"12","10","5","25","25","154","15400000","378733","0.024593051948051947","7","7"
"15","10","5","25","25","53","5300000","272392","0.05139471698113208","10","13"
"16","10","5","25","25","31","3100000","235804","0.0760658064516129","42","65"
"12","10","5","25","25","155","15500000","379189","0.024463806451612904","7","8"
"15","10","5","25","25","54","5400000","274156","0.05076962962962963","10","13"
"16","10","5","25","25","32","3200000","240547","0.0751709375","40","61"
"12","10","5","25","25","156","15600000","379476","0.024325384615384617","7","7"
"15","10","5","25","25","55","5500000","275936","0.050170181818181815","10","14"
"16","10","5","25","25","33","3300000","245100","0.07427272727272727","43","73"
"12","10","5","25","25","157","15700000","379512","0.024172738853503184","6","6"
"17","10","5","25","25","0","0","0","0","892","900"
"15","10","5","25","25","56","5600000","277692","0.04958785714285714","10","19"
"16","10","5","25","25","34","3400000","249378","0.07334647058823529","37","59"
"17","10","5","25","25","1","100000","9043","0.09043","448","470"
"15","10","5","25","25","57","5700000","279303","0.049000526315789474","9","12"
"16","10","5","25","25","35","3500000","253284","0.07236685714285715","35","61"
"17","10","5","25","25","2","200000","20521","0.102605","297","344"
"15","10","5","25","25","58","5800000","281076","0.048461379310344825","9","12"
"16","10","5","25","25","36","3600000","256775","0.07132638888888888","38","47"
"17","10","5","25","25","3","300000","32136","0.10712","273","322"
"15","10","5","25","25","59","5900000","282760","0.04792542372881356","9","13"
"16","10","5","25","25","37","3700000","259953","0.07025756756756757","33","44"
"17","10","5","25","25","4","400000","44088","0.11022","198","246"
"15","10","5","25","25","60","6000000","284472","0.047412","9","12"
"16","10","5","25","25","38","3800000","262953","0.06919815789473684","35","51"
"17","10","5","25","25","5","500000","55298","0.110596","184","227"
"15","10","5","25","25","61","6100000","286168","0.0469127868852459","10","14"
"16","10","5","25","25","39","3900000","266016","0.06820923076923077","32","51"
"15","10","5","25","25","62","6200000","288091","0.04646629032258064","10","12"
"17","10","5","25","25","6","600000","65568","0.10928","158","198"
"16","10","5","25","25","40","4000000","268912","0.067228","28","47"
"15","10","5","25","25","63","6300000","289862","0.04600984126984127","9","13"
"16","10","5","25","25","41","4100000","271533","0.06622756097560975","30","51"
"17","10","5","25","25","7","700000","76045","0.10863571428571428","131","188"
"15","10","5","25","25","64","6400000","291640","0.04556875","10","12"
"16","10","5","25","25","42","4200000","274439","0.06534261904761905","27","51"
"17","10","5","25","25","8","800000","86168","0.10771","120","172"
"15","10","5","25","25","65","6500000","293292","0.04512184615384615","10","14"
"16","10","5","25","25","43","4300000","277543","0.06454488372093023","28","43"
"17","10","5","25","25","9","900000","95600","0.10622222222222222","99","130"
"15","10","5","25","25","66","6600000","294989","0.04469530303030303","9","10"
"16","10","5","25","25","44","4400000","280918","0.063845","30","55"
"17","10","5","25","25","10","1000000","104522","0.104522","80","122"
"15","10","5","25","25","67","6700000","296665","0.044278358208955225","9","12"
"16","10","5","25","25","45","4500000","284342","0.06318711111111111","32","45"
"17","10","5","25","25","11","1100000","112659","0.10241727272727273","81","126"
"15","10","5","25","25","68","6800000","298467","0.043892205882352944","9","12"
"16","10","5","25","25","46","4600000","287593","0.06252021739130435","30","54"
"15","10","5","25","25","69","6900000","300206","0.04350811594202898","10","14"
"17","10","5","25","25","12","1200000","120780","0.10065","76","119"
"16","10","5","25","25","47","4700000","290773","0.06186659574468085","26","45"
"15","10","5","25","25","70","7000000","301803","0.043114714285714284","9","11"
"17","10","5","25","25","13","1300000","128026","0.09848153846153847","65","93"
"16","10","5","25","25","48","4800000","293783","0.06120479166666667","28","49"
"15","10","5","25","25","71","7100000","303618","0.042763098591549295","9","10"
"17","10","5","25","25","14","1400000","134836","0.09631142857142858","63","96"
"16","10","5","25","25","49","4900000","296881","0.06058795918367347","31","40"
"15","10","5","25","25","72","7200000","305382","0.04241416666666667","9","11"
"17","10","5","25","25","15","1500000","141782","0.09452133333333333","70","107"
"16","10","5","25","25","50","5000000","299947","0.0599894","29","42"
"15","10","5","25","25","73","7300000","307041","0.04206041095890411","9","13"
"16","10","5","25","25","51","5100000","303239","0.05945862745098039","32","45"
"17","10","5","25","25","16","1600000","148620","0.0928875","77","103"
"15","10","5","25","25","74","7400000","308921","0.041746081081081084","9","12"
"16","10","5","25","25","52","5200000","306574","0.05895653846153846","30","38"
"17","10","5","25","25","17","1700000","155274","0.09133764705882352","70","102"
"15","10","5","25","25","75","7500000","310495","0.04139933333333334","9","12"
"16","10","5","25","25","53","5300000","309745","0.05844245283018868","26","42"
"17","10","5","25","25","18","1800000","161764","0.08986888888888889","53","76"
"15","10","5","25","25","76","7600000","312045","0.04105855263157895","9","17"
"16","10","5","25","25","54","5400000","313031","0.0579687037037037","25","48"
"17","10","5","25","25","19","1900000","167837","0.08833526315789474","63","99"
"15","10","5","25","25","77","7700000","313779","0.04075051948051948","9","10"
"16","10","5","25","25","55","5500000","316277","0.05750490909090909","27","46"
"17","10","5","25","25","20","2000000","173887","0.0869435","65","96"
"15","10","5","25","25","78","7800000","315561","0.04045653846153846","10","13"
"16","10","5","25","25","56","5600000","319581","0.05706803571428572","26","39"
"15","10","5","25","25","79","7900000","317348","0.040170632911392404","10","14"
"17","10","5","25","25","21","2100000","179276","0.08536952380952381","50","69"
"16","10","5","25","25","57","5700000","322669","0.05660859649122807","25","32"
"15","10","5","25","25","80","8000000","318860","0.0398575","9","13"
"17","10","5","25","25","22","2200000","184243","0.08374681818181819","46","62"
"16","10","5","25","25","58","5800000","325819","0.05617568965517242","25","42"
"15","10","5","25","25","81","8100000","320615","0.039582098765432096","10","15"
"17","10","5","25","25","23","2300000","188699","0.08204304347826087","46","64"
"16","10","5","25","25","59","5900000","328899","0.055745593220338986","26","48"
"15","10","5","25","25","82","8200000","322387","0.03931548780487805","10","16"
"17","10","5","25","25","24","2400000","193544","0.08064333333333333","43","68"
"16","10","5","25","25","60","6000000","332290","0.05538166666666667","25","40"
"15","10","5","25","25","83","8300000","324171","0.03905674698795181","10","12"
"17","10","5","25","25","25","2500000","198687","0.0794748","44","76"
"16","10","5","25","25","61","6100000","335720","0.05503606557377049","24","35"
"15","10","5","25","25","84","8400000","325582","0.03875976190476191","10","12"
"17","10","5","25","25","26","2600000","203271","0.07818115384615384","38","71"
"16","10","5","25","25","62","6200000","338666","0.05462354838709677","24","42"
"15","10","5","25","25","85","8500000","327037","0.03847494117647059","10","13"
"17","10","5","25","25","27","2700000","207889","0.07699592592592593","38","69"
"16","10","5","25","25","63","6300000","341797","0.054253492063492066","25","45"
"15","10","5","25","25","86","8600000","328634","0.03821325581395349","11","19"
"17","10","5","25","25","28","2800000","212545","0.07590892857142857","38","74"
"16","10","5","25","25","64","6400000","344743","0.05386609375","27","38"
"15","10","5","25","25","87","8700000","330386","0.037975402298850575","10","17"
"17","10","5","25","25","29","2900000","217200","0.07489655172413794","40","67"
"16","10","5","25","25","65","6500000","347788","0.053505846153846154","29","46"
"15","10","5","25","25","88","8800000","331856","0.037710909090909094","10","15"
"16","10","5","25","25","66","6600000","351041","0.053188030303030306","23","32"
"17","10","5","25","25","30","3000000","222590","0.07419666666666666","41","75"
"15","10","5","25","25","89","8900000","333663","0.03749022471910112","10","21"
"16","10","5","25","25","67","6700000","354019","0.05283865671641791","23","35"
"17","10","5","25","25","31","3100000","227754","0.07346903225806452","47","82"
"15","10","5","25","25","90","9000000","335242","0.03724911111111111","10","13"
"16","10","5","25","25","68","6800000","357353","0.05255191176470588","23","46"
"15","10","5","25","25","91","9100000","336834","0.037014725274725276","10","13"
"17","10","5","25","25","32","3200000","233138","0.072855625","44","85"
"16","10","5","25","25","69","6900000","360325","0.052221014492753626","23","36"
"15","10","5","25","25","92","9200000","338435","0.03678641304347826","9","11"
"17","10","5","25","25","33","3300000","238154","0.0721678787878788","40","70"
"16","10","5","25","25","70","7000000","363311","0.05190157142857143","23","38"
"15","10","5","25","25","93","9300000","339976","0.03655655913978494","9","15"
"17","10","5","25","25","34","3400000","243062","0.07148882352941177","42","70"
"16","10","5","25","25","71","7100000","366139","0.05156887323943662","21","30"
"15","10","5","25","25","94","9400000","341565","0.036336702127659576","9","10"
"17","10","5","25","25","35","3500000","248310","0.07094571428571429","33","56"
"16","10","5","25","25","72","7200000","368911","0.05123763888888889","22","38"
"15","10","5","25","25","95","9500000","342785","0.036082631578947366","8","11"
"17","10","5","25","25","36","3600000","252995","0.07027638888888889","34","63"
"16","10","5","25","25","73","7300000","371673","0.05091410958904109","23","33"
"15","10","5","25","25","96","9600000","344020","0.03583541666666667","8","10"
"17","10","5","25","25","37","3700000","257837","0.06968567567567567","36","66"
"16","10","5","25","25","74","7400000","374485","0.050606081081081083","20","31"
"15","10","5","25","25","97","9700000","345246","0.03559237113402062","8","9"
"17","10","5","25","25","38","3800000","263017","0.069215","34","59"
"15","10","5","25","25","98","9800000","346404","0.03534734693877551","8","8"
"16","10","5","25","25","75","7500000","377581","0.05034413333333333","20","27"
"17","10","5","25","25","39","3900000","268001","0.06871820512820513","27","49"
"15","10","5","25","25","99","9900000","347609","0.0351120202020202","8","10"
"16","10","5","25","25","76","7600000","380613","0.05008065789473684","19","28"
"17","10","5","25","25","40","4000000","272875","0.06821875","35","53"
"15","10","5","25","25","100","10000000","348744","0.0348744","8","8"
"16","10","5","25","25","77","7700000","383820","0.04984675324675324","22","33"
"17","10","5","25","25","41","4100000","277825","0.06776219512195122","33","57"
"15","10","5","25","25","101","10100000","350194","0.03467267326732673","8","11"
"16","10","5","25","25","78","7800000","386833","0.049593974358974356","21","33"
"15","10","5","25","25","102","10200000","351371","0.03444813725490196","8","9"
"17","10","5","25","25","42","4200000","282600","0.06728571428571428","35","64"
"16","10","5","25","25","79","7900000","389711","0.04933050632911393","24","39"
"15","10","5","25","25","103","10300000","352614","0.034234368932038836","9","11"
"16","10","5","25","25","80","8000000","392310","0.04903875","22","32"
"17","10","5","25","25","43","4300000","287149","0.06677883720930232","34","57"
"15","10","5","25","25","104","10400000","353673","0.03400701923076923","9","12"
"16","10","5","25","25","81","8100000","395053","0.048771975308641975","22","36"
"17","10","5","25","25","44","4400000","291436","0.06623545454545454","33","54"
"15","10","5","25","25","105","10500000","354839","0.03379419047619048","9","17"
"16","10","5","25","25","82","8200000","397807","0.0485130487804878","23","33"
"17","10","5","25","25","45","4500000","295898","0.06575511111111111","36","70"
"15","10","5","25","25","106","10600000","355922","0.033577547169811324","9","14"
"16","10","5","25","25","83","8300000","400599","0.048264939759036146","21","33"
"17","10","5","25","25","46","4600000","300244","0.0652704347826087","32","58"
"15","10","5","25","25","107","10700000","357166","0.03338","9","12"
"16","10","5","25","25","84","8400000","403516","0.048037619047619044","21","33"
"17","10","5","25","25","47","4700000","304676","0.06482468085106383","24","50"
"15","10","5","25","25","108","10800000","358243","0.03317064814814815","9","11"
"16","10","5","25","25","85","8500000","406532","0.04782729411764706","19","33"
"17","10","5","25","25","48","4800000","309218","0.06442041666666666","31","53"
"15","10","5","25","25","109","10900000","359302","0.03296348623853211","8","10"
"16","10","5","25","25","86","8600000","409858","0.047657906976744185","21","36"
"17","10","5","25","25","49","4900000","313276","0.06393387755102041","30","45"
"15","10","5","25","25","110","11000000","360364","0.032760363636363636","9","12"
"16","10","5","25","25","87","8700000","412832","0.047451954022988505","20","33"
"17","10","5","25","25","50","5000000","317264","0.0634528","27","57"
"15","10","5","25","25","111","11100000","361310","0.03255045045045045","9","16"
"16","10","5","25","25","88","8800000","415440","0.04720909090909091","20","31"
"17","10","5","25","25","51","5100000","321301","0.06300019607843137","33","68"
"15","10","5","25","25","112","11200000","362239","0.03234276785714286","9","11"
"16","10","5","25","25","89","8900000","417770","0.04694044943820225","21","29"
"17","10","5","25","25","52","5200000","325521","0.0626001923076923","31","52"
"15","10","5","25","25","113","11300000","363327","0.03215283185840708","9","12"
"16","10","5","25","25","90","9000000","420161","0.046684555555555556","20","30"
"15","10","5","25","25","114","11400000","364366","0.031961929824561405","9","10"
"17","10","5","25","25","53","5300000","329772","0.0622211320754717","30","51"
"16","10","5","25","25","91","9100000","422762","0.04645736263736264","22","33"
"15","10","5","25","25","115","11500000","365325","0.031767391304347824","9","15"
"17","10","5","25","25","54","5400000","333870","0.06182777777777778","27","46"
"16","10","5","25","25","92","9200000","425025","0.04619836956521739","21","33"
"15","10","5","25","25","116","11600000","366344","0.031581379310344826","9","9"
"17","10","5","25","25","55","5500000","337863","0.06142963636363637","21","37"
"16","10","5","25","25","93","9300000","427273","0.045943333333333336","20","30"
"15","10","5","25","25","117","11700000","367458","0.031406666666666666","9","11"
"17","10","5","25","25","56","5600000","341928","0.06105857142857143","26","49"
"16","10","5","25","25","94","9400000","429661","0.0457086170212766","20","40"
"15","10","5","25","25","118","11800000","368637","0.031240423728813558","9","15"
"17","10","5","25","25","57","5700000","345887","0.0606819298245614","26","50"
"16","10","5","25","25","95","9500000","431711","0.04544326315789474","19","33"
"15","10","5","25","25","119","11900000","369673","0.031064957983193277","9","9"
"17","10","5","25","25","58","5800000","349581","0.06027258620689655","25","40"
"16","10","5","25","25","96","9600000","434330","0.04524270833333333","19","33"
"15","10","5","25","25","120","12000000","370756","0.030896333333333335","9","11"
"16","10","5","25","25","97","9700000","436786","0.04502948453608247","18","24"
"17","10","5","25","25","59","5900000","353455","0.059907627118644065","23","32"
"15","10","5","25","25","121","12100000","371779","0.030725537190082645","9","14"
"16","10","5","25","25","98","9800000","439045","0.044800510204081635","18","30"
"17","10","5","25","25","60","6000000","357435","0.0595725","19","33"
"15","10","5","25","25","122","12200000","372794","0.030556885245901638","9","16"
"16","10","5","25","25","99","9900000","441159","0.04456151515151515","18","24"
"17","10","5","25","25","61","6100000","361426","0.05925016393442623","17","40"
"15","10","5","25","25","123","12300000","373706","0.030382601626016262","9","13"
"16","10","5","25","25","100","10000000","443160","0.044316","17","22"
"17","10","5","25","25","62","6200000","365009","0.05887241935483871","17","33"
"15","10","5","25","25","124","12400000","374763","0.03022282258064516","9","16"
"16","10","5","25","25","101","10100000","445193","0.044078514851485145","18","30"
"17","10","5","25","25","63","6300000","368635","0.058513492063492066","16","38"
"15","10","5","25","25","125","12500000","375689","0.03005512","9","10"
"16","10","5","25","25","102","10200000","447107","0.04383401960784314","18","26"
"17","10","5","25","25","64","6400000","372096","0.05814","14","25"
"15","10","5","25","25","126","12600000","376735","0.029899603174603176","9","11"
"16","10","5","25","25","103","10300000","449155","0.04360728155339806","17","25"
"15","10","5","25","25","127","12700000","377870","0.029753543307086613","9","13"
"17","10","5","25","25","65","6500000","375633","0.057789692307692306","15","34"
"16","10","5","25","25","104","10400000","451305","0.04339471153846154","17","24"
"15","10","5","25","25","128","12800000","378838","0.02959671875","9","15"
"17","10","5","25","25","66","6600000","379335","0.057475","15","37"
"16","10","5","25","25","105","10500000","453075","0.04315","17","25"
"15","10","5","25","25","129","12900000","379980","0.029455813953488372","9","11"
"17","10","5","25","25","67","6700000","383079","0.057175970149253734","15","32"
"16","10","5","25","25","106","10600000","454948","0.04291962264150943","17","28"
"15","10","5","25","25","130","13000000","381074","0.029313384615384616","9","15"
"17","10","5","25","25","68","6800000","386327","0.05681279411764706","15","35"
"16","10","5","25","25","107","10700000","456755","0.04268738317757009","18","28"
"15","10","5","25","25","131","13100000","382149","0.029171679389312977","9","13"
"17","10","5","25","25","69","6900000","389546","0.05645594202898551","13","24"
"16","10","5","25","25","108","10800000","458494","0.04245314814814815","18","25"
"15","10","5","25","25","132","13200000","383209","0.029030984848484848","9","22"
"17","10","5","25","25","70","7000000","392538","0.056076857142857144","12","22"
"16","10","5","25","25","109","10900000","460636","0.042260183486238535","19","25"
"15","10","5","25","25","133","13300000","384339","0.028897669172932332","9","9"
"17","10","5","25","25","71","7100000","395182","0.05565943661971831","11","21"
"16","10","5","25","25","110","11000000","462775","0.04207045454545454","18","22"
"15","10","5","25","25","134","13400000","385349","0.028757388059701492","9","12"
"17","10","5","25","25","72","7200000","397667","0.055231527777777775","10","17"
"16","10","5","25","25","111","11100000","464753","0.04186963963963964","18","23"
"15","10","5","25","25","135","13500000","386457","0.028626444444444444","9","12"
"17","10","5","25","25","73","7300000","400127","0.05481191780821918","10","17"
"16","10","5","25","25","112","11200000","466469","0.04164901785714286","15","22"
"15","10","5","25","25","136","13600000","387616","0.028501176470588235","9","14"
"17","10","5","25","25","74","7400000","402757","0.054426621621621624","10","19"
"16","10","5","25","25","113","11300000","468065","0.0414216814159292","16","19"
"15","10","5","25","25","137","13700000","388674","0.02837036496350365","9","17"
"17","10","5","25","25","75","7500000","405269","0.05403586666666667","11","18"
"16","10","5","25","25","114","11400000","469685","0.04120043859649123","16","22"
"15","10","5","25","25","138","13800000","389664","0.028236521739130434","9","17"
"16","10","5","25","25","115","11500000","471289","0.040981652173913044","15","18"
"17","10","5","25","25","76","7600000","407658","0.05363921052631579","10","14"
"15","10","5","25","25","139","13900000","390675","0.02810611510791367","9","13"
"16","10","5","25","25","116","11600000","472708","0.040750689655172416","15","20"
"17","10","5","25","25","77","7700000","409750","0.053214285714285714","12","21"
"15","10","5","25","25","140","14000000","391752","0.027982285714285713","9","15"
"16","10","5","25","25","117","11700000","474179","0.04052811965811966","16","17"
"17","10","5","25","25","78","7800000","411780","0.052792307692307694","11","20"
"15","10","5","25","25","141","14100000","392907","0.027865744680851064","9","13"
"16","10","5","25","25","118","11800000","475679","0.04031177966101695","16","22"
"17","10","5","25","25","79","7900000","414098","0.05241746835443038","13","19"
"15","10","5","25","25","142","14200000","394031","0.027748661971830985","9","12"
"16","10","5","25","25","119","11900000","477222","0.04010268907563025","16","20"
"17","10","5","25","25","80","8000000","416557","0.052069625","12","16"
"15","10","5","25","25","143","14300000","395089","0.027628601398601398","8","11"
"16","10","5","25","25","120","12000000","478690","0.039890833333333334","16","21"
"15","10","5","25","25","144","14400000","396207","0.027514375","8","11"
"17","10","5","25","25","81","8100000","418527","0.05167","12","17"
"16","10","5","25","25","121","12100000","479981","0.03966785123966942","16","25"
"15","10","5","25","25","145","14500000","397472","0.027411862068965516","8","8"
"17","10","5","25","25","82","8200000","420680","0.051302439024390245","12","22"
"16","10","5","25","25","122","12200000","481195","0.0394422131147541","16","24"
"15","10","5","25","25","146","14600000","398869","0.027319794520547946","8","8"
"17","10","5","25","25","83","8300000","422667","0.05092373493975903","12","15"
"16","10","5","25","25","123","12300000","482578","0.0392339837398374","16","23"
"15","10","5","25","25","147","14700000","400184","0.027223401360544217","8","12"
"17","10","5","25","25","84","8400000","424458","0.05053071428571428","10","13"
"16","10","5","25","25","124","12400000","483991","0.039031532258064515","16","20"
"15","10","5","25","25","148","14800000","401462","0.02712581081081081","8","9"
"17","10","5","25","25","85","8500000","425831","0.050097764705882356","8","12"
"16","10","5","25","25","125","12500000","485479","0.03883832","16","22"
"15","10","5","25","25","149","14900000","402783","0.02703241610738255","8","10"
"17","10","5","25","25","86","8600000","426827","0.049631046511627905","7","9"
"16","10","5","25","25","126","12600000","487008","0.03865142857142857","16","23"
"15","10","5","25","25","150","15000000","404137","0.026942466666666668","8","9"
"17","10","5","25","25","87","8700000","427767","0.04916862068965517","7","8"
"16","10","5","25","25","127","12700000","488373","0.038454566929133856","16","18"
"15","10","5","25","25","151","15100000","405271","0.02683913907284768","8","8"
"17","10","5","25","25","88","8800000","428746","0.04872113636363636","7","10"
"16","10","5","25","25","128","12800000","489574","0.03824796875","15","20"
"15","10","5","25","25","152","15200000","406535","0.026745723684210528","8","11"
"17","10","5","25","25","89","8900000","429635","0.04827359550561798","7","7"
"16","10","5","25","25","129","12900000","490813","0.03804751937984496","16","22"
"15","10","5","25","25","153","15300000","407799","0.026653529411764704","9","15"
"17","10","5","25","25","90","9000000","430874","0.04787488888888889","7","9"
"16","10","5","25","25","130","13000000","491905","0.03783884615384615","16","23"
"15","10","5","25","25","154","15400000","409123","0.02656642857142857","9","13"
"17","10","5","25","25","91","9100000","431965","0.047468681318681316","7","7"
"16","10","5","25","25","131","13100000","492921","0.037627557251908396","16","21"
"15","10","5","25","25","155","15500000","410378","0.026476","9","16"
"17","10","5","25","25","92","9200000","433119","0.04707815217391304","7","9"
"16","10","5","25","25","132","13200000","493871","0.037414469696969696","16","21"
"15","10","5","25","25","156","15600000","411500","0.02637820512820513","9","12"
"17","10","5","25","25","93","9300000","434396","0.046709247311827955","7","9"
"16","10","5","25","25","133","13300000","494584","0.03718676691729323","16","18"
"15","10","5","25","25","157","15700000","412703","0.026286815286624205","9","13"
"17","10","5","25","25","94","9400000","435734","0.04635468085106383","7","7"
"16","10","5","25","25","134","13400000","495213","0.036956194029850745","16","19"
"15","10","5","25","25","158","15800000","414039","0.026205","9","11"
"17","10","5","25","25","95","9500000","436903","0.04598978947368421","7","8"
"16","10","5","25","25","135","13500000","495800","0.036725925925925926","16","20"
"15","10","5","25","25","159","15900000","415323","0.026120943396226413","8","9"
"17","10","5","25","25","96","9600000","437891","0.045613645833333334","7","8"
"16","10","5","25","25","136","13600000","496265","0.03649007352941176","14","16"
"15","10","5","25","25","160","16000000","416543","0.0260339375","8","8"
"17","10","5","25","25","97","9700000","438998","0.045257525773195875","7","7"
"16","10","5","25","25","137","13700000","496732","0.0362578102189781","14","15"
"15","10","5","25","25","161","16100000","417663","0.025941801242236023","8","12"
"17","10","5","25","25","98","9800000","440113","0.04490948979591837","7","7"
"16","10","5","25","25","138","13800000","497299","0.03603615942028986","14","19"
"15","10","5","25","25","162","16200000","418843","0.025854506172839506","8","11"
"16","10","5","25","25","139","13900000","497912","0.0358210071942446","14","15"
"17","10","5","25","25","99","9900000","441156","0.04456121212121212","7","7"
"15","10","5","25","25","163","16300000","419845","0.025757361963190183","8","9"
"16","10","5","25","25","140","14000000","498493","0.03560664285714286","14","15"
"17","10","5","25","25","100","10000000","442149","0.0442149","7","8"
"15","10","5","25","25","164","16400000","420505","0.025640548780487805","7","8"
"16","10","5","25","25","141","14100000","499286","0.03541035460992908","14","17"
"17","10","5","25","25","101","10100000","443064","0.043867722772277226","7","11"
"15","10","5","25","25","165","16500000","421047","0.025518","7","8"
"16","10","5","25","25","142","14200000","499730","0.03519225352112676","14","15"
"17","10","5","25","25","102","10200000","444056","0.043534901960784314","7","8"
"15","10","5","25","25","166","16600000","421674","0.025402048192771084","7","7"
"16","10","5","25","25","143","14300000","500273","0.034984125874125874","14","15"
"17","10","5","25","25","103","10300000","445191","0.04322242718446602","7","9"
"15","10","5","25","25","167","16700000","422520","0.02530059880239521","7","10"
"16","10","5","25","25","144","14400000","500943","0.034787708333333334","14","15"
"17","10","5","25","25","104","10400000","446166","0.04290057692307692","7","7"
"15","10","5","25","25","168","16800000","423197","0.02519029761904762","7","7"
"16","10","5","25","25","145","14500000","501563","0.034590551724137934","14","15"
"17","10","5","25","25","105","10500000","447147","0.04258542857142857","7","8"
"15","10","5","25","25","169","16900000","423691","0.025070473372781066","7","7"
"16","10","5","25","25","146","14600000","502028","0.03438547945205479","14","15"
"17","10","5","25","25","106","10600000","448109","0.04227443396226415","7","7"
"15","10","5","25","25","170","17000000","424265","0.024956764705882352","7","7"
"16","10","5","25","25","147","14700000","502291","0.034169455782312924","14","15"
"17","10","5","25","25","107","10700000","449184","0.04197981308411215","7","9"
"15","10","5","25","25","171","17100000","424967","0.02485187134502924","7","7"
"16","10","5","25","25","148","14800000","502503","0.0339529054054054","14","15"
"17","10","5","25","25","108","10800000","450179","0.04168324074074074","7","8"
"15","10","5","25","25","172","17200000","425545","0.02474098837209302","7","8"
"16","10","5","25","25","149","14900000","502571","0.03372959731543624","13","14"
"18","10","5","25","25","0","0","0","0","899","900"
"17","10","5","25","25","109","10900000","451298","0.04140348623853211","7","7"
"15","10","5","25","25","173","17300000","426097","0.024629884393063583","7","7"
"18","10","5","25","25","1","100000","8278","0.08278","467","501"
"17","10","5","25","25","110","11000000","452391","0.04112645454545454","7","7"
"15","10","5","25","25","174","17400000","426765","0.024526724137931034","7","8"
"18","10","5","25","25","2","200000","19800","0.099","337","378"
"15","10","5","25","25","175","17500000","427453","0.024425885714285715","7","7"
"17","10","5","25","25","111","11100000","453490","0.040854954954954954","7","7"
"18","10","5","25","25","3","300000","32080","0.10693333333333334","259","334"
"15","10","5","25","25","176","17600000","427998","0.02431806818181818","7","7"
"17","10","5","25","25","112","11200000","454571","0.04058669642857143","7","9"
"15","10","5","25","25","177","17700000","428590","0.024214124293785312","7","8"
"17","10","5","25","25","113","11300000","455754","0.040332212389380534","7","10"
"18","10","5","25","25","4","400000","44023","0.1100575","220","285"
"15","10","5","25","25","178","17800000","429212","0.024113033707865168","7","8"
"17","10","5","25","25","114","11400000","456839","0.04007359649122807","7","7"
"18","10","5","25","25","5","500000","55132","0.110264","152","184"
"15","10","5","25","25","179","17900000","429843","0.024013575418994414","7","7"
"17","10","5","25","25","115","11500000","458110","0.03983565217391304","7","10"
"18","10","5","25","25","6","600000","64756","0.10792666666666667","106","150"
"15","10","5","25","25","180","18000000","430490","0.02391611111111111","7","7"
"17","10","5","25","25","116","11600000","459164","0.03958310344827586","7","10"
"18","10","5","25","25","7","700000","73971","0.10567285714285714","129","178"
"15","10","5","25","25","181","18100000","431158","0.023820883977900553","7","8"
"17","10","5","25","25","117","11700000","460065","0.03932179487179487","7","9"
"18","10","5","25","25","8","800000","82360","0.10295","105","145"
"15","10","5","25","25","182","18200000","431916","0.02373164835164835","7","7"
"17","10","5","25","25","118","11800000","461049","0.039071949152542376","7","8"
"18","10","5","25","25","9","900000","90744","0.10082666666666666","83","127"
"15","10","5","25","25","183","18300000","432541","0.023636120218579235","7","7"
"17","10","5","25","25","119","11900000","462031","0.03882613445378151","7","8"
"18","10","5","25","25","10","1000000","98447","0.098447","68","100"
"15","10","5","25","25","184","18400000","433161","0.023541358695652173","7","8"
"17","10","5","25","25","120","12000000","462971","0.038580916666666666","7","7"
"15","10","5","25","25","185","18500000","433813","0.02344935135135135","7","8"
"18","10","5","25","25","11","1100000","106075","0.09643181818181819","64","97"
"17","10","5","25","25","121","12100000","463920","0.038340495867768595","7","8"
"15","10","5","25","25","186","18600000","434421","0.023355967741935484","7","9"
"18","10","5","25","25","12","1200000","113450","0.09454166666666666","66","101"
"17","10","5","25","25","122","12200000","464806","0.0380988524590164","7","7"
"15","10","5","25","25","187","18700000","435154","0.023270267379679143","7","8"
"18","10","5","25","25","13","1300000","120999","0.09307615384615385","57","99"
"17","10","5","25","25","123","12300000","465704","0.03786211382113821","7","9"
"15","10","5","25","25","188","18800000","435753","0.02317835106382979","7","9"
"18","10","5","25","25","14","1400000","128300","0.09164285714285714","49","80"
"17","10","5","25","25","124","12400000","466710","0.03763790322580645","7","9"
"15","10","5","25","25","189","18900000","436430","0.023091534391534392","7","8"
"17","10","5","25","25","125","12500000","467682","0.03741456","7","8"
"18","10","5","25","25","15","1500000","134339","0.08955933333333334","44","66"
"15","10","5","25","25","190","19000000","436929","0.02299626315789474","7","8"
"17","10","5","25","25","126","12600000","468678","0.03719666666666667","7","9"
"18","10","5","25","25","16","1600000","139892","0.0874325","38","62"
"15","10","5","25","25","191","19100000","437551","0.022908429319371728","7","8"
"17","10","5","25","25","127","12700000","469548","0.03697228346456693","7","8"
"18","10","5","25","25","17","1700000","145237","0.0854335294117647","39","59"
"15","10","5","25","25","192","19200000","438292","0.022827708333333332","7","7"
"17","10","5","25","25","128","12800000","470437","0.036752890625","7","9"
"18","10","5","25","25","18","1800000","150379","0.08354388888888889","33","54"
"15","10","5","25","25","193","19300000","438878","0.02273979274611399","7","8"
"17","10","5","25","25","129","12900000","471115","0.03652054263565892","7","7"
"15","10","5","25","25","194","19400000","439609","0.022660257731958764","7","8"
"18","10","5","25","25","19","1900000","155163","0.08166473684210526","33","50"
"17","10","5","25","25","130","13000000","471584","0.03627569230769231","7","8"
"15","10","5","25","25","195","19500000","440226","0.022575692307692307","7","8"
"18","10","5","25","25","20","2000000","160289","0.0801445","36","55"
"17","10","5","25","25","131","13100000","472094","0.036037709923664125","7","8"
"15","10","5","25","25","196","19600000","440845","0.022492091836734694","7","7"
"18","10","5","25","25","21","2100000","165842","0.07897238095238095","40","61"
"17","10","5","25","25","132","13200000","472605","0.035803409090909094","7","8"
"15","10","5","25","25","197","19700000","441433","0.02240776649746193","7","7"
"18","10","5","25","25","22","2200000","171457","0.077935","37","57"
"17","10","5","25","25","133","13300000","473067","0.035568947368421054","7","10"
"15","10","5","25","25","198","19800000","441977","0.022322070707070707","7","8"
"18","10","5","25","25","23","2300000","177272","0.07707478260869566","37","61"
"17","10","5","25","25","134","13400000","473630","0.0353455223880597","7","8"
"15","10","5","25","25","199","19900000","442633","0.02224286432160804","7","8"
"18","10","5","25","25","24","2400000","183055","0.07627291666666666","38","59"
"17","10","5","25","25","135","13500000","474214","0.035126962962962964","7","7"
"15","10","5","25","25","200","20000000","443215","0.02216075","7","7"
"18","10","5","25","25","25","2500000","188528","0.0754112","34","60"
"17","10","5","25","25","136","13600000","474698","0.03490426470588235","7","7"
"15","10","5","25","25","201","20100000","443813","0.022080248756218907","7","7"
"18","10","5","25","25","26","2600000","193977","0.07460653846153846","36","64"
"17","10","5","25","25","137","13700000","475164","0.03468350364963504","7","7"
"15","10","5","25","25","202","20200000","444446","0.022002277227722772","7","8"
"18","10","5","25","25","27","2700000","199317","0.07382111111111112","32","60"
"17","10","5","25","25","138","13800000","475451","0.03445297101449275","7","7"
"15","10","5","25","25","203","20300000","445146","0.021928374384236452","7","7"
"15","10","5","25","25","204","20400000","445856","0.021855686274509803","7","7"
"18","10","5","25","25","28","2800000","204268","0.07295285714285714","29","56"
"17","10","5","25","25","139","13900000","475624","0.03421755395683453","7","7"
"15","10","5","25","25","205","20500000","446408","0.021776","7","8"
"17","10","5","25","25","140","14000000","475639","0.03397421428571429","6","6"
"19","10","5","25","25","0","0","0","0","897","900"
"18","10","5","25","25","29","2900000","208972","0.07205931034482758","32","58"
"15","10","5","25","25","206","20600000","447043","0.02170111650485437","7","7"
"18","10","5","25","25","30","3000000","213893","0.07129766666666666","34","58"
"19","10","5","25","25","1","100000","8333","0.08333","448","478"
"15","10","5","25","25","207","20700000","447575","0.021621980676328503","7","7"
"18","10","5","25","25","31","3100000","219242","0.07072322580645161","37","66"
"19","10","5","25","25","2","200000","18723","0.093615","339","382"
"15","10","5","25","25","208","20800000","448153","0.021545817307692307","7","8"
"18","10","5","25","25","32","3200000","224464","0.070145","38","72"
"19","10","5","25","25","3","300000","29927","0.09975666666666666","261","319"
"15","10","5","25","25","209","20900000","448794","0.021473397129186604","7","8"
"18","10","5","25","25","33","3300000","229671","0.06959727272727273","34","58"
"19","10","5","25","25","4","400000","40366","0.100915","192","233"
"15","10","5","25","25","210","21000000","449373","0.021398714285714285","7","9"
"18","10","5","25","25","34","3400000","235020","0.06912352941176471","29","50"
"19","10","5","25","25","5","500000","49581","0.099162","171","219"
"15","10","5","25","25","211","21100000","450001","0.021327061611374407","7","7"
"18","10","5","25","25","35","3500000","240378","0.06867942857142857","28","49"
"15","10","5","25","25","212","21200000","450589","0.021254198113207546","7","8"
"19","10","5","25","25","6","600000","59039","0.09839833333333334","147","192"
"18","10","5","25","25","36","3600000","245656","0.06823777777777777","28","54"
"15","10","5","25","25","213","21300000","451200","0.021183098591549297","7","8"
"19","10","5","25","25","7","700000","69056","0.09865142857142857","141","180"
"18","10","5","25","25","37","3700000","250148","0.06760756756756757","23","44"
"15","10","5","25","25","214","21400000","451710","0.021107943925233644","7","7"
"19","10","5","25","25","8","800000","78782","0.0984775","118","158"
"18","10","5","25","25","38","3800000","254962","0.06709526315789474","23","49"
"15","10","5","25","25","215","21500000","452253","0.021035023255813953","7","7"
"19","10","5","25","25","9","900000","87753","0.09750333333333333","113","145"
"18","10","5","25","25","39","3900000","259331","0.0664951282051282","26","43"
"15","10","5","25","25","216","21600000","452900","0.020967592592592593","7","11"
"19","10","5","25","25","10","1000000","96005","0.096005","82","110"
"15","10","5","25","25","217","21700000","453618","0.02090405529953917","7","8"
"18","10","5","25","25","40","4000000","263617","0.06590425","25","48"
"19","10","5","25","25","11","1100000","103246","0.09386","73","108"
"15","10","5","25","25","218","21800000","454365","0.02084243119266055","7","9"
"18","10","5","25","25","41","4100000","268137","0.06539926829268293","24","49"
"15","10","5","25","25","219","21900000","455014","0.02077689497716895","7","7"
"19","10","5","25","25","12","1200000","110702","0.09225166666666666","78","121"
"18","10","5","25","25","42","4200000","272059","0.06477595238095238","22","38"
"15","10","5","25","25","220","22000000","455560","0.020707272727272727","7","8"
"19","10","5","25","25","13","1300000","118169","0.09089923076923077","73","114"
"18","10","5","25","25","43","4300000","275769","0.06413232558139535","20","38"
"15","10","5","25","25","221","22100000","456053","0.020635882352941178","7","7"
"18","10","5","25","25","44","4400000","279337","0.06348568181818182","18","32"
"19","10","5","25","25","14","1400000","124865","0.08918928571428572","68","100"
"15","10","5","25","25","222","22200000","456625","0.020568693693693695","7","7"
"18","10","5","25","25","45","4500000","282879","0.062862","18","44"
"19","10","5","25","25","15","1500000","131605","0.08773666666666667","69","105"
"15","10","5","25","25","223","22300000","457230","0.02050358744394619","7","11"
"18","10","5","25","25","46","4600000","286561","0.06229586956521739","18","37"
"19","10","5","25","25","16","1600000","138249","0.086405625","60","94"
"15","10","5","25","25","224","22400000","457849","0.0204396875","7","7"
"18","10","5","25","25","47","4700000","290240","0.0617531914893617","18","35"
"19","10","5","25","25","17","1700000","144934","0.08525529411764705","62","91"
"15","10","5","25","25","225","22500000","458418","0.020374133333333332","7","9"
"18","10","5","25","25","48","4800000","293914","0.06123208333333333","17","25"
"15","10","5","25","25","226","22600000","458989","0.020309247787610618","7","7"
"19","10","5","25","25","18","1800000","151997","0.08444277777777778","67","101"
"18","10","5","25","25","49","4900000","297297","0.06067285714285714","16","31"
"15","10","5","25","25","227","22700000","459560","0.020244933920704845","7","8"
"19","10","5","25","25","19","1900000","158442","0.08339052631578947","62","96"
"18","10","5","25","25","50","5000000","300680","0.060136","15","20"
"15","10","5","25","25","228","22800000","460245","0.020186184210526315","7","7"
"19","10","5","25","25","20","2000000","164245","0.0821225","63","87"
"18","10","5","25","25","51","5100000","303942","0.05959647058823529","16","31"
"15","10","5","25","25","229","22900000","461120","0.020136244541484716","7","10"
"19","10","5","25","25","21","2100000","170077","0.08098904761904761","50","82"
"18","10","5","25","25","52","5200000","307015","0.05904134615384615","14","18"
"15","10","5","25","25","230","23000000","461946","0.020084608695652175","7","8"
"19","10","5","25","25","22","2200000","176051","0.08002318181818181","42","68"
"18","10","5","25","25","53","5300000","309930","0.05847735849056604","14","21"
"15","10","5","25","25","231","23100000","462761","0.020032943722943723","7","9"
"19","10","5","25","25","23","2300000","181904","0.07908869565217391","49","90"
"18","10","5","25","25","54","5400000","312719","0.05791092592592593","14","24"
"15","10","5","25","25","232","23200000","463523","0.019979439655172414","7","8"
"19","10","5","25","25","24","2400000","187661","0.07819208333333333","45","68"
"18","10","5","25","25","55","5500000","315682","0.05739672727272727","14","19"
"15","10","5","25","25","233","23300000","464162","0.019921115879828328","7","7"
"19","10","5","25","25","25","2500000","193922","0.0775688","43","75"
"15","10","5","25","25","234","23400000","464809","0.01986363247863248","7","7"
"18","10","5","25","25","56","5600000","318453","0.05686660714285714","13","22"
"15","10","5","25","25","235","23500000","465423","0.01980523404255319","7","9"
"19","10","5","25","25","26","2600000","199296","0.07665230769230769","37","64"
"18","10","5","25","25","57","5700000","320936","0.05630456140350877","13","23"
"15","10","5","25","25","236","23600000","465958","0.019743983050847458","7","7"
"18","10","5","25","25","58","5800000","323373","0.05575396551724138","12","17"
"19","10","5","25","25","27","2700000","204517","0.07574703703703704","34","52"
"15","10","5","25","25","237","23700000","466665","0.019690506329113924","7","8"
"18","10","5","25","25","59","5900000","325851","0.05522898305084746","11","24"
"19","10","5","25","25","28","2800000","209687","0.07488821428571428","33","56"
"15","10","5","25","25","238","23800000","467173","0.019629117647058825","7","7"
"18","10","5","25","25","60","6000000","328403","0.054733833333333336","12","17"
"19","10","5","25","25","29","2900000","214911","0.07410724137931035","42","72"
"15","10","5","25","25","239","23900000","467817","0.019573933054393304","7","7"
"18","10","5","25","25","61","6100000","330771","0.05422475409836065","12","17"
"19","10","5","25","25","30","3000000","220321","0.07344033333333333","36","60"
"15","10","5","25","25","240","24000000","468431","0.01951795833333333","7","8"
"18","10","5","25","25","62","6200000","333229","0.053746612903225806","11","14"
"19","10","5","25","25","31","3100000","225741","0.07281967741935484","36","62"
"15","10","5","25","25","241","24100000","469044","0.01946240663900415","7","7"
"18","10","5","25","25","63","6300000","335517","0.05325666666666667","11","18"
"19","10","5","25","25","32","3200000","231638","0.072386875","38","54"
"15","10","5","25","25","242","24200000","469672","0.01940793388429752","7","11"
"18","10","5","25","25","64","6400000","337556","0.052743125","12","19"
"19","10","5","25","25","33","3300000","237470","0.07196060606060606","37","65"
"15","10","5","25","25","243","24300000","470241","0.01935148148148148","7","7"
"18","10","5","25","25","65","6500000","339704","0.05226215384615385","12","20"
"15","10","5","25","25","244","24400000","470786","0.01929450819672131","7","8"
"19","10","5","25","25","34","3400000","243092","0.07149764705882353","32","55"
"18","10","5","25","25","66","6600000","342132","0.05183818181818182","12","16"
"15","10","5","25","25","245","24500000","471424","0.019241795918367346","7","8"
"19","10","5","25","25","35","3500000","248597","0.07102771428571429","34","56"
"18","10","5","25","25","67","6700000","344309","0.05138940298507463","12","20"
"15","10","5","25","25","246","24600000","471852","0.0191809756097561","7","7"
"19","10","5","25","25","36","3600000","254078","0.07057722222222222","32","62"
"18","10","5","25","25","68","6800000","346475","0.05095220588235294","11","17"
"15","10","5","25","25","247","24700000","472062","0.019111821862348177","7","7"
"19","10","5","25","25","37","3700000","259430","0.07011621621621622","32","55"
"18","10","5","25","25","69","6900000","348864","0.05056","11","15"
"15","10","5","25","25","248","24800000","472193","0.019040040322580644","6","6"
"20","10","5","25","25","0","0","0","0","895","900"
"19","10","5","25","25","38","3800000","264682","0.06965315789473685","33","61"
"18","10","5","25","25","70","7000000","350915","0.050130714285714285","11","16"
"20","10","5","25","25","1","100000","8611","0.08611","462","479"
"18","10","5","25","25","71","7100000","353124","0.049735774647887324","11","13"
"19","10","5","25","25","39","3900000","269999","0.06923051282051282","26","41"
"20","10","5","25","25","2","200000","19310","0.09655","314","352"
"18","10","5","25","25","72","7200000","355304","0.049347777777777775","11","13"
"19","10","5","25","25","40","4000000","274938","0.0687345","32","47"
"20","10","5","25","25","3","300000","30786","0.10262","257","308"
"18","10","5","25","25","73","7300000","357573","0.04898260273972603","11","13"
"19","10","5","25","25","41","4100000","280195","0.06834024390243902","27","49"
"20","10","5","25","25","4","400000","42076","0.10519","212","254"
"18","10","5","25","25","74","7400000","359781","0.048619054054054055","11","15"
"19","10","5","25","25","42","4200000","285224","0.06791047619047619","23","57"
"20","10","5","25","25","5","500000","53213","0.106426","195","246"
"18","10","5","25","25","75","7500000","361739","0.048231866666666665","10","13"
"19","10","5","25","25","43","4300000","290221","0.06749325581395349","28","49"
"18","10","5","25","25","76","7600000","363740","0.04786052631578947","10","14"
"20","10","5","25","25","6","600000","64226","0.10704333333333334","180","216"
"19","10","5","25","25","44","4400000","294883","0.06701886363636364","27","44"
"18","10","5","25","25","77","7700000","365658","0.047488051948051946","10","12"
"20","10","5","25","25","7","700000","74436","0.10633714285714285","171","221"
"19","10","5","25","25","45","4500000","298916","0.06642577777777778","22","36"
"18","10","5","25","25","78","7800000","367473","0.04711192307692308","10","12"
"20","10","5","25","25","8","800000","84529","0.10566125","137","166"
"19","10","5","25","25","46","4600000","303157","0.06590369565217391","23","39"
"18","10","5","25","25","79","7900000","369451","0.04676594936708861","10","13"
"20","10","5","25","25","9","900000","94323","0.10480333333333333","140","195"
"19","10","5","25","25","47","4700000","307473","0.06541978723404256","26","45"
"18","10","5","25","25","80","8000000","371311","0.046413875","9","11"
"20","10","5","25","25","10","1000000","104121","0.104121","119","162"
"19","10","5","25","25","48","4800000","311239","0.06484145833333334","22","39"
"18","10","5","25","25","81","8100000","373029","0.04605296296296296","9","15"
"20","10","5","25","25","11","1100000","113104","0.10282181818181818","110","142"
"19","10","5","25","25","49","4900000","315076","0.06430122448979592","28","46"
"18","10","5","25","25","82","8200000","374835","0.04571158536585366","9","13"
"20","10","5","25","25","12","1200000","121453","0.10121083333333333","94","138"
"19","10","5","25","25","50","5000000","319064","0.0638128","22","43"
"18","10","5","25","25","83","8300000","376787","0.045396024096385545","9","13"
"20","10","5","25","25","13","1300000","129112","0.09931692307692308","93","131"
"19","10","5","25","25","51","5100000","323115","0.06335588235294118","20","38"
"18","10","5","25","25","84","8400000","378796","0.0450947619047619","9","11"
"20","10","5","25","25","14","1400000","136230","0.09730714285714286","78","104"
"19","10","5","25","25","52","5200000","326892","0.06286384615384616","24","48"
"18","10","5","25","25","85","8500000","380689","0.044786941176470585","9","9"
"20","10","5","25","25","15","1500000","142682","0.09512133333333334","60","92"
"19","10","5","25","25","53","5300000","330825","0.06241981132075472","23","44"
"18","10","5","25","25","86","8600000","382829","0.044515","9","12"
"20","10","5","25","25","16","1600000","149410","0.09338125","75","117"
"18","10","5","25","25","87","8700000","384945","0.04424655172413793","9","12"
"19","10","5","25","25","54","5400000","334633","0.06196907407407407","19","34"
"20","10","5","25","25","17","1700000","157030","0.09237058823529412","71","103"
"18","10","5","25","25","88","8800000","386790","0.04395340909090909","9","12"
"19","10","5","25","25","55","5500000","338860","0.06161090909090909","17","32"
"18","10","5","25","25","89","8900000","388691","0.04367314606741573","9","11"
"20","10","5","25","25","18","1800000","164262","0.09125666666666667","71","109"
"19","10","5","25","25","56","5600000","342965","0.06124375","20","44"
"18","10","5","25","25","90","9000000","390460","0.04338444444444445","9","19"
"20","10","5","25","25","19","1900000","171677","0.09035631578947369","74","121"
"19","10","5","25","25","57","5700000","346669","0.060819122807017546","19","31"
"18","10","5","25","25","91","9100000","392015","0.04307857142857143","9","11"
"20","10","5","25","25","20","2000000","179108","0.089554","73","108"
"19","10","5","25","25","58","5800000","350288","0.060394482758620686","18","35"
"18","10","5","25","25","92","9200000","393520","0.04277391304347826","9","15"
"20","10","5","25","25","21","2100000","185985","0.08856428571428572","64","102"
"19","10","5","25","25","59","5900000","353476","0.059911186440677965","15","30"
"18","10","5","25","25","93","9300000","395094","0.04248322580645161","9","12"
"20","10","5","25","25","22","2200000","192952","0.08770545454545454","59","101"
"19","10","5","25","25","60","6000000","356572","0.059428666666666664","16","28"
"18","10","5","25","25","94","9400000","396611","0.042192659574468085","9","15"
"20","10","5","25","25","23","2300000","200159","0.08702565217391305","52","94"
"19","10","5","25","25","61","6100000","359712","0.05896918032786885","15","30"
"18","10","5","25","25","95","9500000","398177","0.04191336842105263","9","13"
"20","10","5","25","25","24","2400000","207392","0.08641333333333333","49","93"
"19","10","5","25","25","62","6200000","362883","0.05852951612903226","17","23"
"18","10","5","25","25","96","9600000","399794","0.041645208333333336","8","9"
"20","10","5","25","25","25","2500000","214716","0.0858864","52","73"
"19","10","5","25","25","63","6300000","365967","0.05809","15","27"
"18","10","5","25","25","97","9700000","401521","0.0413939175257732","8","10"
"20","10","5","25","25","26","2600000","221938","0.08536076923076923","56","88"
"19","10","5","25","25","64","6400000","369249","0.05769515625","15","28"
"18","10","5","25","25","98","9800000","403159","0.04113867346938776","8","11"
"20","10","5","25","25","27","2700000","228913","0.08478259259259259","47","93"
"19","10","5","25","25","65","6500000","372179","0.05725830769230769","16","28"
"18","10","5","25","25","99","9900000","404552","0.040863838383838384","8","9"
"20","10","5","25","25","28","2800000","235842","0.08422928571428571","47","77"
"19","10","5","25","25","66","6600000","375159","0.05684227272727273","13","19"
"18","10","5","25","25","100","10000000","406020","0.040602","8","11"
"20","10","5","25","25","29","2900000","242489","0.08361689655172413","44","65"
"19","10","5","25","25","67","6700000","378397","0.05647716417910448","13","35"
"18","10","5","25","25","101","10100000","407661","0.04036247524752475","8","8"
"20","10","5","25","25","30","3000000","248679","0.082893","39","73"
"19","10","5","25","25","68","6800000","381491","0.05610161764705882","11","21"
"18","10","5","25","25","102","10200000","409126","0.04011039215686275","8","8"
"20","10","5","25","25","31","3100000","254705","0.08216290322580645","38","70"
"18","10","5","25","25","103","10300000","410644","0.039868349514563105","8","9"
"19","10","5","25","25","69","6900000","384697","0.0557531884057971","11","25"
"18","10","5","25","25","104","10400000","411616","0.03957846153846154","7","8"
"20","10","5","25","25","32","3200000","260786","0.081495625","35","64"
"19","10","5","25","25","70","7000000","387847","0.05540671428571429","11","28"
"18","10","5","25","25","105","10500000","412626","0.03929771428571428","7","8"
"20","10","5","25","25","33","3300000","266131","0.08064575757575758","32","62"
"19","10","5","25","25","71","7100000","390782","0.055039718309859154","11","16"
"18","10","5","25","25","106","10600000","413618","0.03902056603773585","7","8"
"20","10","5","25","25","34","3400000","271467","0.07984323529411765","31","59"
"19","10","5","25","25","72","7200000","393823","0.054697638888888886","11","20"
"18","10","5","25","25","107","10700000","414708","0.03875775700934579","7","8"
"20","10","5","25","25","35","3500000","276003","0.078858","29","43"
"19","10","5","25","25","73","7300000","396795","0.054355479452054795","11","17"
"18","10","5","25","25","108","10800000","415805","0.038500462962962965","7","7"
"20","10","5","25","25","36","3600000","280796","0.0779988888888889","30","47"
"19","10","5","25","25","74","7400000","399642","0.05400567567567568","11","17"
"18","10","5","25","25","109","10900000","416786","0.03823724770642202","7","8"
"20","10","5","25","25","37","3700000","285312","0.07711135135135135","31","63"
"19","10","5","25","25","75","7500000","402290","0.05363866666666667","11","22"
"18","10","5","25","25","110","11000000","417816","0.03798327272727273","7","7"
"20","10","5","25","25","38","3800000","289344","0.07614315789473684","26","49"
"19","10","5","25","25","76","7600000","404707","0.05325092105263158","9","12"
"18","10","5","25","25","111","11100000","418786","0.037728468468468467","7","8"
"20","10","5","25","25","39","3900000","293545","0.07526794871794872","24","44"
"19","10","5","25","25","77","7700000","407217","0.052885324675324676","10","20"
"18","10","5","25","25","112","11200000","419761","0.03747866071428571","7","7"
"20","10","5","25","25","40","4000000","297692","0.074423","23","52"
"19","10","5","25","25","78","7800000","409687","0.05252397435897436","10","15"
"18","10","5","25","25","113","11300000","420882","0.03724619469026549","7","9"
"20","10","5","25","25","41","4100000","301923","0.07363975609756097","26","51"
"19","10","5","25","25","79","7900000","412005","0.05215253164556962","10","13"
"18","10","5","25","25","114","11400000","421856","0.037004912280701754","7","8"
"20","10","5","25","25","42","4200000","306047","0.07286833333333333","24","43"
"19","10","5","25","25","80","8000000","413973","0.051746625","10","22"
"18","10","5","25","25","115","11500000","422907","0.036774521739130435","7","8"
"20","10","5","25","25","43","4300000","309963","0.07208441860465116","24","43"
"19","10","5","25","25","81","8100000","415938","0.05135037037037037","9","21"
"18","10","5","25","25","116","11600000","423826","0.036536724137931034","7","9"
"20","10","5","25","25","44","4400000","313929","0.0713475","22","40"
"19","10","5","25","25","82","8200000","417979","0.050973048780487806","8","12"
"18","10","5","25","25","117","11700000","424930","0.03631880341880342","7","10"
"20","10","5","25","25","45","4500000","317534","0.0705631111111111","27","46"
"19","10","5","25","25","83","8300000","419959","0.050597469879518076","8","10"
"18","10","5","25","25","118","11800000","425953","0.03609771186440678","7","11"
"20","10","5","25","25","46","4600000","321650","0.06992391304347827","21","39"
"19","10","5","25","25","84","8400000","421525","0.05018154761904762","9","13"
"18","10","5","25","25","119","11900000","426915","0.03587521008403361","7","7"
"20","10","5","25","25","47","4700000","325552","0.06926638297872341","21","37"
"19","10","5","25","25","85","8500000","423162","0.049783764705882354","9","18"
"18","10","5","25","25","120","12000000","428009","0.03566741666666667","7","9"
"20","10","5","25","25","48","4800000","329636","0.06867416666666666","20","38"
"19","10","5","25","25","86","8600000","425085","0.04942848837209302","9","12"
"18","10","5","25","25","121","12100000","428999","0.035454462809917354","7","8"
"20","10","5","25","25","49","4900000","333871","0.0681369387755102","20","39"
"18","10","5","25","25","122","12200000","429795","0.035229098360655735","7","7"
"19","10","5","25","25","87","8700000","427034","0.049084367816091955","9","19"
"20","10","5","25","25","50","5000000","338036","0.0676072","19","31"
"18","10","5","25","25","123","12300000","430577","0.035006260162601624","7","7"
"19","10","5","25","25","88","8800000","428665","0.04871193181818182","9","14"
"20","10","5","25","25","51","5100000","342000","0.06705882352941177","20","37"
"18","10","5","25","25","124","12400000","431248","0.03477806451612903","7","7"
"19","10","5","25","25","89","8900000","430370","0.0483561797752809","8","10"
"20","10","5","25","25","52","5200000","346207","0.06657826923076923","20","35"
"18","10","5","25","25","125","12500000","431828","0.03454624","7","7"
"19","10","5","25","25","90","9000000","431884","0.04798711111111111","8","12"
"20","10","5","25","25","53","5300000","349991","0.06603603773584905","17","32"
"18","10","5","25","25","126","12600000","432617","0.03433468253968254","7","11"
"19","10","5","25","25","91","9100000","433686","0.0476578021978022","9","10"
"20","10","5","25","25","54","5400000","353539","0.06547018518518519","18","33"
"18","10","5","25","25","127","12700000","433096","0.03410204724409449","7","7"
"19","10","5","25","25","92","9200000","435278","0.04731282608695652","8","8"
"20","10","5","25","25","55","5500000","357036","0.06491563636363637","15","26"
"18","10","5","25","25","128","12800000","433397","0.033859140625","7","7"
"19","10","5","25","25","93","9300000","436788","0.04696645161290323","9","9"
"20","10","5","25","25","56","5600000","360648","0.06440142857142857","15","22"
"18","10","5","25","25","129","12900000","433544","0.03360806201550388","6","6"
"21","10","5","25","25","0","0","0","0","897","900"
"19","10","5","25","25","94","9400000","438312","0.04662893617021276","9","12"
"20","10","5","25","25","57","5700000","364126","0.06388175438596491","15","23"
"21","10","5","25","25","1","100000","8269","0.08269","408","417"
"19","10","5","25","25","95","9500000","439796","0.04629431578947368","8","12"
"20","10","5","25","25","58","5800000","367468","0.06335655172413793","14","28"
"21","10","5","25","25","2","200000","18490","0.09245","326","368"
"19","10","5","25","25","96","9600000","441681","0.0460084375","8","12"
"20","10","5","25","25","59","5900000","371124","0.06290237288135593","16","27"
"21","10","5","25","25","3","300000","30440","0.10146666666666666","260","310"
"19","10","5","25","25","97","9700000","443120","0.045682474226804125","8","8"
"20","10","5","25","25","60","6000000","374241","0.0623735","15","28"
"19","10","5","25","25","98","9800000","444127","0.04531908163265306","7","8"
"21","10","5","25","25","4","400000","42765","0.1069125","221","281"
"20","10","5","25","25","61","6100000","377493","0.06188409836065574","15","30"
"19","10","5","25","25","99","9900000","445097","0.04495929292929293","7","8"
"21","10","5","25","25","5","500000","55369","0.110738","180","231"
"20","10","5","25","25","62","6200000","380694","0.06140225806451613","14","26"
"19","10","5","25","25","100","10000000","446122","0.0446122","7","7"
"21","10","5","25","25","6","600000","66484","0.11080666666666666","149","211"
"20","10","5","25","25","63","6300000","383828","0.06092507936507936","12","17"
"19","10","5","25","25","101","10100000","447218","0.044279009900990096","7","8"
"20","10","5","25","25","64","6400000","386738","0.0604278125","14","25"
"21","10","5","25","25","7","700000","77272","0.11038857142857143","130","189"
"19","10","5","25","25","102","10200000","448176","0.043938823529411766","7","7"
"20","10","5","25","25","65","6500000","389692","0.05995261538461538","12","16"
"21","10","5","25","25","8","800000","87774","0.1097175","110","152"
"19","10","5","25","25","103","10300000","449371","0.04362825242718447","7","9"
"20","10","5","25","25","66","6600000","392603","0.05948530303030303","11","17"
"21","10","5","25","25","9","900000","97458","0.10828666666666667","94","143"
"19","10","5","25","25","104","10400000","450500","0.04331730769230769","7","12"
"20","10","5","25","25","67","6700000","395414","0.05901701492537313","12","17"
"21","10","5","25","25","10","1000000","105944","0.105944","76","114"
"19","10","5","25","25","105","10500000","451474","0.04299752380952381","7","7"
"20","10","5","25","25","68","6800000","398228","0.05856294117647059","12","18"
"21","10","5","25","25","11","1100000","113916","0.10356","66","96"
"19","10","5","25","25","106","10600000","452415","0.042680660377358494","7","8"
"20","10","5","25","25","69","6900000","401303","0.05815985507246377","11","21"
"21","10","5","25","25","12","1200000","121808","0.10150666666666666","68","107"
"19","10","5","25","25","107","10700000","453412","0.04237495327102804","7","8"
"20","10","5","25","25","70","7000000","404448","0.05777828571428571","12","17"
"19","10","5","25","25","108","10800000","454452","0.04207888888888889","7","9"
"21","10","5","25","25","13","1300000","129836","0.09987384615384616","62","101"
"20","10","5","25","25","71","7100000","407609","0.05740971830985916","12","21"
"19","10","5","25","25","109","10900000","455317","0.04177220183486238","7","8"
"21","10","5","25","25","14","1400000","137347","0.098105","59","105"
"20","10","5","25","25","72","7200000","410723","0.05704486111111111","12","18"
"19","10","5","25","25","110","11000000","456373","0.041488454545454544","7","7"
"20","10","5","25","25","73","7300000","413937","0.05670369863013699","12","20"
"21","10","5","25","25","15","1500000","144920","0.09661333333333333","48","81"
"19","10","5","25","25","111","11100000","457299","0.04119810810810811","7","8"
"20","10","5","25","25","74","7400000","416990","0.05635","11","17"
"21","10","5","25","25","16","1600000","152126","0.09507875","54","86"
"19","10","5","25","25","112","11200000","458303","0.04091991071428572","7","7"
"20","10","5","25","25","75","7500000","420291","0.0560388","12","22"
"21","10","5","25","25","17","1700000","159044","0.09355529411764706","47","78"
"19","10","5","25","25","113","11300000","459213","0.0406383185840708","7","9"
"20","10","5","25","25","76","7600000","423379","0.05570776315789474","12","16"
"21","10","5","25","25","18","1800000","165776","0.09209777777777778","51","80"
"19","10","5","25","25","114","11400000","460140","0.040363157894736844","7","10"
"20","10","5","25","25","77","7700000","426288","0.055362077922077924","12","17"
"21","10","5","25","25","19","1900000","171974","0.09051263157894737","53","82"
"19","10","5","25","25","115","11500000","461100","0.040095652173913046","7","8"
"20","10","5","25","25","78","7800000","429082","0.05501051282051282","11","16"
"21","10","5","25","25","20","2000000","178508","0.089254","49","89"
"19","10","5","25","25","116","11600000","462023","0.03982956896551724","7","8"
"20","10","5","25","25","79","7900000","431367","0.054603417721518985","10","17"
"21","10","5","25","25","21","2100000","185502","0.08833428571428571","44","72"
"19","10","5","25","25","117","11700000","462934","0.03956700854700855","7","7"
"20","10","5","25","25","80","8000000","433676","0.0542095","11","17"
"21","10","5","25","25","22","2200000","191826","0.08719363636363636","44","80"
"19","10","5","25","25","118","11800000","463905","0.039313983050847455","7","8"
"20","10","5","25","25","81","8100000","436204","0.05385234567901234","11","29"
"21","10","5","25","25","23","2300000","198393","0.08625782608695652","41","71"
"19","10","5","25","25","119","11900000","465079","0.03908226890756303","7","9"
"20","10","5","25","25","82","8200000","438696","0.05349951219512195","12","20"
"19","10","5","25","25","120","12000000","466243","0.03885358333333333","7","8"
"21","10","5","25","25","24","2400000","204901","0.08537541666666666","35","68"
"20","10","5","25","25","83","8300000","441155","0.053151204819277105","12","21"
"19","10","5","25","25","121","12100000","467542","0.0386398347107438","7","8"
"20","10","5","25","25","84","8400000","444029","0.05286059523809524","11","20"
"21","10","5","25","25","25","2500000","211475","0.08459","38","70"
"19","10","5","25","25","122","12200000","468939","0.03843762295081967","7","8"
"20","10","5","25","25","85","8500000","446558","0.05253623529411765","10","17"
"21","10","5","25","25","26","2600000","218137","0.08389884615384616","33","69"
"20","10","5","25","25","86","8600000","448995","0.05220872093023256","10","14"
"19","10","5","25","25","123","12300000","470268","0.03823317073170732","7","9"
"21","10","5","25","25","27","2700000","224413","0.08311592592592593","31","59"
"20","10","5","25","25","87","8700000","450954","0.051833793103448274","8","9"
"19","10","5","25","25","124","12400000","471415","0.03801733870967742","7","8"
"21","10","5","25","25","28","2800000","229962","0.08212928571428571","27","54"
"20","10","5","25","25","88","8800000","452830","0.05145795454545454","8","14"
"19","10","5","25","25","125","12500000","472647","0.03781176","7","9"
"21","10","5","25","25","29","2900000","235327","0.08114724137931034","31","56"
"20","10","5","25","25","89","8900000","454798","0.051100898876404496","8","11"
"19","10","5","25","25","126","12600000","473822","0.03760492063492064","7","8"
"21","10","5","25","25","30","3000000","240256","0.08008533333333333","25","45"
"20","10","5","25","25","90","9000000","456648","0.05073866666666667","8","14"
"19","10","5","25","25","127","12700000","474819","0.03738732283464567","7","10"
"21","10","5","25","25","31","3100000","245248","0.07911225806451613","25","47"
"20","10","5","25","25","91","9100000","458501","0.050384725274725276","8","16"
"19","10","5","25","25","128","12800000","475766","0.03716921875","7","12"
"21","10","5","25","25","32","3200000","250589","0.0783090625","24","37"
"20","10","5","25","25","92","9200000","460588","0.050063913043478264","8","10"
"19","10","5","25","25","129","12900000","476669","0.03695108527131783","7","7"
"21","10","5","25","25","33","3300000","255211","0.07733666666666666","21","42"
"20","10","5","25","25","93","9300000","462649","0.04974720430107527","7","10"
"19","10","5","25","25","130","13000000","477498","0.03673061538461538","7","7"
"21","10","5","25","25","34","3400000","259496","0.07632235294117647","21","30"
"20","10","5","25","25","94","9400000","464681","0.049434148936170215","7","11"
"19","10","5","25","25","131","13100000","478326","0.03651343511450382","7","9"
"21","10","5","25","25","35","3500000","263622","0.07532057142857143","21","37"
"20","10","5","25","25","95","9500000","466690","0.049125263157894734","8","14"
"19","10","5","25","25","132","13200000","479188","0.03630212121212121","7","9"
"20","10","5","25","25","96","9600000","468494","0.04880145833333333","7","9"
"21","10","5","25","25","36","3600000","267646","0.07434611111111111","22","37"
"19","10","5","25","25","133","13300000","480024","0.03609203007518797","7","8"
"20","10","5","25","25","97","9700000","470087","0.04846257731958763","7","9"
"21","10","5","25","25","37","3700000","271851","0.07347324324324324","26","45"
"19","10","5","25","25","134","13400000","480832","0.035882985074626866","7","10"
"20","10","5","25","25","98","9800000","471429","0.048105","7","7"
"21","10","5","25","25","38","3800000","276205","0.07268552631578948","30","57"
"19","10","5","25","25","135","13500000","481610","0.03567481481481481","7","8"
"20","10","5","25","25","99","9900000","472728","0.04775030303030303","7","8"
"21","10","5","25","25","39","3900000","280687","0.07197102564102564","28","55"
"20","10","5","25","25","100","10000000","473974","0.0473974","7","10"
"19","10","5","25","25","136","13600000","482583","0.03548404411764706","7","9"
"21","10","5","25","25","40","4000000","284896","0.071224","23","41"
"20","10","5","25","25","101","10100000","475224","0.04705188118811881","7","7"
"19","10","5","25","25","137","13700000","483148","0.035266277372262775","7","8"
"21","10","5","25","25","41","4100000","288806","0.07044048780487805","15","31"
"20","10","5","25","25","102","10200000","476342","0.04670019607843137","7","8"
"19","10","5","25","25","138","13800000","483652","0.03504724637681159","7","7"
"21","10","5","25","25","42","4200000","292652","0.06967904761904761","14","27"
"20","10","5","25","25","103","10300000","477117","0.04632203883495146","6","7"
"19","10","5","25","25","139","13900000","484090","0.03482661870503597","7","7"
"21","10","5","25","25","43","4300000","295847","0.06880162790697675","10","16"
"20","10","5","25","25","104","10400000","477804","0.04594269230769231","6","6"
"19","10","5","25","25","140","14000000","484513","0.034608071428571426","7","7"
"21","10","5","25","25","44","4400000","298622","0.06786863636363637","12","22"
"20","10","5","25","25","105","10500000","478427","0.04556447619047619","6","7"
"19","10","5","25","25","141","14100000","484547","0.034365035460992906","6","6"
"22","10","5","25","25","0","0","0","0","897","900"
"21","10","5","25","25","45","4500000","301508","0.06700177777777777","12","27"
"20","10","5","25","25","106","10600000","479247","0.045211981132075474","6","6"
"22","10","5","25","25","1","100000","8880","0.0888","442","469"
"21","10","5","25","25","46","4600000","304507","0.06619717391304347","10","23"
"20","10","5","25","25","107","10700000","480009","0.044860654205607475","6","6"
"22","10","5","25","25","2","200000","19109","0.095545","303","337"
"21","10","5","25","25","47","4700000","307316","0.0653863829787234","11","24"
"20","10","5","25","25","108","10800000","480776","0.0445162962962963","6","8"
"22","10","5","25","25","3","300000","29578","0.09859333333333334","257","292"
"21","10","5","25","25","48","4800000","310236","0.0646325","12","22"
"20","10","5","25","25","109","10900000","481594","0.044182935779816516","6","7"
"20","10","5","25","25","110","11000000","482355","0.04385045454545455","6","9"
"21","10","5","25","25","49","4900000","313000","0.06387755102040817","10","25"
"22","10","5","25","25","4","400000","39970","0.099925","218","269"
"20","10","5","25","25","111","11100000","482979","0.04351162162162162","6","6"
"21","10","5","25","25","50","5000000","315414","0.0630828","11","16"
"22","10","5","25","25","5","500000","51323","0.102646","181","226"
"20","10","5","25","25","112","11200000","483630","0.04318125","6","9"
"21","10","5","25","25","51","5100000","317698","0.06229372549019608","9","18"
"22","10","5","25","25","6","600000","62676","0.10446","172","229"
"20","10","5","25","25","113","11300000","484334","0.04286141592920354","6","6"
"21","10","5","25","25","52","5200000","319671","0.06147519230769231","8","14"
"22","10","5","25","25","7","700000","73969","0.10567","157","205"
"20","10","5","25","25","114","11400000","484944","0.04253894736842105","6","7"
"21","10","5","25","25","53","5300000","321886","0.060733207547169814","9","16"
"22","10","5","25","25","8","800000","84198","0.1052475","121","168"
"20","10","5","25","25","115","11500000","485461","0.042214","6","6"
"21","10","5","25","25","54","5400000","323706","0.05994555555555556","10","17"
"20","10","5","25","25","116","11600000","485978","0.041894655172413794","6","6"
"22","10","5","25","25","9","900000","93696","0.10410666666666667","108","150"
"21","10","5","25","25","55","5500000","325611","0.059202","9","13"
"20","10","5","25","25","117","11700000","486521","0.04158299145299145","6","6"
"22","10","5","25","25","10","1000000","102333","0.102333","82","114"
"21","10","5","25","25","56","5600000","327469","0.05847660714285714","9","18"
"20","10","5","25","25","118","11800000","487166","0.041285254237288134","6","7"
"21","10","5","25","25","57","5700000","329400","0.05778947368421053","11","21"
"22","10","5","25","25","11","1100000","110715","0.10065","79","116"
"20","10","5","25","25","119","11900000","487829","0.04099403361344538","6","6"
"21","10","5","25","25","58","5800000","331354","0.05713","11","23"
"22","10","5","25","25","12","1200000","118784","0.09898666666666667","77","111"
"20","10","5","25","25","120","12000000","488246","0.04068716666666667","6","6"
"21","10","5","25","25","59","5900000","332759","0.05639983050847457","9","13"
"22","10","5","25","25","13","1300000","126649","0.0974223076923077","66","104"
"20","10","5","25","25","121","12100000","488636","0.04038314049586777","6","6"
"21","10","5","25","25","60","6000000","333932","0.055655333333333334","10","12"
"20","10","5","25","25","122","12200000","488693","0.040056803278688526","5","5"
"23","10","5","25","25","0","0","0","0","896","900"
"22","10","5","25","25","14","1400000","134070","0.09576428571428572","65","101"
"21","10","5","25","25","61","6100000","334933","0.05490704918032787","7","11"
"23","10","5","25","25","1","100000","8727","0.08727","459","487"
"22","10","5","25","25","15","1500000","141001","0.09400066666666666","67","103"
"21","10","5","25","25","62","6200000","335695","0.05414435483870968","7","10"
"23","10","5","25","25","2","200000","19800","0.099","280","321"
"22","10","5","25","25","16","1600000","148097","0.092560625","48","81"
"21","10","5","25","25","63","6300000","336480","0.05340952380952381","7","7"
"23","10","5","25","25","3","300000","30482","0.10160666666666666","242","279"
"22","10","5","25","25","17","1700000","154559","0.0909170588235294","48","78"
"21","10","5","25","25","64","6400000","336951","0.05264859375","5","6"
"23","10","5","25","25","4","400000","41572","0.10393","186","224"
"22","10","5","25","25","18","1800000","161056","0.08947555555555556","42","72"
"21","10","5","25","25","65","6500000","337465","0.05191769230769231","5","7"
"21","10","5","25","25","66","6600000","338036","0.05121757575757576","5","5"
"22","10","5","25","25","19","1900000","167355","0.08808157894736843","44","73"
"23","10","5","25","25","5","500000","52725","0.10545","170","217"
"21","10","5","25","25","67","6700000","338435","0.05051268656716418","5","5"
"22","10","5","25","25","20","2000000","173802","0.086901","41","73"
"23","10","5","25","25","6","600000","63576","0.10596","160","197"
"21","10","5","25","25","68","6800000","338908","0.04983941176470588","5","5"
"22","10","5","25","25","21","2100000","179672","0.08555809523809524","37","75"
"23","10","5","25","25","7","700000","73999","0.10571285714285714","133","183"
"21","10","5","25","25","69","6900000","339464","0.04919768115942029","5","7"
"22","10","5","25","25","22","2200000","185489","0.08431318181818181","38","64"
"23","10","5","25","25","8","800000","83869","0.10483625","129","174"
"21","10","5","25","25","70","7000000","340158","0.048594","5","8"
"22","10","5","25","25","23","2300000","191302","0.08317478260869565","41","69"
"23","10","5","25","25","9","900000","93344","0.10371555555555556","104","143"
"21","10","5","25","25","71","7100000","340679","0.04798295774647887","5","5"
"22","10","5","25","25","24","2400000","196503","0.08187625","40","67"
"23","10","5","25","25","10","1000000","102340","0.10234","107","150"
"21","10","5","25","25","72","7200000","341105","0.04737569444444444","5","5"
"22","10","5","25","25","25","2500000","201430","0.080572","33","58"
"21","10","5","25","25","73","7300000","341433","0.04677164383561644","5","5"
"23","10","5","25","25","11","1100000","110317","0.10028818181818182","89","122"
"22","10","5","25","25","26","2600000","206237","0.07932192307692308","31","54"
"21","10","5","25","25","74","7400000","341830","0.04619324324324324","5","5"
"23","10","5","25","25","12","1200000","117800","0.09816666666666667","67","107"
"21","10","5","25","25","75","7500000","342144","0.0456192","5","6"
"22","10","5","25","25","27","2700000","211242","0.07823777777777778","32","63"
"23","10","5","25","25","13","1300000","124654","0.09588769230769231","59","83"
"21","10","5","25","25","76","7600000","342507","0.04506671052631579","5","5"
"22","10","5","25","25","28","2800000","215844","0.07708714285714285","33","60"
"23","10","5","25","25","14","1400000","131919","0.09422785714285714","56","95"
"21","10","5","25","25","77","7700000","342898","0.04453220779220779","5","5"
"22","10","5","25","25","29","2900000","220719","0.07611","31","57"
"23","10","5","25","25","15","1500000","139371","0.092914","53","84"
"21","10","5","25","25","78","7800000","343195","0.04399935897435898","5","5"
"22","10","5","25","25","30","3000000","224949","0.074983","26","42"
"23","10","5","25","25","16","1600000","146896","0.09181","61","102"
"21","10","5","25","25","79","7900000","343515","0.043482911392405066","5","5"
"22","10","5","25","25","31","3100000","228715","0.07377903225806452","22","43"
"23","10","5","25","25","17","1700000","153961","0.09056529411764706","54","89"
"21","10","5","25","25","80","8000000","343731","0.042966375","4","4"
"24","10","5","25","25","0","0","0","0","896","900"
"22","10","5","25","25","32","3200000","232489","0.0726528125","23","40"
"23","10","5","25","25","18","1800000","160436","0.0891311111111111","40","56"
"24","10","5","25","25","1","100000","8850","0.0885","455","472"
"22","10","5","25","25","33","3300000","236121","0.07155181818181819","16","26"
"23","10","5","25","25","19","1900000","166505","0.08763421052631579","35","65"
"24","10","5","25","25","2","200000","19980","0.0999","317","356"
"22","10","5","25","25","34","3400000","239697","0.07049911764705882","17","41"
"23","10","5","25","25","20","2000000","171983","0.0859915","34","57"
"24","10","5","25","25","3","300000","31289","0.10429666666666666","286","325"
"22","10","5","25","25","35","3500000","242902","0.06940057142857142","19","29"
"23","10","5","25","25","21","2100000","177113","0.08433952380952381","31","53"
"24","10","5","25","25","4","400000","42609","0.1065225","202","249"
"22","10","5","25","25","36","3600000","246330","0.068425","16","26"
"23","10","5","25","25","22","2200000","182164","0.08280181818181818","36","61"
"24","10","5","25","25","5","500000","53342","0.106684","184","238"
"22","10","5","25","25","37","3700000","249458","0.06742108108108108","18","38"
"23","10","5","25","25","23","2300000","187384","0.08147130434782608","28","54"
"24","10","5","25","25","6","600000","64313","0.10718833333333333","153","210"
"22","10","5","25","25","38","3800000","252529","0.066455","17","29"
"23","10","5","25","25","24","2400000","192442","0.08018416666666667","25","51"
"22","10","5","25","25","39","3900000","255545","0.06552435897435897","17","29"
"24","10","5","25","25","7","700000","74117","0.10588142857142857","136","184"
"23","10","5","25","25","25","2500000","197236","0.0788944","24","45"
"22","10","5","25","25","40","4000000","259176","0.064794","18","31"
"24","10","5","25","25","8","800000","83932","0.104915","120","169"
"23","10","5","25","25","26","2600000","201999","0.07769192307692308","23","41"
"22","10","5","25","25","41","4100000","262706","0.06407463414634146","16","31"
"24","10","5","25","25","9","900000","93792","0.10421333333333334","109","147"
"23","10","5","25","25","27","2700000","206722","0.0765637037037037","27","43"
"22","10","5","25","25","42","4200000","265764","0.06327714285714285","14","21"
"24","10","5","25","25","10","1000000","103110","0.10311","94","134"
"23","10","5","25","25","28","2800000","211711","0.07561107142857143","20","37"
"22","10","5","25","25","43","4300000","268680","0.06248372093023256","14","21"
"23","10","5","25","25","29","2900000","216575","0.07468103448275862","24","58"
"24","10","5","25","25","11","1100000","112194","0.10199454545454545","91","140"
"22","10","5","25","25","44","4400000","271474","0.061698636363636365","15","22"
"23","10","5","25","25","30","3000000","221128","0.07370933333333334","23","48"
"24","10","5","25","25","12","1200000","121144","0.10095333333333334","80","121"
"22","10","5","25","25","45","4500000","274513","0.06100288888888889","17","23"
"23","10","5","25","25","31","3100000","225595","0.07277258064516129","16","36"
"24","10","5","25","25","13","1300000","129477","0.0995976923076923","93","140"
"22","10","5","25","25","46","4600000","277854","0.06040304347826087","16","29"
"23","10","5","25","25","32","3200000","229407","0.0716896875","16","36"
"24","10","5","25","25","14","1400000","138162","0.09868714285714286","83","119"
"22","10","5","25","25","47","4700000","280991","0.05978531914893617","16","24"
"23","10","5","25","25","33","3300000","233696","0.0708169696969697","17","30"
"24","10","5","25","25","15","1500000","145809","0.097206","74","108"
"22","10","5","25","25","48","4800000","283805","0.059126041666666664","17","30"
"23","10","5","25","25","34","3400000","237467","0.06984323529411765","16","34"
"24","10","5","25","25","16","1600000","152836","0.0955225","71","105"
"22","10","5","25","25","49","4900000","286613","0.058492448979591834","12","24"
"23","10","5","25","25","35","3500000","241317","0.06894771428571428","18","34"
"24","10","5","25","25","17","1700000","160202","0.0942364705882353","64","99"
"22","10","5","25","25","50","5000000","289203","0.0578406","13","19"
"23","10","5","25","25","36","3600000","245063","0.06807305555555555","16","32"
"24","10","5","25","25","18","1800000","167338","0.09296555555555555","55","84"
"22","10","5","25","25","51","5100000","291842","0.05722392156862745","13","21"
"23","10","5","25","25","37","3700000","248669","0.06720783783783783","13","23"
"24","10","5","25","25","19","1900000","174433","0.09180684210526316","49","86"
"22","10","5","25","25","52","5200000","294253","0.05658711538461538","14","21"
"23","10","5","25","25","38","3800000","252359","0.06641026315789474","13","25"
"24","10","5","25","25","20","2000000","180935","0.0904675","40","80"
"22","10","5","25","25","53","5300000","296898","0.056018490566037735","14","25"
"23","10","5","25","25","39","3900000","255864","0.06560615384615384","13","24"
"24","10","5","25","25","21","2100000","187576","0.08932190476190476","38","67"
"22","10","5","25","25","54","5400000","299731","0.05550574074074074","13","20"
"23","10","5","25","25","40","4000000","259499","0.06487475","11","16"
"24","10","5","25","25","22","2200000","193400","0.08790909090909091","32","52"
"22","10","5","25","25","55","5500000","302166","0.054939272727272725","13","22"
"23","10","5","25","25","41","4100000","262999","0.06414609756097561","11","19"
"24","10","5","25","25","23","2300000","199146","0.08658521739130434","30","55"
"22","10","5","25","25","56","5600000","304515","0.05437767857142857","12","16"
"23","10","5","25","25","42","4200000","266527","0.06345880952380953","10","20"
"24","10","5","25","25","24","2400000","204564","0.085235","31","52"
"22","10","5","25","25","57","5700000","306713","0.053809298245614035","11","20"
"23","10","5","25","25","43","4300000","270240","0.06284651162790697","11","24"
"24","10","5","25","25","25","2500000","209795","0.083918","30","52"
"22","10","5","25","25","58","5800000","308852","0.053250344827586206","11","14"
"23","10","5","25","25","44","4400000","273470","0.06215227272727273","9","21"
"22","10","5","25","25","59","5900000","311011","0.052713728813559325","11","21"
"24","10","5","25","25","26","2600000","215168","0.08275692307692308","45","71"
"23","10","5","25","25","45","4500000","276136","0.06136355555555555","8","12"
"22","10","5","25","25","60","6000000","313043","0.052173833333333336","12","20"
"24","10","5","25","25","27","2700000","220463","0.08165296296296297","32","55"
"23","10","5","25","25","46","4600000","278571","0.06055891304347826","10","16"
"22","10","5","25","25","61","6100000","314647","0.05158147540983606","9","11"
"24","10","5","25","25","28","2800000","226059","0.08073535714285714","29","56"
"23","10","5","25","25","47","4700000","281280","0.0598468085106383","9","25"
"22","10","5","25","25","62","6200000","315567","0.05089790322580645","8","8"
"24","10","5","25","25","29","2900000","231339","0.07977206896551724","23","41"
"23","10","5","25","25","48","4800000","283683","0.059100625","10","15"
"22","10","5","25","25","63","6300000","316144","0.0501815873015873","8","8"
"24","10","5","25","25","30","3000000","235921","0.07864033333333334","20","34"
"23","10","5","25","25","49","4900000","286072","0.05838204081632653","9","18"
"22","10","5","25","25","64","6400000","316586","0.0494665625","8","8"
"24","10","5","25","25","31","3100000","240455","0.07756612903225807","19","34"
"23","10","5","25","25","50","5000000","288676","0.0577352","8","13"
"22","10","5","25","25","65","6500000","316903","0.048754307692307694","8","10"
"23","10","5","25","25","51","5100000","290902","0.057039607843137254","7","11"
"24","10","5","25","25","32","3200000","244681","0.0764628125","21","52"
"22","10","5","25","25","66","6600000","317232","0.04806545454545454","8","9"
"23","10","5","25","25","52","5200000","293241","0.0563925","11","15"
"24","10","5","25","25","33","3300000","249137","0.07549606060606061","22","41"
"22","10","5","25","25","67","6700000","317510","0.04738955223880597","8","8"
"23","10","5","25","25","53","5300000","295598","0.055773207547169815","10","21"
"24","10","5","25","25","34","3400000","253238","0.07448176470588236","22","44"
"22","10","5","25","25","68","6800000","317650","0.046713235294117646","8","8"
"23","10","5","25","25","54","5400000","298018","0.05518851851851852","9","20"
"24","10","5","25","25","35","3500000","257332","0.07352342857142857","22","39"
"22","10","5","25","25","69","6900000","317719","0.04604623188405797","7","7"
"25","10","5","25","25","0","0","0","0","895","900"
"23","10","5","25","25","55","5500000","300570","0.05464909090909091","8","15"
"24","10","5","25","25","36","3600000","261292","0.07258111111111111","21","47"
"25","10","5","25","25","1","100000","9154","0.09154","449","466"
"23","10","5","25","25","56","5600000","302821","0.05407517857142857","8","18"
"24","10","5","25","25","37","3700000","265163","0.07166567567567568","24","35"
"25","10","5","25","25","2","200000","19457","0.097285","321","357"
"23","10","5","25","25","57","5700000","304888","0.05348912280701754","8","16"
"24","10","5","25","25","38","3800000","269032","0.0707978947368421","24","41"
"23","10","5","25","25","58","5800000","307120","0.05295172413793103","8","11"
"25","10","5","25","25","3","300000","31097","0.10365666666666666","268","315"
"24","10","5","25","25","39","3900000","272746","0.06993487179487179","19","40"
"23","10","5","25","25","59","5900000","309085","0.05238728813559322","8","14"
"24","10","5","25","25","40","4000000","276236","0.069059","17","29"
"25","10","5","25","25","4","400000","42872","0.10718","211","257"
"23","10","5","25","25","60","6000000","310529","0.05175483333333333","7","13"
"24","10","5","25","25","41","4100000","279860","0.06825853658536585","21","34"
"25","10","5","25","25","5","500000","54333","0.108666","166","225"
"23","10","5","25","25","61","6100000","312124","0.05116786885245902","7","14"
"24","10","5","25","25","42","4200000","282855","0.06734642857142857","18","26"
"25","10","5","25","25","6","600000","65116","0.10852666666666666","137","184"
"23","10","5","25","25","62","6200000","313715","0.05059919354838709","6","9"
"24","10","5","25","25","43","4300000","285415","0.06637558139534884","16","25"
"25","10","5","25","25","7","700000","74589","0.10655571428571428","118","167"
"23","10","5","25","25","63","6300000","315215","0.050034126984126986","6","7"
"24","10","5","25","25","44","4400000","287947","0.0654425","15","26"
"25","10","5","25","25","8","800000","84066","0.1050825","114","151"
"23","10","5","25","25","64","6400000","316664","0.04947875","6","9"
"24","10","5","25","25","45","4500000","290180","0.06448444444444444","14","19"
"23","10","5","25","25","65","6500000","317989","0.04892138461538462","6","7"
"25","10","5","25","25","9","900000","93685","0.10409444444444445","112","164"
"24","10","5","25","25","46","4600000","292289","0.06354108695652173","13","21"
"23","10","5","25","25","66","6600000","319435","0.04839924242424242","6","10"
"25","10","5","25","25","10","1000000","103289","0.103289","101","143"
"24","10","5","25","25","47","4700000","294444","0.06264765957446808","14","22"
"23","10","5","25","25","67","6700000","320907","0.0478965671641791","7","11"
"24","10","5","25","25","48","4800000","296475","0.061765625","11","14"
"25","10","5","25","25","11","1100000","112453","0.10223","99","145"
"23","10","5","25","25","68","6800000","322449","0.04741897058823529","6","7"
"24","10","5","25","25","49","4900000","298150","0.0608469387755102","8","12"
"25","10","5","25","25","12","1200000","121413","0.1011775","85","126"
"23","10","5","25","25","69","6900000","323886","0.04694","6","9"
"24","10","5","25","25","50","5000000","299549","0.0599098","9","12"
"25","10","5","25","25","13","1300000","129660","0.09973846153846154","84","128"
"23","10","5","25","25","70","7000000","325111","0.046444428571428574","6","7"
"24","10","5","25","25","51","5100000","301146","0.059048235294117644","8","8"
"25","10","5","25","25","14","1400000","136698","0.09764142857142857","81","113"
"23","10","5","25","25","71","7100000","326372","0.04596788732394366","5","7"
"24","10","5","25","25","52","5200000","302830","0.058236538461538465","8","10"
"23","10","5","25","25","72","7200000","327400","0.04547222222222222","5","6"
"25","10","5","25","25","15","1500000","143955","0.09597","84","117"
"24","10","5","25","25","53","5300000","304076","0.057372830188679245","8","9"
"23","10","5","25","25","73","7300000","328632","0.04501808219178082","5","5"
"25","10","5","25","25","16","1600000","151248","0.09453","87","126"
"24","10","5","25","25","54","5400000","305369","0.05654981481481482","8","10"
"23","10","5","25","25","74","7400000","329643","0.04454635135135135","5","6"
"24","10","5","25","25","55","5500000","306102","0.05565490909090909","7","7"
"25","10","5","25","25","17","1700000","158382","0.09316588235294118","69","94"
"23","10","5","25","25","75","7500000","330717","0.0440956","5","7"
"24","10","5","25","25","56","5600000","306524","0.054736428571428575","7","7"
"25","10","5","25","25","18","1800000","165042","0.09169","75","104"
"23","10","5","25","25","76","7600000","331879","0.04366828947368421","5","6"
"24","10","5","25","25","57","5700000","306605","0.053790350877192986","6","6"
"26","10","5","25","25","0","0","0","0","898","900"
"25","10","5","25","25","19","1900000","171394","0.09020736842105263","61","88"
"23","10","5","25","25","77","7700000","332854","0.04322779220779221","5","5"
"26","10","5","25","25","1","100000","8062","0.08062","441","463"
"25","10","5","25","25","20","2000000","176799","0.0883995","56","86"
"23","10","5","25","25","78","7800000","333881","0.04280525641025641","5","8"
"26","10","5","25","25","2","200000","18156","0.09078","321","365"
"25","10","5","25","25","21","2100000","182142","0.08673428571428571","58","85"
"23","10","5","25","25","79","7900000","334880","0.04238987341772152","5","5"
"26","10","5","25","25","3","300000","29216","0.09738666666666666","237","272"
"23","10","5","25","25","80","8000000","336022","0.04200275","5","7"
"25","10","5","25","25","22","2200000","187965","0.08543863636363637","50","74"
"26","10","5","25","25","4","400000","39830","0.099575","193","241"
"23","10","5","25","25","81","8100000","337082","0.04161506172839506","5","6"
"25","10","5","25","25","23","2300000","193687","0.08421173913043478","51","77"
"26","10","5","25","25","5","500000","50331","0.100662","168","214"
"23","10","5","25","25","82","8200000","338001","0.041219634146341465","5","5"
"25","10","5","25","25","24","2400000","199265","0.08302708333333333","58","89"
"23","10","5","25","25","83","8300000","339173","0.04086421686746988","5","7"
"26","10","5","25","25","6","600000","60440","0.10073333333333333","146","193"
"25","10","5","25","25","25","2500000","204895","0.081958","48","78"
"23","10","5","25","25","84","8400000","340363","0.04051940476190476","5","8"
"26","10","5","25","25","7","700000","69963","0.09994714285714286","130","159"
"25","10","5","25","25","26","2600000","210358","0.08090692307692307","49","80"
"23","10","5","25","25","85","8500000","341243","0.04014623529411765","5","9"
"26","10","5","25","25","8","800000","78492","0.098115","108","149"
"25","10","5","25","25","27","2700000","215343","0.07975666666666667","43","72"
"23","10","5","25","25","86","8600000","342341","0.039807093023255816","5","5"
"26","10","5","25","25","9","900000","87394","0.09710444444444444","110","167"
"25","10","5","25","25","28","2800000","220536","0.07876285714285715","47","65"
"23","10","5","25","25","87","8700000","343318","0.03946183908045977","5","8"
"26","10","5","25","25","10","1000000","96624","0.096624","110","159"
"25","10","5","25","25","29","2900000","225886","0.07789172413793104","41","69"
"23","10","5","25","25","88","8800000","344172","0.039110454545454545","5","5"
"26","10","5","25","25","11","1100000","105206","0.09564181818181818","92","139"
"23","10","5","25","25","89","8900000","345170","0.03878314606741573","5","5"
"25","10","5","25","25","30","3000000","231314","0.07710466666666667","51","79"
"26","10","5","25","25","12","1200000","113509","0.09459083333333333","101","144"
"23","10","5","25","25","90","9000000","346319","0.03847988888888889","5","5"
"25","10","5","25","25","31","3100000","236803","0.07638806451612903","43","71"
"26","10","5","25","25","13","1300000","120251","0.09250076923076923","71","103"
"23","10","5","25","25","91","9100000","347378","0.038173406593406595","5","9"
"25","10","5","25","25","32","3200000","241855","0.0755796875","34","51"
"23","10","5","25","25","92","9200000","348374","0.037866739130434784","5","5"
"26","10","5","25","25","14","1400000","126680","0.09048571428571428","67","100"
"25","10","5","25","25","33","3300000","246349","0.07465121212121212","34","50"
"23","10","5","25","25","93","9300000","349477","0.037578172043010755","5","7"
"26","10","5","25","25","15","1500000","133034","0.08868933333333333","59","77"
"25","10","5","25","25","34","3400000","250755","0.0737514705882353","46","68"
"23","10","5","25","25","94","9400000","350803","0.03731946808510638","5","11"
"26","10","5","25","25","16","1600000","137908","0.0861925","42","61"
"25","10","5","25","25","35","3500000","255033","0.07286657142857143","35","53"
"23","10","5","25","25","95","9500000","351975","0.03705","5","5"
"26","10","5","25","25","17","1700000","142887","0.08405117647058824","47","72"
"25","10","5","25","25","36","3600000","259467","0.07207416666666666","37","59"
"23","10","5","25","25","96","9600000","352961","0.03676677083333333","5","5"
"26","10","5","25","25","18","1800000","148591","0.08255055555555556","56","93"
"25","10","5","25","25","37","3700000","263923","0.07133054054054054","40","64"
"23","10","5","25","25","97","9700000","354002","0.03649505154639175","5","5"
"26","10","5","25","25","19","1900000","154485","0.0813078947368421","46","75"
"25","10","5","25","25","38","3800000","268294","0.07060368421052632","35","51"
"23","10","5","25","25","98","9800000","354940","0.03621836734693878","5","7"
"26","10","5","25","25","20","2000000","160170","0.080085","42","71"
"25","10","5","25","25","39","3900000","273110","0.07002820512820512","42","64"
"23","10","5","25","25","99","9900000","356010","0.03596060606060606","5","5"
"26","10","5","25","25","21","2100000","165766","0.07893619047619048","44","76"
"23","10","5","25","25","100","10000000","356973","0.0356973","5","6"
"25","10","5","25","25","40","4000000","278338","0.0695845","42","73"
"26","10","5","25","25","22","2200000","171395","0.07790681818181819","47","74"
"23","10","5","25","25","101","10100000","358013","0.03544683168316832","5","6"
"25","10","5","25","25","41","4100000","283944","0.06925463414634146","33","64"
"26","10","5","25","25","23","2300000","176520","0.07674782608695652","47","67"
"23","10","5","25","25","102","10200000","359059","0.03520186274509804","5","8"
"25","10","5","25","25","42","4200000","289230","0.06886428571428571","30","51"
"26","10","5","25","25","24","2400000","181927","0.07580291666666666","44","68"
"23","10","5","25","25","103","10300000","360443","0.034994466019417476","5","6"
"25","10","5","25","25","43","4300000","294670","0.06852790697674419","31","43"
"26","10","5","25","25","25","2500000","187210","0.074884","47","81"
"23","10","5","25","25","104","10400000","361618","0.034770961538461535","5","6"
"25","10","5","25","25","44","4400000","299901","0.06815931818181818","37","67"
"26","10","5","25","25","26","2600000","192473","0.07402807692307692","38","59"
"23","10","5","25","25","105","10500000","362700","0.034542857142857146","5","7"
"25","10","5","25","25","45","4500000","305367","0.06785933333333333","32","48"
"26","10","5","25","25","27","2700000","196697","0.07285074074074074","33","45"
"23","10","5","25","25","106","10600000","363706","0.03431188679245283","5","6"
"25","10","5","25","25","46","4600000","310379","0.06747369565217391","35","61"
"26","10","5","25","25","28","2800000","200995","0.07178392857142857","33","47"
"23","10","5","25","25","107","10700000","364864","0.034099439252336446","5","5"
"25","10","5","25","25","47","4700000","315544","0.06713702127659575","33","56"
"23","10","5","25","25","108","10800000","365698","0.033860925925925926","5","8"
"26","10","5","25","25","29","2900000","204736","0.07059862068965517","32","45"
"23","10","5","25","25","109","10900000","366495","0.033623394495412844","5","5"
"26","10","5","25","25","30","3000000","208289","0.06942966666666667","34","51"
"25","10","5","25","25","48","4800000","320869","0.06684770833333334","29","47"
"23","10","5","25","25","110","11000000","367421","0.03340190909090909","5","8"
"26","10","5","25","25","31","3100000","212090","0.06841612903225806","34","50"
"25","10","5","25","25","49","4900000","326435","0.06661938775510204","24","43"
"23","10","5","25","25","111","11100000","368562","0.03320378378378378","5","7"
"26","10","5","25","25","32","3200000","216264","0.0675825","32","47"
"25","10","5","25","25","50","5000000","331661","0.0663322","29","55"
"23","10","5","25","25","112","11200000","369764","0.03301464285714286","5","5"
"26","10","5","25","25","33","3300000","220150","0.06671212121212121","27","53"
"25","10","5","25","25","51","5100000","336735","0.0660264705882353","23","60"
"23","10","5","25","25","113","11300000","370864","0.03281982300884956","5","6"
"26","10","5","25","25","34","3400000","223730","0.06580294117647059","29","43"
"25","10","5","25","25","52","5200000","341794","0.06572961538461539","27","49"
"23","10","5","25","25","114","11400000","371871","0.032620263157894736","5","6"
"26","10","5","25","25","35","3500000","227003","0.064858","19","30"
"25","10","5","25","25","53","5300000","346391","0.06535679245283019","30","49"
"23","10","5","25","25","115","11500000","372924","0.03242817391304348","5","5"
"26","10","5","25","25","36","3600000","229931","0.06386972222222222","22","37"
"25","10","5","25","25","54","5400000","351051","0.06500944444444444","23","45"
"23","10","5","25","25","116","11600000","373986","0.0322401724137931","5","7"
"26","10","5","25","25","37","3700000","232993","0.06297108108108108","19","32"
"25","10","5","25","25","55","5500000","355742","0.06468036363636363","24","48"
"23","10","5","25","25","117","11700000","374916","0.03204410256410256","5","6"
"26","10","5","25","25","38","3800000","235730","0.06203421052631579","20","29"
"23","10","5","25","25","118","11800000","375891","0.03185516949152543","5","5"
"25","10","5","25","25","56","5600000","360939","0.06445339285714285","24","49"
"26","10","5","25","25","39","3900000","237926","0.06100666666666667","19","24"
"23","10","5","25","25","119","11900000","376953","0.03167672268907563","5","6"
"25","10","5","25","25","57","5700000","365702","0.06415824561403509","22","40"
"26","10","5","25","25","40","4000000","240065","0.06001625","18","30"
"23","10","5","25","25","120","12000000","377909","0.03149241666666667","5","5"
"25","10","5","25","25","58","5800000","370550","0.06388793103448276","27","52"
"26","10","5","25","25","41","4100000","242272","0.059090731707317073","18","29"
"23","10","5","25","25","121","12100000","378761","0.031302561983471075","5","5"
"25","10","5","25","25","59","5900000","375097","0.06357576271186441","25","41"
"26","10","5","25","25","42","4200000","244109","0.05812119047619048","17","26"
"23","10","5","25","25","122","12200000","379734","0.031125737704918034","5","8"
"26","10","5","25","25","43","4300000","245936","0.05719441860465116","20","33"
"25","10","5","25","25","60","6000000","380058","0.063343","24","44"
"23","10","5","25","25","123","12300000","380625","0.030945121951219512","5","5"
"26","10","5","25","25","44","4400000","247605","0.056273863636363636","19","36"
"25","10","5","25","25","61","6100000","385192","0.06314622950819672","25","58"
"23","10","5","25","25","124","12400000","381490","0.03076532258064516","5","7"
"26","10","5","25","25","45","4500000","249482","0.055440444444444445","18","24"
"25","10","5","25","25","62","6200000","389980","0.0629","26","57"
"23","10","5","25","25","125","12500000","382488","0.03059904","5","6"
"26","10","5","25","25","46","4600000","251467","0.05466673913043478","22","37"
"25","10","5","25","25","63","6300000","394848","0.06267428571428571","24","43"
"23","10","5","25","25","126","12600000","383368","0.030426031746031746","5","5"
"26","10","5","25","25","47","4700000","253423","0.05391978723404255","18","24"
"25","10","5","25","25","64","6400000","400012","0.062501875","22","54"
"23","10","5","25","25","127","12700000","384158","0.030248661417322836","5","5"
"26","10","5","25","25","48","4800000","255254","0.053177916666666665","21","32"
"23","10","5","25","25","128","12800000","384938","0.03007328125","5","5"
"25","10","5","25","25","65","6500000","404783","0.06227430769230769","26","49"
"26","10","5","25","25","49","4900000","257123","0.05247408163265306","19","30"
"23","10","5","25","25","129","12900000","385697","0.029898992248062015","5","7"
"25","10","5","25","25","66","6600000","409367","0.06202530303030303","25","48"
"26","10","5","25","25","50","5000000","258944","0.0517888","18","30"
"23","10","5","25","25","130","13000000","386496","0.02973046153846154","5","11"
"25","10","5","25","25","67","6700000","414151","0.06181358208955224","26","47"
"26","10","5","25","25","51","5100000","260703","0.051118235294117645","14","25"
"23","10","5","25","25","131","13100000","387337","0.029567709923664122","5","5"
"26","10","5","25","25","52","5200000","262083","0.05040057692307692","16","21"
"25","10","5","25","25","68","6800000","419054","0.06162558823529412","22","45"
"23","10","5","25","25","132","13200000","388039","0.029396893939393938","5","5"
"26","10","5","25","25","53","5300000","263589","0.04973377358490566","18","22"
"25","10","5","25","25","69","6900000","423575","0.06138768115942029","27","50"
"23","10","5","25","25","133","13300000","388748","0.02922917293233083","5","6"
"26","10","5","25","25","54","5400000","265204","0.04911185185185185","17","24"
"25","10","5","25","25","70","7000000","428424","0.06120342857142857","23","45"
"23","10","5","25","25","134","13400000","389224","0.029046567164179103","5","5"
"26","10","5","25","25","55","5500000","266979","0.04854163636363636","16","20"
"25","10","5","25","25","71","7100000","433179","0.06101112676056338","21","42"
"23","10","5","25","25","135","13500000","389669","0.02886437037037037","5","7"
"26","10","5","25","25","56","5600000","268613","0.047966607142857144","16","22"
"25","10","5","25","25","72","7200000","437844","0.06081166666666667","25","48"
"23","10","5","25","25","136","13600000","390137","0.02868654411764706","5","5"
"26","10","5","25","25","57","5700000","270309","0.04742263157894737","14","19"
"23","10","5","25","25","137","13700000","390638","0.028513722627737225","5","5"
"25","10","5","25","25","73","7300000","442871","0.0606672602739726","25","42"
"26","10","5","25","25","58","5800000","271411","0.046795","10","10"
"23","10","5","25","25","138","13800000","391027","0.028335289855072464","5","5"
"25","10","5","25","25","74","7400000","447645","0.060492567567567566","20","35"
"26","10","5","25","25","59","5900000","272341","0.04615949152542373","9","12"
"23","10","5","25","25","139","13900000","391304","0.02815136690647482","5","7"
"25","10","5","25","25","75","7500000","452471","0.060329466666666665","21","39"
"26","10","5","25","25","60","6000000","273158","0.045526333333333335","9","9"
"23","10","5","25","25","140","14000000","391513","0.027965214285714284","5","5"
"26","10","5","25","25","61","6100000","273856","0.0448944262295082","9","10"
"25","10","5","25","25","76","7600000","456942","0.060123947368421055","18","31"
"23","10","5","25","25","141","14100000","391696","0.02777985815602837","5","5"
"26","10","5","25","25","62","6200000","274749","0.04431435483870968","9","11"
"25","10","5","25","25","77","7700000","461292","0.059908051948051946","18","30"
"23","10","5","25","25","142","14200000","391697","0.027584295774647886","4","4"
"27","10","5","25","25","0","0","0","0","893","900"
"26","10","5","25","25","63","6300000","275588","0.04374412698412698","9","9"
"25","10","5","25","25","78","7800000","465372","0.05966307692307692","15","29"
"27","10","5","25","25","1","100000","8834","0.08834","424","443"
"26","10","5","25","25","64","6400000","276255","0.04316484375","9","10"
"25","10","5","25","25","79","7900000","469615","0.05944493670886076","16","30"
"27","10","5","25","25","2","200000","19810","0.09905","287","330"
"26","10","5","25","25","65","6500000","277006","0.04261630769230769","9","11"
"25","10","5","25","25","80","8000000","474112","0.059264","16","36"
"26","10","5","25","25","66","6600000","277672","0.04207151515151515","9","10"
"27","10","5","25","25","3","300000","31751","0.10583666666666666","244","304"
"25","10","5","25","25","81","8100000","477929","0.05900358024691358","15","35"
"26","10","5","25","25","67","6700000","278390","0.041550746268656714","9","10"
"27","10","5","25","25","4","400000","43491","0.1087275","201","258"
"25","10","5","25","25","82","8200000","481954","0.05877487804878049","17","31"
"26","10","5","25","25","68","6800000","279208","0.04106","9","9"
"27","10","5","25","25","5","500000","54348","0.108696","160","208"
"25","10","5","25","25","83","8300000","485681","0.05851578313253012","17","29"
"26","10","5","25","25","69","6900000","279975","0.04057608695652174","9","12"
"27","10","5","25","25","6","600000","64680","0.1078","130","175"
"25","10","5","25","25","84","8400000","489545","0.05827916666666667","16","28"
"26","10","5","25","25","70","7000000","280688","0.04009828571428571","9","9"
"27","10","5","25","25","7","700000","74936","0.10705142857142858","120","178"
"26","10","5","25","25","71","7100000","281315","0.03962183098591549","9","9"
"25","10","5","25","25","85","8500000","493262","0.05803082352941177","17","33"
"27","10","5","25","25","8","800000","84367","0.10545875","114","157"
"26","10","5","25","25","72","7200000","281969","0.03916236111111111","9","10"
"25","10","5","25","25","86","8600000","497031","0.057794302325581394","17","34"
"26","10","5","25","25","73","7300000","282735","0.03873082191780822","9","10"
"27","10","5","25","25","9","900000","93941","0.10437888888888888","107","166"
"25","10","5","25","25","87","8700000","500893","0.057573908045977014","16","39"
"26","10","5","25","25","74","7400000","283327","0.03828743243243243","9","10"
"27","10","5","25","25","10","1000000","103382","0.103382","86","129"
"25","10","5","25","25","88","8800000","505178","0.05740659090909091","14","41"
"26","10","5","25","25","75","7500000","283833","0.0378444","9","9"
"27","10","5","25","25","11","1100000","111082","0.10098363636363636","77","113"
"25","10","5","25","25","89","8900000","509019","0.05719314606741573","13","26"
"26","10","5","25","25","76","7600000","284463","0.03742934210526316","9","9"
"27","10","5","25","25","12","1200000","118984","0.09915333333333333","83","122"
"25","10","5","25","25","90","9000000","512739","0.056971","17","41"
"26","10","5","25","25","77","7700000","285078","0.03702311688311688","9","9"
"27","10","5","25","25","13","1300000","126556","0.09735076923076923","71","109"
"25","10","5","25","25","91","9100000","516414","0.056748791208791206","17","36"
"26","10","5","25","25","78","7800000","285618","0.03661769230769231","9","10"
"25","10","5","25","25","92","9200000","519808","0.05650086956521739","14","38"
"27","10","5","25","25","14","1400000","134268","0.09590571428571429","72","112"
"26","10","5","25","25","79","7900000","285982","0.03620025316455696","9","10"
"25","10","5","25","25","93","9300000","523353","0.05627451612903226","14","37"
"27","10","5","25","25","15","1500000","141168","0.094112","56","81"
"26","10","5","25","25","80","8000000","286290","0.03578625","9","10"
"26","10","5","25","25","81","8100000","286647","0.03538851851851852","9","10"
"25","10","5","25","25","94","9400000","526631","0.056024574468085106","13","32"
"27","10","5","25","25","16","1600000","147696","0.09231","47","71"
"26","10","5","25","25","82","8200000","287028","0.03500341463414634","9","9"
"25","10","5","25","25","95","9500000","529910","0.05578","15","30"
"27","10","5","25","25","17","1700000","153972","0.09057176470588235","40","72"
"26","10","5","25","25","83","8300000","287405","0.03462710843373494","9","10"
"25","10","5","25","25","96","9600000","533341","0.05555635416666667","13","24"
"27","10","5","25","25","18","1800000","160298","0.08905444444444445","36","61"
"26","10","5","25","25","84","8400000","287732","0.03425380952380953","9","9"
"25","10","5","25","25","97","9700000","536832","0.05534350515463918","10","20"
"27","10","5","25","25","19","1900000","165909","0.08732052631578947","29","53"
"26","10","5","25","25","85","8500000","287739","0.03385164705882353","8","8"
"28","10","5","25","25","0","0","0","0","899","900"
"25","10","5","25","25","98","9800000","540447","0.05514765306122449","13","36"
"27","10","5","25","25","20","2000000","170757","0.0853785","26","53"
"28","10","5","25","25","1","100000","8527","0.08527","449","468"
"25","10","5","25","25","99","9900000","544190","0.05496868686868687","13","32"
"27","10","5","25","25","21","2100000","175476","0.08356","26","62"
"28","10","5","25","25","2","200000","18566","0.09283","317","353"
"25","10","5","25","25","100","10000000","547332","0.0547332","11","26"
"27","10","5","25","25","22","2200000","179782","0.08171909090909091","26","48"
"28","10","5","25","25","3","300000","29454","0.09818","283","326"
"27","10","5","25","25","23","2300000","183945","0.07997608695652174","26","38"
"25","10","5","25","25","101","10100000","550476","0.054502574257425745","9","20"
"28","10","5","25","25","4","400000","41577","0.1039425","226","274"
"27","10","5","25","25","24","2400000","187522","0.07813416666666667","23","39"
"25","10","5","25","25","102","10200000","553472","0.05426196078431372","9","19"
"28","10","5","25","25","5","500000","53160","0.10632","202","247"
"27","10","5","25","25","25","2500000","191407","0.0765628","22","43"
"25","10","5","25","25","103","10300000","556549","0.05403388349514563","9","14"
"28","10","5","25","25","6","600000","64406","0.10734333333333333","171","219"
"27","10","5","25","25","26","2600000","195684","0.07526307692307692","22","47"
"25","10","5","25","25","104","10400000","559521","0.05380009615384616","8","16"
"27","10","5","25","25","27","2700000","199956","0.07405777777777778","23","42"
"25","10","5","25","25","105","10500000","562095","0.053532857142857146","6","14"
"28","10","5","25","25","7","700000","75031","0.10718714285714286","139","200"
"27","10","5","25","25","28","2800000","203770","0.072775","21","33"
"25","10","5","25","25","106","10600000","564154","0.05322207547169811","6","12"
"28","10","5","25","25","8","800000","85194","0.1064925","129","190"
"27","10","5","25","25","29","2900000","207660","0.07160689655172414","21","32"
"25","10","5","25","25","107","10700000","566466","0.052940747663551405","6","11"
"28","10","5","25","25","9","900000","94679","0.10519888888888888","123","178"
"27","10","5","25","25","30","3000000","211828","0.07060933333333333","18","32"
"25","10","5","25","25","108","10800000","568760","0.05266296296296296","6","11"
"28","10","5","25","25","10","1000000","103968","0.103968","92","142"
"27","10","5","25","25","31","3100000","215543","0.06953","17","29"
"25","10","5","25","25","109","10900000","571022","0.052387339449541284","5","8"
"28","10","5","25","25","11","1100000","112898","0.10263454545454545","93","135"
"27","10","5","25","25","32","3200000","219267","0.0685209375","15","25"
"25","10","5","25","25","110","11000000","573318","0.052119818181818184","5","14"
"28","10","5","25","25","12","1200000","121261","0.10105083333333334","84","141"
"27","10","5","25","25","33","3300000","222868","0.06753575757575758","17","22"
"25","10","5","25","25","111","11100000","575615","0.051857207207207205","5","9"
"28","10","5","25","25","13","1300000","129685","0.09975769230769231","70","97"
"27","10","5","25","25","34","3400000","226133","0.06650970588235294","16","25"
"25","10","5","25","25","112","11200000","577717","0.051581875","5","13"
"28","10","5","25","25","14","1400000","138260","0.09875714285714286","80","128"
"27","10","5","25","25","35","3500000","229358","0.06553085714285714","17","29"
"25","10","5","25","25","113","11300000","579599","0.051291946902654866","5","9"
"28","10","5","25","25","15","1500000","146683","0.09778866666666666","78","124"
"27","10","5","25","25","36","3600000","232201","0.06450027777777778","16","28"
"25","10","5","25","25","114","11400000","581532","0.05101157894736842","5","9"
"28","10","5","25","25","16","1600000","153905","0.096190625","67","110"
"27","10","5","25","25","37","3700000","235420","0.06362702702702702","15","32"
"25","10","5","25","25","115","11500000","583344","0.05072556521739131","3","4"
"28","10","5","25","25","17","1700000","160987","0.09469823529411765","55","84"
"27","10","5","25","25","38","3800000","238516","0.06276736842105263","16","25"
"25","10","5","25","25","116","11600000","584983","0.050429568965517244","3","3"
"28","10","5","25","25","18","1800000","167879","0.0932661111111111","63","97"
"27","10","5","25","25","39","3900000","241238","0.061855897435897436","13","17"
"25","10","5","25","25","117","11700000","586646","0.05014068376068376","3","7"
"27","10","5","25","25","40","4000000","243777","0.06094425","15","20"
"28","10","5","25","25","19","1900000","174440","0.09181052631578947","60","94"
"25","10","5","25","25","118","11800000","588518","0.04987440677966102","3","5"
"27","10","5","25","25","41","4100000","246512","0.060124878048780486","13","25"
"28","10","5","25","25","20","2000000","180964","0.090482","51","77"
"25","10","5","25","25","119","11900000","590055","0.049584453781512605","3","5"
"27","10","5","25","25","42","4200000","249227","0.0593397619047619","13","20"
"28","10","5","25","25","21","2100000","187158","0.08912285714285714","56","89"
"25","10","5","25","25","120","12000000","591282","0.0492735","3","3"
"27","10","5","25","25","43","4300000","251639","0.05852069767441861","12","15"
"25","10","5","25","25","121","12100000","592467","0.04896421487603306","3","5"
"28","10","5","25","25","22","2200000","192683","0.08758318181818182","47","72"
"27","10","5","25","25","44","4400000","253630","0.057643181818181816","11","19"
"25","10","5","25","25","122","12200000","593634","0.04865852459016393","3","6"
"28","10","5","25","25","23","2300000","197703","0.08595782608695653","48","65"
"27","10","5","25","25","45","4500000","255356","0.05674577777777778","11","14"
"25","10","5","25","25","123","12300000","594724","0.048351544715447156","3","4"
"28","10","5","25","25","24","2400000","202573","0.08440541666666666","47","76"
"27","10","5","25","25","46","4600000","256823","0.05583108695652174","9","10"
"25","10","5","25","25","124","12400000","595695","0.04803991935483871","3","4"
"28","10","5","25","25","25","2500000","207280","0.082912","47","71"
"27","10","5","25","25","47","4700000","257864","0.05486468085106383","8","8"
"25","10","5","25","25","125","12500000","596319","0.04770552","2","2"
"28","10","5","25","25","26","2600000","212245","0.08163269230769231","41","59"
"27","10","5","25","25","48","4800000","258966","0.05395125","8","9"
"25","10","5","25","25","126","12600000","596896","0.047372698412698415","2","2"
"28","10","5","25","25","27","2700000","217724","0.08063851851851851","47","77"
"27","10","5","25","25","49","4900000","260200","0.05310204081632653","8","12"
"25","10","5","25","25","127","12700000","597449","0.047043228346456696","2","2"
"28","10","5","25","25","28","2800000","223552","0.07984","53","90"
"27","10","5","25","25","50","5000000","261316","0.0522632","8","12"
"25","10","5","25","25","128","12800000","597496","0.046679375","1","1"
"29","10","5","25","25","0","0","0","0","895","900"
"28","10","5","25","25","29","2900000","229663","0.07919413793103448","47","72"
"27","10","5","25","25","51","5100000","262473","0.05146529411764706","8","9"
"29","10","5","25","25","1","100000","8256","0.08256","446","475"
"28","10","5","25","25","30","3000000","235490","0.07849666666666667","43","66"
"27","10","5","25","25","52","5200000","263509","0.05067480769230769","8","9"
"29","10","5","25","25","2","200000","17857","0.089285","318","349"
"28","10","5","25","25","31","3100000","240933","0.07772032258064517","37","59"
"27","10","5","25","25","53","5300000","264622","0.04992867924528302","8","9"
"29","10","5","25","25","3","300000","28789","0.09596333333333333","260","315"
"28","10","5","25","25","32","3200000","246654","0.077079375","41","72"
"27","10","5","25","25","54","5400000","265659","0.049196111111111114","8","12"
"28","10","5","25","25","33","3300000","252136","0.07640484848484848","44","68"
"29","10","5","25","25","4","400000","40442","0.101105","226","285"
"27","10","5","25","25","55","5500000","266608","0.04847418181818182","8","9"
"28","10","5","25","25","34","3400000","257525","0.07574264705882353","46","74"
"27","10","5","25","25","56","5600000","267624","0.04779","8","9"
"29","10","5","25","25","5","500000","51459","0.102918","162","216"
"28","10","5","25","25","35","3500000","262552","0.07501485714285715","38","63"
"27","10","5","25","25","57","5700000","268593","0.047121578947368424","8","8"
"29","10","5","25","25","6","600000","61567","0.10261166666666667","144","197"
"28","10","5","25","25","36","3600000","267928","0.07442444444444445","37","68"
"27","10","5","25","25","58","5800000","269499","0.04646534482758621","8","8"
"29","10","5","25","25","7","700000","71869","0.10267","137","176"
"27","10","5","25","25","59","5900000","270296","0.0458128813559322","8","8"
"28","10","5","25","25","37","3700000","272899","0.07375648648648649","31","46"
"29","10","5","25","25","8","800000","82353","0.10294125","129","179"
"27","10","5","25","25","60","6000000","270983","0.045163833333333334","8","8"
"28","10","5","25","25","38","3800000","277585","0.07304868421052632","33","54"
"29","10","5","25","25","9","900000","91845","0.10205","99","160"
"27","10","5","25","25","61","6100000","271564","0.044518688524590164","8","8"
"28","10","5","25","25","39","3900000","282307","0.07238641025641025","34","57"
"27","10","5","25","25","62","6200000","272103","0.04388758064516129","8","8"
"29","10","5","25","25","10","1000000","101615","0.101615","89","137"
"28","10","5","25","25","40","4000000","287526","0.0718815","36","71"
"27","10","5","25","25","63","6300000","272503","0.04325444444444444","8","8"
"29","10","5","25","25","11","1100000","110284","0.10025818181818182","83","137"
"28","10","5","25","25","41","4100000","292871","0.0714319512195122","42","78"
"27","10","5","25","25","64","6400000","272809","0.04262640625","8","8"
"28","10","5","25","25","42","4200000","297797","0.07090404761904762","35","52"
"29","10","5","25","25","12","1200000","118537","0.09878083333333333","70","106"
"27","10","5","25","25","65","6500000","273054","0.04200830769230769","7","7"
"30","10","5","25","25","0","0","0","0","897","900"
"28","10","5","25","25","43","4300000","302240","0.07028837209302326","35","53"
"29","10","5","25","25","13","1300000","126104","0.09700307692307693","56","95"
"30","10","5","25","25","1","100000","8606","0.08606","446","468"
"28","10","5","25","25","44","4400000","306623","0.06968704545454546","35","47"
"29","10","5","25","25","14","1400000","133266","0.09519","60","97"
"30","10","5","25","25","2","200000","19427","0.097135","326","369"
"28","10","5","25","25","45","4500000","310581","0.069018","38","69"
"29","10","5","25","25","15","1500000","140256","0.093504","68","106"
"30","10","5","25","25","3","300000","31778","0.10592666666666667","275","324"
"28","10","5","25","25","46","4600000","314319","0.06833021739130435","34","51"
"29","10","5","25","25","16","1600000","147136","0.09196","55","84"
"30","10","5","25","25","4","400000","43216","0.10804","203","239"
"28","10","5","25","25","47","4700000","318703","0.06780914893617021","37","67"
"29","10","5","25","25","17","1700000","153128","0.09007529411764706","48","68"
"28","10","5","25","25","48","4800000","323161","0.06732520833333333","37","61"
"30","10","5","25","25","5","500000","54499","0.108998","177","213"
"29","10","5","25","25","18","1800000","159021","0.088345","46","86"
"28","10","5","25","25","49","4900000","327285","0.06679285714285714","30","43"
"30","10","5","25","25","6","600000","66108","0.11018","159","221"
"29","10","5","25","25","19","1900000","164649","0.08665736842105264","40","64"
"28","10","5","25","25","50","5000000","331322","0.0662644","29","46"
"30","10","5","25","25","7","700000","77492","0.11070285714285714","165","230"
"29","10","5","25","25","20","2000000","169957","0.0849785","36","55"
"28","10","5","25","25","51","5100000","335315","0.06574803921568627","31","41"
"30","10","5","25","25","8","800000","88230","0.1102875","131","190"
"29","10","5","25","25","21","2100000","174865","0.08326904761904762","28","44"
"28","10","5","25","25","52","5200000","340069","0.06539788461538462","32","50"
"30","10","5","25","25","9","900000","98654","0.10961555555555555","106","153"
"29","10","5","25","25","22","2200000","179825","0.08173863636363636","26","58"
"28","10","5","25","25","53","5300000","344906","0.0650766037735849","31","57"
"30","10","5","25","25","10","1000000","108222","0.108222","86","135"
"29","10","5","25","25","23","2300000","184805","0.08035","23","47"
"28","10","5","25","25","54","5400000","349581","0.06473722222222222","32","61"
"30","10","5","25","25","11","1100000","116262","0.10569272727272727","71","101"
"29","10","5","25","25","24","2400000","189393","0.07891375","23","42"
"28","10","5","25","25","55","5500000","353905","0.06434636363636363","34","68"
"30","10","5","25","25","12","1200000","124848","0.10404","74","115"
"29","10","5","25","25","25","2500000","193937","0.0775748","22","38"
"28","10","5","25","25","56","5600000","358176","0.06396","36","62"
"30","10","5","25","25","13","1300000","133125","0.10240384615384615","71","129"
"29","10","5","25","25","26","2600000","198832","0.07647384615384616","24","38"
"28","10","5","25","25","57","5700000","362450","0.06358771929824561","40","62"
"29","10","5","25","25","27","2700000","203531","0.07538185185185185","23","45"
"30","10","5","25","25","14","1400000","141207","0.10086214285714286","68","107"
"28","10","5","25","25","58","5800000","366588","0.0632048275862069","38","65"
"29","10","5","25","25","28","2800000","208275","0.07438392857142857","25","41"
"30","10","5","25","25","15","1500000","148513","0.09900866666666666","68","109"
"28","10","5","25","25","59","5900000","370840","0.06285423728813559","42","71"
"28","10","5","25","25","60","6000000","374837","0.06247283333333333","36","58"
"29","10","5","25","25","29","2900000","213312","0.07355586206896551","24","39"
"30","10","5","25","25","16","1600000","155373","0.097108125","62","109"
"28","10","5","25","25","61","6100000","378418","0.062035737704918034","29","40"
"29","10","5","25","25","30","3000000","217928","0.07264266666666666","25","44"
"30","10","5","25","25","17","1700000","162286","0.09546235294117647","56","89"
"28","10","5","25","25","62","6200000","381542","0.061539032258064515","29","46"
"29","10","5","25","25","31","3100000","222697","0.07183774193548387","26","50"
"30","10","5","25","25","18","1800000","168984","0.09388","55","97"
"28","10","5","25","25","63","6300000","384779","0.061076031746031746","36","62"
"29","10","5","25","25","32","3200000","226802","0.070875625","25","51"
"30","10","5","25","25","19","1900000","175695","0.09247105263157895","39","68"
"28","10","5","25","25","64","6400000","388998","0.0607809375","30","57"
"29","10","5","25","25","33","3300000","231384","0.07011636363636363","26","49"
"30","10","5","25","25","20","2000000","181701","0.0908505","37","73"
"28","10","5","25","25","65","6500000","393588","0.060552","23","43"
"29","10","5","25","25","34","3400000","235651","0.06930911764705883","26","49"
"30","10","5","25","25","21","2100000","186694","0.08890190476190477","33","54"
"28","10","5","25","25","66","6600000","398153","0.06032621212121212","31","54"
"29","10","5","25","25","35","3500000","239876","0.068536","26","46"
"30","10","5","25","25","22","2200000","191914","0.08723363636363636","36","65"
"28","10","5","25","25","67","6700000","402920","0.06013731343283582","25","53"
"29","10","5","25","25","36","3600000","244114","0.06780944444444445","26","46"
"30","10","5","25","25","23","2300000","196567","0.08546391304347827","36","60"
"28","10","5","25","25","68","6800000","407113","0.059869558823529415","34","62"
"29","10","5","25","25","37","3700000","248186","0.06707729729729729","24","45"
"30","10","5","25","25","24","2400000","201205","0.08383541666666666","37","60"
"28","10","5","25","25","69","6900000","411502","0.05963797101449275","24","38"
"29","10","5","25","25","38","3800000","252362","0.06641105263157895","28","51"
"30","10","5","25","25","25","2500000","205754","0.0823016","30","57"
"28","10","5","25","25","70","7000000","415822","0.059403142857142856","27","38"
"29","10","5","25","25","39","3900000","256005","0.0656423076923077","30","43"
"30","10","5","25","25","26","2600000","210324","0.08089384615384615","27","53"
"28","10","5","25","25","71","7100000","420280","0.0591943661971831","25","53"
"30","10","5","25","25","27","2700000","214883","0.0795862962962963","31","61"
"29","10","5","25","25","40","4000000","259475","0.06486875","29","47"
"28","10","5","25","25","72","7200000","424722","0.05898916666666667","23","45"
"30","10","5","25","25","28","2800000","219397","0.07835607142857143","31","52"
"29","10","5","25","25","41","4100000","262837","0.06410658536585366","28","46"
"28","10","5","25","25","73","7300000","428883","0.058751095890410956","24","43"
"30","10","5","25","25","29","2900000","223569","0.07709275862068965","38","63"
"29","10","5","25","25","42","4200000","266217","0.063385","28","43"
"28","10","5","25","25","74","7400000","433028","0.0585172972972973","25","44"
"30","10","5","25","25","30","3000000","227628","0.075876","32","51"
"29","10","5","25","25","43","4300000","269928","0.06277395348837209","26","43"
"28","10","5","25","25","75","7500000","437311","0.05830813333333333","23","44"
"30","10","5","25","25","31","3100000","231704","0.07474322580645161","26","56"
"29","10","5","25","25","44","4400000","273254","0.06210318181818182","22","39"
"28","10","5","25","25","76","7600000","441492","0.058091052631578946","21","38"
"30","10","5","25","25","32","3200000","235680","0.07365","24","41"
"29","10","5","25","25","45","4500000","276491","0.061442444444444445","21","46"
"28","10","5","25","25","77","7700000","446152","0.057941818181818185","26","49"
"30","10","5","25","25","33","3300000","239990","0.07272424242424243","24","47"
"29","10","5","25","25","46","4600000","279737","0.060812391304347825","23","39"
"28","10","5","25","25","78","7800000","450940","0.057812820512820516","22","45"
"30","10","5","25","25","34","3400000","244521","0.07191794117647059","24","43"
"29","10","5","25","25","47","4700000","282919","0.060195531914893616","21","42"
"28","10","5","25","25","79","7900000","455151","0.05761405063291139","20","30"
"30","10","5","25","25","35","3500000","248868","0.07110514285714285","28","44"
"29","10","5","25","25","48","4800000","285926","0.059567916666666665","20","30"
"28","10","5","25","25","80","8000000","459487","0.057435875","21","50"
"30","10","5","25","25","36","3600000","253164","0.07032333333333333","27","47"
"29","10","5","25","25","49","4900000","289039","0.05898755102040816","20","36"
"28","10","5","25","25","81","8100000","463729","0.05725049382716049","20","43"
"30","10","5","25","25","37","3700000","256992","0.0694572972972973","26","45"
"29","10","5","25","25","50","5000000","292682","0.0585364","21","37"
"28","10","5","25","25","82","8200000","467561","0.057019634146341466","20","33"
"30","10","5","25","25","38","3800000","261108","0.06871263157894737","27","43"
"29","10","5","25","25","51","5100000","295779","0.057995882352941175","18","36"
"28","10","5","25","25","83","8300000","471498","0.05680698795180723","21","39"
"30","10","5","25","25","39","3900000","264617","0.06785051282051283","24","42"
"29","10","5","25","25","52","5200000","298878","0.05747653846153846","18","33"
"28","10","5","25","25","84","8400000","475548","0.056612857142857145","21","33"
"30","10","5","25","25","40","4000000","268034","0.0670085","24","42"
"29","10","5","25","25","53","5300000","301864","0.05695547169811321","18","31"
"28","10","5","25","25","85","8500000","479455","0.056406470588235294","17","27"
"30","10","5","25","25","41","4100000","271728","0.06627512195121951","18","38"
"29","10","5","25","25","54","5400000","304936","0.05646962962962963","18","36"
"28","10","5","25","25","86","8600000","483458","0.056216046511627905","19","32"
"30","10","5","25","25","42","4200000","275728","0.06564952380952381","19","34"
"29","10","5","25","25","55","5500000","307873","0.05597690909090909","17","31"
"28","10","5","25","25","87","8700000","487703","0.056057816091954024","19","43"
"30","10","5","25","25","43","4300000","279598","0.06502279069767442","17","34"
"29","10","5","25","25","56","5600000","310645","0.055472321428571426","17","34"
"28","10","5","25","25","88","8800000","492124","0.055923181818181816","18","32"
"30","10","5","25","25","44","4400000","283333","0.06439386363636364","19","30"
"29","10","5","25","25","57","5700000","313156","0.054939649122807015","17","29"
"28","10","5","25","25","89","8900000","495723","0.05569921348314607","19","28"
"30","10","5","25","25","45","4500000","287276","0.06383911111111111","17","28"
"29","10","5","25","25","58","5800000","315737","0.05443741379310345","17","35"
"28","10","5","25","25","90","9000000","499525","0.055502777777777776","21","32"
"30","10","5","25","25","46","4600000","291451","0.06335891304347827","23","40"
"29","10","5","25","25","59","5900000","318603","0.05400050847457627","16","28"
"28","10","5","25","25","91","9100000","502715","0.0552434065934066","21","38"
"30","10","5","25","25","47","4700000","295130","0.0627936170212766","22","41"
"29","10","5","25","25","60","6000000","321331","0.05355516666666667","17","31"
"28","10","5","25","25","92","9200000","505953","0.05499489130434783","15","21"
"30","10","5","25","25","48","4800000","298749","0.062239375","23","43"
"29","10","5","25","25","61","6100000","323875","0.05309426229508197","15","27"
"28","10","5","25","25","93","9300000","509021","0.05473344086021505","16","26"
"30","10","5","25","25","49","4900000","302658","0.061766938775510205","23","34"
"29","10","5","25","25","62","6200000","326101","0.05259693548387097","15","29"
"28","10","5","25","25","94","9400000","512274","0.05449723404255319","14","22"
"30","10","5","25","25","50","5000000","306268","0.0612536","20","38"
"29","10","5","25","25","63","6300000","328353","0.05211952380952381","17","33"
"28","10","5","25","25","95","9500000","515358","0.05424821052631579","13","22"
"30","10","5","25","25","51","5100000","309801","0.06074529411764706","22","37"
"29","10","5","25","25","64","6400000","330661","0.05166578125","17","24"
"28","10","5","25","25","96","9600000","518274","0.053986875","13","16"
"30","10","5","25","25","52","5200000","312955","0.060183653846153845","18","37"
"29","10","5","25","25","65","6500000","333181","0.05125861538461538","17","28"
"28","10","5","25","25","97","9700000","520997","0.05371103092783505","12","18"
"30","10","5","25","25","53","5300000","316317","0.05968245283018868","23","41"
"29","10","5","25","25","66","6600000","335671","0.050859242424242425","17","29"
"28","10","5","25","25","98","9800000","523418","0.05341","11","13"
"30","10","5","25","25","54","5400000","319572","0.05918","20","40"
"29","10","5","25","25","67","6700000","338283","0.05049","15","28"
"28","10","5","25","25","99","9900000","525874","0.05311858585858586","12","16"
"30","10","5","25","25","55","5500000","323239","0.05877072727272727","19","36"
"29","10","5","25","25","68","6800000","340409","0.05006014705882353","14","19"
"28","10","5","25","25","100","10000000","528329","0.0528329","11","14"
"30","10","5","25","25","56","5600000","327079","0.058406964285714284","18","35"
"29","10","5","25","25","69","6900000","342396","0.04962260869565217","14","17"
"28","10","5","25","25","101","10100000","530847","0.05255910891089109","12","15"
"30","10","5","25","25","57","5700000","330849","0.05804368421052632","17","31"
"29","10","5","25","25","70","7000000","344416","0.04920228571428571","14","17"
"28","10","5","25","25","102","10200000","533336","0.0522878431372549","11","14"
"30","10","5","25","25","58","5800000","334521","0.05767603448275862","16","31"
"28","10","5","25","25","103","10300000","535868","0.05202601941747573","11","15"
"29","10","5","25","25","71","7100000","346235","0.04876549295774648","13","20"
"28","10","5","25","25","104","10400000","538042","0.05173480769230769","11","14"
"30","10","5","25","25","59","5900000","338087","0.0573028813559322","15","30"
"29","10","5","25","25","72","7200000","347876","0.04831611111111111","13","17"
"28","10","5","25","25","105","10500000","540239","0.051451333333333335","13","16"
"30","10","5","25","25","60","6000000","341873","0.05697883333333333","21","38"
"29","10","5","25","25","73","7300000","349395","0.04786232876712329","13","17"
"28","10","5","25","25","106","10600000","542378","0.0511677358490566","10","14"
"29","10","5","25","25","74","7400000","350897","0.04741851351351351","13","14"
"30","10","5","25","25","61","6100000","345952","0.05671344262295082","20","35"
"28","10","5","25","25","107","10700000","544241","0.05086364485981308","9","9"
"29","10","5","25","25","75","7500000","352308","0.0469744","13","15"
"30","10","5","25","25","62","6200000","349678","0.05639967741935484","14","24"
"28","10","5","25","25","108","10800000","545666","0.05052462962962963","9","10"
"29","10","5","25","25","76","7600000","353841","0.04655802631578947","13","18"
"30","10","5","25","25","63","6300000","352981","0.05602873015873016","17","30"
"28","10","5","25","25","109","10900000","547080","0.05019082568807339","9","11"
"29","10","5","25","25","77","7700000","355181","0.0461274025974026","13","18"
"30","10","5","25","25","64","6400000","356361","0.05568140625","13","22"
"28","10","5","25","25","110","11000000","548192","0.04983563636363637","9","13"
"29","10","5","25","25","78","7800000","356521","0.04570782051282051","12","13"
"30","10","5","25","25","65","6500000","359456","0.055300923076923074","13","18"
"28","10","5","25","25","111","11100000","549448","0.04949981981981982","8","9"
"29","10","5","25","25","79","7900000","357458","0.04524784810126582","11","11"
"30","10","5","25","25","66","6600000","362384","0.054906666666666666","13","21"
"28","10","5","25","25","112","11200000","550499","0.04915169642857143","8","10"
"29","10","5","25","25","80","8000000","358327","0.044790875","11","11"
"30","10","5","25","25","67","6700000","365455","0.0545455223880597","13","28"
"28","10","5","25","25","113","11300000","551174","0.04877646017699115","8","8"
"29","10","5","25","25","81","8100000","359321","0.04436061728395062","11","12"
"30","10","5","25","25","68","6800000","368599","0.054205735294117645","11","23"
"28","10","5","25","25","114","11400000","551820","0.048405263157894736","8","8"
"29","10","5","25","25","82","8200000","360354","0.04394560975609756","11","11"
"30","10","5","25","25","69","6900000","371753","0.05387724637681159","11","14"
"28","10","5","25","25","115","11500000","552289","0.04802513043478261","8","9"
"29","10","5","25","25","83","8300000","361318","0.043532289156626505","11","11"
"30","10","5","25","25","70","7000000","374800","0.05354285714285714","13","24"
"28","10","5","25","25","116","11600000","552654","0.04764258620689655","8","8"
"29","10","5","25","25","84","8400000","362335","0.04313511904761905","11","11"
"30","10","5","25","25","71","7100000","378065","0.05324859154929577","11","18"
"28","10","5","25","25","117","11700000","552937","0.04725957264957265","8","8"
"29","10","5","25","25","85","8500000","363384","0.04275105882352941","11","14"
"30","10","5","25","25","72","7200000","380852","0.05289611111111111","12","22"
"28","10","5","25","25","118","11800000","553283","0.04688838983050848","8","9"
"29","10","5","25","25","86","8600000","364501","0.042383837209302326","11","13"
"30","10","5","25","25","73","7300000","383840","0.05258082191780822","11","20"
"28","10","5","25","25","119","11900000","553556","0.04651731092436975","8","8"
"29","10","5","25","25","87","8700000","365666","0.04203057471264368","11","13"
"30","10","5","25","25","74","7400000","386294","0.052201891891891894","11","15"
"28","10","5","25","25","120","12000000","554065","0.046172083333333336","8","11"
"29","10","5","25","25","88","8800000","366754","0.041676590909090906","11","13"
"30","10","5","25","25","75","7500000","388671","0.0518228","11","17"
"28","10","5","25","25","121","12100000","554482","0.04582495867768595","8","8"
"29","10","5","25","25","89","8900000","367664","0.04131056179775281","11","11"
"30","10","5","25","25","76","7600000","390611","0.051396184210526316","9","12"
"28","10","5","25","25","122","12200000","554717","0.04546860655737705","8","8"
"29","10","5","25","25","90","9000000","368703","0.040967","11","14"
"30","10","5","25","25","77","7700000","392461","0.050968961038961036","9","14"
"28","10","5","25","25","123","12300000","555007","0.04512252032520325","8","8"
"29","10","5","25","25","91","9100000","369740","0.040630769230769234","11","13"
"28","10","5","25","25","124","12400000","555305","0.04478266129032258","8","8"
"30","10","5","25","25","78","7800000","394390","0.05056282051282051","9","12"
"29","10","5","25","25","92","9200000","370385","0.04025923913043478","11","12"
"28","10","5","25","25","125","12500000","555453","0.04443624","7","7"
"30","10","5","25","25","79","7900000","395952","0.050120506329113926","8","11"
"29","10","5","25","25","93","9300000","370656","0.03985548387096774","11","11"
"30","10","5","25","25","80","8000000","397181","0.049647625","7","9"
"29","10","5","25","25","94","9400000","370679","0.03943393617021276","10","10"
"30","10","5","25","25","81","8100000","398132","0.0491520987654321","7","7"
"30","10","5","25","25","82","8200000","399117","0.04867280487804878","7","10"
"30","10","5","25","25","83","8300000","400043","0.04819795180722892","7","8"
"30","10","5","25","25","84","8400000","400968","0.047734285714285715","7","7"
"30","10","5","25","25","85","8500000","401934","0.047286352941176474","7","8"
"30","10","5","25","25","86","8600000","403030","0.04686395348837209","7","7"
"30","10","5","25","25","87","8700000","404164","0.046455632183908045","7","10"
"30","10","5","25","25","88","8800000","405410","0.046069318181818183","7","8"
"30","10","5","25","25","89","8900000","406693","0.04569584269662921","7","7"
"30","10","5","25","25","90","9000000","407963","0.04532922222222222","7","9"
"30","10","5","25","25","91","9100000","409239","0.04497131868131868","7","9"
"30","10","5","25","25","92","9200000","410497","0.044619239130434786","7","8"
"30","10","5","25","25","93","9300000","411621","0.04426032258064516","7","8"
"30","10","5","25","25","94","9400000","412593","0.043892872340425534","7","7"
"30","10","5","25","25","95","9500000","413562","0.043532842105263155","7","11"
"30","10","5","25","25","96","9600000","414664","0.043194166666666665","7","8"
"30","10","5","25","25","97","9700000","415588","0.04284412371134021","7","7"
"30","10","5","25","25","98","9800000","416432","0.04249306122448979","7","9"
"30","10","5","25","25","99","9900000","417389","0.04216050505050505","7","7"
"30","10","5","25","25","100","10000000","418015","0.0418015","7","7"
"30","10","5","25","25","101","10100000","418838","0.04146910891089109","7","9"
"30","10","5","25","25","102","10200000","419263","0.04110421568627451","7","7"
"30","10","5","25","25","103","10300000","419571","0.04073504854368932","7","7"
"30","10","5","25","25","104","10400000","419731","0.04035875","6","6"
