"BehaviorSpace results (NetLogo 7.0.3)","Table version 2.0"
"week3.nlogox"
"experiment5"
"03/14/2026 10:49:43:677 +0530"
"min-pxcor","max-pxcor","min-pycor","max-pycor"
"-14","15","-14","15"
"[run number]","Q","F","world-width","world-height","[step]","event-count","interaction-count","interaction-rate","unique-cultures","number-of-regions"
"2","10","5","30","30","0","0","0","0","897","900"
"3","10","5","30","30","0","0","0","0","899","900"
"1","10","5","30","30","0","0","0","0","895","900"
"3","10","5","30","30","1","100000","9091","0.09091","431","465"
"2","10","5","30","30","1","100000","8433","0.08433","442","462"
"1","10","5","30","30","1","100000","8926","0.08926","462","487"
"3","10","5","30","30","2","200000","20329","0.101645","306","358"
"2","10","5","30","30","2","200000","18375","0.091875","319","353"
"1","10","5","30","30","2","200000","20311","0.101555","336","365"
"3","10","5","30","30","3","300000","32002","0.10667333333333333","250","298"
"2","10","5","30","30","3","300000","29456","0.09818666666666667","271","330"
"1","10","5","30","30","3","300000","32234","0.10744666666666666","265","314"
"2","10","5","30","30","4","400000","41015","0.1025375","202","256"
"3","10","5","30","30","4","400000","43320","0.1083","210","250"
"1","10","5","30","30","4","400000","44405","0.1110125","237","288"
"2","10","5","30","30","5","500000","52256","0.104512","187","236"
"3","10","5","30","30","5","500000","54808","0.109616","180","233"
"1","10","5","30","30","5","500000","55970","0.11194","180","225"
"2","10","5","30","30","6","600000","63713","0.10618833333333333","165","229"
"3","10","5","30","30","6","600000","65724","0.10954","153","211"
"1","10","5","30","30","6","600000","67315","0.11219166666666666","163","218"
"2","10","5","30","30","7","700000","74639","0.10662714285714285","126","176"
"3","10","5","30","30","7","700000","75824","0.10832","127","175"
"1","10","5","30","30","7","700000","78391","0.11198714285714285","128","180"
"2","10","5","30","30","8","800000","84505","0.10563125","105","159"
"3","10","5","30","30","8","800000","85290","0.1066125","90","143"
"1","10","5","30","30","8","800000","88476","0.110595","110","146"
"2","10","5","30","30","9","900000","93399","0.10377666666666667","87","124"
"3","10","5","30","30","9","900000","94002","0.10444666666666666","104","148"
"1","10","5","30","30","9","900000","98350","0.10927777777777778","98","138"
"2","10","5","30","30","10","1000000","102048","0.102048","74","106"
"3","10","5","30","30","10","1000000","102353","0.102353","85","118"
"1","10","5","30","30","10","1000000","106884","0.106884","90","124"
"3","10","5","30","30","11","1100000","109626","0.09966","78","109"
"2","10","5","30","30","11","1100000","109988","0.0999890909090909","82","128"
"1","10","5","30","30","11","1100000","115439","0.10494454545454546","89","128"
"3","10","5","30","30","12","1200000","117227","0.09768916666666666","79","120"
"2","10","5","30","30","12","1200000","117764","0.09813666666666666","73","127"
"1","10","5","30","30","12","1200000","123453","0.1028775","74","111"
"3","10","5","30","30","13","1300000","124736","0.09595076923076923","83","126"
"2","10","5","30","30","13","1300000","125332","0.09640923076923077","71","119"
"1","10","5","30","30","13","1300000","130422","0.10032461538461539","86","115"
"3","10","5","30","30","14","1400000","132494","0.09463857142857143","72","116"
"2","10","5","30","30","14","1400000","133417","0.09529785714285714","67","116"
"1","10","5","30","30","14","1400000","137448","0.09817714285714285","78","105"
"3","10","5","30","30","15","1500000","140134","0.09342266666666667","68","113"
"2","10","5","30","30","15","1500000","141175","0.09411666666666667","57","89"
"1","10","5","30","30","15","1500000","143996","0.09599733333333334","73","96"
"3","10","5","30","30","16","1600000","147488","0.09218","64","95"
"2","10","5","30","30","16","1600000","148259","0.092661875","58","101"
"1","10","5","30","30","16","1600000","149817","0.093635625","61","84"
"2","10","5","30","30","17","1700000","154925","0.09113235294117647","60","106"
"3","10","5","30","30","17","1700000","154889","0.09111117647058824","64","90"
"1","10","5","30","30","17","1700000","154929","0.09113470588235294","47","66"
"2","10","5","30","30","18","1800000","161404","0.0896688888888889","49","92"
"3","10","5","30","30","18","1800000","162273","0.09015166666666667","57","89"
"1","10","5","30","30","18","1800000","159838","0.08879888888888889","47","74"
"2","10","5","30","30","19","1900000","167655","0.08823947368421052","48","80"
"3","10","5","30","30","19","1900000","169570","0.08924736842105263","64","105"
"1","10","5","30","30","19","1900000","164607","0.08663526315789474","45","61"
"2","10","5","30","30","20","2000000","174135","0.0870675","50","85"
"3","10","5","30","30","20","2000000","176720","0.08836","62","91"
"1","10","5","30","30","20","2000000","168965","0.0844825","46","64"
"2","10","5","30","30","21","2100000","180230","0.08582380952380952","55","97"
"3","10","5","30","30","21","2100000","183646","0.08745047619047619","62","105"
"1","10","5","30","30","21","2100000","173153","0.08245380952380953","44","66"
"2","10","5","30","30","22","2200000","185966","0.08453","52","89"
"3","10","5","30","30","22","2200000","190992","0.08681454545454545","53","86"
"1","10","5","30","30","22","2200000","177477","0.08067136363636364","38","59"
"2","10","5","30","30","23","2300000","191905","0.08343695652173913","44","79"
"3","10","5","30","30","23","2300000","197246","0.08575913043478262","53","85"
"1","10","5","30","30","23","2300000","181359","0.07885173913043478","35","58"
"2","10","5","30","30","24","2400000","198191","0.08257958333333333","39","75"
"3","10","5","30","30","24","2400000","204157","0.08506541666666667","48","93"
"1","10","5","30","30","24","2400000","185232","0.07718","34","51"
"2","10","5","30","30","25","2500000","204305","0.081722","41","79"
"3","10","5","30","30","25","2500000","211186","0.0844744","43","66"
"1","10","5","30","30","25","2500000","188701","0.0754804","28","38"
"2","10","5","30","30","26","2600000","209943","0.08074730769230769","36","56"
"3","10","5","30","30","26","2600000","217557","0.08367576923076923","44","69"
"1","10","5","30","30","26","2600000","192362","0.07398538461538462","31","47"
"2","10","5","30","30","27","2700000","216006","0.08000222222222222","39","70"
"3","10","5","30","30","27","2700000","223543","0.0827937037037037","48","74"
"1","10","5","30","30","27","2700000","196246","0.07268370370370371","32","44"
"2","10","5","30","30","28","2800000","222100","0.07932142857142857","36","58"
"3","10","5","30","30","28","2800000","229444","0.08194428571428572","45","67"
"1","10","5","30","30","28","2800000","200028","0.07143857142857143","29","42"
"2","10","5","30","30","29","2900000","228470","0.07878275862068966","34","79"
"3","10","5","30","30","29","2900000","234751","0.08094862068965518","39","78"
"1","10","5","30","30","29","2900000","203784","0.0702703448275862","29","43"
"2","10","5","30","30","30","3000000","234165","0.078055","31","51"
"3","10","5","30","30","30","3000000","239705","0.07990166666666666","38","63"
"1","10","5","30","30","30","3000000","207631","0.06921033333333333","36","60"
"2","10","5","30","30","31","3100000","239589","0.07728677419354839","26","46"
"3","10","5","30","30","31","3100000","244502","0.07887161290322581","39","61"
"1","10","5","30","30","31","3100000","211685","0.06828548387096774","28","44"
"2","10","5","30","30","32","3200000","245208","0.0766275","29","51"
"3","10","5","30","30","32","3200000","249270","0.077896875","33","54"
"1","10","5","30","30","32","3200000","215572","0.06736625","29","47"
"2","10","5","30","30","33","3300000","250776","0.07599272727272727","31","51"
"3","10","5","30","30","33","3300000","253611","0.07685181818181819","35","65"
"1","10","5","30","30","33","3300000","219080","0.06638787878787879","25","37"
"2","10","5","30","30","34","3400000","255841","0.07524735294117647","32","49"
"3","10","5","30","30","34","3400000","258161","0.07592970588235294","38","64"
"1","10","5","30","30","34","3400000","221718","0.06521117647058823","26","41"
"2","10","5","30","30","35","3500000","260120","0.07432","27","43"
"3","10","5","30","30","35","3500000","263301","0.07522885714285714","38","66"
"1","10","5","30","30","35","3500000","224987","0.064282","19","33"
"2","10","5","30","30","36","3600000","264212","0.07339222222222222","20","41"
"3","10","5","30","30","36","3600000","268657","0.07462694444444444","35","70"
"1","10","5","30","30","36","3600000","228154","0.0633761111111111","20","30"
"2","10","5","30","30","37","3700000","268560","0.07258378378378379","21","55"
"3","10","5","30","30","37","3700000","274171","0.07410027027027027","30","48"
"1","10","5","30","30","37","3700000","231608","0.06259675675675676","21","32"
"2","10","5","30","30","38","3800000","272505","0.07171184210526316","21","33"
"3","10","5","30","30","38","3800000","279391","0.07352394736842105","32","55"
"1","10","5","30","30","38","3800000","235289","0.06191815789473684","25","44"
"2","10","5","30","30","39","3900000","276436","0.07088102564102564","23","39"
"3","10","5","30","30","39","3900000","284395","0.07292179487179487","32","52"
"1","10","5","30","30","39","3900000","239445","0.06139615384615384","24","43"
"2","10","5","30","30","40","4000000","280366","0.0700915","20","43"
"3","10","5","30","30","40","4000000","288898","0.0722245","33","63"
"1","10","5","30","30","40","4000000","243491","0.06087275","27","43"
"2","10","5","30","30","41","4100000","284483","0.06938609756097561","21","34"
"3","10","5","30","30","41","4100000","293877","0.07167731707317074","33","57"
"1","10","5","30","30","41","4100000","247578","0.06038487804878049","26","36"
"2","10","5","30","30","42","4200000","288467","0.06868261904761905","19","53"
"3","10","5","30","30","42","4200000","298798","0.07114238095238096","31","55"
"1","10","5","30","30","42","4200000","251646","0.05991571428571429","30","56"
"2","10","5","30","30","43","4300000","291847","0.06787139534883721","17","27"
"3","10","5","30","30","43","4300000","303114","0.07049162790697674","26","52"
"1","10","5","30","30","43","4300000","256036","0.05954325581395349","34","50"
"2","10","5","30","30","44","4400000","294879","0.06701795454545455","17","34"
"3","10","5","30","30","44","4400000","307039","0.0697815909090909","20","37"
"1","10","5","30","30","44","4400000","260551","0.05921613636363637","32","62"
"2","10","5","30","30","45","4500000","298233","0.066274","18","32"
"3","10","5","30","30","45","4500000","310259","0.06894644444444445","19","27"
"1","10","5","30","30","45","4500000","264784","0.05884088888888889","30","55"
"2","10","5","30","30","46","4600000","301718","0.0655908695652174","17","29"
"3","10","5","30","30","46","4600000","313424","0.06813565217391304","18","33"
"1","10","5","30","30","46","4600000","269433","0.058572391304347826","37","62"
"2","10","5","30","30","47","4700000","304968","0.0648868085106383","15","31"
"3","10","5","30","30","47","4700000","316913","0.06742829787234042","18","29"
"1","10","5","30","30","47","4700000","273794","0.05825404255319149","27","47"
"2","10","5","30","30","48","4800000","307880","0.06414166666666667","14","25"
"3","10","5","30","30","48","4800000","320449","0.06676020833333333","18","25"
"1","10","5","30","30","48","4800000","278123","0.057942291666666666","30","53"
"2","10","5","30","30","49","4900000","310642","0.06339632653061225","13","17"
"3","10","5","30","30","49","4900000","323662","0.0660534693877551","17","30"
"1","10","5","30","30","49","4900000","282541","0.05766142857142857","31","51"
"2","10","5","30","30","50","5000000","312553","0.0625106","13","19"
"3","10","5","30","30","50","5000000","326689","0.0653378","18","22"
"1","10","5","30","30","50","5000000","286604","0.0573208","30","50"
"2","10","5","30","30","51","5100000","314437","0.0616543137254902","13","23"
"3","10","5","30","30","51","5100000","329875","0.06468137254901961","15","23"
"1","10","5","30","30","51","5100000","291211","0.05710019607843137","29","58"
"2","10","5","30","30","52","5200000","316673","0.060898653846153845","12","15"
"3","10","5","30","30","52","5200000","332827","0.0640051923076923","17","24"
"1","10","5","30","30","52","5200000","295306","0.05678961538461538","28","45"
"2","10","5","30","30","53","5300000","319046","0.06019735849056604","13","19"
"3","10","5","30","30","53","5300000","335716","0.06334264150943396","18","31"
"1","10","5","30","30","53","5300000","299325","0.05647641509433962","24","44"
"2","10","5","30","30","54","5400000","321102","0.05946333333333333","12","15"
"3","10","5","30","30","54","5400000","338864","0.0627525925925926","18","30"
"1","10","5","30","30","54","5400000","303758","0.05625148148148148","27","65"
"2","10","5","30","30","55","5500000","323191","0.058762","13","15"
"3","10","5","30","30","55","5500000","341801","0.06214563636363636","18","26"
"1","10","5","30","30","55","5500000","307934","0.055988","33","50"
"2","10","5","30","30","56","5600000","325329","0.058094464285714284","12","14"
"3","10","5","30","30","56","5600000","344820","0.061575","16","33"
"2","10","5","30","30","57","5700000","327622","0.05747754385964912","13","17"
"1","10","5","30","30","56","5600000","312000","0.055714285714285716","28","51"
"3","10","5","30","30","57","5700000","347972","0.061047719298245616","15","32"
"2","10","5","30","30","58","5800000","329882","0.05687620689655173","13","21"
"1","10","5","30","30","57","5700000","315957","0.05543105263157895","29","52"
"3","10","5","30","30","58","5800000","350836","0.06048896551724138","16","26"
"2","10","5","30","30","59","5900000","332067","0.056282542372881356","12","14"
"1","10","5","30","30","58","5800000","319864","0.055148965517241376","28","50"
"3","10","5","30","30","59","5900000","353745","0.05995677966101695","17","24"
"2","10","5","30","30","60","6000000","334423","0.055737166666666664","12","15"
"1","10","5","30","30","59","5900000","324089","0.054930338983050844","29","42"
"3","10","5","30","30","60","6000000","356546","0.059424333333333336","16","21"
"2","10","5","30","30","61","6100000","336684","0.05519409836065574","13","16"
"1","10","5","30","30","60","6000000","328429","0.054738166666666664","27","47"
"3","10","5","30","30","61","6100000","359319","0.05890475409836066","16","25"
"2","10","5","30","30","62","6200000","338916","0.05466387096774194","12","17"
"1","10","5","30","30","61","6100000","333185","0.05462049180327869","23","42"
"3","10","5","30","30","62","6200000","362227","0.058423709677419354","15","22"
"2","10","5","30","30","63","6300000","341031","0.05413190476190476","13","20"
"1","10","5","30","30","62","6200000","337984","0.05451354838709677","24","37"
"3","10","5","30","30","63","6300000","364862","0.057914603174603174","14","22"
"2","10","5","30","30","64","6400000","343209","0.05362640625","12","21"
"3","10","5","30","30","64","6400000","367517","0.05742453125","13","20"
"1","10","5","30","30","63","6300000","342293","0.05433222222222222","24","41"
"2","10","5","30","30","65","6500000","345419","0.05314138461538462","13","20"
"3","10","5","30","30","65","6500000","370339","0.05697523076923077","13","24"
"1","10","5","30","30","64","6400000","346580","0.054153125","21","34"
"2","10","5","30","30","66","6600000","347613","0.05266863636363636","11","14"
"3","10","5","30","30","66","6600000","372985","0.056512878787878786","13","20"
"1","10","5","30","30","65","6500000","351249","0.05403830769230769","22","40"
"2","10","5","30","30","67","6700000","349697","0.052193582089552236","11","12"
"3","10","5","30","30","67","6700000","375767","0.056084626865671644","12","19"
"1","10","5","30","30","66","6600000","355879","0.053921060606060604","23","44"
"2","10","5","30","30","68","6800000","351733","0.051725441176470585","11","14"
"3","10","5","30","30","68","6800000","378434","0.05565205882352941","13","21"
"1","10","5","30","30","67","6700000","360588","0.05381910447761194","24","43"
"2","10","5","30","30","69","6900000","354174","0.05132956521739131","11","12"
"3","10","5","30","30","69","6900000","380948","0.055209855072463766","10","12"
"1","10","5","30","30","68","6800000","365570","0.05376029411764706","21","36"
"2","10","5","30","30","70","7000000","356270","0.05089571428571429","10","18"
"3","10","5","30","30","70","7000000","382682","0.054668857142857144","10","13"
"1","10","5","30","30","69","6900000","370068","0.05363304347826087","21","39"
"2","10","5","30","30","71","7100000","358308","0.050465915492957744","9","13"
"3","10","5","30","30","71","7100000","384426","0.05414450704225352","9","10"
"1","10","5","30","30","70","7000000","374580","0.05351142857142857","23","34"
"2","10","5","30","30","72","7200000","359987","0.04999819444444444","9","10"
"3","10","5","30","30","72","7200000","385923","0.053600416666666664","9","10"
"2","10","5","30","30","73","7300000","361488","0.04951890410958904","10","11"
"1","10","5","30","30","71","7100000","378729","0.05334211267605634","22","43"
"3","10","5","30","30","73","7300000","387580","0.053093150684931506","10","12"
"2","10","5","30","30","74","7400000","362978","0.04905108108108108","10","18"
"1","10","5","30","30","72","7200000","382839","0.053172083333333335","19","39"
"3","10","5","30","30","74","7400000","389289","0.05260662162162162","10","11"
"2","10","5","30","30","75","7500000","364404","0.0485872","9","12"
"1","10","5","30","30","73","7300000","386282","0.052915342465753426","22","39"
"3","10","5","30","30","75","7500000","391193","0.05215906666666666","10","13"
"2","10","5","30","30","76","7600000","365773","0.048128026315789475","9","10"
"1","10","5","30","30","74","7400000","389749","0.052668783783783785","19","35"
"3","10","5","30","30","76","7600000","393217","0.05173907894736842","10","19"
"2","10","5","30","30","77","7700000","367283","0.047699090909090906","9","9"
"1","10","5","30","30","75","7500000","393129","0.0524172","22","42"
"3","10","5","30","30","77","7700000","395348","0.05134389610389611","10","15"
"2","10","5","30","30","78","7800000","368529","0.04724730769230769","9","10"
"1","10","5","30","30","76","7600000","396787","0.052208815789473687","20","33"
"3","10","5","30","30","78","7800000","397154","0.050917179487179484","10","14"
"2","10","5","30","30","79","7900000","369724","0.04680050632911392","9","9"
"1","10","5","30","30","77","7700000","400427","0.05200350649350649","18","31"
"3","10","5","30","30","79","7900000","398897","0.050493291139240504","10","16"
"2","10","5","30","30","80","8000000","370762","0.04634525","8","10"
"1","10","5","30","30","78","7800000","404239","0.05182551282051282","18","44"
"3","10","5","30","30","80","8000000","400652","0.0500815","10","14"
"2","10","5","30","30","81","8100000","371738","0.04589358024691358","8","9"
"1","10","5","30","30","79","7900000","407927","0.05163632911392405","18","36"
"3","10","5","30","30","81","8100000","402380","0.04967654320987654","10","17"
"2","10","5","30","30","82","8200000","372937","0.04548012195121951","8","8"
"1","10","5","30","30","80","8000000","411361","0.051420125","18","34"
"3","10","5","30","30","82","8200000","404228","0.04929609756097561","10","14"
"2","10","5","30","30","83","8300000","373975","0.04505722891566265","8","12"
"3","10","5","30","30","83","8300000","406180","0.04893734939759036","10","13"
"1","10","5","30","30","81","8100000","414852","0.051216296296296294","19","33"
"2","10","5","30","30","84","8400000","375097","0.04465440476190476","8","9"
"3","10","5","30","30","84","8400000","407988","0.04857","9","11"
"1","10","5","30","30","82","8200000","418204","0.05100048780487805","18","25"
"2","10","5","30","30","85","8500000","376157","0.044253764705882354","8","9"
"3","10","5","30","30","85","8500000","409595","0.04818764705882353","10","11"
"1","10","5","30","30","83","8300000","421416","0.05077301204819277","14","23"
"2","10","5","30","30","86","8600000","377032","0.04384093023255814","8","9"
"3","10","5","30","30","86","8600000","411030","0.04779418604651163","9","9"
"1","10","5","30","30","84","8400000","424742","0.05056452380952381","14","20"
"2","10","5","30","30","87","8700000","377903","0.04343712643678161","8","9"
"3","10","5","30","30","87","8700000","412419","0.04740448275862069","9","9"
"1","10","5","30","30","85","8500000","428497","0.050411411764705885","15","31"
"2","10","5","30","30","88","8800000","378783","0.04304352272727273","8","9"
"3","10","5","30","30","88","8800000","413816","0.04702454545454546","9","11"
"1","10","5","30","30","86","8600000","432099","0.05024406976744186","15","23"
"2","10","5","30","30","89","8900000","379729","0.0426661797752809","8","8"
"3","10","5","30","30","89","8900000","415253","0.0466576404494382","9","10"
"2","10","5","30","30","90","9000000","380702","0.042300222222222225","8","10"
"1","10","5","30","30","87","8700000","435503","0.050057816091954026","16","25"
"3","10","5","30","30","90","9000000","417022","0.046335777777777774","9","11"
"2","10","5","30","30","91","9100000","381595","0.04193351648351648","8","8"
"1","10","5","30","30","88","8800000","439113","0.049899204545454545","15","32"
"3","10","5","30","30","91","9100000","418696","0.04601054945054945","9","11"
"2","10","5","30","30","92","9200000","382508","0.04157695652173913","8","10"
"1","10","5","30","30","89","8900000","442930","0.04976741573033708","15","27"
"3","10","5","30","30","92","9200000","420451","0.04570119565217391","9","10"
"2","10","5","30","30","93","9300000","383515","0.04123817204301075","8","11"
"1","10","5","30","30","90","9000000","446439","0.049604333333333334","17","26"
"3","10","5","30","30","93","9300000","422216","0.04539956989247312","10","12"
"2","10","5","30","30","94","9400000","384585","0.04091329787234042","8","8"
"1","10","5","30","30","91","9100000","449733","0.049421208791208794","16","30"
"3","10","5","30","30","94","9400000","424096","0.045116595744680854","9","12"
"2","10","5","30","30","95","9500000","385605","0.04059","8","12"
"1","10","5","30","30","92","9200000","452858","0.04922369565217391","17","28"
"3","10","5","30","30","95","9500000","425829","0.044824105263157894","9","10"
"2","10","5","30","30","96","9600000","386748","0.04028625","8","10"
"1","10","5","30","30","93","9300000","456111","0.0490441935483871","17","32"
"3","10","5","30","30","96","9600000","427221","0.0445021875","8","9"
"2","10","5","30","30","97","9700000","387787","0.039978041237113404","8","9"
"1","10","5","30","30","94","9400000","459190","0.04885","14","31"
"3","10","5","30","30","97","9700000","428314","0.0441560824742268","8","9"
"2","10","5","30","30","98","9800000","388667","0.039659897959183676","8","10"
"1","10","5","30","30","95","9500000","462492","0.048683368421052635","14","25"
"3","10","5","30","30","98","9800000","429256","0.04380163265306122","8","9"
"2","10","5","30","30","99","9900000","389468","0.03934020202020202","8","11"
"1","10","5","30","30","96","9600000","465785","0.048519270833333336","15","32"
"3","10","5","30","30","99","9900000","430331","0.04346777777777778","8","10"
"2","10","5","30","30","100","10000000","390151","0.0390151","8","10"
"1","10","5","30","30","97","9700000","469176","0.04836865979381443","15","32"
"3","10","5","30","30","100","10000000","431240","0.043124","8","9"
"2","10","5","30","30","101","10100000","390934","0.038706336633663366","8","10"
"1","10","5","30","30","98","9800000","472369","0.04820091836734694","14","32"
"3","10","5","30","30","101","10100000","432153","0.042787425742574256","8","9"
"2","10","5","30","30","102","10200000","391482","0.03838058823529412","8","8"
"3","10","5","30","30","102","10200000","432995","0.04245049019607843","8","11"
"1","10","5","30","30","99","9900000","475415","0.048021717171717174","15","33"
"2","10","5","30","30","103","10300000","392209","0.038078543689320385","8","10"
"3","10","5","30","30","103","10300000","434070","0.04214271844660194","8","8"
"1","10","5","30","30","100","10000000","478422","0.0478422","15","22"
"2","10","5","30","30","104","10400000","392840","0.03777307692307692","8","8"
"3","10","5","30","30","104","10400000","434982","0.041825192307692306","8","9"
"1","10","5","30","30","101","10100000","482080","0.04773069306930693","17","28"
"2","10","5","30","30","105","10500000","393610","0.03748666666666667","8","9"
"3","10","5","30","30","105","10500000","436000","0.041523809523809525","8","8"
"2","10","5","30","30","106","10600000","394423","0.037209716981132075","8","8"
"1","10","5","30","30","102","10200000","485680","0.0476156862745098","15","25"
"3","10","5","30","30","106","10600000","437104","0.04123622641509434","8","11"
"2","10","5","30","30","107","10700000","395106","0.036925794392523366","8","10"
"1","10","5","30","30","103","10300000","488943","0.04747019417475728","15","26"
"3","10","5","30","30","107","10700000","438102","0.04094411214953271","8","10"
"2","10","5","30","30","108","10800000","395593","0.036628981481481485","8","8"
"1","10","5","30","30","104","10400000","492142","0.04732134615384615","15","25"
"3","10","5","30","30","108","10800000","438986","0.04064685185185185","8","8"
"2","10","5","30","30","109","10900000","396171","0.03634596330275229","8","8"
"1","10","5","30","30","105","10500000","495359","0.04717704761904762","15","41"
"3","10","5","30","30","109","10900000","439610","0.040331192660550456","8","8"
"2","10","5","30","30","110","11000000","396624","0.036056727272727275","8","11"
"1","10","5","30","30","106","10600000","498783","0.047055","14","26"
"3","10","5","30","30","110","11000000","440272","0.040024727272727274","8","9"
"2","10","5","30","30","111","11100000","396866","0.035753693693693696","7","7"
"4","10","5","30","30","0","0","0","0","893","900"
"1","10","5","30","30","107","10700000","502224","0.046936822429906544","14","28"
"3","10","5","30","30","111","11100000","440849","0.03971612612612613","8","9"
"4","10","5","30","30","1","100000","8427","0.08427","460","482"
"1","10","5","30","30","108","10800000","505726","0.04682648148148148","13","17"
"3","10","5","30","30","112","11200000","441481","0.03941794642857143","8","9"
"4","10","5","30","30","2","200000","19290","0.09645","330","375"
"1","10","5","30","30","109","10900000","509134","0.04670954128440367","14","29"
"3","10","5","30","30","113","11300000","442261","0.03913814159292035","8","8"
"1","10","5","30","30","110","11000000","512337","0.04657609090909091","13","24"
"4","10","5","30","30","3","300000","30712","0.10237333333333333","263","313"
"3","10","5","30","30","114","11400000","442917","0.03885236842105263","8","8"
"1","10","5","30","30","111","11100000","515721","0.04646135135135135","14","27"
"3","10","5","30","30","115","11500000","443464","0.03856208695652174","8","8"
"4","10","5","30","30","4","400000","42387","0.1059675","181","217"
"3","10","5","30","30","116","11600000","444096","0.03828413793103448","8","11"
"1","10","5","30","30","112","11200000","519173","0.046354732142857145","14","28"
"4","10","5","30","30","5","500000","53119","0.106238","153","201"
"3","10","5","30","30","117","11700000","444653","0.03800452991452991","8","8"
"1","10","5","30","30","113","11300000","522909","0.04627513274336283","16","45"
"4","10","5","30","30","6","600000","63379","0.10563166666666667","128","173"
"3","10","5","30","30","118","11800000","444877","0.0377014406779661","8","8"
"1","10","5","30","30","114","11400000","526148","0.04615333333333333","14","26"
"4","10","5","30","30","7","700000","73504","0.10500571428571429","108","150"
"3","10","5","30","30","119","11900000","445135","0.037406302521008405","8","8"
"1","10","5","30","30","115","11500000","529555","0.04604826086956522","13","24"
"4","10","5","30","30","8","800000","82324","0.102905","98","141"
"3","10","5","30","30","120","12000000","445225","0.037102083333333334","7","7"
"5","10","5","30","30","0","0","0","0","900","900"
"1","10","5","30","30","116","11600000","532734","0.04592534482758621","15","32"
"4","10","5","30","30","9","900000","90871","0.10096777777777778","96","141"
"5","10","5","30","30","1","100000","8536","0.08536","443","465"
"1","10","5","30","30","117","11700000","535507","0.045769829059829056","14","24"
"4","10","5","30","30","10","1000000","99165","0.099165","74","110"
"5","10","5","30","30","2","200000","20041","0.100205","319","358"
"1","10","5","30","30","118","11800000","538667","0.045649745762711864","13","30"
"4","10","5","30","30","11","1100000","107156","0.09741454545454545","77","107"
"5","10","5","30","30","3","300000","31532","0.10510666666666667","240","298"
"1","10","5","30","30","119","11900000","541306","0.045487899159663864","11","20"
"4","10","5","30","30","12","1200000","115079","0.09589916666666666","68","112"
"5","10","5","30","30","4","400000","42335","0.1058375","171","217"
"1","10","5","30","30","120","12000000","543687","0.04530725","10","21"
"1","10","5","30","30","121","12100000","546189","0.0451395867768595","11","19"
"4","10","5","30","30","13","1300000","123341","0.0948776923076923","65","117"
"5","10","5","30","30","5","500000","52013","0.104026","149","195"
"1","10","5","30","30","122","12200000","548915","0.04499303278688525","9","15"
"4","10","5","30","30","14","1400000","130956","0.09354","61","88"
"5","10","5","30","30","6","600000","62300","0.10383333333333333","140","197"
"1","10","5","30","30","123","12300000","551488","0.04483642276422764","9","13"
"4","10","5","30","30","15","1500000","138468","0.092312","56","85"
"5","10","5","30","30","7","700000","72645","0.10377857142857143","143","184"
"1","10","5","30","30","124","12400000","553687","0.04465217741935484","9","22"
"4","10","5","30","30","16","1600000","145905","0.091190625","50","87"
"5","10","5","30","30","8","800000","82606","0.1032575","124","153"
"1","10","5","30","30","125","12500000","556011","0.04448088","9","18"
"4","10","5","30","30","17","1700000","152802","0.08988352941176471","41","71"
"5","10","5","30","30","9","900000","92263","0.10251444444444445","109","150"
"1","10","5","30","30","126","12600000","558283","0.044308174603174606","9","21"
"4","10","5","30","30","18","1800000","159272","0.08848444444444445","43","71"
"5","10","5","30","30","10","1000000","101501","0.101501","98","144"
"1","10","5","30","30","127","12700000","560608","0.04414236220472441","9","19"
"4","10","5","30","30","19","1900000","165409","0.08705736842105263","41","65"
"5","10","5","30","30","11","1100000","110009","0.10000818181818182","77","107"
"1","10","5","30","30","128","12800000","562714","0.04396203125","8","14"
"4","10","5","30","30","20","2000000","171504","0.085752","32","63"
"5","10","5","30","30","12","1200000","117932","0.09827666666666666","78","116"
"1","10","5","30","30","129","12900000","564579","0.04376581395348837","8","10"
"4","10","5","30","30","21","2100000","176559","0.08407571428571428","30","54"
"5","10","5","30","30","13","1300000","125427","0.09648230769230769","68","98"
"1","10","5","30","30","130","13000000","566271","0.04355930769230769","8","18"
"4","10","5","30","30","22","2200000","181507","0.08250318181818182","33","47"
"5","10","5","30","30","14","1400000","132671","0.094765","61","88"
"1","10","5","30","30","131","13100000","568043","0.04336206106870229","8","22"
"4","10","5","30","30","23","2300000","185983","0.08086217391304348","32","54"
"1","10","5","30","30","132","13200000","570009","0.0431825","8","18"
"5","10","5","30","30","15","1500000","139726","0.09315066666666667","64","96"
"4","10","5","30","30","24","2400000","190982","0.07957583333333333","35","48"
"1","10","5","30","30","133","13300000","571649","0.042981127819548874","8","14"
"5","10","5","30","30","16","1600000","147219","0.092011875","62","102"
"4","10","5","30","30","25","2500000","196236","0.0784944","31","61"
"1","10","5","30","30","134","13400000","573524","0.042800298507462683","8","19"
"5","10","5","30","30","17","1700000","155302","0.09135411764705882","68","116"
"1","10","5","30","30","135","13500000","575618","0.04263837037037037","8","17"
"4","10","5","30","30","26","2600000","201053","0.07732807692307693","25","40"
"5","10","5","30","30","18","1800000","163006","0.09055888888888888","56","89"
"1","10","5","30","30","136","13600000","577421","0.042457426470588235","8","15"
"4","10","5","30","30","27","2700000","205862","0.07624518518518518","24","43"
"5","10","5","30","30","19","1900000","170558","0.08976736842105264","59","98"
"1","10","5","30","30","137","13700000","579455","0.04229598540145985","8","15"
"4","10","5","30","30","28","2800000","210128","0.07504571428571429","19","35"
"5","10","5","30","30","20","2000000","178570","0.089285","53","109"
"1","10","5","30","30","138","13800000","581425","0.042132246376811594","8","10"
"4","10","5","30","30","29","2900000","214159","0.07384793103448276","18","24"
"5","10","5","30","30","21","2100000","186446","0.08878380952380953","60","101"
"1","10","5","30","30","139","13900000","583379","0.041969712230215825","8","12"
"4","10","5","30","30","30","3000000","218347","0.07278233333333334","21","37"
"5","10","5","30","30","22","2200000","194159","0.08825409090909091","57","86"
"1","10","5","30","30","140","14000000","585404","0.04181457142857143","8","15"
"4","10","5","30","30","31","3100000","222810","0.0718741935483871","15","29"
"5","10","5","30","30","23","2300000","202082","0.08786173913043478","54","87"
"1","10","5","30","30","141","14100000","587527","0.04166858156028369","8","18"
"4","10","5","30","30","32","3200000","226833","0.0708853125","17","31"
"5","10","5","30","30","24","2400000","210172","0.08757166666666667","57","90"
"1","10","5","30","30","142","14200000","589482","0.04151281690140845","8","15"
"4","10","5","30","30","33","3300000","230808","0.06994181818181819","16","28"
"5","10","5","30","30","25","2500000","217843","0.0871372","60","114"
"1","10","5","30","30","143","14300000","591330","0.041351748251748255","8","17"
"4","10","5","30","30","34","3400000","234535","0.06898088235294117","17","23"
"1","10","5","30","30","144","14400000","593023","0.04118215277777778","8","13"
"5","10","5","30","30","26","2600000","225912","0.08688923076923077","62","110"
"4","10","5","30","30","35","3500000","238616","0.068176","18","29"
"1","10","5","30","30","145","14500000","594835","0.04102310344827586","8","16"
"5","10","5","30","30","27","2700000","233967","0.08665444444444445","57","101"
"4","10","5","30","30","36","3600000","242130","0.06725833333333334","14","25"
"1","10","5","30","30","146","14600000","596596","0.0408627397260274","8","16"
"5","10","5","30","30","28","2800000","241489","0.08624607142857142","50","84"
"4","10","5","30","30","37","3700000","245496","0.06635027027027027","14","25"
"1","10","5","30","30","147","14700000","598348","0.040703945578231294","8","11"
"5","10","5","30","30","29","2900000","248606","0.08572620689655172","48","77"
"4","10","5","30","30","38","3800000","249278","0.06559947368421053","15","35"
"1","10","5","30","30","148","14800000","600152","0.040550810810810814","8","16"
"5","10","5","30","30","30","3000000","255605","0.08520166666666666","53","93"
"4","10","5","30","30","39","3900000","252837","0.06483","14","27"
"1","10","5","30","30","149","14900000","602007","0.04040315436241611","8","14"
"5","10","5","30","30","31","3100000","262024","0.08452387096774193","54","88"
"4","10","5","30","30","40","4000000","256319","0.06407975","13","19"
"1","10","5","30","30","150","15000000","604017","0.0402678","8","12"
"5","10","5","30","30","32","3200000","268514","0.083910625","50","78"
"4","10","5","30","30","41","4100000","259667","0.06333341463414634","13","21"
"1","10","5","30","30","151","15100000","606240","0.04014834437086093","7","9"
"5","10","5","30","30","33","3300000","274931","0.08331242424242424","47","78"
"4","10","5","30","30","42","4200000","262860","0.06258571428571429","13","14"
"1","10","5","30","30","152","15200000","608204","0.04001342105263158","7","12"
"5","10","5","30","30","34","3400000","281264","0.08272470588235294","45","69"
"4","10","5","30","30","43","4300000","266200","0.06190697674418605","11","13"
"1","10","5","30","30","153","15300000","610199","0.039882287581699344","7","10"
"5","10","5","30","30","35","3500000","288159","0.08233114285714285","44","74"
"4","10","5","30","30","44","4400000","268861","0.06110477272727273","10","13"
"1","10","5","30","30","154","15400000","612346","0.039762727272727276","8","13"
"4","10","5","30","30","45","4500000","271112","0.06024711111111111","10","11"
"5","10","5","30","30","36","3600000","294176","0.08171555555555556","33","73"
"1","10","5","30","30","155","15500000","614179","0.039624451612903226","7","11"
"4","10","5","30","30","46","4600000","273499","0.05945630434782609","13","22"
"5","10","5","30","30","37","3700000","299757","0.0810154054054054","29","51"
"1","10","5","30","30","156","15600000","616004","0.0394874358974359","7","9"
"4","10","5","30","30","47","4700000","275947","0.05871212765957447","13","20"
"5","10","5","30","30","38","3800000","305042","0.0802742105263158","32","54"
"1","10","5","30","30","157","15700000","618138","0.039371847133757965","7","9"
"4","10","5","30","30","48","4800000","278319","0.057983125","13","17"
"5","10","5","30","30","39","3900000","310382","0.07958512820512821","39","63"
"1","10","5","30","30","158","15800000","619973","0.03923879746835443","7","14"
"4","10","5","30","30","49","4900000","280959","0.057338571428571426","13","22"
"1","10","5","30","30","159","15900000","621804","0.03910716981132076","7","9"
"5","10","5","30","30","40","4000000","316324","0.079081","38","73"
"4","10","5","30","30","50","5000000","283296","0.0566592","13","22"
"1","10","5","30","30","160","16000000","623880","0.0389925","7","9"
"5","10","5","30","30","41","4100000","321597","0.07843829268292683","40","70"
"4","10","5","30","30","51","5100000","285649","0.05600960784313726","10","18"
"1","10","5","30","30","161","16100000","625629","0.03885894409937888","7","7"
"5","10","5","30","30","42","4200000","326477","0.07773261904761905","33","53"
"4","10","5","30","30","52","5200000","288298","0.055441923076923076","11","17"
"1","10","5","30","30","162","16200000","627301","0.03872228395061728","7","9"
"5","10","5","30","30","43","4300000","331347","0.07705744186046512","32","62"
"4","10","5","30","30","53","5300000","290805","0.0548688679245283","11","16"
"1","10","5","30","30","163","16300000","628846","0.03857950920245399","7","9"
"5","10","5","30","30","44","4400000","336525","0.07648295454545455","29","56"
"4","10","5","30","30","54","5400000","293381","0.05432981481481482","12","25"
"1","10","5","30","30","164","16400000","630116","0.03842170731707317","6","11"
"5","10","5","30","30","45","4500000","341983","0.07599622222222223","28","56"
"1","10","5","30","30","165","16500000","631164","0.03825236363636363","6","8"
"4","10","5","30","30","55","5500000","296127","0.05384127272727273","12","19"
"5","10","5","30","30","46","4600000","347024","0.07544","26","60"
"1","10","5","30","30","166","16600000","632093","0.03807789156626506","6","6"
"4","10","5","30","30","56","5600000","298596","0.053320714285714284","11","14"
"5","10","5","30","30","47","4700000","351937","0.07488021276595745","28","62"
"1","10","5","30","30","167","16700000","633072","0.037908502994011974","6","7"
"4","10","5","30","30","57","5700000","300398","0.05270140350877193","10","14"
"5","10","5","30","30","48","4800000","356732","0.07431916666666667","27","68"
"1","10","5","30","30","168","16800000","634216","0.03775095238095238","6","8"
"4","10","5","30","30","58","5800000","301993","0.05206775862068966","10","15"
"5","10","5","30","30","49","4900000","362029","0.0738834693877551","25","45"
"1","10","5","30","30","169","16900000","635130","0.03758165680473373","6","6"
"4","10","5","30","30","59","5900000","303791","0.05149","10","17"
"5","10","5","30","30","50","5000000","367824","0.0735648","30","58"
"1","10","5","30","30","170","17000000","636019","0.03741288235294118","6","6"
"4","10","5","30","30","60","6000000","305549","0.050924833333333336","9","15"
"5","10","5","30","30","51","5100000","373399","0.07321549019607843","29","57"
"1","10","5","30","30","171","17100000","636964","0.0372493567251462","6","9"
"4","10","5","30","30","61","6100000","307461","0.05040344262295082","8","9"
"5","10","5","30","30","52","5200000","378525","0.07279326923076923","21","48"
"1","10","5","30","30","172","17200000","638004","0.03709325581395349","6","6"
"4","10","5","30","30","62","6200000","309433","0.049908548387096775","8","13"
"5","10","5","30","30","53","5300000","383814","0.0724177358490566","18","40"
"1","10","5","30","30","173","17300000","639134","0.036944161849710985","6","9"
"4","10","5","30","30","63","6300000","311206","0.04939777777777778","9","14"
"5","10","5","30","30","54","5400000","388756","0.07199185185185185","20","35"
"1","10","5","30","30","174","17400000","640296","0.03679862068965517","6","6"
"4","10","5","30","30","64","6400000","313037","0.04891203125","9","18"
"5","10","5","30","30","55","5500000","393740","0.07158909090909091","17","30"
"1","10","5","30","30","175","17500000","641342","0.03664811428571429","6","10"
"4","10","5","30","30","65","6500000","314808","0.048432","8","10"
"1","10","5","30","30","176","17600000","642372","0.03649840909090909","6","8"
"5","10","5","30","30","56","5600000","398266","0.07111892857142857","19","36"
"4","10","5","30","30","66","6600000","316565","0.04796439393939394","8","8"
"1","10","5","30","30","177","17700000","643468","0.03635412429378531","6","7"
"5","10","5","30","30","57","5700000","402638","0.07063824561403509","18","33"
"4","10","5","30","30","67","6700000","317728","0.047422089552238804","7","7"
"1","10","5","30","30","178","17800000","644534","0.03620977528089887","6","9"
"5","10","5","30","30","58","5800000","406693","0.07011948275862069","14","29"
"4","10","5","30","30","68","6800000","318657","0.04686132352941177","7","9"
"1","10","5","30","30","179","17900000","645523","0.0360627374301676","6","6"
"5","10","5","30","30","59","5900000","410684","0.06960745762711865","12","36"
"4","10","5","30","30","69","6900000","319560","0.04631304347826087","7","7"
"1","10","5","30","30","180","18000000","646460","0.03591444444444444","6","7"
"5","10","5","30","30","60","6000000","414557","0.06909283333333334","11","31"
"4","10","5","30","30","70","7000000","320418","0.045774","7","7"
"1","10","5","30","30","181","18100000","647446","0.03577049723756906","6","6"
"5","10","5","30","30","61","6100000","417987","0.06852245901639344","12","24"
"4","10","5","30","30","71","7100000","321300","0.045253521126760565","7","11"
"1","10","5","30","30","182","18200000","648215","0.03561620879120879","6","6"
"5","10","5","30","30","62","6200000","421587","0.06799790322580646","12","30"
"4","10","5","30","30","72","7200000","322242","0.044755833333333335","6","8"
"1","10","5","30","30","183","18300000","649066","0.03546808743169399","6","7"
"5","10","5","30","30","63","6300000","425147","0.06748365079365079","13","32"
"4","10","5","30","30","73","7300000","323120","0.04426301369863014","6","6"
"1","10","5","30","30","184","18400000","649801","0.03531527173913043","6","6"
"4","10","5","30","30","74","7400000","323741","0.04374878378378378","6","7"
"5","10","5","30","30","64","6400000","429063","0.06704109375","11","20"
"1","10","5","30","30","185","18500000","650612","0.035168216216216214","6","7"
"4","10","5","30","30","75","7500000","324339","0.0432452","6","6"
"5","10","5","30","30","65","6500000","432573","0.06654969230769231","13","19"
"1","10","5","30","30","186","18600000","651334","0.03501795698924731","6","7"
"4","10","5","30","30","76","7600000","324868","0.04274578947368421","6","6"
"5","10","5","30","30","66","6600000","436378","0.06611787878787878","13","24"
"1","10","5","30","30","187","18700000","652004","0.03486652406417112","6","7"
"4","10","5","30","30","77","7700000","325353","0.04225363636363636","6","6"
"5","10","5","30","30","67","6700000","440383","0.06572880597014925","13","30"
"1","10","5","30","30","188","18800000","652770","0.034721808510638295","6","8"
"4","10","5","30","30","78","7800000","325828","0.04177282051282051","6","7"
"5","10","5","30","30","68","6800000","444442","0.06535911764705882","14","38"
"1","10","5","30","30","189","18900000","653456","0.034574391534391534","6","7"
"4","10","5","30","30","79","7900000","326299","0.04130367088607595","6","8"
"5","10","5","30","30","69","6900000","447939","0.06491869565217391","12","23"
"1","10","5","30","30","190","19000000","654143","0.03442857894736842","6","8"
"4","10","5","30","30","80","8000000","326752","0.040844","6","6"
"5","10","5","30","30","70","7000000","450877","0.064411","11","22"
"1","10","5","30","30","191","19100000","655092","0.03429801047120419","6","7"
"4","10","5","30","30","81","8100000","327126","0.04038592592592593","6","6"
"5","10","5","30","30","71","7100000","453877","0.06392633802816901","12","22"
"1","10","5","30","30","192","19200000","655962","0.0341646875","6","9"
"4","10","5","30","30","82","8200000","327517","0.03994109756097561","6","6"
"5","10","5","30","30","72","7200000","457345","0.06352013888888888","10","20"
"1","10","5","30","30","193","19300000","656670","0.034024352331606215","6","6"
"4","10","5","30","30","83","8300000","327979","0.0395155421686747","6","7"
"5","10","5","30","30","73","7300000","460592","0.06309479452054795","12","25"
"1","10","5","30","30","194","19400000","657392","0.033886185567010306","6","8"
"4","10","5","30","30","84","8400000","328375","0.03909226190476191","6","6"
"5","10","5","30","30","74","7400000","463555","0.06264256756756757","11","14"
"1","10","5","30","30","195","19500000","657935","0.03374025641025641","6","8"
"4","10","5","30","30","85","8500000","328748","0.03867623529411765","6","6"
"5","10","5","30","30","75","7500000","466577","0.062210266666666666","9","20"
"1","10","5","30","30","196","19600000","658419","0.03359280612244898","6","8"
"4","10","5","30","30","86","8600000","328945","0.03824941860465116","6","6"
"5","10","5","30","30","76","7600000","469644","0.061795263157894735","10","26"
"1","10","5","30","30","197","19700000","659016","0.03345258883248731","6","8"
"4","10","5","30","30","87","8700000","328991","0.03781505747126437","5","5"
"6","10","5","30","30","0","0","0","0","891","900"
"1","10","5","30","30","198","19800000","659564","0.03331131313131313","6","7"
"5","10","5","30","30","77","7700000","472629","0.06138038961038961","9","25"
"6","10","5","30","30","1","100000","7959","0.07959","436","456"
"1","10","5","30","30","199","19900000","660114","0.033171557788944726","6","7"
"5","10","5","30","30","78","7800000","475633","0.060978589743589745","10","20"
"6","10","5","30","30","2","200000","17748","0.08874","305","341"
"1","10","5","30","30","200","20000000","660631","0.03303155","6","8"
"5","10","5","30","30","79","7900000","478109","0.06052012658227848","10","17"
"1","10","5","30","30","201","20100000","661292","0.03290009950248756","6","6"
"6","10","5","30","30","3","300000","28756","0.09585333333333333","250","294"
"5","10","5","30","30","80","8000000","480737","0.060092125","9","19"
"1","10","5","30","30","202","20200000","661928","0.03276871287128713","6","6"
"6","10","5","30","30","4","400000","39406","0.098515","202","242"
"5","10","5","30","30","81","8100000","482909","0.0596183950617284","7","15"
"1","10","5","30","30","203","20300000","662554","0.03263812807881773","6","7"
"5","10","5","30","30","82","8200000","484727","0.05911304878048781","7","9"
"6","10","5","30","30","5","500000","49806","0.099612","193","241"
"1","10","5","30","30","204","20400000","662841","0.032492205882352944","6","6"
"5","10","5","30","30","83","8300000","485857","0.05853698795180723","6","8"
"6","10","5","30","30","6","600000","59921","0.09986833333333334","156","202"
"1","10","5","30","30","205","20500000","663026","0.03234273170731707","5","5"
"7","10","5","30","30","0","0","0","0","897","900"
"5","10","5","30","30","84","8400000","486953","0.05797059523809524","6","13"
"6","10","5","30","30","7","700000","69506","0.09929428571428571","144","190"
"7","10","5","30","30","1","100000","8293","0.08293","472","502"
"5","10","5","30","30","85","8500000","487840","0.05739294117647059","6","7"
"6","10","5","30","30","8","800000","77895","0.09736875","103","133"
"5","10","5","30","30","86","8600000","488649","0.056819651162790696","5","5"
"7","10","5","30","30","2","200000","18995","0.094975","329","369"
"6","10","5","30","30","9","900000","85419","0.09491","83","114"
"5","10","5","30","30","87","8700000","489220","0.05623218390804598","4","4"
"7","10","5","30","30","3","300000","30086","0.10028666666666666","255","309"
"6","10","5","30","30","10","1000000","92427","0.092427","72","99"
"5","10","5","30","30","88","8800000","489482","0.055622954545454545","4","4"
"7","10","5","30","30","4","400000","41695","0.1042375","219","263"
"6","10","5","30","30","11","1100000","99191","0.09017363636363636","68","105"
"5","10","5","30","30","89","8900000","489644","0.0550161797752809","4","4"
"7","10","5","30","30","5","500000","53610","0.10722","178","222"
"5","10","5","30","30","90","9000000","489720","0.054413333333333334","3","3"
"8","10","5","30","30","0","0","0","0","897","900"
"6","10","5","30","30","12","1200000","105054","0.087545","57","79"
"7","10","5","30","30","6","600000","64062","0.10677","151","200"
"8","10","5","30","30","1","100000","8640","0.0864","436","452"
"6","10","5","30","30","13","1300000","110797","0.08522846153846154","63","93"
"7","10","5","30","30","7","700000","74136","0.10590857142857144","127","184"
"6","10","5","30","30","14","1400000","116678","0.08334142857142857","65","98"
"8","10","5","30","30","2","200000","19484","0.09742","299","341"
"7","10","5","30","30","8","800000","85466","0.1068325","133","207"
"6","10","5","30","30","15","1500000","122602","0.08173466666666666","59","91"
"8","10","5","30","30","3","300000","30370","0.10123333333333333","241","291"
"6","10","5","30","30","16","1600000","128745","0.080465625","59","88"
"7","10","5","30","30","9","900000","95560","0.10617777777777777","113","178"
"8","10","5","30","30","4","400000","41653","0.1041325","205","246"
"6","10","5","30","30","17","1700000","134863","0.07933117647058824","51","81"
"7","10","5","30","30","10","1000000","104922","0.104922","95","140"
"8","10","5","30","30","5","500000","53330","0.10666","192","257"
"6","10","5","30","30","18","1800000","141170","0.07842777777777778","49","91"
"7","10","5","30","30","11","1100000","113456","0.10314181818181818","75","113"
"8","10","5","30","30","6","600000","64569","0.107615","165","224"
"6","10","5","30","30","19","1900000","146715","0.07721842105263158","38","64"
"7","10","5","30","30","12","1200000","121384","0.10115333333333333","59","102"
"8","10","5","30","30","7","700000","75137","0.10733857142857142","155","202"
"6","10","5","30","30","20","2000000","151518","0.075759","39","54"
"7","10","5","30","30","13","1300000","128913","0.09916384615384616","50","94"
"8","10","5","30","30","8","800000","85356","0.106695","131","185"
"6","10","5","30","30","21","2100000","156411","0.07448142857142857","43","71"
"7","10","5","30","30","14","1400000","136024","0.09716","48","76"
"8","10","5","30","30","9","900000","94668","0.10518666666666666","99","135"
"6","10","5","30","30","22","2200000","160802","0.07309181818181819","36","50"
"7","10","5","30","30","15","1500000","142950","0.0953","41","71"
"8","10","5","30","30","10","1000000","102841","0.102841","76","106"
"6","10","5","30","30","23","2300000","165365","0.07189782608695652","38","58"
"7","10","5","30","30","16","1600000","149383","0.093364375","38","66"
"8","10","5","30","30","11","1100000","111236","0.10112363636363636","91","132"
"6","10","5","30","30","24","2400000","169895","0.07078958333333334","37","63"
"7","10","5","30","30","17","1700000","155578","0.0915164705882353","28","59"
"8","10","5","30","30","12","1200000","120278","0.10023166666666666","94","148"
"6","10","5","30","30","25","2500000","174375","0.06975","34","55"
"7","10","5","30","30","18","1800000","161328","0.08962666666666666","27","48"
"8","10","5","30","30","13","1300000","128702","0.09900153846153846","88","127"
"6","10","5","30","30","26","2600000","178937","0.06882192307692307","33","51"
"7","10","5","30","30","19","1900000","166413","0.08758578947368421","23","40"
"8","10","5","30","30","14","1400000","137727","0.09837642857142857","89","124"
"6","10","5","30","30","27","2700000","183430","0.06793703703703703","33","50"
"7","10","5","30","30","20","2000000","171706","0.085853","23","39"
"8","10","5","30","30","15","1500000","146194","0.09746266666666667","74","125"
"6","10","5","30","30","28","2800000","188238","0.06722785714285714","27","49"
"7","10","5","30","30","21","2100000","177189","0.08437571428571429","23","41"
"8","10","5","30","30","16","1600000","153613","0.096008125","76","100"
"6","10","5","30","30","29","2900000","192947","0.06653344827586206","33","53"
"7","10","5","30","30","22","2200000","182850","0.08311363636363636","20","38"
"8","10","5","30","30","17","1700000","160839","0.09461117647058824","71","97"
"6","10","5","30","30","30","3000000","197529","0.065843","28","42"
"7","10","5","30","30","23","2300000","187895","0.08169347826086956","18","34"
"8","10","5","30","30","18","1800000","167724","0.09318","65","103"
"6","10","5","30","30","31","3100000","201843","0.06511064516129032","26","40"
"7","10","5","30","30","24","2400000","192186","0.0800775","14","30"
"8","10","5","30","30","19","1900000","174187","0.09167736842105263","61","98"
"6","10","5","30","30","32","3200000","205728","0.06429","26","37"
"7","10","5","30","30","25","2500000","196281","0.0785124","14","28"
"8","10","5","30","30","20","2000000","180974","0.090487","54","90"
"6","10","5","30","30","33","3300000","209503","0.06348575757575757","25","40"
"7","10","5","30","30","26","2600000","200244","0.07701692307692308","14","29"
"8","10","5","30","30","21","2100000","187536","0.08930285714285714","46","71"
"6","10","5","30","30","34","3400000","213042","0.06265941176470588","25","38"
"7","10","5","30","30","27","2700000","204272","0.07565629629629629","16","30"
"8","10","5","30","30","22","2200000","193970","0.08816818181818181","57","85"
"6","10","5","30","30","35","3500000","215995","0.061712857142857146","24","34"
"7","10","5","30","30","28","2800000","207813","0.07421892857142857","15","28"
"8","10","5","30","30","23","2300000","200879","0.08733869565217392","58","94"
"6","10","5","30","30","36","3600000","218889","0.0608025","21","33"
"7","10","5","30","30","29","2900000","211543","0.07294586206896551","13","26"
"8","10","5","30","30","24","2400000","207649","0.08652041666666667","52","93"
"6","10","5","30","30","37","3700000","221289","0.059807837837837836","20","24"
"7","10","5","30","30","30","3000000","215004","0.071668","10","20"
"8","10","5","30","30","25","2500000","213970","0.085588","50","89"
"6","10","5","30","30","38","3800000","223611","0.058845","20","29"
"7","10","5","30","30","31","3100000","218377","0.0704441935483871","11","24"
"6","10","5","30","30","39","3900000","225740","0.05788205128205128","19","23"
"8","10","5","30","30","26","2600000","220044","0.08463230769230769","46","76"
"7","10","5","30","30","32","3200000","221911","0.0693471875","10","22"
"6","10","5","30","30","40","4000000","228008","0.057002","18","28"
"8","10","5","30","30","27","2700000","225943","0.08368259259259259","42","70"
"7","10","5","30","30","33","3300000","224815","0.06812575757575758","9","18"
"6","10","5","30","30","41","4100000","230525","0.05622560975609756","21","33"
"8","10","5","30","30","28","2800000","231805","0.0827875","47","80"
"7","10","5","30","30","34","3400000","227361","0.06687088235294118","8","14"
"6","10","5","30","30","42","4200000","232648","0.05539238095238095","20","32"
"8","10","5","30","30","29","2900000","238070","0.08209310344827586","43","75"
"7","10","5","30","30","35","3500000","229716","0.06563314285714286","7","15"
"6","10","5","30","30","43","4300000","235072","0.05466790697674419","20","30"
"8","10","5","30","30","30","3000000","244072","0.08135733333333334","40","68"
"7","10","5","30","30","36","3600000","232103","0.06447305555555556","7","14"
"6","10","5","30","30","44","4400000","237370","0.05394772727272727","20","32"
"8","10","5","30","30","31","3100000","250490","0.0808032258064516","39","68"
"7","10","5","30","30","37","3700000","234177","0.06329108108108109","6","7"
"6","10","5","30","30","45","4500000","239301","0.053178","17","22"
"8","10","5","30","30","32","3200000","256791","0.0802471875","42","76"
"6","10","5","30","30","46","4600000","241032","0.05239826086956522","16","21"
"7","10","5","30","30","38","3800000","236157","0.06214657894736842","6","6"
"8","10","5","30","30","33","3300000","263114","0.07973151515151515","37","58"
"6","10","5","30","30","47","4700000","242745","0.05164787234042553","18","26"
"7","10","5","30","30","39","3900000","238270","0.061094871794871795","6","7"
"8","10","5","30","30","34","3400000","269281","0.07920029411764706","37","60"
"6","10","5","30","30","48","4800000","244471","0.05093145833333333","17","21"
"7","10","5","30","30","40","4000000","240157","0.06003925","6","7"
"8","10","5","30","30","35","3500000","276119","0.07889114285714285","37","70"
"6","10","5","30","30","49","4900000","246231","0.050251224489795916","16","18"
"7","10","5","30","30","41","4100000","242191","0.0590709756097561","6","8"
"8","10","5","30","30","36","3600000","282676","0.07852111111111111","31","48"
"6","10","5","30","30","50","5000000","247915","0.049583","16","22"
"7","10","5","30","30","42","4200000","244140","0.058128571428571425","5","8"
"8","10","5","30","30","37","3700000","288782","0.07804918918918918","32","67"
"6","10","5","30","30","51","5100000","249443","0.04891039215686274","18","20"
"7","10","5","30","30","43","4300000","245948","0.05719720930232558","5","8"
"8","10","5","30","30","38","3800000","294453","0.07748763157894736","28","53"
"6","10","5","30","30","52","5200000","251039","0.048276730769230766","19","23"
"7","10","5","30","30","44","4400000","247626","0.056278636363636364","5","8"
"8","10","5","30","30","39","3900000","300383","0.07702128205128204","38","74"
"6","10","5","30","30","53","5300000","252674","0.04767433962264151","17","26"
"7","10","5","30","30","45","4500000","249563","0.05545844444444444","5","6"
"8","10","5","30","30","40","4000000","306181","0.07654525","28","66"
"6","10","5","30","30","54","5400000","254210","0.047075925925925924","19","25"
"7","10","5","30","30","46","4600000","251543","0.054683260869565216","5","6"
"8","10","5","30","30","41","4100000","312323","0.07617634146341463","29","54"
"6","10","5","30","30","55","5500000","255624","0.04647709090909091","18","23"
"7","10","5","30","30","47","4700000","253378","0.05391021276595745","5","8"
"8","10","5","30","30","42","4200000","317639","0.07562833333333334","28","53"
"6","10","5","30","30","56","5600000","257065","0.045904464285714285","16","22"
"7","10","5","30","30","48","4800000","255515","0.05323229166666667","5","8"
"8","10","5","30","30","43","4300000","322341","0.07496302325581396","28","46"
"6","10","5","30","30","57","5700000","258757","0.0453959649122807","16","20"
"7","10","5","30","30","49","4900000","257841","0.05262061224489796","5","6"
"6","10","5","30","30","58","5800000","260126","0.044849310344827586","15","26"
"8","10","5","30","30","44","4400000","327102","0.07434136363636364","21","34"
"7","10","5","30","30","50","5000000","259915","0.051983","5","11"
"6","10","5","30","30","59","5900000","261446","0.044312881355932206","13","15"
"8","10","5","30","30","45","4500000","331042","0.07356488888888889","18","34"
"7","10","5","30","30","51","5100000","261954","0.051363529411764704","5","5"
"6","10","5","30","30","60","6000000","262273","0.04371216666666667","13","15"
"8","10","5","30","30","46","4600000","334473","0.07271152173913044","18","30"
"7","10","5","30","30","52","5200000","264046","0.050778076923076926","6","14"
"6","10","5","30","30","61","6100000","263198","0.0431472131147541","13","15"
"8","10","5","30","30","47","4700000","338190","0.07195531914893617","14","25"
"7","10","5","30","30","53","5300000","266030","0.05019433962264151","6","12"
"6","10","5","30","30","62","6200000","264003","0.04258112903225807","12","13"
"8","10","5","30","30","48","4800000","341595","0.071165625","14","24"
"7","10","5","30","30","54","5400000","268033","0.049635740740740744","6","16"
"6","10","5","30","30","63","6300000","264678","0.042012380952380954","11","11"
"8","10","5","30","30","49","4900000","345041","0.0704165306122449","13","20"
"7","10","5","30","30","55","5500000","270071","0.04910381818181818","6","10"
"6","10","5","30","30","64","6400000","265330","0.0414578125","11","11"
"8","10","5","30","30","50","5000000","347843","0.0695686","12","21"
"7","10","5","30","30","56","5600000","272195","0.04860625","5","6"
"6","10","5","30","30","65","6500000","265975","0.04091923076923077","11","12"
"8","10","5","30","30","51","5100000","350418","0.06870941176470588","12","14"
"7","10","5","30","30","57","5700000","274117","0.04809070175438596","5","12"
"6","10","5","30","30","66","6600000","266563","0.04038833333333333","11","12"
"8","10","5","30","30","52","5200000","352577","0.06780326923076924","12","20"
"7","10","5","30","30","58","5800000","276232","0.047626206896551726","6","21"
"6","10","5","30","30","67","6700000","267225","0.03988432835820895","11","12"
"8","10","5","30","30","53","5300000","354651","0.06691528301886793","10","15"
"7","10","5","30","30","59","5900000","278381","0.04718322033898305","6","18"
"6","10","5","30","30","68","6800000","267820","0.03938529411764706","11","13"
"8","10","5","30","30","54","5400000","356438","0.06600703703703703","8","14"
"7","10","5","30","30","60","6000000","280154","0.046692333333333336","6","15"
"6","10","5","30","30","69","6900000","268319","0.038886811594202896","11","12"
"8","10","5","30","30","55","5500000","357833","0.06506054545454545","8","11"
"7","10","5","30","30","61","6100000","281879","0.04620967213114754","6","14"
"6","10","5","30","30","70","7000000","268873","0.038410428571428575","11","13"
"8","10","5","30","30","56","5600000","359422","0.0641825","8","14"
"7","10","5","30","30","62","6200000","283556","0.04573483870967742","6","12"
"6","10","5","30","30","71","7100000","269553","0.03796521126760563","11","11"
"8","10","5","30","30","57","5700000","360825","0.06330263157894737","7","7"
"7","10","5","30","30","63","6300000","285320","0.045288888888888885","6","19"
"6","10","5","30","30","72","7200000","270038","0.037505277777777776","11","11"
"8","10","5","30","30","58","5800000","362202","0.06244862068965517","7","10"
"7","10","5","30","30","64","6400000","287163","0.04486921875","6","15"
"6","10","5","30","30","73","7300000","270484","0.03705260273972603","11","11"
"8","10","5","30","30","59","5900000","363577","0.06162322033898305","7","7"
"7","10","5","30","30","65","6500000","288797","0.04443030769230769","6","14"
"6","10","5","30","30","74","7400000","270907","0.036609054054054055","11","11"
"8","10","5","30","30","60","6000000","364889","0.06081483333333333","7","8"
"7","10","5","30","30","66","6600000","290344","0.04399151515151515","6","11"
"6","10","5","30","30","75","7500000","271416","0.0361888","11","13"
"8","10","5","30","30","61","6100000","365876","0.05997967213114754","6","7"
"7","10","5","30","30","67","6700000","292006","0.043582985074626865","6","17"
"6","10","5","30","30","76","7600000","271958","0.035783947368421054","11","14"
"8","10","5","30","30","62","6200000","366876","0.05917354838709677","6","7"
"6","10","5","30","30","77","7700000","272471","0.03538584415584416","11","11"
"7","10","5","30","30","68","6800000","293842","0.04321205882352941","6","23"
"8","10","5","30","30","63","6300000","367848","0.05838857142857143","6","7"
"6","10","5","30","30","78","7800000","273118","0.035015128205128206","11","11"
"7","10","5","30","30","69","6900000","295766","0.04286463768115942","6","18"
"8","10","5","30","30","64","6400000","368812","0.057626875","6","6"
"6","10","5","30","30","79","7900000","273691","0.034644430379746835","11","11"
"7","10","5","30","30","70","7000000","297567","0.04250957142857143","6","14"
"8","10","5","30","30","65","6500000","369704","0.05687753846153846","6","8"
"6","10","5","30","30","80","8000000","274308","0.0342885","11","12"
"7","10","5","30","30","71","7100000","299507","0.04218408450704225","6","14"
"8","10","5","30","30","66","6600000","370649","0.05615893939393939","6","6"
"6","10","5","30","30","81","8100000","275024","0.03395358024691358","11","13"
"7","10","5","30","30","72","7200000","301563","0.04188375","6","16"
"8","10","5","30","30","67","6700000","371864","0.05550208955223881","6","9"
"6","10","5","30","30","82","8200000","275743","0.03362719512195122","11","11"
"7","10","5","30","30","73","7300000","303652","0.041596164383561646","6","14"
"8","10","5","30","30","68","6800000","373262","0.05489147058823529","6","9"
"6","10","5","30","30","83","8300000","276564","0.03332096385542169","11","11"
"7","10","5","30","30","74","7400000","305712","0.04131243243243243","6","13"
"8","10","5","30","30","69","6900000","374389","0.05425927536231884","6","6"
"6","10","5","30","30","84","8400000","277350","0.03301785714285714","11","11"
"8","10","5","30","30","70","7000000","375406","0.05362942857142857","6","7"
"7","10","5","30","30","75","7500000","307805","0.04104066666666667","6","10"
"6","10","5","30","30","85","8500000","277956","0.032700705882352944","11","11"
"8","10","5","30","30","71","7100000","376512","0.053029859154929575","6","7"
"7","10","5","30","30","76","7600000","309735","0.0407546052631579","6","12"
"6","10","5","30","30","86","8600000","278338","0.03236488372093023","11","12"
"8","10","5","30","30","72","7200000","377550","0.0524375","6","7"
"7","10","5","30","30","77","7700000","311672","0.04047688311688312","6","8"
"6","10","5","30","30","87","8700000","278762","0.0320416091954023","11","11"
"8","10","5","30","30","73","7300000","378686","0.05187479452054795","6","7"
"7","10","5","30","30","78","7800000","313628","0.04020871794871795","6","12"
"6","10","5","30","30","88","8800000","279123","0.03171852272727273","11","11"
"8","10","5","30","30","74","7400000","379664","0.051305945945945945","6","7"
"7","10","5","30","30","79","7900000","315420","0.03992658227848101","6","13"
"6","10","5","30","30","89","8900000","279466","0.03140067415730337","11","11"
"8","10","5","30","30","75","7500000","380490","0.050732","6","6"
"7","10","5","30","30","80","8000000","317136","0.039642","6","15"
"6","10","5","30","30","90","9000000","279884","0.03109822222222222","11","11"
"8","10","5","30","30","76","7600000","381405","0.05018486842105263","6","7"
"7","10","5","30","30","81","8100000","318733","0.039349753086419754","6","11"
"6","10","5","30","30","91","9100000","280353","0.030808021978021977","11","11"
"8","10","5","30","30","77","7700000","382438","0.04966727272727273","6","6"
"7","10","5","30","30","82","8200000","320645","0.03910304878048781","6","12"
"6","10","5","30","30","92","9200000","280576","0.030497391304347827","11","11"
"8","10","5","30","30","78","7800000","383482","0.049164358974358974","6","7"
"7","10","5","30","30","83","8300000","322672","0.03887614457831325","6","13"
"6","10","5","30","30","93","9300000","281014","0.030216559139784945","11","12"
"8","10","5","30","30","79","7900000","384524","0.04867392405063291","6","6"
"7","10","5","30","30","84","8400000","324701","0.038654880952380954","6","20"
"6","10","5","30","30","94","9400000","281595","0.029956914893617022","11","13"
"8","10","5","30","30","80","8000000","385632","0.048204","6","7"
"7","10","5","30","30","85","8500000","326583","0.03842152941176471","6","16"
"6","10","5","30","30","95","9500000","282483","0.029735052631578947","11","13"
"8","10","5","30","30","81","8100000","386777","0.04775024691358025","6","7"
"7","10","5","30","30","86","8600000","328411","0.03818732558139535","6","13"
"6","10","5","30","30","96","9600000","283138","0.029493541666666668","11","11"
"8","10","5","30","30","82","8200000","387989","0.04731573170731707","6","8"
"7","10","5","30","30","87","8700000","330372","0.037973793103448276","6","8"
"6","10","5","30","30","97","9700000","283472","0.029223917525773194","11","11"
"8","10","5","30","30","83","8300000","389002","0.046867710843373496","6","6"
"7","10","5","30","30","88","8800000","332106","0.03773931818181818","6","11"
"6","10","5","30","30","98","9800000","283748","0.02895387755102041","11","11"
"8","10","5","30","30","84","8400000","390170","0.046448809523809524","6","6"
"7","10","5","30","30","89","8900000","334057","0.03753449438202247","6","10"
"6","10","5","30","30","99","9900000","283890","0.028675757575757577","10","10"
"9","10","5","30","30","0","0","0","0","899","900"
"8","10","5","30","30","85","8500000","391173","0.04602035294117647","6","8"
"7","10","5","30","30","90","9000000","335901","0.03732233333333333","6","10"
"9","10","5","30","30","1","100000","8104","0.08104","431","455"
"8","10","5","30","30","86","8600000","392344","0.04562139534883721","6","6"
"7","10","5","30","30","91","9100000","337812","0.037122197802197804","5","6"
"8","10","5","30","30","87","8700000","393314","0.04520850574712644","6","9"
"9","10","5","30","30","2","200000","18113","0.090565","307","349"
"7","10","5","30","30","92","9200000","339682","0.03692195652173913","5","7"
"8","10","5","30","30","88","8800000","394227","0.04479852272727273","6","6"
"9","10","5","30","30","3","300000","28376","0.09458666666666667","244","278"
"7","10","5","30","30","93","9300000","341540","0.0367247311827957","6","14"
"8","10","5","30","30","89","8900000","395271","0.04441247191011236","6","6"
"9","10","5","30","30","4","400000","38538","0.096345","210","258"
"7","10","5","30","30","94","9400000","343366","0.03652829787234042","6","18"
"8","10","5","30","30","90","9000000","396326","0.04403622222222222","6","7"
"9","10","5","30","30","5","500000","49452","0.098904","184","228"
"7","10","5","30","30","95","9500000","345389","0.03635673684210526","6","16"
"8","10","5","30","30","91","9100000","397354","0.043665274725274726","6","6"
"9","10","5","30","30","6","600000","60502","0.10083666666666667","163","228"
"7","10","5","30","30","96","9600000","347347","0.03618197916666667","6","11"
"8","10","5","30","30","92","9200000","398331","0.043296847826086955","6","7"
"9","10","5","30","30","7","700000","70672","0.10096","120","165"
"8","10","5","30","30","93","9300000","399283","0.04293365591397849","6","7"
"7","10","5","30","30","97","9700000","349182","0.035998144329896904","6","10"
"9","10","5","30","30","8","800000","80613","0.10076625","109","161"
"8","10","5","30","30","94","9400000","400264","0.042581276595744684","6","7"
"7","10","5","30","30","98","9800000","351215","0.03583826530612245","5","7"
"8","10","5","30","30","95","9500000","401278","0.04223978947368421","6","7"
"9","10","5","30","30","9","900000","89630","0.0995888888888889","91","127"
"7","10","5","30","30","99","9900000","352986","0.035655151515151515","6","9"
"8","10","5","30","30","96","9600000","402332","0.04190958333333333","6","7"
"9","10","5","30","30","10","1000000","98315","0.098315","77","124"
"7","10","5","30","30","100","10000000","354712","0.0354712","5","6"
"8","10","5","30","30","97","9700000","403472","0.04159505154639175","6","9"
"7","10","5","30","30","101","10100000","356174","0.035264752475247525","5","6"
"9","10","5","30","30","11","1100000","106353","0.09668454545454545","64","96"
"8","10","5","30","30","98","9800000","404757","0.04130173469387755","6","7"
"7","10","5","30","30","102","10200000","357505","0.03504950980392157","5","8"
"9","10","5","30","30","12","1200000","113858","0.09488166666666667","52","80"
"8","10","5","30","30","99","9900000","405956","0.041005656565656565","6","6"
"7","10","5","30","30","103","10300000","358818","0.034836699029126214","5","6"
"9","10","5","30","30","13","1300000","120798","0.09292153846153846","51","83"
"8","10","5","30","30","100","10000000","406991","0.0406991","6","6"
"7","10","5","30","30","104","10400000","360256","0.03464","5","7"
"9","10","5","30","30","14","1400000","127610","0.09115","52","87"
"8","10","5","30","30","101","10100000","408081","0.04040405940594059","6","9"
"7","10","5","30","30","105","10500000","361420","0.03442095238095238","4","7"
"9","10","5","30","30","15","1500000","134680","0.08978666666666667","42","72"
"8","10","5","30","30","102","10200000","409156","0.040113333333333334","6","8"
"7","10","5","30","30","106","10600000","362294","0.03417867924528302","4","4"
"9","10","5","30","30","16","1600000","141356","0.0883475","47","66"
"8","10","5","30","30","103","10300000","410209","0.03982611650485437","6","7"
"7","10","5","30","30","107","10700000","363266","0.033950093457943926","4","6"
"9","10","5","30","30","17","1700000","147804","0.08694352941176471","47","84"
"8","10","5","30","30","104","10400000","411296","0.039547692307692305","6","7"
"7","10","5","30","30","108","10800000","364341","0.03373527777777778","4","6"
"8","10","5","30","30","105","10500000","412346","0.03927104761904762","6","7"
"9","10","5","30","30","18","1800000","153851","0.08547277777777777","45","71"
"7","10","5","30","30","109","10900000","365178","0.03350256880733945","4","6"
"8","10","5","30","30","106","10600000","413281","0.03898877358490566","6","6"
"9","10","5","30","30","19","1900000","160030","0.08422631578947369","41","73"
"7","10","5","30","30","110","11000000","366181","0.033289181818181815","4","7"
"8","10","5","30","30","107","10700000","414186","0.03870897196261682","6","6"
"9","10","5","30","30","20","2000000","165936","0.082968","39","73"
"7","10","5","30","30","111","11100000","367219","0.03308279279279279","4","5"
"8","10","5","30","30","108","10800000","415224","0.038446666666666664","6","6"
"9","10","5","30","30","21","2100000","171488","0.08166095238095238","43","64"
"7","10","5","30","30","112","11200000","368086","0.03286482142857143","4","4"
"8","10","5","30","30","109","10900000","416079","0.03817238532110092","6","7"
"9","10","5","30","30","22","2200000","177223","0.0805559090909091","37","62"
"7","10","5","30","30","113","11300000","369214","0.032673805309734516","4","5"
"8","10","5","30","30","110","11000000","416877","0.03789790909090909","6","7"
"9","10","5","30","30","23","2300000","182518","0.07935565217391305","37","53"
"7","10","5","30","30","114","11400000","370220","0.03247543859649123","4","6"
"8","10","5","30","30","111","11100000","417814","0.0376409009009009","6","8"
"7","10","5","30","30","115","11500000","371315","0.03228826086956522","4","6"
"9","10","5","30","30","24","2400000","187389","0.07807875","31","60"
"8","10","5","30","30","112","11200000","418650","0.03737946428571429","6","8"
"7","10","5","30","30","116","11600000","372270","0.03209224137931035","4","5"
"9","10","5","30","30","25","2500000","192337","0.0769348","27","48"
"8","10","5","30","30","113","11300000","419458","0.037120176991150444","6","6"
"7","10","5","30","30","117","11700000","373241","0.031900940170940174","4","5"
"9","10","5","30","30","26","2600000","197072","0.07579692307692308","32","54"
"8","10","5","30","30","114","11400000","420156","0.03685578947368421","6","7"
"7","10","5","30","30","118","11800000","374464","0.03173423728813559","4","7"
"9","10","5","30","30","27","2700000","201656","0.07468740740740741","31","53"
"8","10","5","30","30","115","11500000","420889","0.036599043478260866","6","6"
"7","10","5","30","30","119","11900000","375668","0.03156873949579832","4","4"
"9","10","5","30","30","28","2800000","206113","0.07361178571428571","33","57"
"8","10","5","30","30","116","11600000","421600","0.0363448275862069","6","8"
"7","10","5","30","30","120","12000000","376577","0.03138141666666667","4","4"
"8","10","5","30","30","117","11700000","422408","0.03610324786324786","6","7"
"9","10","5","30","30","29","2900000","210766","0.07267793103448277","29","50"
"7","10","5","30","30","121","12100000","377449","0.031194132231404957","4","7"
"8","10","5","30","30","118","11800000","423341","0.03587635593220339","6","7"
"9","10","5","30","30","30","3000000","215200","0.07173333333333333","32","45"
"7","10","5","30","30","122","12200000","378515","0.03102581967213115","4","7"
"8","10","5","30","30","119","11900000","424214","0.03564823529411765","6","9"
"9","10","5","30","30","31","3100000","219738","0.07088322580645161","33","46"
"7","10","5","30","30","123","12300000","379549","0.030857642276422764","4","6"
"8","10","5","30","30","120","12000000","424994","0.035416166666666665","6","6"
"9","10","5","30","30","32","3200000","224222","0.070069375","35","54"
"7","10","5","30","30","124","12400000","380564","0.030690645161290324","4","4"
"8","10","5","30","30","121","12100000","425765","0.03518719008264463","6","6"
"9","10","5","30","30","33","3300000","228684","0.06929818181818181","32","52"
"8","10","5","30","30","122","12200000","426501","0.034959098360655735","6","6"
"7","10","5","30","30","125","12500000","381437","0.03051496","4","4"
"9","10","5","30","30","34","3400000","232834","0.06848058823529411","26","46"
"8","10","5","30","30","123","12300000","427331","0.034742357723577234","6","9"
"7","10","5","30","30","126","12600000","382502","0.03035730158730159","4","6"
"9","10","5","30","30","35","3500000","237049","0.06772828571428571","25","42"
"8","10","5","30","30","124","12400000","428253","0.034536532258064516","6","7"
"7","10","5","30","30","127","12700000","383353","0.030185275590551182","4","4"
"9","10","5","30","30","36","3600000","241224","0.06700666666666667","25","40"
"8","10","5","30","30","125","12500000","429053","0.03432424","6","8"
"7","10","5","30","30","128","12800000","384281","0.030021953125","4","4"
"9","10","5","30","30","37","3700000","244891","0.06618675675675675","24","40"
"8","10","5","30","30","126","12600000","429795","0.034110714285714286","6","6"
"7","10","5","30","30","129","12900000","385104","0.029853023255813953","4","4"
"9","10","5","30","30","38","3800000","249040","0.06553684210526316","25","48"
"8","10","5","30","30","127","12700000","430443","0.03389314960629921","6","6"
"7","10","5","30","30","130","13000000","385984","0.029691076923076924","4","5"
"9","10","5","30","30","39","3900000","253169","0.06491512820512821","24","41"
"8","10","5","30","30","128","12800000","431220","0.0336890625","6","7"
"7","10","5","30","30","131","13100000","387012","0.02954290076335878","4","6"
"9","10","5","30","30","40","4000000","257126","0.0642815","24","41"
"8","10","5","30","30","129","12900000","432043","0.03349170542635659","6","6"
"7","10","5","30","30","132","13200000","387925","0.029388257575757575","4","4"
"9","10","5","30","30","41","4100000","261194","0.06370585365853658","22","39"
"8","10","5","30","30","130","13000000","432765","0.03328961538461538","6","8"
"7","10","5","30","30","133","13300000","389021","0.0292496992481203","4","6"
"8","10","5","30","30","131","13100000","433494","0.033091145038167936","6","8"
"9","10","5","30","30","42","4200000","265328","0.06317333333333333","25","50"
"7","10","5","30","30","134","13400000","390132","0.029114328358208954","4","5"
"8","10","5","30","30","132","13200000","434192","0.03289333333333333","6","6"
"9","10","5","30","30","43","4300000","269422","0.06265627906976744","24","45"
"7","10","5","30","30","135","13500000","390956","0.028959703703703703","4","5"
"8","10","5","30","30","133","13300000","434966","0.03270421052631579","6","6"
"9","10","5","30","30","44","4400000","273133","0.06207568181818182","22","48"
"7","10","5","30","30","136","13600000","391909","0.02881683823529412","4","5"
"8","10","5","30","30","134","13400000","435742","0.03251805970149254","6","7"
"9","10","5","30","30","45","4500000","276438","0.06143066666666667","20","35"
"7","10","5","30","30","137","13700000","392868","0.028676496350364962","4","6"
"8","10","5","30","30","135","13500000","436552","0.032337185185185184","6","6"
"9","10","5","30","30","46","4600000","279967","0.060862391304347827","18","39"
"7","10","5","30","30","138","13800000","393931","0.02854572463768116","4","7"
"8","10","5","30","30","136","13600000","437278","0.03215279411764706","6","7"
"9","10","5","30","30","47","4700000","283194","0.060254042553191486","17","32"
"7","10","5","30","30","139","13900000","395026","0.02841913669064748","4","7"
"8","10","5","30","30","137","13700000","438032","0.031973138686131386","6","7"
"9","10","5","30","30","48","4800000","285865","0.05955520833333333","14","22"
"7","10","5","30","30","140","14000000","396122","0.02829442857142857","4","5"
"8","10","5","30","30","138","13800000","438900","0.03180434782608696","6","8"
"9","10","5","30","30","49","4900000","287911","0.05875734693877551","13","19"
"7","10","5","30","30","141","14100000","397002","0.02815617021276596","4","5"
"8","10","5","30","30","139","13900000","439683","0.03163187050359712","6","7"
"9","10","5","30","30","50","5000000","289825","0.057965","14","22"
"7","10","5","30","30","142","14200000","397939","0.02802387323943662","4","5"
"8","10","5","30","30","140","14000000","440626","0.03147328571428572","6","6"
"9","10","5","30","30","51","5100000","291986","0.057252156862745096","15","24"
"7","10","5","30","30","143","14300000","398907","0.027895594405594405","4","6"
"8","10","5","30","30","141","14100000","441482","0.03131078014184397","6","6"
"9","10","5","30","30","52","5200000","294140","0.056565384615384615","14","18"
"7","10","5","30","30","144","14400000","399912","0.027771666666666667","4","4"
"8","10","5","30","30","142","14200000","442244","0.031143943661971832","6","8"
"9","10","5","30","30","53","5300000","296362","0.05591735849056604","15","23"
"7","10","5","30","30","145","14500000","400969","0.02765303448275862","4","7"
"8","10","5","30","30","143","14300000","443065","0.030983566433566433","6","7"
"9","10","5","30","30","54","5400000","298383","0.05525611111111111","13","18"
"7","10","5","30","30","146","14600000","402045","0.02753732876712329","4","7"
"8","10","5","30","30","144","14400000","443799","0.030819375","6","7"
"9","10","5","30","30","55","5500000","300246","0.054590181818181815","12","18"
"7","10","5","30","30","147","14700000","403068","0.027419591836734696","4","6"
"8","10","5","30","30","145","14500000","444650","0.03066551724137931","6","8"
"9","10","5","30","30","56","5600000","302115","0.053949107142857146","12","12"
"7","10","5","30","30","148","14800000","403964","0.027294864864864866","4","5"
"8","10","5","30","30","146","14600000","445498","0.030513561643835615","6","7"
"9","10","5","30","30","57","5700000","303635","0.053269298245614036","12","15"
"7","10","5","30","30","149","14900000","404832","0.02716993288590604","4","4"
"8","10","5","30","30","147","14700000","446387","0.030366462585034015","6","6"
"9","10","5","30","30","58","5800000","305196","0.05262","12","14"
"7","10","5","30","30","150","15000000","405739","0.027049266666666665","4","4"
"8","10","5","30","30","148","14800000","447159","0.030213445945945945","6","6"
"9","10","5","30","30","59","5900000","306648","0.05197423728813559","12","16"
"7","10","5","30","30","151","15100000","406733","0.026935960264900662","4","4"
"8","10","5","30","30","149","14900000","448062","0.030071275167785235","6","7"
"9","10","5","30","30","60","6000000","308388","0.051398","11","15"
"7","10","5","30","30","152","15200000","407590","0.026815131578947368","4","7"
"8","10","5","30","30","150","15000000","448756","0.029917066666666665","6","6"
"9","10","5","30","30","61","6100000","310095","0.05083524590163935","10","13"
"7","10","5","30","30","153","15300000","408477","0.0266978431372549","4","4"
"8","10","5","30","30","151","15100000","449418","0.029762781456953644","6","7"
"9","10","5","30","30","62","6200000","311446","0.05023322580645161","10","11"
"8","10","5","30","30","152","15200000","450068","0.02960973684210526","6","7"
"7","10","5","30","30","154","15400000","409439","0.026586948051948053","4","4"
"9","10","5","30","30","63","6300000","312792","0.04964952380952381","10","11"
"8","10","5","30","30","153","15300000","450687","0.029456666666666666","6","7"
"7","10","5","30","30","155","15500000","410531","0.026485870967741937","4","5"
"9","10","5","30","30","64","6400000","314220","0.049096875","10","13"
"8","10","5","30","30","154","15400000","451288","0.029304415584415586","6","6"
"7","10","5","30","30","156","15600000","411753","0.026394423076923076","4","6"
"8","10","5","30","30","155","15500000","451790","0.029147741935483872","6","6"
"9","10","5","30","30","65","6500000","315584","0.048551384615384614","10","15"
"7","10","5","30","30","157","15700000","412675","0.02628503184713376","4","6"
"8","10","5","30","30","156","15600000","452249","0.02899032051282051","6","7"
"9","10","5","30","30","66","6600000","316698","0.04798454545454545","10","12"
"7","10","5","30","30","158","15800000","413663","0.02618120253164557","4","6"
"8","10","5","30","30","157","15700000","452758","0.028838089171974522","6","6"
"9","10","5","30","30","67","6700000","317551","0.047395671641791044","9","9"
"7","10","5","30","30","159","15900000","414565","0.026073270440251574","4","5"
"8","10","5","30","30","158","15800000","453365","0.028693987341772153","6","7"
"9","10","5","30","30","68","6800000","318059","0.04677338235294118","9","11"
"7","10","5","30","30","160","16000000","415296","0.025956","4","6"
"8","10","5","30","30","159","15900000","454085","0.02855880503144654","6","6"
"9","10","5","30","30","69","6900000","318552","0.04616695652173913","9","10"
"7","10","5","30","30","161","16100000","415849","0.025829130434782608","4","5"
"8","10","5","30","30","160","16000000","454825","0.0284265625","6","10"
"9","10","5","30","30","70","7000000","319213","0.045601857142857145","9","9"
"7","10","5","30","30","162","16200000","416421","0.025705","4","4"
"8","10","5","30","30","161","16100000","455023","0.028262298136645964","5","5"
"10","10","5","30","30","0","0","0","0","894","900"
"9","10","5","30","30","71","7100000","319929","0.04506042253521127","9","10"
"7","10","5","30","30","163","16300000","417096","0.025588711656441717","4","5"
"10","10","5","30","30","1","100000","8397","0.08397","452","477"
"9","10","5","30","30","72","7200000","320762","0.04455027777777778","9","9"
"7","10","5","30","30","164","16400000","417861","0.02547932926829268","4","6"
"9","10","5","30","30","73","7300000","321487","0.04403931506849315","9","13"
"10","10","5","30","30","2","200000","19761","0.098805","360","395"
"7","10","5","30","30","165","16500000","418652","0.025372848484848484","4","6"
"9","10","5","30","30","74","7400000","322300","0.043554054054054055","9","10"
"10","10","5","30","30","3","300000","31274","0.10424666666666667","265","303"
"7","10","5","30","30","166","16600000","419275","0.025257530120481927","4","6"
"9","10","5","30","30","75","7500000","323212","0.043094933333333335","9","15"
"7","10","5","30","30","167","16700000","419758","0.025135209580838324","4","4"
"10","10","5","30","30","4","400000","42469","0.1061725","227","273"
"9","10","5","30","30","76","7600000","323774","0.04260184210526316","9","9"
"7","10","5","30","30","168","16800000","420193","0.025011488095238094","4","5"
"10","10","5","30","30","5","500000","54223","0.108446","194","243"
"9","10","5","30","30","77","7700000","324107","0.04209181818181818","9","9"
"7","10","5","30","30","169","16900000","420723","0.02489485207100592","4","4"
"10","10","5","30","30","6","600000","65419","0.10903166666666667","172","232"
"9","10","5","30","30","78","7800000","324215","0.04156602564102564","8","8"
"11","10","5","30","30","0","0","0","0","897","900"
"7","10","5","30","30","170","17000000","421396","0.024788","4","4"
"10","10","5","30","30","7","700000","76430","0.10918571428571429","141","174"
"11","10","5","30","30","1","100000","8261","0.08261","437","453"
"7","10","5","30","30","171","17100000","422023","0.02467970760233918","4","4"
"10","10","5","30","30","8","800000","85966","0.1074575","101","157"
"11","10","5","30","30","2","200000","18626","0.09313","334","370"
"7","10","5","30","30","172","17200000","422566","0.024567790697674417","4","5"
"10","10","5","30","30","9","900000","95107","0.10567444444444445","90","137"
"11","10","5","30","30","3","300000","30375","0.10125","253","315"
"7","10","5","30","30","173","17300000","423219","0.024463526011560693","4","4"
"10","10","5","30","30","10","1000000","103582","0.103582","83","116"
"7","10","5","30","30","174","17400000","423755","0.024353735632183907","4","5"
"11","10","5","30","30","4","400000","41874","0.104685","212","259"
"10","10","5","30","30","11","1100000","111029","0.10093545454545455","70","101"
"7","10","5","30","30","175","17500000","424432","0.024253257142857143","4","4"
"11","10","5","30","30","5","500000","53060","0.10612","175","234"
"10","10","5","30","30","12","1200000","117396","0.09783","53","92"
"7","10","5","30","30","176","17600000","425111","0.02415403409090909","4","4"
"11","10","5","30","30","6","600000","64135","0.10689166666666666","175","223"
"10","10","5","30","30","13","1300000","123701","0.09515461538461538","64","88"
"7","10","5","30","30","177","17700000","425726","0.024052316384180792","4","5"
"11","10","5","30","30","7","700000","74617","0.10659571428571428","139","188"
"10","10","5","30","30","14","1400000","129789","0.09270642857142856","52","79"
"7","10","5","30","30","178","17800000","426196","0.023943595505617976","4","6"
"11","10","5","30","30","8","800000","84571","0.10571375","108","152"
"10","10","5","30","30","15","1500000","135448","0.09029866666666667","54","78"
"7","10","5","30","30","179","17900000","426628","0.023833966480446927","4","4"
"11","10","5","30","30","9","900000","92704","0.10300444444444444","81","122"
"7","10","5","30","30","180","18000000","427009","0.02372272222222222","4","5"
"10","10","5","30","30","16","1600000","140653","0.087908125","47","69"
"11","10","5","30","30","10","1000000","100533","0.100533","72","122"
"7","10","5","30","30","181","18100000","427307","0.023608121546961326","4","5"
"10","10","5","30","30","17","1700000","145506","0.08559176470588235","50","69"
"11","10","5","30","30","11","1100000","107977","0.09816090909090909","63","106"
"7","10","5","30","30","182","18200000","427318","0.02347901098901099","3","3"
"12","10","5","30","30","0","0","0","0","892","900"
"10","10","5","30","30","18","1800000","150049","0.08336055555555555","46","64"
"11","10","5","30","30","12","1200000","114840","0.0957","53","87"
"10","10","5","30","30","19","1900000","153449","0.08076263157894736","35","56"
"12","10","5","30","30","1","100000","8938","0.08938","456","478"
"11","10","5","30","30","13","1300000","121359","0.09335307692307693","53","97"
"10","10","5","30","30","20","2000000","157109","0.0785545","40","61"
"12","10","5","30","30","2","200000","20560","0.1028","353","395"
"11","10","5","30","30","14","1400000","127450","0.09103571428571429","44","72"
"10","10","5","30","30","21","2100000","160867","0.07660333333333333","47","69"
"12","10","5","30","30","3","300000","32125","0.10708333333333334","265","317"
"11","10","5","30","30","15","1500000","133292","0.08886133333333333","45","64"
"10","10","5","30","30","22","2200000","164541","0.07479136363636364","39","53"
"12","10","5","30","30","4","400000","43407","0.1085175","211","250"
"11","10","5","30","30","16","1600000","138641","0.086650625","42","59"
"10","10","5","30","30","23","2300000","168166","0.07311565217391304","50","70"
"12","10","5","30","30","5","500000","54443","0.108886","193","238"
"11","10","5","30","30","17","1700000","143422","0.08436588235294118","39","57"
"10","10","5","30","30","24","2400000","171995","0.07166458333333334","38","52"
"12","10","5","30","30","6","600000","65513","0.10918833333333333","155","206"
"10","10","5","30","30","25","2500000","175502","0.0702008","36","53"
"11","10","5","30","30","18","1800000","148125","0.08229166666666667","45","86"
"12","10","5","30","30","7","700000","75161","0.10737285714285714","124","169"
"10","10","5","30","30","26","2600000","179186","0.0689176923076923","35","50"
"11","10","5","30","30","19","1900000","152940","0.08049473684210526","40","57"
"12","10","5","30","30","8","800000","84687","0.10585875","117","165"
"10","10","5","30","30","27","2700000","182863","0.06772703703703704","35","49"
"11","10","5","30","30","20","2000000","157906","0.078953","38","60"
"12","10","5","30","30","9","900000","94605","0.10511666666666666","102","147"
"10","10","5","30","30","28","2800000","185886","0.06638785714285714","27","33"
"11","10","5","30","30","21","2100000","162226","0.07725047619047619","39","56"
"10","10","5","30","30","29","2900000","189433","0.06532172413793104","38","54"
"12","10","5","30","30","10","1000000","103725","0.103725","91","136"
"11","10","5","30","30","22","2200000","166622","0.07573727272727272","33","58"
"10","10","5","30","30","30","3000000","193073","0.06435766666666666","31","36"
"11","10","5","30","30","23","2300000","170823","0.07427086956521739","31","46"
"12","10","5","30","30","11","1100000","112977","0.10270636363636364","87","141"
"10","10","5","30","30","31","3100000","196656","0.06343741935483871","31","42"
"11","10","5","30","30","24","2400000","175328","0.07305333333333333","28","46"
"12","10","5","30","30","12","1200000","121567","0.10130583333333333","82","133"
"10","10","5","30","30","32","3200000","200241","0.0625753125","40","54"
"11","10","5","30","30","25","2500000","179639","0.0718556","29","48"
"12","10","5","30","30","13","1300000","128919","0.09916846153846154","71","101"
"10","10","5","30","30","33","3300000","204270","0.0619","31","52"
"11","10","5","30","30","26","2600000","183542","0.07059307692307693","33","44"
"12","10","5","30","30","14","1400000","136178","0.09727","64","107"
"10","10","5","30","30","34","3400000","208198","0.06123470588235294","28","45"
"11","10","5","30","30","27","2700000","187213","0.06933814814814815","31","45"
"12","10","5","30","30","15","1500000","143570","0.09571333333333333","56","95"
"10","10","5","30","30","35","3500000","211697","0.060484857142857146","30","45"
"11","10","5","30","30","28","2800000","190632","0.06808285714285714","23","38"
"12","10","5","30","30","16","1600000","150396","0.0939975","58","90"
"10","10","5","30","30","36","3600000","214993","0.059720277777777775","26","43"
"11","10","5","30","30","29","2900000","194291","0.06699689655172414","28","53"
"12","10","5","30","30","17","1700000","156192","0.09187764705882354","51","84"
"10","10","5","30","30","37","3700000","218685","0.059104054054054056","27","43"
"11","10","5","30","30","30","3000000","198042","0.066014","28","54"
"12","10","5","30","30","18","1800000","162889","0.09049388888888889","47","74"
"10","10","5","30","30","38","3800000","222512","0.058555789473684214","27","60"
"11","10","5","30","30","31","3100000","201741","0.06507774193548387","25","44"
"12","10","5","30","30","19","1900000","169682","0.08930631578947368","52","90"
"10","10","5","30","30","39","3900000","226209","0.05800230769230769","29","52"
"11","10","5","30","30","32","3200000","205029","0.0640715625","22","30"
"12","10","5","30","30","20","2000000","176275","0.0881375","54","84"
"10","10","5","30","30","40","4000000","229934","0.0574835","29","43"
"11","10","5","30","30","33","3300000","208290","0.06311818181818182","24","35"
"12","10","5","30","30","21","2100000","182493","0.08690142857142857","49","87"
"10","10","5","30","30","41","4100000","233905","0.05705","23","38"
"11","10","5","30","30","34","3400000","211930","0.06233235294117647","22","37"
"10","10","5","30","30","42","4200000","237700","0.056595238095238094","24","39"
"12","10","5","30","30","22","2200000","189410","0.08609545454545454","48","76"
"11","10","5","30","30","35","3500000","215131","0.061466","20","33"
"10","10","5","30","30","43","4300000","241304","0.05611720930232558","23","41"
"12","10","5","30","30","23","2300000","195228","0.08488173913043479","48","74"
"11","10","5","30","30","36","3600000","218637","0.0607325","19","29"
"10","10","5","30","30","44","4400000","244901","0.055659318181818185","25","42"
"12","10","5","30","30","24","2400000","200965","0.08373541666666667","46","82"
"11","10","5","30","30","37","3700000","221853","0.05996027027027027","16","24"
"10","10","5","30","30","45","4500000","248443","0.05520955555555555","21","39"
"11","10","5","30","30","38","3800000","224967","0.05920184210526316","17","22"
"12","10","5","30","30","25","2500000","206794","0.0827176","38","66"
"10","10","5","30","30","46","4600000","251523","0.05467891304347826","20","34"
"11","10","5","30","30","39","3900000","228003","0.058462307692307695","16","23"
"12","10","5","30","30","26","2600000","212551","0.08175038461538461","41","70"
"10","10","5","30","30","47","4700000","254504","0.054149787234042554","18","24"
"11","10","5","30","30","40","4000000","231029","0.05775725","17","30"
"12","10","5","30","30","27","2700000","218349","0.08087","46","69"
"10","10","5","30","30","48","4800000","257272","0.05359833333333333","17","18"
"11","10","5","30","30","41","4100000","234019","0.05707780487804878","16","25"
"12","10","5","30","30","28","2800000","224290","0.08010357142857143","40","71"
"10","10","5","30","30","49","4900000","259691","0.052998163265306125","16","22"
"11","10","5","30","30","42","4200000","236807","0.05638261904761905","17","26"
"12","10","5","30","30","29","2900000","229523","0.07914586206896551","40","66"
"10","10","5","30","30","50","5000000","262183","0.0524366","15","20"
"11","10","5","30","30","43","4300000","239606","0.05572232558139535","16","23"
"12","10","5","30","30","30","3000000","234863","0.07828766666666667","36","58"
"10","10","5","30","30","51","5100000","264587","0.05187980392156863","15","21"
"11","10","5","30","30","44","4400000","242260","0.05505909090909091","15","18"
"12","10","5","30","30","31","3100000","239670","0.07731290322580645","36","61"
"10","10","5","30","30","52","5200000","267124","0.05137","14","19"
"11","10","5","30","30","45","4500000","244934","0.05442977777777778","14","24"
"12","10","5","30","30","32","3200000","244357","0.0763615625","34","57"
"10","10","5","30","30","53","5300000","269530","0.05085471698113207","14","16"
"11","10","5","30","30","46","4600000","247084","0.05371391304347826","13","16"
"12","10","5","30","30","33","3300000","248560","0.07532121212121212","27","51"
"10","10","5","30","30","54","5400000","271686","0.05031222222222222","14","16"
"11","10","5","30","30","47","4700000","248989","0.0529763829787234","13","14"
"12","10","5","30","30","34","3400000","252775","0.07434558823529412","28","47"
"10","10","5","30","30","55","5500000","274103","0.04983690909090909","14","19"
"11","10","5","30","30","48","4800000","250839","0.052258125","12","20"
"12","10","5","30","30","35","3500000","257321","0.07352028571428572","29","47"
"10","10","5","30","30","56","5600000","276295","0.04933839285714286","14","16"
"11","10","5","30","30","49","4900000","252777","0.05158714285714286","12","17"
"12","10","5","30","30","36","3600000","261957","0.07276583333333334","26","42"
"10","10","5","30","30","57","5700000","278629","0.048882280701754384","14","19"
"11","10","5","30","30","50","5000000","254796","0.0509592","12","19"
"12","10","5","30","30","37","3700000","266510","0.07202972972972974","26","53"
"10","10","5","30","30","58","5800000","280951","0.04843982758620689","14","20"
"11","10","5","30","30","51","5100000","256539","0.05030176470588235","12","19"
"10","10","5","30","30","59","5900000","283280","0.0480135593220339","15","18"
"12","10","5","30","30","38","3800000","271105","0.07134342105263158","22","44"
"11","10","5","30","30","52","5200000","258359","0.04968442307692308","11","26"
"10","10","5","30","30","60","6000000","285650","0.047608333333333336","15","23"
"11","10","5","30","30","53","5300000","260466","0.04914452830188679","11","21"
"12","10","5","30","30","39","3900000","275651","0.07067974358974359","20","32"
"10","10","5","30","30","61","6100000","288063","0.04722344262295082","14","17"
"11","10","5","30","30","54","5400000","262455","0.04860277777777778","10","12"
"12","10","5","30","30","40","4000000","279569","0.06989225","20","35"
"10","10","5","30","30","62","6200000","289805","0.04674274193548387","12","14"
"11","10","5","30","30","55","5500000","264511","0.04809290909090909","10","11"
"12","10","5","30","30","41","4100000","283907","0.06924560975609756","20","37"
"10","10","5","30","30","63","6300000","291439","0.04626015873015873","13","17"
"11","10","5","30","30","56","5600000","266369","0.047565892857142855","10","12"
"12","10","5","30","30","42","4200000","287902","0.06854809523809524","16","34"
"10","10","5","30","30","64","6400000","292971","0.04577671875","12","16"
"11","10","5","30","30","57","5700000","268556","0.047115087719298246","10","15"
"12","10","5","30","30","43","4300000","291657","0.06782720930232558","15","34"
"10","10","5","30","30","65","6500000","294904","0.045369846153846156","12","17"
"11","10","5","30","30","58","5800000","270515","0.04664051724137931","10","15"
"12","10","5","30","30","44","4400000","294988","0.06704272727272727","15","27"
"10","10","5","30","30","66","6600000","296573","0.044935303030303034","12","16"
"11","10","5","30","30","59","5900000","272433","0.046175084745762714","10","12"
"12","10","5","30","30","45","4500000","298464","0.06632533333333333","14","23"
"10","10","5","30","30","67","6700000","298135","0.04449776119402985","12","16"
"11","10","5","30","30","60","6000000","274504","0.04575066666666667","10","12"
"12","10","5","30","30","46","4600000","301722","0.06559173913043478","15","29"
"10","10","5","30","30","68","6800000","299533","0.044048970588235294","12","14"
"11","10","5","30","30","61","6100000","276383","0.04530868852459016","10","15"
"12","10","5","30","30","47","4700000","304850","0.06486170212765957","15","30"
"10","10","5","30","30","69","6900000","300732","0.04358434782608696","11","12"
"11","10","5","30","30","62","6200000","278316","0.04488967741935484","10","16"
"12","10","5","30","30","48","4800000","308081","0.06418354166666666","13","27"
"10","10","5","30","30","70","7000000","301710","0.04310142857142857","11","11"
"11","10","5","30","30","63","6300000","280130","0.04446507936507937","10","10"
"12","10","5","30","30","49","4900000","311377","0.06354632653061225","17","27"
"10","10","5","30","30","71","7100000","302692","0.042632676056338026","11","13"
"11","10","5","30","30","64","6400000","282046","0.0440696875","10","12"
"12","10","5","30","30","50","5000000","314360","0.062872","17","26"
"10","10","5","30","30","72","7200000","303640","0.04217222222222222","10","10"
"11","10","5","30","30","65","6500000","283862","0.043671076923076924","10","10"
"12","10","5","30","30","51","5100000","317331","0.06222176470588235","17","28"
"10","10","5","30","30","73","7300000","304392","0.041697534246575345","10","13"
"11","10","5","30","30","66","6600000","285559","0.04326651515151515","10","11"
"12","10","5","30","30","52","5200000","320342","0.06160423076923077","16","29"
"10","10","5","30","30","74","7400000","305317","0.041259054054054056","10","11"
"11","10","5","30","30","67","6700000","286857","0.0428144776119403","9","11"
"12","10","5","30","30","53","5300000","323328","0.06100528301886792","15","29"
"10","10","5","30","30","75","7500000","306284","0.04083786666666667","10","12"
"11","10","5","30","30","68","6800000","287823","0.042326911764705884","8","9"
"12","10","5","30","30","54","5400000","326351","0.06043537037037037","13","17"
"10","10","5","30","30","76","7600000","307222","0.04042394736842105","10","12"
"11","10","5","30","30","69","6900000","288403","0.04179753623188406","8","8"
"12","10","5","30","30","55","5500000","329383","0.05988781818181818","15","24"
"10","10","5","30","30","77","7700000","308147","0.04001909090909091","10","12"
"11","10","5","30","30","70","7000000","289035","0.041290714285714285","8","10"
"12","10","5","30","30","56","5600000","332538","0.05938178571428571","14","22"
"10","10","5","30","30","78","7800000","309213","0.03964269230769231","10","12"
"11","10","5","30","30","71","7100000","289782","0.0408143661971831","8","10"
"10","10","5","30","30","79","7900000","310340","0.03928354430379747","10","13"
"12","10","5","30","30","57","5700000","335768","0.05890666666666667","13","23"
"11","10","5","30","30","72","7200000","290446","0.04033972222222222","8","9"
"10","10","5","30","30","80","8000000","311283","0.038910375","11","13"
"12","10","5","30","30","58","5800000","338708","0.05839793103448276","13","24"
"11","10","5","30","30","73","7300000","291163","0.039885342465753426","8","9"
"10","10","5","30","30","81","8100000","312178","0.038540493827160495","9","10"
"11","10","5","30","30","74","7400000","291944","0.03945189189189189","8","11"
"12","10","5","30","30","59","5900000","341502","0.05788169491525424","12","17"
"10","10","5","30","30","82","8200000","312948","0.03816439024390244","9","11"
"11","10","5","30","30","75","7500000","292709","0.03902786666666667","8","9"
"12","10","5","30","30","60","6000000","344060","0.057343333333333336","9","16"
"10","10","5","30","30","83","8300000","313579","0.037780602409638556","9","10"
"11","10","5","30","30","76","7600000","293375","0.038601973684210526","8","8"
"12","10","5","30","30","61","6100000","346494","0.05680229508196721","9","15"
"10","10","5","30","30","84","8400000","314258","0.03741166666666667","9","9"
"11","10","5","30","30","77","7700000","294057","0.03818922077922078","8","9"
"12","10","5","30","30","62","6200000","348796","0.05625741935483871","9","11"
"10","10","5","30","30","85","8500000","314758","0.03703035294117647","9","10"
"11","10","5","30","30","78","7800000","294776","0.03779179487179487","8","9"
"12","10","5","30","30","63","6300000","350822","0.05568603174603175","8","8"
"10","10","5","30","30","86","8600000","315107","0.036640348837209305","9","10"
"11","10","5","30","30","79","7900000","295443","0.03739784810126582","8","9"
"12","10","5","30","30","64","6400000","352796","0.055124375","8","13"
"10","10","5","30","30","87","8700000","315116","0.03622022988505747","8","8"
"13","10","5","30","30","0","0","0","0","894","900"
"11","10","5","30","30","80","8000000","296159","0.037019875","8","8"
"12","10","5","30","30","65","6500000","354487","0.05453646153846154","8","11"
"11","10","5","30","30","81","8100000","296825","0.03664506172839506","8","9"
"13","10","5","30","30","1","100000","8729","0.08729","418","438"
"12","10","5","30","30","66","6600000","356260","0.053978787878787876","8","12"
"11","10","5","30","30","82","8200000","297553","0.0362869512195122","8","10"
"13","10","5","30","30","2","200000","19451","0.097255","288","332"
"12","10","5","30","30","67","6700000","358162","0.053457014925373136","8","9"
"11","10","5","30","30","83","8300000","298211","0.03592903614457831","8","10"
"13","10","5","30","30","3","300000","30574","0.10191333333333333","228","278"
"12","10","5","30","30","68","6800000","360146","0.05296264705882353","8","14"
"11","10","5","30","30","84","8400000","298870","0.035579761904761906","8","9"
"12","10","5","30","30","69","6900000","362246","0.052499420289855075","8","14"
"13","10","5","30","30","4","400000","41998","0.104995","199","255"
"11","10","5","30","30","85","8500000","299532","0.035239058823529415","8","8"
"12","10","5","30","30","70","7000000","364386","0.052055142857142855","8","18"
"13","10","5","30","30","5","500000","53029","0.106058","159","218"
"11","10","5","30","30","86","8600000","300154","0.03490162790697674","8","9"
"12","10","5","30","30","71","7100000","366339","0.05159704225352112","8","12"
"13","10","5","30","30","6","600000","63933","0.106555","139","180"
"11","10","5","30","30","87","8700000","300695","0.03456264367816092","8","8"
"12","10","5","30","30","72","7200000","368483","0.05117819444444444","8","16"
"11","10","5","30","30","88","8800000","301246","0.0342325","8","8"
"13","10","5","30","30","7","700000","73801","0.10543","119","167"
"12","10","5","30","30","73","7300000","370747","0.0507872602739726","8","19"
"11","10","5","30","30","89","8900000","301926","0.03392426966292135","8","11"
"13","10","5","30","30","8","800000","83765","0.10470625","121","171"
"12","10","5","30","30","74","7400000","372779","0.05037554054054054","8","15"
"11","10","5","30","30","90","9000000","302725","0.03363611111111111","8","8"
"13","10","5","30","30","9","900000","93725","0.10413888888888889","114","172"
"12","10","5","30","30","75","7500000","374468","0.04992906666666667","7","9"
"11","10","5","30","30","91","9100000","303391","0.03333967032967033","8","8"
"13","10","5","30","30","10","1000000","102865","0.102865","91","139"
"12","10","5","30","30","76","7600000","376017","0.04947592105263158","7","8"
"11","10","5","30","30","92","9200000","303929","0.033035760869565216","8","8"
"13","10","5","30","30","11","1100000","111463","0.10133","79","132"
"12","10","5","30","30","77","7700000","377510","0.049027272727272725","7","10"
"11","10","5","30","30","93","9300000","304466","0.032738279569892476","8","10"
"13","10","5","30","30","12","1200000","119087","0.09923916666666667","70","114"
"12","10","5","30","30","78","7800000","378986","0.04858794871794872","7","7"
"11","10","5","30","30","94","9400000","305060","0.0324531914893617","8","9"
"13","10","5","30","30","13","1300000","126430","0.09725384615384615","75","102"
"12","10","5","30","30","79","7900000","380422","0.0481546835443038","7","9"
"11","10","5","30","30","95","9500000","305605","0.032168947368421054","8","9"
"12","10","5","30","30","80","8000000","381688","0.047711","6","8"
"13","10","5","30","30","14","1400000","132969","0.09497785714285714","58","84"
"11","10","5","30","30","96","9600000","306203","0.031896145833333334","8","9"
"12","10","5","30","30","81","8100000","382679","0.04724432098765432","6","8"
"11","10","5","30","30","97","9700000","306750","0.03162371134020619","8","9"
"13","10","5","30","30","15","1500000","138962","0.09264133333333334","61","92"
"12","10","5","30","30","82","8200000","383724","0.04679560975609756","6","6"
"11","10","5","30","30","98","9800000","307251","0.031352142857142856","8","9"
"13","10","5","30","30","16","1600000","145098","0.09068625","62","89"
"12","10","5","30","30","83","8300000","384873","0.04637024096385542","6","9"
"11","10","5","30","30","99","9900000","307909","0.03110191919191919","8","10"
"13","10","5","30","30","17","1700000","151076","0.08886823529411765","55","87"
"11","10","5","30","30","100","10000000","308498","0.0308498","8","8"
"12","10","5","30","30","84","8400000","385880","0.045938095238095236","6","6"
"13","10","5","30","30","18","1800000","157224","0.08734666666666667","65","100"
"11","10","5","30","30","101","10100000","308799","0.030574158415841584","7","7"
"14","10","5","30","30","0","0","0","0","896","900"
"12","10","5","30","30","85","8500000","386995","0.04552882352941177","6","7"
"13","10","5","30","30","19","1900000","162787","0.08567736842105263","57","84"
"12","10","5","30","30","86","8600000","387907","0.04510546511627907","6","10"
"14","10","5","30","30","1","100000","8363","0.08363","454","478"
"13","10","5","30","30","20","2000000","168242","0.084121","54","84"
"12","10","5","30","30","87","8700000","389055","0.04471896551724138","6","7"
"14","10","5","30","30","2","200000","18781","0.093905","336","380"
"13","10","5","30","30","21","2100000","173757","0.08274142857142858","54","82"
"12","10","5","30","30","88","8800000","390168","0.044337272727272725","6","7"
"14","10","5","30","30","3","300000","30362","0.10120666666666667","265","322"
"13","10","5","30","30","22","2200000","179186","0.08144818181818182","48","82"
"12","10","5","30","30","89","8900000","391178","0.04395258426966292","6","6"
"14","10","5","30","30","4","400000","41955","0.1048875","231","277"
"13","10","5","30","30","23","2300000","184521","0.08022652173913043","49","82"
"12","10","5","30","30","90","9000000","392334","0.04359266666666667","6","7"
"14","10","5","30","30","5","500000","52882","0.105764","207","265"
"13","10","5","30","30","24","2400000","189719","0.07904958333333334","47","72"
"12","10","5","30","30","91","9100000","393426","0.04323362637362638","6","7"
"13","10","5","30","30","25","2500000","195268","0.0781072","50","73"
"14","10","5","30","30","6","600000","64299","0.107165","159","227"
"12","10","5","30","30","92","9200000","394518","0.042882391304347824","6","6"
"13","10","5","30","30","26","2600000","200518","0.0771223076923077","46","73"
"14","10","5","30","30","7","700000","75524","0.10789142857142857","165","225"
"12","10","5","30","30","93","9300000","395535","0.04253064516129032","6","7"
"13","10","5","30","30","27","2700000","205798","0.07622148148148149","43","68"
"14","10","5","30","30","8","800000","85962","0.1074525","130","174"
"12","10","5","30","30","94","9400000","396502","0.04218106382978724","6","7"
"13","10","5","30","30","28","2800000","211343","0.07547964285714286","42","71"
"12","10","5","30","30","95","9500000","397579","0.04185042105263158","6","7"
"14","10","5","30","30","9","900000","95785","0.10642777777777777","117","160"
"13","10","5","30","30","29","2900000","216713","0.07472862068965518","51","81"
"12","10","5","30","30","96","9600000","398754","0.041536875","6","6"
"14","10","5","30","30","10","1000000","105083","0.105083","104","158"
"13","10","5","30","30","30","3000000","222050","0.07401666666666666","48","76"
"12","10","5","30","30","97","9700000","399858","0.041222474226804126","6","8"
"14","10","5","30","30","11","1100000","114574","0.10415818181818182","98","159"
"13","10","5","30","30","31","3100000","227056","0.07324387096774193","45","70"
"12","10","5","30","30","98","9800000","400875","0.04090561224489796","6","7"
"14","10","5","30","30","12","1200000","123836","0.10319666666666667","103","152"
"12","10","5","30","30","99","9900000","401854","0.04059131313131313","6","7"
"13","10","5","30","30","32","3200000","231823","0.0724446875","43","64"
"14","10","5","30","30","13","1300000","132073","0.10159461538461538","76","114"
"12","10","5","30","30","100","10000000","402990","0.040299","6","7"
"13","10","5","30","30","33","3300000","237282","0.07190363636363636","43","76"
"14","10","5","30","30","14","1400000","140010","0.10000714285714286","83","112"
"12","10","5","30","30","101","10100000","403994","0.03999940594059406","6","8"
"13","10","5","30","30","34","3400000","242916","0.07144588235294118","42","76"
"14","10","5","30","30","15","1500000","147686","0.09845733333333333","69","104"
"12","10","5","30","30","102","10200000","404959","0.039701862745098036","6","7"
"13","10","5","30","30","35","3500000","248884","0.07110971428571429","40","83"
"14","10","5","30","30","16","1600000","154790","0.09674375","77","114"
"12","10","5","30","30","103","10300000","405786","0.039396699029126216","6","8"
"13","10","5","30","30","36","3600000","254284","0.07063444444444444","42","70"
"14","10","5","30","30","17","1700000","162470","0.09557058823529412","75","119"
"12","10","5","30","30","104","10400000","406726","0.03910826923076923","6","7"
"13","10","5","30","30","37","3700000","259318","0.07008594594594594","38","58"
"12","10","5","30","30","105","10500000","407733","0.03883171428571429","6","7"
"14","10","5","30","30","18","1800000","169796","0.09433111111111112","62","101"
"13","10","5","30","30","38","3800000","264386","0.06957526315789474","40","64"
"12","10","5","30","30","106","10600000","408672","0.03855396226415094","6","7"
"14","10","5","30","30","19","1900000","177306","0.09331894736842106","67","108"
"13","10","5","30","30","39","3900000","269454","0.06909076923076923","40","66"
"12","10","5","30","30","107","10700000","409689","0.03828869158878505","6","7"
"14","10","5","30","30","20","2000000","185084","0.092542","68","110"
"13","10","5","30","30","40","4000000","273838","0.0684595","34","50"
"12","10","5","30","30","108","10800000","410784","0.03803555555555556","6","8"
"14","10","5","30","30","21","2100000","192342","0.09159142857142857","64","98"
"13","10","5","30","30","41","4100000","278307","0.06787975609756097","31","66"
"12","10","5","30","30","109","10900000","412126","0.0378097247706422","6","10"
"14","10","5","30","30","22","2200000","199783","0.09081045454545454","50","89"
"13","10","5","30","30","42","4200000","282825","0.06733928571428571","32","51"
"12","10","5","30","30","110","11000000","413213","0.03756481818181818","6","8"
"14","10","5","30","30","23","2300000","206808","0.08991652173913044","52","91"
"13","10","5","30","30","43","4300000","287215","0.06679418604651163","30","57"
"12","10","5","30","30","111","11100000","414283","0.03732279279279279","6","8"
"13","10","5","30","30","44","4400000","291640","0.06628181818181818","30","51"
"14","10","5","30","30","24","2400000","213563","0.08898458333333334","39","66"
"12","10","5","30","30","112","11200000","415260","0.037076785714285715","6","7"
"13","10","5","30","30","45","4500000","295713","0.065714","28","59"
"14","10","5","30","30","25","2500000","220156","0.0880624","40","68"
"12","10","5","30","30","113","11300000","416212","0.0368329203539823","6","6"
"13","10","5","30","30","46","4600000","299693","0.06515065217391304","22","30"
"14","10","5","30","30","26","2600000","226800","0.08723076923076924","46","74"
"12","10","5","30","30","114","11400000","417172","0.0365940350877193","6","8"
"13","10","5","30","30","47","4700000","303726","0.06462255319148937","25","39"
"14","10","5","30","30","27","2700000","232439","0.08608851851851852","46","71"
"12","10","5","30","30","115","11500000","418019","0.03634947826086957","6","6"
"13","10","5","30","30","48","4800000","307600","0.06408333333333334","22","33"
"14","10","5","30","30","28","2800000","238164","0.08505857142857143","47","72"
"12","10","5","30","30","116","11600000","418888","0.03611103448275862","6","7"
"13","10","5","30","30","49","4900000","311306","0.06353183673469388","24","40"
"12","10","5","30","30","117","11700000","419768","0.03587760683760684","6","6"
"14","10","5","30","30","29","2900000","243600","0.084","44","73"
"13","10","5","30","30","50","5000000","314997","0.0629994","24","39"
"12","10","5","30","30","118","11800000","420733","0.03565533898305085","6","6"
"14","10","5","30","30","30","3000000","249584","0.08319466666666667","44","74"
"13","10","5","30","30","51","5100000","318621","0.06247470588235294","21","31"
"12","10","5","30","30","119","11900000","421582","0.03542705882352941","6","6"
"14","10","5","30","30","31","3100000","254981","0.08225193548387097","38","72"
"13","10","5","30","30","52","5200000","322067","0.06193596153846154","24","42"
"12","10","5","30","30","120","12000000","422513","0.03520941666666667","6","6"
"14","10","5","30","30","32","3200000","260399","0.0813746875","33","59"
"13","10","5","30","30","53","5300000","325423","0.061400566037735846","22","37"
"12","10","5","30","30","121","12100000","423560","0.03500495867768595","6","6"
"14","10","5","30","30","33","3300000","266077","0.08062939393939395","36","63"
"13","10","5","30","30","54","5400000","328944","0.060915555555555556","24","44"
"12","10","5","30","30","122","12200000","424354","0.034783114754098364","6","8"
"14","10","5","30","30","34","3400000","271367","0.07981382352941177","44","67"
"13","10","5","30","30","55","5500000","332456","0.060446545454545454","23","41"
"12","10","5","30","30","123","12300000","425233","0.03457178861788618","6","8"
"14","10","5","30","30","35","3500000","276599","0.07902828571428572","40","72"
"13","10","5","30","30","56","5600000","335708","0.05994785714285714","24","46"
"12","10","5","30","30","124","12400000","426102","0.034363064516129034","6","7"
"14","10","5","30","30","36","3600000","281037","0.07806583333333333","42","71"
"13","10","5","30","30","57","5700000","338984","0.059470877192982455","21","36"
"12","10","5","30","30","125","12500000","426880","0.0341504","6","6"
"14","10","5","30","30","37","3700000","285889","0.0772672972972973","41","63"
"12","10","5","30","30","126","12600000","427825","0.03395436507936508","6","6"
"13","10","5","30","30","58","5800000","342304","0.05901793103448276","23","39"
"14","10","5","30","30","38","3800000","290521","0.07645289473684211","41","71"
"12","10","5","30","30","127","12700000","428730","0.03375826771653543","6","7"
"13","10","5","30","30","59","5900000","345615","0.058578813559322034","20","31"
"14","10","5","30","30","39","3900000","295405","0.0757448717948718","37","59"
"12","10","5","30","30","128","12800000","429632","0.033565","6","7"
"13","10","5","30","30","60","6000000","349252","0.058208666666666666","23","35"
"14","10","5","30","30","40","4000000","300627","0.07515675","39","56"
"12","10","5","30","30","129","12900000","430420","0.03336589147286822","6","8"
"13","10","5","30","30","61","6100000","352948","0.05786032786885246","19","24"
"14","10","5","30","30","41","4100000","305528","0.0745190243902439","40","69"
"12","10","5","30","30","130","13000000","431143","0.033164846153846156","6","7"
"13","10","5","30","30","62","6200000","356700","0.05753225806451613","21","33"
"14","10","5","30","30","42","4200000","310202","0.07385761904761905","34","63"
"12","10","5","30","30","131","13100000","431760","0.0329587786259542","6","6"
"13","10","5","30","30","63","6300000","360355","0.05719920634920635","18","23"
"14","10","5","30","30","43","4300000","315175","0.07329651162790697","32","58"
"12","10","5","30","30","132","13200000","432264","0.03274727272727273","6","6"
"13","10","5","30","30","64","6400000","363559","0.05680609375","18","31"
"12","10","5","30","30","133","13300000","432408","0.03251187969924812","5","5"
"14","10","5","30","30","44","4400000","320352","0.07280727272727272","38","66"
"15","10","5","30","30","0","0","0","0","894","900"
"13","10","5","30","30","65","6500000","366680","0.05641230769230769","17","24"
"14","10","5","30","30","45","4500000","325226","0.07227244444444444","34","70"
"15","10","5","30","30","1","100000","8243","0.08243","451","472"
"13","10","5","30","30","66","6600000","369554","0.0559930303030303","19","32"
"14","10","5","30","30","46","4600000","330247","0.07179282608695652","29","60"
"13","10","5","30","30","67","6700000","372224","0.05555582089552239","19","28"
"15","10","5","30","30","2","200000","19034","0.09517","338","377"
"14","10","5","30","30","47","4700000","334840","0.07124255319148937","26","43"
"13","10","5","30","30","68","6800000","375452","0.0552135294117647","18","35"
"15","10","5","30","30","3","300000","30913","0.10304333333333333","282","332"
"14","10","5","30","30","48","4800000","339586","0.07074708333333334","26","51"
"13","10","5","30","30","69","6900000","378463","0.05484971014492754","18","29"
"15","10","5","30","30","4","400000","43118","0.107795","228","285"
"13","10","5","30","30","70","7000000","381427","0.05448957142857143","19","27"
"14","10","5","30","30","49","4900000","344357","0.07027693877551021","23","41"
"15","10","5","30","30","5","500000","55211","0.110422","186","234"
"13","10","5","30","30","71","7100000","384660","0.05417746478873239","19","31"
"14","10","5","30","30","50","5000000","349011","0.0698022","26","36"
"15","10","5","30","30","6","600000","66869","0.11144833333333333","148","213"
"13","10","5","30","30","72","7200000","387530","0.053823611111111114","18","25"
"14","10","5","30","30","51","5100000","353804","0.06937333333333333","27","46"
"15","10","5","30","30","7","700000","77075","0.11010714285714286","122","176"
"13","10","5","30","30","73","7300000","390271","0.053461780821917805","19","31"
"14","10","5","30","30","52","5200000","358516","0.06894538461538462","30","52"
"15","10","5","30","30","8","800000","86642","0.1083025","116","157"
"13","10","5","30","30","74","7400000","393311","0.05315013513513513","17","23"
"14","10","5","30","30","53","5300000","363019","0.06849415094339623","24","43"
"13","10","5","30","30","75","7500000","396198","0.0528264","16","25"
"15","10","5","30","30","9","900000","96102","0.10678","111","167"
"14","10","5","30","30","54","5400000","367593","0.06807277777777777","34","55"
"13","10","5","30","30","76","7600000","399070","0.05250921052631579","18","28"
"15","10","5","30","30","10","1000000","104915","0.104915","103","133"
"14","10","5","30","30","55","5500000","372348","0.06769963636363636","25","46"
"13","10","5","30","30","77","7700000","402029","0.05221155844155844","16","23"
"15","10","5","30","30","11","1100000","113061","0.10278272727272728","86","133"
"14","10","5","30","30","56","5600000","376969","0.06731589285714286","27","59"
"13","10","5","30","30","78","7800000","404810","0.05189871794871795","17","19"
"14","10","5","30","30","57","5700000","381734","0.06697087719298246","29","50"
"15","10","5","30","30","12","1200000","120723","0.1006025","77","119"
"13","10","5","30","30","79","7900000","407953","0.051639620253164556","18","28"
"14","10","5","30","30","58","5800000","386253","0.06659534482758621","29","57"
"15","10","5","30","30","13","1300000","128106","0.09854307692307693","71","121"
"13","10","5","30","30","80","8000000","410951","0.051368875","17","24"
"14","10","5","30","30","59","5900000","390410","0.06617118644067796","31","52"
"15","10","5","30","30","14","1400000","135154","0.09653857142857143","73","114"
"13","10","5","30","30","81","8100000","413641","0.05106679012345679","17","20"
"14","10","5","30","30","60","6000000","394762","0.06579366666666667","28","46"
"15","10","5","30","30","15","1500000","141756","0.094504","61","82"
"13","10","5","30","30","82","8200000","415932","0.05072341463414634","16","20"
"14","10","5","30","30","61","6100000","399267","0.06545360655737704","27","54"
"15","10","5","30","30","16","1600000","147812","0.0923825","47","65"
"13","10","5","30","30","83","8300000","418641","0.05043867469879518","17","27"
"14","10","5","30","30","62","6200000","403108","0.0650174193548387","30","40"
"15","10","5","30","30","17","1700000","153736","0.09043294117647059","51","76"
"13","10","5","30","30","84","8400000","421352","0.05016095238095238","16","20"
"14","10","5","30","30","63","6300000","407528","0.06468698412698412","29","53"
"15","10","5","30","30","18","1800000","159229","0.08846055555555556","44","73"
"13","10","5","30","30","85","8500000","424023","0.049885058823529414","16","22"
"14","10","5","30","30","64","6400000","411964","0.064369375","30","55"
"15","10","5","30","30","19","1900000","165034","0.08686","46","75"
"13","10","5","30","30","86","8600000","426514","0.0495946511627907","15","16"
"14","10","5","30","30","65","6500000","416467","0.06407184615384616","29","50"
"13","10","5","30","30","87","8700000","428876","0.049296091954022986","15","19"
"15","10","5","30","30","20","2000000","170990","0.085495","39","75"
"14","10","5","30","30","66","6600000","420508","0.06371333333333333","26","42"
"13","10","5","30","30","88","8800000","431104","0.048989090909090906","15","19"
"15","10","5","30","30","21","2100000","177223","0.08439190476190477","41","74"
"14","10","5","30","30","67","6700000","424520","0.06336119402985074","25","49"
"13","10","5","30","30","89","8900000","433198","0.048673932584269664","15","17"
"15","10","5","30","30","22","2200000","183233","0.08328772727272728","36","69"
"14","10","5","30","30","68","6800000","428647","0.06303632352941177","24","47"
"13","10","5","30","30","90","9000000","435447","0.048383","14","17"
"15","10","5","30","30","23","2300000","189370","0.08233478260869566","41","60"
"14","10","5","30","30","69","6900000","432622","0.06269884057971015","27","49"
"13","10","5","30","30","91","9100000","437509","0.04807791208791209","14","15"
"15","10","5","30","30","24","2400000","195219","0.08134125","36","68"
"14","10","5","30","30","70","7000000","436757","0.06239385714285714","22","36"
"13","10","5","30","30","92","9200000","439547","0.04777684782608695","13","14"
"15","10","5","30","30","25","2500000","200364","0.0801456","31","52"
"14","10","5","30","30","71","7100000","440936","0.06210366197183099","25","46"
"13","10","5","30","30","93","9300000","441603","0.047484193548387094","13","15"
"15","10","5","30","30","26","2600000","205308","0.07896461538461538","30","52"
"14","10","5","30","30","72","7200000","445552","0.06188222222222222","23","39"
"13","10","5","30","30","94","9400000","443640","0.04719574468085106","13","17"
"15","10","5","30","30","27","2700000","210339","0.07790333333333334","26","46"
"14","10","5","30","30","73","7300000","450162","0.06166602739726027","21","41"
"13","10","5","30","30","95","9500000","445816","0.046928","13","17"
"15","10","5","30","30","28","2800000","214794","0.07671214285714285","29","57"
"13","10","5","30","30","96","9600000","448080","0.046675","13","18"
"14","10","5","30","30","74","7400000","454740","0.06145135135135135","23","41"
"15","10","5","30","30","29","2900000","219445","0.07567068965517242","28","52"
"13","10","5","30","30","97","9700000","450344","0.04642721649484536","13","23"
"14","10","5","30","30","75","7500000","459210","0.061228","21","32"
"13","10","5","30","30","98","9800000","452415","0.04616479591836735","13","17"
"15","10","5","30","30","30","3000000","224018","0.07467266666666666","25","42"
"14","10","5","30","30","76","7600000","463674","0.06100973684210526","21","40"
"13","10","5","30","30","99","9900000","454274","0.04588626262626263","13","16"
"15","10","5","30","30","31","3100000","228307","0.0736474193548387","27","43"
"14","10","5","30","30","77","7700000","467969","0.060775194805194804","19","34"
"13","10","5","30","30","100","10000000","456350","0.045635","13","14"
"15","10","5","30","30","32","3200000","233106","0.072845625","24","46"
"14","10","5","30","30","78","7800000","472456","0.06057128205128205","22","47"
"13","10","5","30","30","101","10100000","458014","0.04534792079207921","12","13"
"15","10","5","30","30","33","3300000","237772","0.0720521212121212","29","55"
"14","10","5","30","30","79","7900000","476897","0.060366708860759496","19","36"
"13","10","5","30","30","102","10200000","459587","0.045057549019607845","12","15"
"14","10","5","30","30","80","8000000","481594","0.06019925","21","51"
"15","10","5","30","30","34","3400000","242110","0.07120882352941177","26","54"
"13","10","5","30","30","103","10300000","461530","0.04480873786407767","12","16"
"14","10","5","30","30","81","8100000","486503","0.0600620987654321","18","37"
"15","10","5","30","30","35","3500000","245980","0.07028","23","38"
"13","10","5","30","30","104","10400000","463095","0.04452836538461538","12","17"
"14","10","5","30","30","82","8200000","491162","0.05989780487804878","18","30"
"15","10","5","30","30","36","3600000","250219","0.06950527777777778","23","40"
"13","10","5","30","30","105","10500000","464773","0.04426409523809524","12","16"
"14","10","5","30","30","83","8300000","495438","0.05969132530120482","19","34"
"15","10","5","30","30","37","3700000","254279","0.06872405405405406","25","39"
"13","10","5","30","30","106","10600000","466395","0.04399952830188679","12","14"
"14","10","5","30","30","84","8400000","499697","0.059487738095238094","17","33"
"15","10","5","30","30","38","3800000","258418","0.06800473684210526","23","43"
"13","10","5","30","30","107","10700000","468082","0.043745981308411216","12","14"
"14","10","5","30","30","85","8500000","503772","0.05926729411764706","14","28"
"15","10","5","30","30","39","3900000","262135","0.06721410256410257","20","31"
"13","10","5","30","30","108","10800000","469653","0.04348638888888889","12","13"
"14","10","5","30","30","86","8600000","507789","0.05904523255813954","15","34"
"15","10","5","30","30","40","4000000","265682","0.0664205","18","31"
"13","10","5","30","30","109","10900000","471097","0.04321990825688073","12","16"
"14","10","5","30","30","87","8700000","512013","0.05885206896551724","18","34"
"15","10","5","30","30","41","4100000","268662","0.06552731707317073","18","29"
"13","10","5","30","30","110","11000000","472570","0.04296090909090909","12","14"
"14","10","5","30","30","88","8800000","516356","0.058676818181818184","17","30"
"15","10","5","30","30","42","4200000","271443","0.06462928571428571","18","24"
"13","10","5","30","30","111","11100000","474096","0.04271135135135135","12","13"
"14","10","5","30","30","89","8900000","520639","0.05849876404494382","14","24"
"15","10","5","30","30","43","4300000","274299","0.06379046511627907","16","22"
"13","10","5","30","30","112","11200000","475521","0.04245723214285714","12","16"
"14","10","5","30","30","90","9000000","524725","0.05830277777777778","15","31"
"13","10","5","30","30","113","11300000","477097","0.042220973451327436","12","13"
"15","10","5","30","30","44","4400000","277407","0.06304704545454545","16","22"
"13","10","5","30","30","114","11400000","478545","0.04197763157894737","12","15"
"14","10","5","30","30","91","9100000","528824","0.05811252747252747","14","28"
"15","10","5","30","30","45","4500000","280193","0.06226511111111111","15","26"
"13","10","5","30","30","115","11500000","480004","0.041739478260869566","12","14"
"14","10","5","30","30","92","9200000","533001","0.05793489130434783","15","31"
"15","10","5","30","30","46","4600000","283239","0.06157369565217391","15","23"
"13","10","5","30","30","116","11600000","481675","0.04152370689655172","12","14"
"14","10","5","30","30","93","9300000","537394","0.057784301075268815","14","36"
"15","10","5","30","30","47","4700000","286130","0.06087872340425532","15","26"
"13","10","5","30","30","117","11700000","483037","0.04128521367521368","12","12"
"14","10","5","30","30","94","9400000","541857","0.05764436170212766","15","32"
"15","10","5","30","30","48","4800000","288942","0.06019625","14","28"
"13","10","5","30","30","118","11800000","484464","0.04105627118644068","12","18"
"14","10","5","30","30","95","9500000","546244","0.05749936842105263","14","28"
"15","10","5","30","30","49","4900000","291803","0.05955163265306122","15","23"
"13","10","5","30","30","119","11900000","485608","0.0408073949579832","12","12"
"14","10","5","30","30","96","9600000","549660","0.05725625","15","27"
"15","10","5","30","30","50","5000000","294823","0.0589646","15","20"
"13","10","5","30","30","120","12000000","486600","0.04055","12","12"
"14","10","5","30","30","97","9700000","552764","0.0569859793814433","13","22"
"15","10","5","30","30","51","5100000","297449","0.05832333333333333","15","23"
"13","10","5","30","30","121","12100000","487761","0.04031082644628099","12","13"
"14","10","5","30","30","98","9800000","555736","0.05670775510204082","14","20"
"15","10","5","30","30","52","5200000","300236","0.05773769230769231","15","22"
"13","10","5","30","30","122","12200000","488985","0.04008073770491803","12","12"
"14","10","5","30","30","99","9900000","558688","0.05643313131313131","13","26"
"15","10","5","30","30","53","5300000","302900","0.057150943396226415","15","22"
"13","10","5","30","30","123","12300000","489788","0.03982016260162602","11","11"
"14","10","5","30","30","100","10000000","561338","0.0561338","13","23"
"15","10","5","30","30","54","5400000","305513","0.056576481481481485","14","23"
"13","10","5","30","30","124","12400000","490330","0.03954274193548387","11","12"
"14","10","5","30","30","101","10100000","563918","0.055833465346534654","12","21"
"15","10","5","30","30","55","5500000","308183","0.05603327272727273","14","23"
"13","10","5","30","30","125","12500000","490824","0.03926592","11","13"
"14","10","5","30","30","102","10200000","566387","0.05552813725490196","12","17"
"15","10","5","30","30","56","5600000","310724","0.05548642857142857","14","21"
"13","10","5","30","30","126","12600000","491277","0.0389902380952381","11","14"
"14","10","5","30","30","103","10300000","569118","0.05525417475728155","12","19"
"15","10","5","30","30","57","5700000","313307","0.05496614035087719","14","18"
"13","10","5","30","30","127","12700000","491341","0.038688267716535434","11","11"
"14","10","5","30","30","104","10400000","571790","0.05497980769230769","11","18"
"13","10","5","30","30","128","12800000","491345","0.038386328125","10","10"
"15","10","5","30","30","58","5800000","315816","0.05445103448275862","14","22"
"16","10","5","30","30","0","0","0","0","898","900"
"14","10","5","30","30","105","10500000","573877","0.05465495238095238","10","15"
"15","10","5","30","30","59","5900000","318086","0.0539128813559322","14","21"
"16","10","5","30","30","1","100000","8155","0.08155","449","468"
"14","10","5","30","30","106","10600000","575752","0.05431622641509434","10","16"
"15","10","5","30","30","60","6000000","320380","0.05339666666666667","14","22"
"16","10","5","30","30","2","200000","18814","0.09407","376","416"
"14","10","5","30","30","107","10700000","577503","0.05397224299065421","9","12"
"15","10","5","30","30","61","6100000","322678","0.05289803278688525","14","23"
"16","10","5","30","30","3","300000","30471","0.10157","290","328"
"14","10","5","30","30","108","10800000","579236","0.053632962962962966","9","12"
"15","10","5","30","30","62","6200000","324818","0.05239","14","22"
"16","10","5","30","30","4","400000","42410","0.106025","217","260"
"14","10","5","30","30","109","10900000","580764","0.05328110091743119","7","11"
"15","10","5","30","30","63","6300000","327346","0.05195968253968254","14","22"
"16","10","5","30","30","5","500000","53716","0.107432","180","233"
"14","10","5","30","30","110","11000000","582165","0.05292409090909091","6","10"
"15","10","5","30","30","64","6400000","329522","0.0514878125","13","14"
"16","10","5","30","30","6","600000","64773","0.107955","145","195"
"14","10","5","30","30","111","11100000","583144","0.05253549549549549","5","5"
"15","10","5","30","30","65","6500000","331449","0.05099215384615385","12","21"
"14","10","5","30","30","112","11200000","584124","0.05215392857142857","5","7"
"16","10","5","30","30","7","700000","76129","0.10875571428571429","132","190"
"15","10","5","30","30","66","6600000","333372","0.05051090909090909","12","17"
"14","10","5","30","30","113","11300000","585047","0.051774070796460174","5","6"
"16","10","5","30","30","8","800000","87000","0.10875","121","190"
"15","10","5","30","30","67","6700000","334879","0.049981940298507464","11","13"
"14","10","5","30","30","114","11400000","585927","0.0513971052631579","5","5"
"16","10","5","30","30","9","900000","96837","0.10759666666666666","90","143"
"15","10","5","30","30","68","6800000","336168","0.0494364705882353","11","13"
"14","10","5","30","30","115","11500000","586851","0.05103052173913043","5","5"
"16","10","5","30","30","10","1000000","105947","0.105947","91","143"
"15","10","5","30","30","69","6900000","337261","0.04887840579710145","11","11"
"14","10","5","30","30","116","11600000","587825","0.05067456896551724","5","6"
"15","10","5","30","30","70","7000000","338401","0.048343","11","12"
"16","10","5","30","30","11","1100000","114732","0.10430181818181818","81","124"
"14","10","5","30","30","117","11700000","588765","0.05032179487179487","5","6"
"15","10","5","30","30","71","7100000","339451","0.04781","11","13"
"16","10","5","30","30","12","1200000","122543","0.10211916666666666","69","98"
"14","10","5","30","30","118","11800000","589812","0.04998406779661017","5","6"
"15","10","5","30","30","72","7200000","340617","0.047307916666666665","11","15"
"16","10","5","30","30","13","1300000","129774","0.09982615384615384","61","94"
"14","10","5","30","30","119","11900000","590733","0.04964142857142857","5","5"
"15","10","5","30","30","73","7300000","341732","0.046812602739726025","11","11"
"14","10","5","30","30","120","12000000","591707","0.04930891666666667","5","6"
"16","10","5","30","30","14","1400000","137404","0.09814571428571428","64","98"
"15","10","5","30","30","74","7400000","342487","0.04628202702702703","10","11"
"14","10","5","30","30","121","12100000","592656","0.048979834710743804","5","6"
"16","10","5","30","30","15","1500000","145012","0.09667466666666667","58","94"
"15","10","5","30","30","75","7500000","342916","0.04572213333333333","10","11"
"14","10","5","30","30","122","12200000","593533","0.04865024590163934","5","6"
"16","10","5","30","30","16","1600000","152284","0.0951775","59","96"
"15","10","5","30","30","76","7600000","342993","0.045130657894736845","9","9"
"17","10","5","30","30","0","0","0","0","897","900"
"14","10","5","30","30","123","12300000","594438","0.04832829268292683","5","5"
"16","10","5","30","30","17","1700000","159206","0.09365058823529412","46","77"
"17","10","5","30","30","1","100000","8456","0.08456","422","449"
"14","10","5","30","30","124","12400000","595261","0.04800491935483871","5","6"
"16","10","5","30","30","18","1800000","166079","0.0922661111111111","43","73"
"14","10","5","30","30","125","12500000","595993","0.04767944","5","5"
"17","10","5","30","30","2","200000","18608","0.09304","287","323"
"16","10","5","30","30","19","1900000","173016","0.09106105263157895","54","81"
"14","10","5","30","30","126","12600000","596442","0.047336666666666666","5","5"
"17","10","5","30","30","3","300000","28380","0.0946","207","241"
"16","10","5","30","30","20","2000000","179888","0.089944","41","72"
"14","10","5","30","30","127","12700000","596604","0.046976692913385826","4","4"
"18","10","5","30","30","0","0","0","0","898","900"
"17","10","5","30","30","4","400000","38148","0.09537","197","238"
"16","10","5","30","30","21","2100000","186352","0.08873904761904762","46","74"
"18","10","5","30","30","1","100000","8707","0.08707","420","451"
"17","10","5","30","30","5","500000","48218","0.096436","188","222"
"16","10","5","30","30","22","2200000","192391","0.08745045454545454","40","65"
"18","10","5","30","30","2","200000","20251","0.101255","324","371"
"17","10","5","30","30","6","600000","58158","0.09693","157","192"
"16","10","5","30","30","23","2300000","198100","0.08613043478260869","40","72"
"18","10","5","30","30","3","300000","31853","0.10617666666666667","234","280"
"17","10","5","30","30","7","700000","67867","0.09695285714285715","135","177"
"16","10","5","30","30","24","2400000","203675","0.08486458333333333","36","68"
"18","10","5","30","30","4","400000","42810","0.107025","209","269"
"17","10","5","30","30","8","800000","77537","0.09692125","128","171"
"16","10","5","30","30","25","2500000","209223","0.0836892","38","64"
"18","10","5","30","30","5","500000","52884","0.105768","148","185"
"17","10","5","30","30","9","900000","87011","0.09667888888888888","117","150"
"16","10","5","30","30","26","2600000","214851","0.082635","40","68"
"18","10","5","30","30","6","600000","61782","0.10297","120","170"
"17","10","5","30","30","10","1000000","96353","0.096353","116","166"
"16","10","5","30","30","27","2700000","220539","0.08168111111111111","29","49"
"18","10","5","30","30","7","700000","70855","0.10122142857142857","127","181"
"16","10","5","30","30","28","2800000","225540","0.08055","31","51"
"17","10","5","30","30","11","1100000","105660","0.09605454545454545","108","147"
"18","10","5","30","30","8","800000","79401","0.09925125","110","146"
"16","10","5","30","30","29","2900000","230738","0.0795648275862069","30","49"
"17","10","5","30","30","12","1200000","115121","0.09593416666666667","105","148"
"18","10","5","30","30","9","900000","87433","0.09714777777777778","102","135"
"16","10","5","30","30","30","3000000","235573","0.07852433333333333","28","50"
"17","10","5","30","30","13","1300000","124374","0.0956723076923077","81","129"
"18","10","5","30","30","10","1000000","95260","0.09526","108","155"
"16","10","5","30","30","31","3100000","240208","0.07748645161290323","29","58"
"17","10","5","30","30","14","1400000","132696","0.09478285714285714","65","95"
"18","10","5","30","30","11","1100000","103010","0.09364545454545455","97","149"
"16","10","5","30","30","32","3200000","244972","0.07655375","26","55"
"17","10","5","30","30","15","1500000","140408","0.09360533333333333","70","96"
"18","10","5","30","30","12","1200000","110559","0.0921325","81","113"
"16","10","5","30","30","33","3300000","249782","0.07569151515151515","24","50"
"17","10","5","30","30","16","1600000","147633","0.092270625","67","109"
"18","10","5","30","30","13","1300000","118582","0.09121692307692307","104","148"
"16","10","5","30","30","34","3400000","254733","0.0749214705882353","25","49"
"17","10","5","30","30","17","1700000","154954","0.09114941176470588","56","99"
"18","10","5","30","30","14","1400000","126868","0.09062","92","153"
"16","10","5","30","30","35","3500000","259637","0.074182","26","42"
"17","10","5","30","30","18","1800000","162259","0.09014388888888888","55","100"
"18","10","5","30","30","15","1500000","134302","0.08953466666666667","88","119"
"16","10","5","30","30","36","3600000","264087","0.0733575","21","42"
"17","10","5","30","30","19","1900000","169852","0.0893957894736842","51","86"
"18","10","5","30","30","16","1600000","141684","0.0885525","76","116"
"16","10","5","30","30","37","3700000","268729","0.07262945945945946","22","40"
"17","10","5","30","30","20","2000000","177043","0.0885215","58","102"
"18","10","5","30","30","17","1700000","149371","0.08786529411764706","79","118"
"16","10","5","30","30","38","3800000","272889","0.0718128947368421","17","31"
"17","10","5","30","30","21","2100000","184098","0.08766571428571429","48","95"
"18","10","5","30","30","18","1800000","156395","0.08688611111111111","61","97"
"16","10","5","30","30","39","3900000","276805","0.07097564102564102","17","41"
"17","10","5","30","30","22","2200000","191287","0.08694863636363637","47","74"
"18","10","5","30","30","19","1900000","163139","0.08586263157894737","70","109"
"16","10","5","30","30","40","4000000","280690","0.0701725","16","26"
"17","10","5","30","30","23","2300000","198212","0.0861791304347826","49","74"
"18","10","5","30","30","20","2000000","169944","0.084972","66","90"
"16","10","5","30","30","41","4100000","284612","0.06941756097560976","16","29"
"17","10","5","30","30","24","2400000","205189","0.08549541666666667","41","64"
"16","10","5","30","30","42","4200000","288675","0.06873214285714285","14","20"
"18","10","5","30","30","21","2100000","176269","0.08393761904761905","64","96"
"17","10","5","30","30","25","2500000","211713","0.0846852","41","76"
"16","10","5","30","30","43","4300000","292741","0.06807930232558139","14","28"
"18","10","5","30","30","22","2200000","182898","0.08313545454545454","56","91"
"17","10","5","30","30","26","2600000","218227","0.08393346153846154","37","73"
"16","10","5","30","30","44","4400000","296688","0.06742909090909091","13","24"
"18","10","5","30","30","23","2300000","189007","0.08217695652173913","58","80"
"16","10","5","30","30","45","4500000","299909","0.06664644444444444","10","11"
"17","10","5","30","30","27","2700000","224302","0.08307481481481481","39","78"
"18","10","5","30","30","24","2400000","195425","0.08142708333333333","55","87"
"16","10","5","30","30","46","4600000","302689","0.06580195652173913","10","15"
"17","10","5","30","30","28","2800000","230174","0.082205","36","74"
"18","10","5","30","30","25","2500000","202136","0.0808544","46","70"
"16","10","5","30","30","47","4700000","305384","0.06497531914893617","10","14"
"17","10","5","30","30","29","2900000","236344","0.08149793103448276","36","62"
"18","10","5","30","30","26","2600000","208234","0.08009","56","84"
"16","10","5","30","30","48","4800000","307854","0.06413625","10","14"
"17","10","5","30","30","30","3000000","242077","0.08069233333333334","35","55"
"18","10","5","30","30","27","2700000","214899","0.07959222222222222","56","93"
"16","10","5","30","30","49","4900000","310588","0.06338530612244898","10","13"
"17","10","5","30","30","31","3100000","247276","0.07976645161290323","36","70"
"18","10","5","30","30","28","2800000","221441","0.07908607142857142","51","76"
"16","10","5","30","30","50","5000000","313406","0.0626812","10","14"
"17","10","5","30","30","32","3200000","252767","0.0789896875","32","63"
"18","10","5","30","30","29","2900000","228002","0.07862137931034482","41","75"
"16","10","5","30","30","51","5100000","315527","0.061868039215686274","8","9"
"17","10","5","30","30","33","3300000","258155","0.07822878787878788","34","61"
"18","10","5","30","30","30","3000000","234159","0.078053","43","68"
"16","10","5","30","30","52","5200000","317222","0.06100423076923077","8","9"
"17","10","5","30","30","34","3400000","263418","0.07747588235294117","30","45"
"18","10","5","30","30","31","3100000","239933","0.07739774193548388","49","81"
"16","10","5","30","30","53","5300000","319222","0.06023056603773585","8","11"
"17","10","5","30","30","35","3500000","268497","0.07671342857142857","33","53"
"18","10","5","30","30","32","3200000","245091","0.0765909375","41","56"
"16","10","5","30","30","54","5400000","321019","0.059447962962962966","8","12"
"17","10","5","30","30","36","3600000","272983","0.07582861111111111","24","33"
"18","10","5","30","30","33","3300000","249885","0.07572272727272727","37","57"
"16","10","5","30","30","55","5500000","322866","0.05870290909090909","8","10"
"17","10","5","30","30","37","3700000","277426","0.07498","30","47"
"18","10","5","30","30","34","3400000","254796","0.07494","39","65"
"16","10","5","30","30","56","5600000","324270","0.05790535714285714","7","8"
"17","10","5","30","30","38","3800000","281431","0.0740607894736842","27","43"
"18","10","5","30","30","35","3500000","259520","0.07414857142857142","34","60"
"16","10","5","30","30","57","5700000","325711","0.05714228070175439","7","8"
"17","10","5","30","30","39","3900000","285905","0.07330897435897436","26","35"
"18","10","5","30","30","36","3600000","264129","0.07336916666666667","32","58"
"16","10","5","30","30","58","5800000","327215","0.05641637931034483","7","11"
"17","10","5","30","30","40","4000000","290321","0.07258025","32","46"
"18","10","5","30","30","37","3700000","268613","0.07259810810810811","29","52"
"16","10","5","30","30","59","5900000","328796","0.05572813559322034","7","9"
"17","10","5","30","30","41","4100000","294207","0.07175780487804878","21","38"
"18","10","5","30","30","38","3800000","273327","0.07192815789473685","31","52"
"16","10","5","30","30","60","6000000","330191","0.055031833333333335","7","9"
"17","10","5","30","30","42","4200000","298096","0.07097523809523809","21","35"
"18","10","5","30","30","39","3900000","277361","0.07111820512820513","35","59"
"16","10","5","30","30","61","6100000","331007","0.05426344262295082","6","7"
"17","10","5","30","30","43","4300000","302078","0.0702506976744186","21","32"
"18","10","5","30","30","40","4000000","281555","0.07038875","30","43"
"16","10","5","30","30","62","6200000","331533","0.05347306451612903","6","7"
"17","10","5","30","30","44","4400000","306135","0.06957613636363637","23","33"
"16","10","5","30","30","63","6300000","332184","0.05272761904761905","6","6"
"18","10","5","30","30","41","4100000","285914","0.06973512195121952","29","50"
"16","10","5","30","30","64","6400000","333004","0.052031875","6","7"
"17","10","5","30","30","45","4500000","309998","0.06888844444444445","22","39"
"18","10","5","30","30","42","4200000","290134","0.06907952380952381","27","42"
"16","10","5","30","30","65","6500000","333503","0.051308153846153844","6","6"
"17","10","5","30","30","46","4600000","313817","0.06822108695652174","20","28"
"18","10","5","30","30","43","4300000","294245","0.06842906976744186","29","51"
"16","10","5","30","30","66","6600000","333877","0.05058742424242424","6","6"
"17","10","5","30","30","47","4700000","317620","0.06757872340425532","19","29"
"18","10","5","30","30","44","4400000","298495","0.06783977272727272","26","42"
"16","10","5","30","30","67","6700000","333924","0.049839402985074624","5","5"
"19","10","5","30","30","0","0","0","0","896","900"
"17","10","5","30","30","48","4800000","321578","0.06699541666666667","19","31"
"18","10","5","30","30","45","4500000","302962","0.06732488888888889","22","39"
"17","10","5","30","30","49","4900000","325471","0.0664226530612245","22","29"
"19","10","5","30","30","1","100000","8298","0.08298","436","457"
"18","10","5","30","30","46","4600000","307212","0.06678521739130434","23","44"
"17","10","5","30","30","50","5000000","329305","0.065861","16","22"
"19","10","5","30","30","2","200000","18200","0.091","296","331"
"18","10","5","30","30","47","4700000","311377","0.06625042553191489","22","41"
"17","10","5","30","30","51","5100000","332706","0.0652364705882353","19","29"
"18","10","5","30","30","48","4800000","315178","0.06566208333333333","23","34"
"19","10","5","30","30","3","300000","28523","0.09507666666666667","239","274"
"17","10","5","30","30","52","5200000","336144","0.06464307692307693","20","31"
"18","10","5","30","30","49","4900000","318738","0.06504857142857143","24","36"
"19","10","5","30","30","4","400000","39246","0.098115","186","235"
"17","10","5","30","30","53","5300000","339000","0.0639622641509434","14","31"
"18","10","5","30","30","50","5000000","322216","0.0644432","22","34"
"19","10","5","30","30","5","500000","49856","0.099712","162","208"
"17","10","5","30","30","54","5400000","341793","0.063295","12","22"
"18","10","5","30","30","51","5100000","325389","0.06380176470588235","20","32"
"19","10","5","30","30","6","600000","60288","0.10048","125","181"
"17","10","5","30","30","55","5500000","344346","0.06260836363636364","11","16"
"18","10","5","30","30","52","5200000","328593","0.06319096153846154","19","37"
"19","10","5","30","30","7","700000","69733","0.09961857142857143","107","152"
"17","10","5","30","30","56","5600000","346921","0.06195017857142857","11","14"
"18","10","5","30","30","53","5300000","331933","0.0626288679245283","17","28"
"19","10","5","30","30","8","800000","79228","0.099035","121","175"
"17","10","5","30","30","57","5700000","349375","0.06129385964912281","11","19"
"18","10","5","30","30","54","5400000","335004","0.062037777777777775","18","25"
"19","10","5","30","30","9","900000","88638","0.09848666666666667","120","168"
"17","10","5","30","30","58","5800000","351976","0.060685517241379314","11","14"
"18","10","5","30","30","55","5500000","338060","0.061465454545454545","16","30"
"19","10","5","30","30","10","1000000","98524","0.098524","115","159"
"17","10","5","30","30","59","5900000","354497","0.06008423728813559","11","17"
"18","10","5","30","30","56","5600000","341031","0.06089839285714286","17","27"
"19","10","5","30","30","11","1100000","108045","0.09822272727272727","90","135"
"17","10","5","30","30","60","6000000","356650","0.059441666666666663","11","17"
"18","10","5","30","30","57","5700000","343849","0.06032438596491228","15","23"
"19","10","5","30","30","12","1200000","116869","0.09739083333333333","87","124"
"17","10","5","30","30","61","6100000","358902","0.05883639344262295","12","18"
"18","10","5","30","30","58","5800000","346797","0.05979258620689655","14","15"
"17","10","5","30","30","62","6200000","361036","0.05823161290322581","10","16"
"19","10","5","30","30","13","1300000","125515","0.09655","61","113"
"18","10","5","30","30","59","5900000","349755","0.05928050847457627","13","25"
"17","10","5","30","30","63","6300000","363476","0.057694603174603176","9","12"
"18","10","5","30","30","60","6000000","352519","0.05875316666666667","11","13"
"19","10","5","30","30","14","1400000","133687","0.09549071428571429","61","96"
"17","10","5","30","30","64","6400000","365563","0.05711921875","9","14"
"18","10","5","30","30","61","6100000","354839","0.058170327868852456","10","12"
"19","10","5","30","30","15","1500000","141966","0.094644","52","91"
"17","10","5","30","30","65","6500000","367769","0.056579846153846154","8","16"
"18","10","5","30","30","62","6200000","357054","0.05758935483870968","10","12"
"19","10","5","30","30","16","1600000","150174","0.09385875","52","91"
"17","10","5","30","30","66","6600000","369712","0.0560169696969697","8","15"
"18","10","5","30","30","63","6300000","359333","0.05703698412698413","10","13"
"19","10","5","30","30","17","1700000","157353","0.09256058823529412","39","72"
"17","10","5","30","30","67","6700000","371526","0.055451641791044774","8","13"
"18","10","5","30","30","64","6400000","361700","0.056515625","10","11"
"19","10","5","30","30","18","1800000","163985","0.09110277777777778","39","76"
"17","10","5","30","30","68","6800000","372980","0.05485","8","12"
"18","10","5","30","30","65","6500000","363975","0.05599615384615385","10","15"
"19","10","5","30","30","19","1900000","170460","0.08971578947368421","31","60"
"17","10","5","30","30","69","6900000","374534","0.05428028985507247","8","13"
"18","10","5","30","30","66","6600000","366114","0.055471818181818185","10","13"
"19","10","5","30","30","20","2000000","176257","0.0881285","28","46"
"17","10","5","30","30","70","7000000","375911","0.05370157142857143","8","8"
"18","10","5","30","30","67","6700000","368304","0.054970746268656716","10","13"
"19","10","5","30","30","21","2100000","181452","0.08640571428571428","20","34"
"17","10","5","30","30","71","7100000","376934","0.05308929577464789","6","6"
"18","10","5","30","30","68","6800000","370487","0.05448338235294117","11","16"
"19","10","5","30","30","22","2200000","186125","0.08460227272727272","20","45"
"17","10","5","30","30","72","7200000","377693","0.052457361111111114","6","7"
"18","10","5","30","30","69","6900000","372515","0.05398768115942029","10","12"
"19","10","5","30","30","23","2300000","190824","0.08296695652173913","18","28"
"17","10","5","30","30","73","7300000","378388","0.051833972602739725","6","8"
"18","10","5","30","30","70","7000000","374601","0.053514428571428574","10","11"
"19","10","5","30","30","24","2400000","195304","0.08137666666666667","17","40"
"17","10","5","30","30","74","7400000","379030","0.05122027027027027","6","8"
"18","10","5","30","30","71","7100000","376814","0.053072394366197186","10","12"
"19","10","5","30","30","25","2500000","199897","0.0799588","16","30"
"17","10","5","30","30","75","7500000","379680","0.050624","6","8"
"18","10","5","30","30","72","7200000","379007","0.05263986111111111","10","14"
"19","10","5","30","30","26","2600000","204369","0.07860346153846154","14","25"
"17","10","5","30","30","76","7600000","380107","0.05001407894736842","6","8"
"18","10","5","30","30","73","7300000","381424","0.05224986301369863","10","14"
"19","10","5","30","30","27","2700000","208375","0.07717592592592593","12","28"
"17","10","5","30","30","77","7700000","380564","0.0494238961038961","6","7"
"18","10","5","30","30","74","7400000","383621","0.05184067567567568","10","11"
"17","10","5","30","30","78","7800000","380854","0.0488274358974359","6","6"
"19","10","5","30","30","28","2800000","211638","0.075585","10","19"
"18","10","5","30","30","75","7500000","385803","0.0514404","10","12"
"17","10","5","30","30","79","7900000","381292","0.04826481012658228","6","9"
"19","10","5","30","30","29","2900000","215220","0.07421379310344828","11","18"
"18","10","5","30","30","76","7600000","387730","0.05101710526315789","10","14"
"17","10","5","30","30","80","8000000","381606","0.04770075","6","6"
"19","10","5","30","30","30","3000000","218546","0.07284866666666667","10","19"
"18","10","5","30","30","77","7700000","389555","0.050591558441558444","9","9"
"17","10","5","30","30","81","8100000","381799","0.04713567901234568","5","5"
"20","10","5","30","30","0","0","0","0","895","900"
"19","10","5","30","30","31","3100000","221748","0.07153161290322581","10","20"
"18","10","5","30","30","78","7800000","390925","0.05011858974358974","9","11"
"19","10","5","30","30","32","3200000","224911","0.0702846875","10","16"
"18","10","5","30","30","79","7900000","392200","0.04964556962025316","9","13"
"20","10","5","30","30","1","100000","8028","0.08028","430","447"
"18","10","5","30","30","80","8000000","393366","0.04917075","9","10"
"19","10","5","30","30","33","3300000","228058","0.06910848484848485","10","15"
"20","10","5","30","30","2","200000","18326","0.09163","313","341"
"18","10","5","30","30","81","8100000","394503","0.04870407407407407","10","12"
"19","10","5","30","30","34","3400000","231342","0.06804176470588236","9","24"
"20","10","5","30","30","3","300000","29648","0.09882666666666666","268","322"
"18","10","5","30","30","82","8200000","395962","0.048288048780487806","10","14"
"19","10","5","30","30","35","3500000","234033","0.06686657142857143","8","19"
"20","10","5","30","30","4","400000","41570","0.103925","206","239"
"18","10","5","30","30","83","8300000","397401","0.04787963855421687","9","11"
"19","10","5","30","30","36","3600000","236894","0.06580388888888888","9","26"
"20","10","5","30","30","5","500000","52465","0.10493","172","223"
"18","10","5","30","30","84","8400000","398472","0.04743714285714286","9","9"
"19","10","5","30","30","37","3700000","239608","0.06475891891891893","9","20"
"20","10","5","30","30","6","600000","62818","0.10469666666666666","153","212"
"18","10","5","30","30","85","8500000","399207","0.046965529411764705","9","10"
"19","10","5","30","30","38","3800000","242650","0.06385526315789473","9","27"
"20","10","5","30","30","7","700000","72540","0.10362857142857143","154","202"
"18","10","5","30","30","86","8600000","399832","0.04649209302325581","9","10"
"19","10","5","30","30","39","3900000","245664","0.06299076923076923","8","18"
"18","10","5","30","30","87","8700000","400229","0.046003333333333334","8","8"
"20","10","5","30","30","8","800000","82069","0.10258625","127","173"
"19","10","5","30","30","40","4000000","248618","0.0621545","9","17"
"18","10","5","30","30","88","8800000","400286","0.045487045454545454","7","7"
"21","10","5","30","30","0","0","0","0","897","900"
"20","10","5","30","30","9","900000","91266","0.10140666666666667","121","178"
"19","10","5","30","30","41","4100000","251487","0.06133829268292683","9","17"
"21","10","5","30","30","1","100000","8175","0.08175","465","493"
"19","10","5","30","30","42","4200000","254293","0.06054595238095238","8","12"
"20","10","5","30","30","10","1000000","100647","0.100647","112","159"
"21","10","5","30","30","2","200000","17958","0.08979","298","333"
"19","10","5","30","30","43","4300000","257417","0.059864418604651165","8","15"
"20","10","5","30","30","11","1100000","110134","0.10012181818181819","106","164"
"21","10","5","30","30","3","300000","27819","0.09273","226","258"
"19","10","5","30","30","44","4400000","260637","0.05923568181818182","8","16"
"20","10","5","30","30","12","1200000","119288","0.09940666666666667","91","136"
"19","10","5","30","30","45","4500000","263824","0.05862755555555556","9","22"
"21","10","5","30","30","4","400000","38011","0.0950275","208","260"
"20","10","5","30","30","13","1300000","128007","0.09846692307692308","83","140"
"19","10","5","30","30","46","4600000","266793","0.05799847826086957","8","19"
"21","10","5","30","30","5","500000","48100","0.0962","154","195"
"20","10","5","30","30","14","1400000","136519","0.09751357142857142","89","138"
"19","10","5","30","30","47","4700000","269604","0.05736255319148936","8","14"
"21","10","5","30","30","6","600000","56921","0.09486833333333333","130","182"
"20","10","5","30","30","15","1500000","144615","0.09641","75","117"
"19","10","5","30","30","48","4800000","272538","0.05677875","8","20"
"21","10","5","30","30","7","700000","65362","0.09337428571428572","128","173"
"20","10","5","30","30","16","1600000","151999","0.094999375","62","109"
"19","10","5","30","30","49","4900000","275480","0.056220408163265304","8","21"
"21","10","5","30","30","8","800000","73329","0.09166125","106","147"
"20","10","5","30","30","17","1700000","159370","0.0937470588235294","55","80"
"19","10","5","30","30","50","5000000","278387","0.0556774","8","24"
"21","10","5","30","30","9","900000","79970","0.08885555555555555","103","137"
"20","10","5","30","30","18","1800000","166696","0.0926088888888889","58","86"
"19","10","5","30","30","51","5100000","281362","0.05516901960784314","6","18"
"21","10","5","30","30","10","1000000","86746","0.086746","93","129"
"20","10","5","30","30","19","1900000","173133","0.09112263157894737","56","81"
"19","10","5","30","30","52","5200000","283788","0.05457461538461539","5","12"
"21","10","5","30","30","11","1100000","92883","0.08443909090909091","83","101"
"19","10","5","30","30","53","5300000","285591","0.053885094339622644","5","12"
"20","10","5","30","30","20","2000000","179052","0.089526","48","70"
"21","10","5","30","30","12","1200000","98507","0.08208916666666667","73","94"
"19","10","5","30","30","54","5400000","287323","0.053207962962962964","5","11"
"20","10","5","30","30","21","2100000","184813","0.08800619047619047","52","73"
"21","10","5","30","30","13","1300000","104144","0.08011076923076924","61","95"
"19","10","5","30","30","55","5500000","289283","0.05259690909090909","5","15"
"20","10","5","30","30","22","2200000","190882","0.08676454545454546","50","90"
"21","10","5","30","30","14","1400000","109133","0.07795214285714286","60","85"
"19","10","5","30","30","56","5600000","291197","0.05199946428571429","5","15"
"20","10","5","30","30","23","2300000","196827","0.08557695652173913","47","74"
"21","10","5","30","30","15","1500000","113749","0.07583266666666667","54","74"
"19","10","5","30","30","57","5700000","293271","0.051451052631578946","5","9"
"20","10","5","30","30","24","2400000","202437","0.08434875","50","69"
"21","10","5","30","30","16","1600000","118687","0.074179375","47","64"
"19","10","5","30","30","58","5800000","295190","0.0508948275862069","5","10"
"20","10","5","30","30","25","2500000","207536","0.0830144","41","55"
"21","10","5","30","30","17","1700000","124031","0.07295941176470588","54","91"
"19","10","5","30","30","59","5900000","296969","0.050333728813559325","5","10"
"20","10","5","30","30","26","2600000","212685","0.08180192307692308","43","70"
"21","10","5","30","30","18","1800000","129192","0.07177333333333333","52","74"
"19","10","5","30","30","60","6000000","298907","0.04981783333333333","5","14"
"20","10","5","30","30","27","2700000","217838","0.08068074074074075","40","58"
"21","10","5","30","30","19","1900000","134091","0.0705742105263158","41","59"
"19","10","5","30","30","61","6100000","300893","0.04932672131147541","5","7"
"20","10","5","30","30","28","2800000","222523","0.0794725","39","64"
"21","10","5","30","30","20","2000000","138433","0.0692165","35","55"
"19","10","5","30","30","62","6200000","302792","0.04883741935483871","5","16"
"20","10","5","30","30","29","2900000","227479","0.07844103448275862","35","57"
"19","10","5","30","30","63","6300000","304649","0.04835698412698413","5","13"
"21","10","5","30","30","21","2100000","142474","0.06784476190476191","35","53"
"20","10","5","30","30","30","3000000","232346","0.07744866666666667","33","52"
"19","10","5","30","30","64","6400000","306646","0.0479134375","5","11"
"21","10","5","30","30","22","2200000","145727","0.06623954545454545","39","49"
"20","10","5","30","30","31","3100000","237339","0.07656096774193548","33","51"
"19","10","5","30","30","65","6500000","308592","0.04747569230769231","4","8"
"21","10","5","30","30","23","2300000","148872","0.06472695652173913","36","57"
"19","10","5","30","30","66","6600000","310729","0.04708015151515151","4","8"
"20","10","5","30","30","32","3200000","241955","0.0756109375","28","53"
"21","10","5","30","30","24","2400000","151728","0.06322","40","51"
"19","10","5","30","30","67","6700000","312733","0.0466765671641791","5","10"
"20","10","5","30","30","33","3300000","246852","0.07480363636363636","27","44"
"21","10","5","30","30","25","2500000","154524","0.0618096","37","53"
"19","10","5","30","30","68","6800000","314472","0.04624588235294118","4","4"
"20","10","5","30","30","34","3400000","251279","0.07390558823529411","26","37"
"21","10","5","30","30","26","2600000","157470","0.06056538461538462","37","52"
"19","10","5","30","30","69","6900000","315951","0.04579","4","7"
"21","10","5","30","30","27","2700000","160549","0.059462592592592595","33","53"
"20","10","5","30","30","35","3500000","255552","0.07301485714285715","25","51"
"19","10","5","30","30","70","7000000","317397","0.04534242857142857","4","7"
"21","10","5","30","30","28","2800000","163624","0.058437142857142854","32","46"
"20","10","5","30","30","36","3600000","259626","0.07211833333333334","25","41"
"19","10","5","30","30","71","7100000","318387","0.04484323943661972","3","3"
"21","10","5","30","30","29","2900000","166676","0.05747448275862069","32","43"
"20","10","5","30","30","37","3700000","263805","0.07129864864864865","26","46"
"19","10","5","30","30","72","7200000","319303","0.04434763888888889","3","3"
"21","10","5","30","30","30","3000000","169745","0.05658166666666667","31","44"
"20","10","5","30","30","38","3800000","268032","0.07053473684210526","24","43"
"19","10","5","30","30","73","7300000","320270","0.04387260273972603","3","5"
"21","10","5","30","30","31","3100000","172749","0.05572548387096774","28","44"
"20","10","5","30","30","39","3900000","272506","0.06987333333333333","29","49"
"19","10","5","30","30","74","7400000","321190","0.04340405405405406","3","3"
"21","10","5","30","30","32","3200000","175896","0.0549675","28","45"
"20","10","5","30","30","40","4000000","276935","0.06923375","22","36"
"19","10","5","30","30","75","7500000","322162","0.042954933333333334","3","4"
"21","10","5","30","30","33","3300000","179079","0.05426636363636363","24","32"
"20","10","5","30","30","41","4100000","280776","0.0684819512195122","21","33"
"19","10","5","30","30","76","7600000","323073","0.0425096052631579","3","4"
"21","10","5","30","30","34","3400000","182648","0.05372","28","47"
"20","10","5","30","30","42","4200000","284381","0.06770976190476191","21","33"
"19","10","5","30","30","77","7700000","324024","0.04208103896103896","3","3"
"21","10","5","30","30","35","3500000","185349","0.052956857142857146","24","41"
"20","10","5","30","30","43","4300000","287737","0.06691558139534884","19","29"
"19","10","5","30","30","78","7800000","324889","0.0416524358974359","3","4"
"21","10","5","30","30","36","3600000","188381","0.05232805555555556","24","42"
"20","10","5","30","30","44","4400000","291045","0.0661465909090909","18","26"
"19","10","5","30","30","79","7900000","325827","0.04124392405063291","3","5"
"21","10","5","30","30","37","3700000","190757","0.051555945945945945","23","36"
"20","10","5","30","30","45","4500000","294678","0.065484","17","23"
"19","10","5","30","30","80","8000000","326802","0.04085025","3","4"
"21","10","5","30","30","38","3800000","192661","0.050700263157894734","17","25"
"19","10","5","30","30","81","8100000","327912","0.040482962962962964","3","4"
"20","10","5","30","30","46","4600000","298082","0.06480043478260869","19","27"
"21","10","5","30","30","39","3900000","194604","0.04989846153846154","16","23"
"19","10","5","30","30","82","8200000","328970","0.040118292682926826","3","4"
"20","10","5","30","30","47","4700000","301227","0.06409085106382979","18","27"
"21","10","5","30","30","40","4000000","196690","0.0491725","15","24"
"19","10","5","30","30","83","8300000","329936","0.03975132530120482","3","4"
"20","10","5","30","30","48","4800000","303887","0.06330979166666667","16","20"
"21","10","5","30","30","41","4100000","198578","0.048433658536585364","17","26"
"19","10","5","30","30","84","8400000","331019","0.03940702380952381","3","5"
"20","10","5","30","30","49","4900000","306532","0.06255755102040816","16","22"
"21","10","5","30","30","42","4200000","200413","0.047717380952380956","17","26"
"19","10","5","30","30","85","8500000","332115","0.03907235294117647","3","4"
"20","10","5","30","30","50","5000000","309324","0.0618648","17","25"
"21","10","5","30","30","43","4300000","202160","0.04701395348837209","18","34"
"19","10","5","30","30","86","8600000","333137","0.03873686046511628","3","4"
"20","10","5","30","30","51","5100000","311907","0.061158235294117645","17","24"
"21","10","5","30","30","44","4400000","203984","0.04636","17","32"
"19","10","5","30","30","87","8700000","334379","0.038434367816091955","3","5"
"20","10","5","30","30","52","5200000","314412","0.06046384615384615","16","19"
"21","10","5","30","30","45","4500000","205696","0.04571022222222222","14","19"
"19","10","5","30","30","88","8800000","335290","0.038101136363636365","3","3"
"20","10","5","30","30","53","5300000","317004","0.05981207547169811","16","27"
"21","10","5","30","30","46","4600000","207016","0.04500347826086957","16","21"
"19","10","5","30","30","89","8900000","335992","0.03775191011235955","3","3"
"20","10","5","30","30","54","5400000","319283","0.05912648148148148","16","19"
"21","10","5","30","30","47","4700000","208704","0.044405106382978725","18","24"
"19","10","5","30","30","90","9000000","336794","0.037421555555555555","3","5"
"20","10","5","30","30","55","5500000","321934","0.05853345454545455","16","21"
"21","10","5","30","30","48","4800000","210102","0.04377125","14","29"
"19","10","5","30","30","91","9100000","337433","0.03708054945054945","3","5"
"20","10","5","30","30","56","5600000","324175","0.05788839285714286","16","22"
"21","10","5","30","30","49","4900000","211304","0.04312326530612245","15","20"
"19","10","5","30","30","92","9200000","338130","0.036753260869565214","3","4"
"20","10","5","30","30","57","5700000","326428","0.0572680701754386","16","19"
"21","10","5","30","30","50","5000000","212728","0.0425456","15","23"
"19","10","5","30","30","93","9300000","338959","0.036447204301075266","3","4"
"20","10","5","30","30","58","5800000","328653","0.056664310344827586","16","21"
"21","10","5","30","30","51","5100000","213972","0.041955294117647056","14","24"
"19","10","5","30","30","94","9400000","339752","0.036143829787234044","3","5"
"20","10","5","30","30","59","5900000","330476","0.0560128813559322","15","16"
"21","10","5","30","30","52","5200000","215330","0.041409615384615385","12","17"
"19","10","5","30","30","95","9500000","340392","0.03583073684210526","3","3"
"20","10","5","30","30","60","6000000","331657","0.05527616666666667","15","16"
"21","10","5","30","30","53","5300000","216732","0.040892830188679244","13","18"
"19","10","5","30","30","96","9600000","340851","0.0355053125","3","3"
"20","10","5","30","30","61","6100000","332755","0.05455","15","16"
"19","10","5","30","30","97","9700000","341294","0.03518494845360825","3","4"
"21","10","5","30","30","54","5400000","218242","0.040415185185185186","12","18"
"20","10","5","30","30","62","6200000","333690","0.05382096774193548","14","14"
"19","10","5","30","30","98","9800000","341392","0.03483591836734694","2","2"
"21","10","5","30","30","55","5500000","219467","0.03990309090909091","12","18"
"22","10","5","30","30","0","0","0","0","895","900"
"20","10","5","30","30","63","6300000","334482","0.05309238095238095","13","15"
"21","10","5","30","30","56","5600000","220633","0.03939875","12","16"
"22","10","5","30","30","1","100000","8858","0.08858","429","447"
"20","10","5","30","30","64","6400000","335136","0.052365","13","14"
"21","10","5","30","30","57","5700000","221828","0.03891719298245614","11","14"
"22","10","5","30","30","2","200000","19392","0.09696","310","353"
"20","10","5","30","30","65","6500000","335889","0.05167523076923077","13","13"
"21","10","5","30","30","58","5800000","223036","0.03845448275862069","11","15"
"22","10","5","30","30","3","300000","30590","0.10196666666666666","232","269"
"20","10","5","30","30","66","6600000","336372","0.05096545454545454","13","13"
"21","10","5","30","30","59","5900000","224586","0.03806542372881356","12","16"
"22","10","5","30","30","4","400000","41526","0.103815","225","254"
"20","10","5","30","30","67","6700000","336819","0.05027149253731343","12","12"
"21","10","5","30","30","60","6000000","225852","0.037642","12","17"
"22","10","5","30","30","5","500000","52151","0.104302","176","214"
"20","10","5","30","30","68","6800000","336843","0.049535735294117644","11","11"
"23","10","5","30","30","0","0","0","0","895","900"
"21","10","5","30","30","61","6100000","227135","0.03723524590163935","11","15"
"22","10","5","30","30","6","600000","62042","0.10340333333333333","129","171"
"23","10","5","30","30","1","100000","8958","0.08958","483","509"
"21","10","5","30","30","62","6200000","228296","0.03682193548387097","11","14"
"22","10","5","30","30","7","700000","71900","0.10271428571428572","117","152"
"21","10","5","30","30","63","6300000","229670","0.036455555555555554","11","12"
"23","10","5","30","30","2","200000","21118","0.10559","321","358"
"22","10","5","30","30","8","800000","81105","0.10138125","133","187"
"21","10","5","30","30","64","6400000","231010","0.0360953125","12","15"
"23","10","5","30","30","3","300000","33086","0.11028666666666667","233","281"
"22","10","5","30","30","9","900000","89820","0.0998","127","177"
"21","10","5","30","30","65","6500000","232550","0.035776923076923074","11","12"
"23","10","5","30","30","4","400000","45109","0.1127725","220","271"
"21","10","5","30","30","66","6600000","233928","0.035443636363636365","12","15"
"22","10","5","30","30","10","1000000","99168","0.099168","104","163"
"23","10","5","30","30","5","500000","56814","0.113628","177","232"
"21","10","5","30","30","67","6700000","235431","0.035138955223880594","12","16"
"22","10","5","30","30","11","1100000","107892","0.09808363636363636","100","143"
"23","10","5","30","30","6","600000","67898","0.11316333333333334","150","208"
"21","10","5","30","30","68","6800000","236797","0.03482308823529412","11","13"
"22","10","5","30","30","12","1200000","115711","0.09642583333333334","89","120"
"23","10","5","30","30","7","700000","78558","0.11222571428571429","140","191"
"21","10","5","30","30","69","6900000","237843","0.03447","11","12"
"22","10","5","30","30","13","1300000","122909","0.09454538461538461","83","115"
"23","10","5","30","30","8","800000","88842","0.1110525","127","183"
"21","10","5","30","30","70","7000000","239056","0.03415085714285714","11","13"
"22","10","5","30","30","14","1400000","129447","0.09246214285714285","73","108"
"21","10","5","30","30","71","7100000","240402","0.03385943661971831","11","14"
"23","10","5","30","30","9","900000","99097","0.11010777777777778","107","144"
"22","10","5","30","30","15","1500000","136265","0.09084333333333333","71","108"
"21","10","5","30","30","72","7200000","241787","0.03358152777777778","11","12"
"23","10","5","30","30","10","1000000","108312","0.108312","102","152"
"22","10","5","30","30","16","1600000","143449","0.089655625","73","124"
"21","10","5","30","30","73","7300000","243083","0.03329904109589041","11","12"
"23","10","5","30","30","11","1100000","117032","0.10639272727272728","91","132"
"22","10","5","30","30","17","1700000","150637","0.08861","72","119"
"21","10","5","30","30","74","7400000","244555","0.033047972972972975","11","12"
"23","10","5","30","30","12","1200000","125370","0.104475","87","123"
"22","10","5","30","30","18","1800000","158735","0.08818611111111112","83","125"
"21","10","5","30","30","75","7500000","246021","0.0328028","11","12"
"23","10","5","30","30","13","1300000","133604","0.10277230769230769","85","120"
"22","10","5","30","30","19","1900000","165597","0.08715631578947368","67","109"
"21","10","5","30","30","76","7600000","247373","0.03254907894736842","11","16"
"23","10","5","30","30","14","1400000","140740","0.10052857142857143","69","89"
"21","10","5","30","30","77","7700000","248487","0.03227103896103896","10","11"
"22","10","5","30","30","20","2000000","172385","0.0861925","57","95"
"23","10","5","30","30","15","1500000","147087","0.098058","57","91"
"21","10","5","30","30","78","7800000","249691","0.03201166666666667","10","14"
"22","10","5","30","30","21","2100000","178736","0.08511238095238095","62","86"
"23","10","5","30","30","16","1600000","153658","0.09603625","67","99"
"21","10","5","30","30","79","7900000","250735","0.031738607594936706","10","11"
"22","10","5","30","30","22","2200000","184672","0.08394181818181819","67","101"
"21","10","5","30","30","80","8000000","251550","0.03144375","10","10"
"23","10","5","30","30","17","1700000","159295","0.09370294117647059","50","76"
"22","10","5","30","30","23","2300000","190802","0.08295739130434783","50","78"
"21","10","5","30","30","81","8100000","252345","0.031153703703703704","10","11"
"23","10","5","30","30","18","1800000","164202","0.09122333333333334","43","66"
"22","10","5","30","30","24","2400000","196705","0.08196041666666666","48","88"
"21","10","5","30","30","82","8200000","253162","0.03087341463414634","10","10"
"23","10","5","30","30","19","1900000","168627","0.08875105263157895","37","54"
"22","10","5","30","30","25","2500000","202527","0.0810108","45","72"
"21","10","5","30","30","83","8300000","253885","0.03058855421686747","10","10"
"23","10","5","30","30","20","2000000","173084","0.086542","42","63"
"22","10","5","30","30","26","2600000","208112","0.08004307692307693","45","64"
"21","10","5","30","30","84","8400000","254747","0.03032702380952381","10","13"
"23","10","5","30","30","21","2100000","177953","0.0847395238095238","48","72"
"22","10","5","30","30","27","2700000","213438","0.07905111111111111","44","69"
"21","10","5","30","30","85","8500000","255588","0.030069176470588235","10","10"
"23","10","5","30","30","22","2200000","183584","0.08344727272727273","49","82"
"22","10","5","30","30","28","2800000","218698","0.07810642857142858","45","66"
"21","10","5","30","30","86","8600000","256461","0.029821046511627907","10","11"
"23","10","5","30","30","23","2300000","189229","0.08227347826086956","53","84"
"22","10","5","30","30","29","2900000","224252","0.07732827586206896","42","71"
"21","10","5","30","30","87","8700000","257362","0.02958183908045977","10","10"
"23","10","5","30","30","24","2400000","195194","0.08133083333333334","40","66"
"22","10","5","30","30","30","3000000","229750","0.07658333333333334","35","63"
"21","10","5","30","30","88","8800000","258128","0.029332727272727274","10","11"
"23","10","5","30","30","25","2500000","200498","0.0801992","37","63"
"22","10","5","30","30","31","3100000","235238","0.07588322580645161","42","74"
"21","10","5","30","30","89","8900000","258942","0.029094606741573034","10","13"
"23","10","5","30","30","26","2600000","205588","0.07907230769230769","36","48"
"21","10","5","30","30","90","9000000","259761","0.028862333333333334","10","11"
"22","10","5","30","30","32","3200000","240317","0.0750990625","37","51"
"23","10","5","30","30","27","2700000","210106","0.07781703703703703","36","61"
"21","10","5","30","30","91","9100000","260496","0.028625934065934066","10","12"
"22","10","5","30","30","33","3300000","244778","0.07417515151515151","33","47"
"23","10","5","30","30","28","2800000","214739","0.0766925","33","60"
"21","10","5","30","30","92","9200000","261310","0.028403260869565218","10","12"
"22","10","5","30","30","34","3400000","249049","0.07324970588235294","31","54"
"21","10","5","30","30","93","9300000","262265","0.028200537634408603","10","10"
"23","10","5","30","30","29","2900000","218561","0.07536586206896552","32","41"
"22","10","5","30","30","35","3500000","253045","0.07229857142857143","34","51"
"21","10","5","30","30","94","9400000","263178","0.027997659574468085","10","11"
"23","10","5","30","30","30","3000000","222191","0.07406366666666667","29","41"
"22","10","5","30","30","36","3600000","256800","0.07133333333333333","35","49"
"21","10","5","30","30","95","9500000","264229","0.027813578947368422","10","14"
"23","10","5","30","30","31","3100000","225120","0.07261935483870968","14","22"
"22","10","5","30","30","37","3700000","260917","0.0705181081081081","31","52"
"21","10","5","30","30","96","9600000","265441","0.02765010416666667","10","10"
"23","10","5","30","30","32","3200000","227976","0.0712425","12","18"
"22","10","5","30","30","38","3800000","265253","0.06980342105263158","31","46"
"21","10","5","30","30","97","9700000","266528","0.027477113402061857","10","13"
"23","10","5","30","30","33","3300000","230567","0.06986878787878788","13","25"
"22","10","5","30","30","39","3900000","269278","0.06904564102564102","31","50"
"21","10","5","30","30","98","9800000","267606","0.027306734693877552","10","16"
"23","10","5","30","30","34","3400000","232738","0.06845235294117646","12","24"
"22","10","5","30","30","40","4000000","273239","0.06830975","32","50"
"21","10","5","30","30","99","9900000","268759","0.027147373737373737","10","16"
"23","10","5","30","30","35","3500000","234598","0.067028","9","17"
"22","10","5","30","30","41","4100000","277494","0.06768146341463414","32","48"
"21","10","5","30","30","100","10000000","269803","0.0269803","10","11"
"23","10","5","30","30","36","3600000","236482","0.06568944444444444","8","15"
"22","10","5","30","30","42","4200000","281612","0.06705047619047619","27","57"
"21","10","5","30","30","101","10100000","270816","0.026813465346534653","10","12"
"23","10","5","30","30","37","3700000","238287","0.0644018918918919","9","14"
"22","10","5","30","30","43","4300000","285637","0.06642720930232558","31","50"
"21","10","5","30","30","102","10200000","271920","0.026658823529411766","10","13"
"23","10","5","30","30","38","3800000","239858","0.06312052631578947","10","14"
"22","10","5","30","30","44","4400000","289557","0.06580840909090908","29","38"
"21","10","5","30","30","103","10300000","272982","0.026503106796116505","10","12"
"23","10","5","30","30","39","3900000","241391","0.06189512820512821","11","15"
"22","10","5","30","30","45","4500000","293212","0.06515822222222223","24","39"
"21","10","5","30","30","104","10400000","273902","0.02633673076923077","10","10"
"23","10","5","30","30","40","4000000","242954","0.0607385","11","18"
"22","10","5","30","30","46","4600000","296793","0.06452021739130435","26","46"
"21","10","5","30","30","105","10500000","274644","0.02615657142857143","10","10"
"23","10","5","30","30","41","4100000","244502","0.059634634146341466","9","14"
"22","10","5","30","30","47","4700000","300341","0.06390234042553192","25","37"
"21","10","5","30","30","106","10600000","275444","0.025985283018867926","10","10"
"23","10","5","30","30","42","4200000","245932","0.0585552380952381","11","27"
"22","10","5","30","30","48","4800000","304058","0.06334541666666667","25","40"
"21","10","5","30","30","107","10700000","276187","0.025811869158878505","10","10"
"23","10","5","30","30","43","4300000","247360","0.057525581395348836","8","10"
"22","10","5","30","30","49","4900000","307567","0.06276877551020409","21","31"
"21","10","5","30","30","108","10800000","276791","0.025628796296296295","10","12"
"23","10","5","30","30","44","4400000","248981","0.056586590909090906","10","12"
"22","10","5","30","30","50","5000000","310993","0.0621986","22","36"
"21","10","5","30","30","109","10900000","277455","0.025454587155963302","10","12"
"23","10","5","30","30","45","4500000","250534","0.05567422222222222","10","16"
"21","10","5","30","30","110","11000000","277987","0.025271545454545456","9","10"
"22","10","5","30","30","51","5100000","314347","0.061636666666666666","21","40"
"23","10","5","30","30","46","4600000","252242","0.05483521739130435","10","15"
"21","10","5","30","30","111","11100000","278586","0.02509783783783784","9","10"
"22","10","5","30","30","52","5200000","317950","0.06114423076923077","20","35"
"23","10","5","30","30","47","4700000","254283","0.054102765957446806","9","15"
"21","10","5","30","30","112","11200000","279364","0.024943214285714287","9","10"
"22","10","5","30","30","53","5300000","320884","0.06054415094339623","20","26"
"23","10","5","30","30","48","4800000","256478","0.05343291666666666","10","16"
"21","10","5","30","30","113","11300000","280123","0.024789646017699115","9","10"
"22","10","5","30","30","54","5400000","323742","0.05995222222222222","21","33"
"23","10","5","30","30","49","4900000","258565","0.05276836734693877","10","18"
"21","10","5","30","30","114","11400000","280863","0.024637105263157894","9","9"
"22","10","5","30","30","55","5500000","326711","0.059402","24","40"
"23","10","5","30","30","50","5000000","260307","0.0520614","10","15"
"21","10","5","30","30","115","11500000","281639","0.024490347826086955","9","9"
"22","10","5","30","30","56","5600000","329707","0.05887625","15","29"
"23","10","5","30","30","51","5100000","262047","0.051381764705882356","7","10"
"21","10","5","30","30","116","11600000","282308","0.02433689655172414","9","10"
"22","10","5","30","30","57","5700000","332737","0.058374912280701755","18","30"
"23","10","5","30","30","52","5200000","263310","0.05063653846153846","6","9"
"21","10","5","30","30","117","11700000","283013","0.024189145299145298","9","10"
"22","10","5","30","30","58","5800000","335175","0.057788793103448276","18","28"
"23","10","5","30","30","53","5300000","264693","0.049942075471698114","6","13"
"21","10","5","30","30","118","11800000","283403","0.02401720338983051","9","13"
"22","10","5","30","30","59","5900000","337580","0.05721694915254237","17","28"
"23","10","5","30","30","54","5400000","265907","0.049242037037037036","6","7"
"21","10","5","30","30","119","11900000","283497","0.02382327731092437","8","8"
"24","10","5","30","30","0","0","0","0","898","900"
"22","10","5","30","30","60","6000000","340301","0.056716833333333334","19","25"
"23","10","5","30","30","55","5500000","267325","0.048604545454545456","6","7"
"24","10","5","30","30","1","100000","8432","0.08432","467","490"
"22","10","5","30","30","61","6100000","342870","0.05620819672131148","17","24"
"23","10","5","30","30","56","5600000","268533","0.04795232142857143","6","8"
"24","10","5","30","30","2","200000","18921","0.094605","342","379"
"22","10","5","30","30","62","6200000","345284","0.055690967741935486","14","19"
"23","10","5","30","30","57","5700000","269508","0.047282105263157896","5","7"
"24","10","5","30","30","3","300000","29970","0.0999","273","323"
"22","10","5","30","30","63","6300000","347303","0.05512746031746032","13","15"
"23","10","5","30","30","58","5800000","270737","0.046678793103448274","5","5"
"24","10","5","30","30","4","400000","41222","0.103055","220","269"
"22","10","5","30","30","64","6400000","349369","0.05458890625","12","15"
"23","10","5","30","30","59","5900000","271755","0.04606016949152542","5","5"
"22","10","5","30","30","65","6500000","351395","0.05406076923076923","11","12"
"24","10","5","30","30","5","500000","52586","0.105172","196","243"
"23","10","5","30","30","60","6000000","272629","0.04543816666666667","5","7"
"22","10","5","30","30","66","6600000","353214","0.053517272727272726","11","13"
"24","10","5","30","30","6","600000","63053","0.10508833333333334","183","231"
"23","10","5","30","30","61","6100000","273385","0.0448172131147541","5","6"
"22","10","5","30","30","67","6700000","354554","0.052918507462686566","10","11"
"23","10","5","30","30","62","6200000","274201","0.04422596774193548","5","6"
"24","10","5","30","30","7","700000","73197","0.10456714285714286","131","167"
"22","10","5","30","30","68","6800000","355857","0.052331911764705884","10","12"
"23","10","5","30","30","63","6300000","274948","0.043642539682539686","5","6"
"24","10","5","30","30","8","800000","83230","0.1040375","126","175"
"22","10","5","30","30","69","6900000","357126","0.051757391304347825","10","12"
"23","10","5","30","30","64","6400000","275769","0.04308890625","5","6"
"24","10","5","30","30","9","900000","92297","0.10255222222222223","103","149"
"22","10","5","30","30","70","7000000","358614","0.05123057142857143","10","13"
"23","10","5","30","30","65","6500000","276795","0.04258384615384615","5","9"
"24","10","5","30","30","10","1000000","101485","0.101485","91","140"
"22","10","5","30","30","71","7100000","360061","0.05071281690140845","10","10"
"23","10","5","30","30","66","6600000","277775","0.042087121212121215","5","7"
"24","10","5","30","30","11","1100000","110202","0.10018363636363636","76","122"
"22","10","5","30","30","72","7200000","361045","0.05014513888888889","10","12"
"23","10","5","30","30","67","6700000","278572","0.04157791044776119","5","6"
"24","10","5","30","30","12","1200000","118270","0.09855833333333333","63","94"
"22","10","5","30","30","73","7300000","361995","0.04958835616438356","10","12"
"23","10","5","30","30","68","6800000","279474","0.04109911764705882","5","5"
"24","10","5","30","30","13","1300000","125910","0.09685384615384615","67","128"
"22","10","5","30","30","74","7400000","362519","0.04898905405405406","9","10"
"23","10","5","30","30","69","6900000","280309","0.04062449275362319","5","5"
"24","10","5","30","30","14","1400000","132645","0.09474642857142856","51","73"
"22","10","5","30","30","75","7500000","363179","0.04842386666666667","9","10"
"23","10","5","30","30","70","7000000","281232","0.040176","5","7"
"22","10","5","30","30","76","7600000","363789","0.04786697368421053","9","9"
"24","10","5","30","30","15","1500000","138552","0.092368","45","78"
"23","10","5","30","30","71","7100000","282142","0.03973830985915493","5","6"
"22","10","5","30","30","77","7700000","364211","0.04730012987012987","9","10"
"24","10","5","30","30","16","1600000","144232","0.090145","44","71"
"23","10","5","30","30","72","7200000","282980","0.03930277777777778","5","5"
"22","10","5","30","30","78","7800000","364215","0.04669423076923077","8","8"
"25","10","5","30","30","0","0","0","0","897","900"
"24","10","5","30","30","17","1700000","149544","0.08796705882352941","41","71"
"23","10","5","30","30","73","7300000","283913","0.03889219178082192","5","6"
"25","10","5","30","30","1","100000","8959","0.08959","462","490"
"24","10","5","30","30","18","1800000","154892","0.0860511111111111","39","62"
"23","10","5","30","30","74","7400000","284789","0.038485","5","7"
"25","10","5","30","30","2","200000","20768","0.10384","347","393"
"23","10","5","30","30","75","7500000","285636","0.0380848","5","6"
"24","10","5","30","30","19","1900000","160134","0.08428105263157895","32","55"
"23","10","5","30","30","76","7600000","286536","0.0377021052631579","5","6"
"25","10","5","30","30","3","300000","34373","0.11457666666666666","282","337"
"24","10","5","30","30","20","2000000","165371","0.0826855","33","52"
"23","10","5","30","30","77","7700000","287547","0.037343766233766236","5","7"
"24","10","5","30","30","21","2100000","170078","0.0809895238095238","30","45"
"25","10","5","30","30","4","400000","47443","0.1186075","225","284"
"23","10","5","30","30","78","7800000","288452","0.03698102564102564","5","5"
"24","10","5","30","30","22","2200000","174573","0.07935136363636364","32","56"
"25","10","5","30","30","5","500000","59622","0.119244","160","204"
"23","10","5","30","30","79","7900000","289387","0.03663126582278481","5","6"
"24","10","5","30","30","23","2300000","179186","0.07790695652173912","30","49"
"25","10","5","30","30","6","600000","70387","0.11731166666666666","128","185"
"23","10","5","30","30","80","8000000","290372","0.0362965","5","7"
"24","10","5","30","30","24","2400000","183913","0.07663041666666667","34","50"
"25","10","5","30","30","7","700000","80481","0.11497285714285714","114","159"
"23","10","5","30","30","81","8100000","291287","0.03596135802469136","5","8"
"24","10","5","30","30","25","2500000","188154","0.0752616","31","46"
"25","10","5","30","30","8","800000","89548","0.111935","86","134"
"23","10","5","30","30","82","8200000","292163","0.03562963414634146","5","7"
"24","10","5","30","30","26","2600000","191939","0.07382269230769231","30","51"
"25","10","5","30","30","9","900000","98692","0.10965777777777778","77","124"
"23","10","5","30","30","83","8300000","293151","0.03531939759036144","5","6"
"24","10","5","30","30","27","2700000","195686","0.0724762962962963","32","44"
"25","10","5","30","30","10","1000000","107557","0.107557","74","115"
"23","10","5","30","30","84","8400000","294415","0.03504940476190476","5","7"
"24","10","5","30","30","28","2800000","199290","0.071175","33","52"
"25","10","5","30","30","11","1100000","115274","0.10479454545454546","69","97"
"23","10","5","30","30","85","8500000","295659","0.03478341176470588","5","7"
"24","10","5","30","30","29","2900000","203266","0.07009172413793104","26","47"
"25","10","5","30","30","12","1200000","122204","0.10183666666666667","64","100"
"23","10","5","30","30","86","8600000","296742","0.03450488372093023","5","10"
"24","10","5","30","30","30","3000000","207481","0.06916033333333334","30","48"
"25","10","5","30","30","13","1300000","129454","0.09958","59","97"
"23","10","5","30","30","87","8700000","297701","0.03421850574712643","5","5"
"24","10","5","30","30","31","3100000","211677","0.06828290322580645","26","42"
"23","10","5","30","30","88","8800000","298616","0.03393363636363636","5","5"
"25","10","5","30","30","14","1400000","136884","0.09777428571428572","72","130"
"24","10","5","30","30","32","3200000","216015","0.0675046875","24","51"
"23","10","5","30","30","89","8900000","299639","0.033667303370786515","5","5"
"25","10","5","30","30","15","1500000","144375","0.09625","60","90"
"24","10","5","30","30","33","3300000","219952","0.06665212121212122","24","37"
"23","10","5","30","30","90","9000000","300635","0.033403888888888886","5","8"
"25","10","5","30","30","16","1600000","151430","0.09464375","54","98"
"24","10","5","30","30","34","3400000","223766","0.0658135294117647","22","37"
"23","10","5","30","30","91","9100000","301637","0.033146923076923074","5","9"
"25","10","5","30","30","17","1700000","158017","0.09295117647058823","44","80"
"24","10","5","30","30","35","3500000","227473","0.06499228571428571","20","39"
"23","10","5","30","30","92","9200000","302764","0.03290913043478261","5","7"
"25","10","5","30","30","18","1800000","164983","0.09165722222222222","52","94"
"24","10","5","30","30","36","3600000","231454","0.06429277777777778","20","28"
"23","10","5","30","30","93","9300000","303745","0.03266075268817204","5","6"
"25","10","5","30","30","19","1900000","171321","0.09016894736842106","53","87"
"24","10","5","30","30","37","3700000","235272","0.06358702702702702","21","35"
"23","10","5","30","30","94","9400000","304639","0.03240840425531915","5","7"
"25","10","5","30","30","20","2000000","177421","0.0887105","45","77"
"23","10","5","30","30","95","9500000","305559","0.0321641052631579","5","5"
"24","10","5","30","30","38","3800000","238721","0.06282131578947368","22","33"
"25","10","5","30","30","21","2100000","183214","0.08724476190476191","42","69"
"23","10","5","30","30","96","9600000","306550","0.03193229166666667","5","5"
"24","10","5","30","30","39","3900000","242386","0.06215025641025641","19","29"
"25","10","5","30","30","22","2200000","188611","0.08573227272727273","47","75"
"23","10","5","30","30","97","9700000","307535","0.03170463917525773","5","5"
"24","10","5","30","30","40","4000000","245889","0.06147225","18","31"
"25","10","5","30","30","23","2300000","194362","0.08450521739130434","48","71"
"23","10","5","30","30","98","9800000","308442","0.03147367346938776","5","6"
"24","10","5","30","30","41","4100000","249277","0.06079926829268293","17","27"
"25","10","5","30","30","24","2400000","200574","0.0835725","38","62"
"23","10","5","30","30","99","9900000","309481","0.03126070707070707","5","6"
"24","10","5","30","30","42","4200000","252673","0.06016023809523809","19","29"
"25","10","5","30","30","25","2500000","206317","0.0825268","34","63"
"23","10","5","30","30","100","10000000","310393","0.0310393","5","6"
"24","10","5","30","30","43","4300000","256047","0.059545813953488375","18","24"
"25","10","5","30","30","26","2600000","213052","0.08194307692307692","41","81"
"23","10","5","30","30","101","10100000","311364","0.03082811881188119","5","6"
"24","10","5","30","30","44","4400000","259024","0.058869090909090906","16","23"
"23","10","5","30","30","102","10200000","312228","0.03061058823529412","5","6"
"25","10","5","30","30","27","2700000","218940","0.08108888888888889","29","56"
"24","10","5","30","30","45","4500000","261875","0.058194444444444444","17","32"
"23","10","5","30","30","103","10300000","313087","0.030396796116504855","5","5"
"25","10","5","30","30","28","2800000","224670","0.08023928571428571","26","44"
"24","10","5","30","30","46","4600000","264862","0.05757869565217391","17","31"
"23","10","5","30","30","104","10400000","313833","0.03017625","5","6"
"25","10","5","30","30","29","2900000","230186","0.07937448275862069","26","53"
"24","10","5","30","30","47","4700000","267413","0.0568963829787234","12","23"
"23","10","5","30","30","105","10500000","314794","0.029980380952380953","5","9"
"25","10","5","30","30","30","3000000","235277","0.07842566666666667","28","47"
"24","10","5","30","30","48","4800000","269939","0.05623729166666667","11","17"
"23","10","5","30","30","106","10600000","315756","0.02978830188679245","5","8"
"25","10","5","30","30","31","3100000","239975","0.07741129032258065","24","36"
"24","10","5","30","30","49","4900000","272450","0.05560204081632653","12","23"
"23","10","5","30","30","107","10700000","316736","0.029601495327102805","5","9"
"25","10","5","30","30","32","3200000","244574","0.076429375","25","49"
"24","10","5","30","30","50","5000000","274776","0.0549552","10","13"
"23","10","5","30","30","108","10800000","317617","0.02940898148148148","5","6"
"25","10","5","30","30","33","3300000","249052","0.07547030303030303","23","42"
"24","10","5","30","30","51","5100000","276851","0.05428450980392157","9","13"
"23","10","5","30","30","109","10900000","318607","0.02923","5","9"
"25","10","5","30","30","34","3400000","253957","0.07469323529411764","21","38"
"24","10","5","30","30","52","5200000","278612","0.05357923076923077","10","12"
"23","10","5","30","30","110","11000000","319397","0.02903609090909091","4","4"
"25","10","5","30","30","35","3500000","258560","0.07387428571428571","26","42"
"24","10","5","30","30","53","5300000","280402","0.05290603773584906","10","16"
"23","10","5","30","30","111","11100000","319866","0.028816756756756757","4","4"
"25","10","5","30","30","36","3600000","263190","0.07310833333333333","29","61"
"24","10","5","30","30","54","5400000","282048","0.05223111111111111","8","11"
"23","10","5","30","30","112","11200000","320302","0.028598392857142857","4","4"
"24","10","5","30","30","55","5500000","283687","0.051579454545454546","9","22"
"25","10","5","30","30","37","3700000","267882","0.07240054054054054","22","46"
"23","10","5","30","30","113","11300000","320797","0.02838911504424779","4","4"
"24","10","5","30","30","56","5600000","285460","0.050975","9","14"
"25","10","5","30","30","38","3800000","272907","0.07181763157894737","24","47"
"23","10","5","30","30","114","11400000","321340","0.028187719298245616","4","5"
"24","10","5","30","30","57","5700000","287453","0.050430350877192984","9","12"
"25","10","5","30","30","39","3900000","277550","0.07116666666666667","25","44"
"23","10","5","30","30","115","11500000","321800","0.027982608695652174","4","4"
"24","10","5","30","30","58","5800000","289114","0.04984724137931035","8","12"
"25","10","5","30","30","40","4000000","282412","0.070603","24","51"
"23","10","5","30","30","116","11600000","322266","0.02778155172413793","4","4"
"24","10","5","30","30","59","5900000","290906","0.049306101694915255","9","18"
"25","10","5","30","30","41","4100000","287251","0.07006121951219513","19","34"
"23","10","5","30","30","117","11700000","322795","0.02758931623931624","4","5"
"24","10","5","30","30","60","6000000","292355","0.048725833333333336","9","18"
"25","10","5","30","30","42","4200000","291688","0.06944952380952381","14","31"
"23","10","5","30","30","118","11800000","323260","0.02739491525423729","4","5"
"24","10","5","30","30","61","6100000","293943","0.04818737704918033","9","11"
"25","10","5","30","30","43","4300000","296035","0.0688453488372093","15","37"
"23","10","5","30","30","119","11900000","323843","0.0272136974789916","4","4"
"24","10","5","30","30","62","6200000","295568","0.04767225806451613","8","12"
"25","10","5","30","30","44","4400000","300306","0.06825136363636364","15","30"
"23","10","5","30","30","120","12000000","324361","0.027030083333333333","4","4"
"24","10","5","30","30","63","6300000","297248","0.04718222222222222","9","12"
"25","10","5","30","30","45","4500000","304452","0.067656","15","32"
"23","10","5","30","30","121","12100000","324820","0.026844628099173554","4","6"
"24","10","5","30","30","64","6400000","298872","0.04669875","9","20"
"23","10","5","30","30","122","12200000","325305","0.02666434426229508","4","6"
"25","10","5","30","30","46","4600000","308353","0.06703326086956522","14","37"
"24","10","5","30","30","65","6500000","300558","0.04623969230769231","9","14"
"23","10","5","30","30","123","12300000","325721","0.026481382113821138","4","5"
"25","10","5","30","30","47","4700000","312131","0.06641085106382978","13","32"
"24","10","5","30","30","66","6600000","302267","0.045798030303030306","9","9"
"23","10","5","30","30","124","12400000","326140","0.026301612903225805","4","4"
"25","10","5","30","30","48","4800000","316132","0.06586083333333333","16","34"
"24","10","5","30","30","67","6700000","303829","0.04534761194029851","9","11"
"23","10","5","30","30","125","12500000","326626","0.02613008","4","4"
"25","10","5","30","30","49","4900000","320150","0.06533673469387755","16","28"
"24","10","5","30","30","68","6800000","305551","0.0449339705882353","9","18"
"23","10","5","30","30","126","12600000","327117","0.025961666666666668","4","4"
"25","10","5","30","30","50","5000000","323933","0.0647866","15","28"
"24","10","5","30","30","69","6900000","307334","0.044541159420289855","9","15"
"23","10","5","30","30","127","12700000","327551","0.025791417322834645","4","4"
"25","10","5","30","30","51","5100000","327622","0.06423960784313726","12","26"
"24","10","5","30","30","70","7000000","309089","0.044155571428571426","9","12"
"23","10","5","30","30","128","12800000","328036","0.0256278125","4","6"
"25","10","5","30","30","52","5200000","331284","0.06370846153846153","13","34"
"24","10","5","30","30","71","7100000","310831","0.043779014084507045","9","16"
"23","10","5","30","30","129","12900000","328634","0.025475503875968992","4","5"
"25","10","5","30","30","53","5300000","335058","0.06321849056603773","10","16"
"24","10","5","30","30","72","7200000","312333","0.04337958333333333","9","11"
"23","10","5","30","30","130","13000000","329182","0.02532169230769231","4","4"
"25","10","5","30","30","54","5400000","338624","0.06270814814814815","10","27"
"24","10","5","30","30","73","7300000","314049","0.04302041095890411","9","9"
"23","10","5","30","30","131","13100000","329723","0.02516969465648855","4","5"
"25","10","5","30","30","55","5500000","342285","0.062233636363636366","11","24"
"24","10","5","30","30","74","7400000","315885","0.04268716216216216","9","15"
"23","10","5","30","30","132","13200000","330189","0.025014318181818183","4","5"
"25","10","5","30","30","56","5600000","345452","0.06168785714285714","8","17"
"23","10","5","30","30","133","13300000","330626","0.024859097744360903","4","4"
"24","10","5","30","30","75","7500000","317907","0.0423876","9","12"
"25","10","5","30","30","57","5700000","348566","0.061151929824561406","8","16"
"23","10","5","30","30","134","13400000","331128","0.024711044776119403","4","4"
"24","10","5","30","30","76","7600000","319754","0.04207289473684211","9","15"
"25","10","5","30","30","58","5800000","351642","0.06062793103448276","8","16"
"23","10","5","30","30","135","13500000","331676","0.024568592592592593","4","5"
"24","10","5","30","30","77","7700000","321424","0.04174337662337663","9","15"
"25","10","5","30","30","59","5900000","354648","0.06010983050847458","9","14"
"23","10","5","30","30","136","13600000","332149","0.024422720588235296","4","4"
"24","10","5","30","30","78","7800000","323100","0.041423076923076924","9","14"
"25","10","5","30","30","60","6000000","357817","0.059636166666666664","8","14"
"23","10","5","30","30","137","13700000","332601","0.024277445255474452","4","5"
"24","10","5","30","30","79","7900000","324771","0.041110253164556965","9","13"
"25","10","5","30","30","61","6100000","360695","0.05913032786885246","8","14"
"23","10","5","30","30","138","13800000","333089","0.024136884057971014","4","4"
"24","10","5","30","30","80","8000000","326392","0.040799","8","14"
"25","10","5","30","30","62","6200000","363567","0.05863983870967742","7","10"
"23","10","5","30","30","139","13900000","333534","0.02399525179856115","4","4"
"24","10","5","30","30","81","8100000","327858","0.040476296296296295","9","17"
"25","10","5","30","30","63","6300000","366361","0.05815253968253968","7","11"
"23","10","5","30","30","140","14000000","333992","0.02385657142857143","4","4"
"24","10","5","30","30","82","8200000","329572","0.04019170731707317","9","18"
"25","10","5","30","30","64","6400000","369112","0.05767375","8","17"
"23","10","5","30","30","141","14100000","334439","0.023719078014184398","4","6"
"24","10","5","30","30","83","8300000","331112","0.03989301204819277","9","13"
"25","10","5","30","30","65","6500000","371936","0.05722092307692308","9","17"
"23","10","5","30","30","142","14200000","334852","0.02358112676056338","4","4"
"24","10","5","30","30","84","8400000","332771","0.03961559523809524","9","15"
"25","10","5","30","30","66","6600000","374537","0.0567480303030303","8","13"
"23","10","5","30","30","143","14300000","335406","0.023454965034965036","4","4"
"24","10","5","30","30","85","8500000","334493","0.03935211764705882","9","18"
"25","10","5","30","30","67","6700000","376824","0.05624238805970149","8","15"
"23","10","5","30","30","144","14400000","335978","0.023331805555555557","4","4"
"24","10","5","30","30","86","8600000","335984","0.039067906976744185","9","18"
"25","10","5","30","30","68","6800000","379401","0.055794264705882356","9","13"
"23","10","5","30","30","145","14500000","336504","0.023207172413793102","4","4"
"24","10","5","30","30","87","8700000","337659","0.038811379310344826","9","17"
"23","10","5","30","30","146","14600000","336994","0.023081780821917808","4","4"
"25","10","5","30","30","69","6900000","381925","0.05535144927536232","7","12"
"24","10","5","30","30","88","8800000","339320","0.03855909090909091","9","16"
"23","10","5","30","30","147","14700000","337534","0.022961496598639455","4","4"
"25","10","5","30","30","70","7000000","384261","0.05489442857142857","6","12"
"24","10","5","30","30","89","8900000","341113","0.03832730337078652","9","15"
"23","10","5","30","30","148","14800000","337985","0.022836824324324323","4","5"
"25","10","5","30","30","71","7100000","386313","0.054410281690140845","5","7"
"24","10","5","30","30","90","9000000","342542","0.038060222222222224","9","12"
"23","10","5","30","30","149","14900000","338477","0.022716577181208054","4","5"
"25","10","5","30","30","72","7200000","388278","0.0539275","5","9"
"24","10","5","30","30","91","9100000","343959","0.03779769230769231","9","15"
"23","10","5","30","30","150","15000000","338886","0.0225924","4","4"
"25","10","5","30","30","73","7300000","390312","0.053467397260273976","5","7"
"24","10","5","30","30","92","9200000","345605","0.037565760869565215","9","17"
"23","10","5","30","30","151","15100000","339395","0.022476490066225166","4","6"
"25","10","5","30","30","74","7400000","392267","0.05300905405405405","5","12"
"24","10","5","30","30","93","9300000","347260","0.03733978494623656","9","15"
"23","10","5","30","30","152","15200000","339858","0.02235907894736842","4","8"
"25","10","5","30","30","75","7500000","394377","0.0525836","5","12"
"24","10","5","30","30","94","9400000","348810","0.037107446808510636","9","19"
"23","10","5","30","30","153","15300000","340420","0.022249673202614378","4","6"
"25","10","5","30","30","76","7600000","396479","0.05216828947368421","5","14"
"24","10","5","30","30","95","9500000","349934","0.03683515789473684","9","20"
"23","10","5","30","30","154","15400000","340891","0.02213577922077922","4","5"
"25","10","5","30","30","77","7700000","398673","0.051775714285714286","5","10"
"24","10","5","30","30","96","9600000","351441","0.0366084375","9","18"
"23","10","5","30","30","155","15500000","341500","0.022032258064516128","4","4"
"25","10","5","30","30","78","7800000","400894","0.05139666666666667","5","16"
"24","10","5","30","30","97","9700000","352949","0.03638649484536082","9","12"
"23","10","5","30","30","156","15600000","342128","0.02193128205128205","4","4"
"25","10","5","30","30","79","7900000","402958","0.051007341772151896","5","6"
"24","10","5","30","30","98","9800000","354577","0.03618132653061225","9","12"
"23","10","5","30","30","157","15700000","342706","0.021828407643312103","4","4"
"25","10","5","30","30","80","8000000","405100","0.0506375","5","7"
"24","10","5","30","30","99","9900000","356195","0.03597929292929293","9","12"
"23","10","5","30","30","158","15800000","343233","0.02172360759493671","4","4"
"25","10","5","30","30","81","8100000","407020","0.05024938271604938","5","6"
"24","10","5","30","30","100","10000000","358001","0.0358001","9","16"
"23","10","5","30","30","159","15900000","343655","0.021613522012578615","4","4"
"25","10","5","30","30","82","8200000","408988","0.04987658536585366","5","9"
"24","10","5","30","30","101","10100000","360018","0.03564534653465347","9","12"
"23","10","5","30","30","160","16000000","344164","0.02151025","4","4"
"25","10","5","30","30","83","8300000","410973","0.049514819277108435","5","9"
"24","10","5","30","30","102","10200000","361610","0.03545196078431372","9","18"
"23","10","5","30","30","161","16100000","344859","0.021419813664596273","4","5"
"25","10","5","30","30","84","8400000","412927","0.04915797619047619","5","11"
"24","10","5","30","30","103","10300000","363138","0.03525611650485437","9","14"
"23","10","5","30","30","162","16200000","345379","0.02131969135802469","4","4"
"25","10","5","30","30","85","8500000","414727","0.04879141176470588","5","13"
"24","10","5","30","30","104","10400000","364724","0.03506961538461539","9","18"
"23","10","5","30","30","163","16300000","345882","0.021219754601226992","4","5"
"25","10","5","30","30","86","8600000","416711","0.04845476744186047","5","12"
"24","10","5","30","30","105","10500000","366502","0.034904952380952384","9","13"
"23","10","5","30","30","164","16400000","346368","0.02112","4","5"
"25","10","5","30","30","87","8700000","418578","0.04811241379310345","5","5"
"24","10","5","30","30","106","10600000","368160","0.03473207547169811","9","11"
"23","10","5","30","30","165","16500000","346828","0.02101987878787879","4","5"
"25","10","5","30","30","88","8800000","420779","0.04781579545454545","5","7"
"24","10","5","30","30","107","10700000","369968","0.03457644859813084","9","16"
"23","10","5","30","30","166","16600000","347254","0.0209189156626506","4","4"
"25","10","5","30","30","89","8900000","422634","0.04748696629213483","5","6"
"24","10","5","30","30","108","10800000","372059","0.03444990740740741","9","16"
"23","10","5","30","30","167","16700000","347725","0.02082185628742515","4","4"
"25","10","5","30","30","90","9000000","424695","0.04718833333333333","5","10"
"24","10","5","30","30","109","10900000","374160","0.03432660550458715","8","11"
"23","10","5","30","30","168","16800000","348291","0.020731607142857142","4","4"
"25","10","5","30","30","91","9100000","426572","0.04687604395604396","5","9"
"23","10","5","30","30","169","16900000","348713","0.020633905325443787","4","4"
"24","10","5","30","30","110","11000000","375752","0.034159272727272726","8","8"
"25","10","5","30","30","92","9200000","428601","0.0465870652173913","5","6"
"23","10","5","30","30","170","17000000","349103","0.020535470588235294","4","4"
"24","10","5","30","30","111","11100000","377616","0.03401945945945946","9","10"
"25","10","5","30","30","93","9300000","430596","0.04630064516129032","5","7"
"23","10","5","30","30","171","17100000","349563","0.020442280701754387","4","4"
"24","10","5","30","30","112","11200000","379458","0.03388017857142857","8","9"
"25","10","5","30","30","94","9400000","432544","0.04601531914893617","5","7"
"23","10","5","30","30","172","17200000","350007","0.02034924418604651","4","4"
"24","10","5","30","30","113","11300000","381288","0.03374230088495575","9","12"
"25","10","5","30","30","95","9500000","434375","0.04572368421052632","5","7"
"23","10","5","30","30","173","17300000","350467","0.02025820809248555","4","5"
"24","10","5","30","30","114","11400000","383051","0.0336009649122807","9","13"
"25","10","5","30","30","96","9600000","436304","0.045448333333333334","5","8"
"23","10","5","30","30","174","17400000","350888","0.02016597701149425","4","4"
"24","10","5","30","30","115","11500000","384802","0.03346104347826087","8","9"
"25","10","5","30","30","97","9700000","438043","0.04515907216494845","5","7"
"23","10","5","30","30","175","17500000","351389","0.020079371428571427","4","5"
"24","10","5","30","30","116","11600000","386463","0.033315775862068964","8","11"
"25","10","5","30","30","98","9800000","439925","0.04489030612244898","5","10"
"23","10","5","30","30","176","17600000","351888","0.019993636363636363","4","4"
"24","10","5","30","30","117","11700000","388068","0.033168205128205126","9","12"
"25","10","5","30","30","99","9900000","441727","0.04461888888888889","5","5"
"23","10","5","30","30","177","17700000","352367","0.01990774011299435","4","4"
"24","10","5","30","30","118","11800000","389717","0.03302686440677966","9","12"
"25","10","5","30","30","100","10000000","443462","0.0443462","5","8"
"23","10","5","30","30","178","17800000","352893","0.019825449438202247","4","5"
"24","10","5","30","30","119","11900000","391062","0.03286235294117647","8","8"
"25","10","5","30","30","101","10100000","445234","0.04408257425742574","5","11"
"23","10","5","30","30","179","17900000","353434","0.01974491620111732","4","4"
"24","10","5","30","30","120","12000000","392250","0.0326875","8","11"
"25","10","5","30","30","102","10200000","447332","0.04385607843137255","5","9"
"23","10","5","30","30","180","18000000","354096","0.019672","4","5"
"24","10","5","30","30","121","12100000","393605","0.03252933884297521","8","10"
"25","10","5","30","30","103","10300000","449585","0.043649029126213594","5","15"
"23","10","5","30","30","181","18100000","354580","0.019590055248618784","4","4"
"24","10","5","30","30","122","12200000","394992","0.03237639344262295","8","10"
"25","10","5","30","30","104","10400000","451697","0.04343240384615384","5","8"
"23","10","5","30","30","182","18200000","355188","0.019515824175824176","4","5"
"24","10","5","30","30","123","12300000","396473","0.03223357723577236","9","12"
"25","10","5","30","30","105","10500000","453214","0.043163238095238095","5","7"
"23","10","5","30","30","183","18300000","355730","0.01943879781420765","4","4"
"24","10","5","30","30","124","12400000","397911","0.03208959677419355","8","8"
"25","10","5","30","30","106","10600000","455236","0.04294679245283019","5","12"
"23","10","5","30","30","184","18400000","356282","0.019363152173913042","4","5"
"24","10","5","30","30","125","12500000","399157","0.03193256","8","12"
"25","10","5","30","30","107","10700000","457152","0.04272448598130841","5","9"
"23","10","5","30","30","185","18500000","356769","0.01928481081081081","4","5"
"24","10","5","30","30","126","12600000","400209","0.031762619047619046","8","10"
"25","10","5","30","30","108","10800000","458831","0.04248435185185185","4","8"
"23","10","5","30","30","186","18600000","357258","0.01920741935483871","4","5"
"24","10","5","30","30","127","12700000","401107","0.031583228346456695","6","6"
"25","10","5","30","30","109","10900000","460407","0.04223917431192661","5","10"
"23","10","5","30","30","187","18700000","357741","0.01913053475935829","4","4"
"24","10","5","30","30","128","12800000","401867","0.031395859375","6","7"
"25","10","5","30","30","110","11000000","462172","0.042015636363636366","5","13"
"23","10","5","30","30","188","18800000","358278","0.019057340425531914","4","4"
"24","10","5","30","30","129","12900000","402743","0.031220387596899223","6","7"
"25","10","5","30","30","111","11100000","463961","0.041798288288288285","5","11"
"23","10","5","30","30","189","18900000","358711","0.01897941798941799","4","4"
"24","10","5","30","30","130","13000000","403619","0.031047615384615385","6","6"
"25","10","5","30","30","112","11200000","465556","0.0415675","5","8"
"23","10","5","30","30","190","19000000","359211","0.01890584210526316","4","5"
"24","10","5","30","30","131","13100000","404443","0.03087351145038168","6","7"
"25","10","5","30","30","113","11300000","467357","0.041359026548672566","4","8"
"23","10","5","30","30","191","19100000","359810","0.018838219895287958","4","4"
"24","10","5","30","30","132","13200000","405191","0.03069628787878788","6","7"
"25","10","5","30","30","114","11400000","469289","0.04116570175438596","5","8"
"23","10","5","30","30","192","19200000","360248","0.018762916666666667","4","4"
"24","10","5","30","30","133","13300000","406110","0.030534586466165414","6","6"
"25","10","5","30","30","115","11500000","471218","0.040975478260869565","5","10"
"23","10","5","30","30","193","19300000","360713","0.01868979274611399","4","4"
"24","10","5","30","30","134","13400000","407062","0.03037776119402985","6","7"
"25","10","5","30","30","116","11600000","473023","0.04077784482758621","5","8"
"23","10","5","30","30","194","19400000","361127","0.01861479381443299","4","5"
"24","10","5","30","30","135","13500000","407984","0.030221037037037036","6","8"
"25","10","5","30","30","117","11700000","474642","0.040567692307692305","4","7"
"23","10","5","30","30","195","19500000","361634","0.018545333333333334","4","4"
"24","10","5","30","30","136","13600000","409052","0.03007735294117647","6","7"
"25","10","5","30","30","118","11800000","476276","0.04036237288135593","5","11"
"23","10","5","30","30","196","19600000","362115","0.018475255102040816","4","4"
"24","10","5","30","30","137","13700000","409926","0.029921605839416058","6","7"
"25","10","5","30","30","119","11900000","478009","0.040168823529411764","4","6"
"23","10","5","30","30","197","19700000","362601","0.018406142131979695","4","4"
"24","10","5","30","30","138","13800000","410625","0.029755434782608697","6","6"
"25","10","5","30","30","120","12000000","479707","0.039975583333333335","5","10"
"23","10","5","30","30","198","19800000","363101","0.018338434343434344","4","5"
"24","10","5","30","30","139","13900000","411507","0.02960482014388489","6","7"
"25","10","5","30","30","121","12100000","481466","0.039790578512396695","4","4"
"23","10","5","30","30","199","19900000","363527","0.018267688442211057","4","4"
"24","10","5","30","30","140","14000000","412308","0.02945057142857143","6","6"
"25","10","5","30","30","122","12200000","483083","0.03959696721311475","5","9"
"23","10","5","30","30","200","20000000","363976","0.0181988","4","6"
"24","10","5","30","30","141","14100000","413212","0.02930581560283688","6","7"
"25","10","5","30","30","123","12300000","484645","0.0394020325203252","5","6"
"23","10","5","30","30","201","20100000","364186","0.018118706467661692","3","3"
"26","10","5","30","30","0","0","0","0","896","900"
"24","10","5","30","30","142","14200000","414015","0.029155985915492958","6","7"
"25","10","5","30","30","124","12400000","486290","0.039216935483870966","4","7"
"26","10","5","30","30","1","100000","8338","0.08338","436","457"
"24","10","5","30","30","143","14300000","414989","0.02902020979020979","6","6"
"25","10","5","30","30","125","12500000","487671","0.03901368","4","6"
"26","10","5","30","30","2","200000","18606","0.09303","302","352"
"24","10","5","30","30","144","14400000","415815","0.028876041666666668","6","7"
"25","10","5","30","30","126","12600000","489275","0.03883134920634921","4","6"
"26","10","5","30","30","3","300000","29562","0.09854","217","263"
"24","10","5","30","30","145","14500000","416613","0.02873193103448276","6","7"
"25","10","5","30","30","127","12700000","490501","0.03862212598425197","4","6"
"24","10","5","30","30","146","14600000","417473","0.02859404109589041","6","8"
"26","10","5","30","30","4","400000","40196","0.10049","192","237"
"25","10","5","30","30","128","12800000","491806","0.03842234375","4","5"
"24","10","5","30","30","147","14700000","418323","0.02845734693877551","6","7"
"26","10","5","30","30","5","500000","50323","0.100646","165","209"
"25","10","5","30","30","129","12900000","492928","0.03821147286821706","3","4"
"24","10","5","30","30","148","14800000","419259","0.02832831081081081","6","7"
"26","10","5","30","30","6","600000","60385","0.10064166666666667","132","178"
"25","10","5","30","30","130","13000000","493804","0.037984923076923076","3","4"
"24","10","5","30","30","149","14900000","420155","0.028198322147651007","6","10"
"25","10","5","30","30","131","13100000","494807","0.03777152671755725","3","5"
"26","10","5","30","30","7","700000","70139","0.10019857142857143","126","169"
"24","10","5","30","30","150","15000000","421221","0.0280814","6","10"
"25","10","5","30","30","132","13200000","495777","0.03755886363636363","3","4"
"26","10","5","30","30","8","800000","79414","0.0992675","105","153"
"24","10","5","30","30","151","15100000","422132","0.027955761589403973","6","8"
"25","10","5","30","30","133","13300000","496766","0.03735082706766917","3","3"
"26","10","5","30","30","9","900000","88506","0.09834","100","156"
"24","10","5","30","30","152","15200000","423196","0.027841842105263158","6","7"
"25","10","5","30","30","134","13400000","497827","0.03715126865671642","3","3"
"26","10","5","30","30","10","1000000","97929","0.097929","106","142"
"24","10","5","30","30","153","15300000","424167","0.027723333333333332","6","7"
"25","10","5","30","30","135","13500000","499049","0.03696659259259259","3","6"
"26","10","5","30","30","11","1100000","106891","0.09717363636363636","88","123"
"24","10","5","30","30","154","15400000","425032","0.02759948051948052","6","7"
"25","10","5","30","30","136","13600000","500119","0.036773455882352944","3","7"
"24","10","5","30","30","155","15500000","425659","0.027461870967741935","6","6"
"26","10","5","30","30","12","1200000","115486","0.09623833333333333","73","121"
"25","10","5","30","30","137","13700000","501310","0.03659197080291971","3","4"
"24","10","5","30","30","156","15600000","426369","0.027331346153846154","6","7"
"26","10","5","30","30","13","1300000","123070","0.09466923076923077","75","122"
"25","10","5","30","30","138","13800000","502386","0.03640478260869565","3","3"
"24","10","5","30","30","157","15700000","426949","0.027194203821656052","6","6"
"26","10","5","30","30","14","1400000","130908","0.09350571428571429","62","99"
"25","10","5","30","30","139","13900000","503369","0.03621359712230216","3","3"
"24","10","5","30","30","158","15800000","427727","0.027071329113924052","6","6"
"25","10","5","30","30","140","14000000","504191","0.036013642857142855","3","4"
"26","10","5","30","30","15","1500000","138501","0.092334","56","87"
"24","10","5","30","30","159","15900000","428436","0.02694566037735849","6","7"
"25","10","5","30","30","141","14100000","505145","0.035825886524822693","3","5"
"26","10","5","30","30","16","1600000","145215","0.090759375","54","87"
"24","10","5","30","30","160","16000000","429129","0.0268205625","6","7"
"25","10","5","30","30","142","14200000","506019","0.03563514084507042","3","3"
"26","10","5","30","30","17","1700000","151652","0.08920705882352942","55","88"
"24","10","5","30","30","161","16100000","429901","0.026701925465838508","6","6"
"25","10","5","30","30","143","14300000","506985","0.0354534965034965","3","3"
"26","10","5","30","30","18","1800000","158236","0.08790888888888888","57","83"
"24","10","5","30","30","162","16200000","430332","0.026563703703703704","6","6"
"25","10","5","30","30","144","14400000","507965","0.035275347222222225","3","4"
"26","10","5","30","30","19","1900000","164754","0.08671263157894737","59","89"
"24","10","5","30","30","163","16300000","430824","0.026430920245398774","6","6"
"25","10","5","30","30","145","14500000","508971","0.03510144827586207","3","4"
"26","10","5","30","30","20","2000000","171269","0.0856345","46","80"
"24","10","5","30","30","164","16400000","431367","0.026302865853658538","6","6"
"25","10","5","30","30","146","14600000","509916","0.034925753424657535","3","3"
"26","10","5","30","30","21","2100000","177798","0.08466571428571429","60","92"
"24","10","5","30","30","165","16500000","431897","0.02617557575757576","6","7"
"25","10","5","30","30","147","14700000","510926","0.03475687074829932","3","6"
"24","10","5","30","30","166","16600000","432495","0.0260539156626506","6","7"
"26","10","5","30","30","22","2200000","184402","0.08381909090909091","53","95"
"25","10","5","30","30","148","14800000","511875","0.034586148648648646","3","4"
"24","10","5","30","30","167","16700000","432764","0.025914011976047903","5","5"
"27","10","5","30","30","0","0","0","0","895","900"
"26","10","5","30","30","23","2300000","190838","0.08297304347826087","38","72"
"25","10","5","30","30","149","14900000","512971","0.03442758389261745","3","3"
"27","10","5","30","30","1","100000","8369","0.08369","420","441"
"25","10","5","30","30","150","15000000","513910","0.03426066666666667","3","5"
"26","10","5","30","30","24","2400000","197087","0.08211958333333333","39","70"
"27","10","5","30","30","2","200000","18261","0.091305","307","347"
"25","10","5","30","30","151","15100000","514922","0.03410079470198676","3","4"
"26","10","5","30","30","25","2500000","203183","0.0812732","38","73"
"25","10","5","30","30","152","15200000","516002","0.0339475","3","3"
"27","10","5","30","30","3","300000","29054","0.09684666666666666","260","302"
"26","10","5","30","30","26","2600000","209212","0.08046615384615384","34","48"
"25","10","5","30","30","153","15300000","517113","0.03379823529411765","3","4"
"27","10","5","30","30","4","400000","39989","0.0999725","246","282"
"26","10","5","30","30","27","2700000","215161","0.07968925925925927","40","70"
"25","10","5","30","30","154","15400000","518188","0.03364857142857143","3","3"
"27","10","5","30","30","5","500000","52018","0.104036","214","262"
"26","10","5","30","30","28","2800000","221533","0.07911892857142858","36","70"
"25","10","5","30","30","155","15500000","519152","0.03349367741935484","3","4"
"27","10","5","30","30","6","600000","63426","0.10571","179","246"
"26","10","5","30","30","29","2900000","227293","0.07837689655172414","25","38"
"25","10","5","30","30","156","15600000","520079","0.033338397435897435","3","4"
"27","10","5","30","30","7","700000","74693","0.10670428571428571","148","195"
"26","10","5","30","30","30","3000000","232635","0.077545","23","38"
"25","10","5","30","30","157","15700000","521106","0.03319146496815287","3","4"
"26","10","5","30","30","31","3100000","237454","0.07659806451612904","23","51"
"27","10","5","30","30","8","800000","84857","0.10607125","111","159"
"25","10","5","30","30","158","15800000","522031","0.03303993670886076","3","4"
"26","10","5","30","30","32","3200000","242371","0.0757409375","24","55"
"27","10","5","30","30","9","900000","94416","0.10490666666666666","121","180"
"25","10","5","30","30","159","15900000","523155","0.03290283018867925","3","5"
"26","10","5","30","30","33","3300000","247009","0.07485121212121212","24","46"
"27","10","5","30","30","10","1000000","103762","0.103762","107","140"
"25","10","5","30","30","160","16000000","524439","0.0327774375","3","3"
"26","10","5","30","30","34","3400000","251749","0.07404382352941176","23","42"
"25","10","5","30","30","161","16100000","525549","0.0326427950310559","3","3"
"27","10","5","30","30","11","1100000","112870","0.10260909090909091","97","144"
"25","10","5","30","30","162","16200000","526746","0.03251518518518519","3","6"
"26","10","5","30","30","35","3500000","256344","0.07324114285714285","22","36"
"27","10","5","30","30","12","1200000","121516","0.10126333333333333","83","127"
"25","10","5","30","30","163","16300000","527669","0.03237233128834356","3","5"
"26","10","5","30","30","36","3600000","260954","0.07248722222222222","27","41"
"27","10","5","30","30","13","1300000","129762","0.09981692307692308","83","123"
"25","10","5","30","30","164","16400000","528559","0.03222920731707317","3","4"
"26","10","5","30","30","37","3700000","265637","0.07179378378378379","25","44"
"27","10","5","30","30","14","1400000","137703","0.09835928571428572","73","110"
"25","10","5","30","30","165","16500000","529526","0.03209248484848485","3","5"
"26","10","5","30","30","38","3800000","270492","0.0711821052631579","24","43"
"27","10","5","30","30","15","1500000","145377","0.096918","69","103"
"25","10","5","30","30","166","16600000","530382","0.031950722891566266","3","3"
"26","10","5","30","30","39","3900000","275091","0.07053615384615385","23","40"
"27","10","5","30","30","16","1600000","152390","0.09524375","68","102"
"25","10","5","30","30","167","16700000","531377","0.031818982035928145","3","5"
"26","10","5","30","30","40","4000000","279610","0.0699025","23","44"
"27","10","5","30","30","17","1700000","159316","0.09371529411764706","61","113"
"25","10","5","30","30","168","16800000","532507","0.03169684523809524","3","5"
"26","10","5","30","30","41","4100000","283807","0.06922121951219512","21","44"
"27","10","5","30","30","18","1800000","165771","0.092095","62","107"
"25","10","5","30","30","169","16900000","533517","0.03156905325443787","3","3"
"26","10","5","30","30","42","4200000","287863","0.06853880952380953","20","41"
"27","10","5","30","30","19","1900000","172465","0.09077105263157895","65","102"
"25","10","5","30","30","170","17000000","534362","0.03143305882352941","3","3"
"26","10","5","30","30","43","4300000","291817","0.06786441860465116","18","31"
"27","10","5","30","30","20","2000000","179084","0.089542","59","96"
"25","10","5","30","30","171","17100000","535179","0.03129701754385965","3","4"
"26","10","5","30","30","44","4400000","295598","0.06718136363636364","17","29"
"25","10","5","30","30","172","17200000","536110","0.03116918604651163","3","3"
"27","10","5","30","30","21","2100000","185234","0.08820666666666667","58","94"
"26","10","5","30","30","45","4500000","299711","0.06660244444444445","18","23"
"25","10","5","30","30","173","17300000","537129","0.03104791907514451","3","4"
"27","10","5","30","30","22","2200000","191132","0.08687818181818181","50","80"
"26","10","5","30","30","46","4600000","304000","0.06608695652173913","17","32"
"25","10","5","30","30","174","17400000","538087","0.030924540229885056","3","4"
"27","10","5","30","30","23","2300000","196661","0.08550478260869565","37","59"
"26","10","5","30","30","47","4700000","308419","0.06562106382978723","18","30"
"25","10","5","30","30","175","17500000","538956","0.030797485714285713","3","5"
"27","10","5","30","30","24","2400000","201310","0.08387916666666667","29","49"
"25","10","5","30","30","176","17600000","539879","0.03067494318181818","3","4"
"26","10","5","30","30","48","4800000","312489","0.065101875","16","22"
"27","10","5","30","30","25","2500000","206339","0.0825356","31","54"
"25","10","5","30","30","177","17700000","540810","0.030554237288135593","3","4"
"26","10","5","30","30","49","4900000","315405","0.06436836734693878","13","18"
"27","10","5","30","30","26","2600000","211054","0.08117461538461539","34","54"
"25","10","5","30","30","178","17800000","541761","0.030436011235955057","3","5"
"26","10","5","30","30","50","5000000","318268","0.0636536","13","17"
"27","10","5","30","30","27","2700000","215613","0.07985666666666667","35","59"
"25","10","5","30","30","179","17900000","542871","0.030327988826815644","3","4"
"26","10","5","30","30","51","5100000","320939","0.0629292156862745","12","21"
"27","10","5","30","30","28","2800000","220397","0.07871321428571429","32","60"
"25","10","5","30","30","180","18000000","543895","0.03021638888888889","3","6"
"26","10","5","30","30","52","5200000","323916","0.06229153846153846","13","21"
"27","10","5","30","30","29","2900000","224652","0.07746620689655172","28","43"
"25","10","5","30","30","181","18100000","544835","0.030101381215469614","3","3"
"26","10","5","30","30","53","5300000","326919","0.06168283018867925","13","17"
"27","10","5","30","30","30","3000000","228665","0.07622166666666666","24","42"
"25","10","5","30","30","182","18200000","545832","0.02999076923076923","3","3"
"26","10","5","30","30","54","5400000","329977","0.06110685185185185","14","23"
"27","10","5","30","30","31","3100000","232379","0.07496096774193549","21","33"
"25","10","5","30","30","183","18300000","547021","0.02989185792349727","3","3"
"26","10","5","30","30","55","5500000","333030","0.06055090909090909","13","17"
"27","10","5","30","30","32","3200000","235779","0.0736809375","19","27"
"25","10","5","30","30","184","18400000","548036","0.029784565217391305","3","4"
"26","10","5","30","30","56","5600000","335715","0.059949107142857144","14","24"
"27","10","5","30","30","33","3300000","238923","0.07240090909090909","19","26"
"25","10","5","30","30","185","18500000","548947","0.02967281081081081","3","3"
"26","10","5","30","30","57","5700000","338127","0.059320526315789476","13","17"
"27","10","5","30","30","34","3400000","242315","0.07126911764705883","20","38"
"25","10","5","30","30","186","18600000","549852","0.02956193548387097","3","3"
"26","10","5","30","30","58","5800000","340354","0.05868172413793103","12","19"
"27","10","5","30","30","35","3500000","245464","0.07013257142857143","20","29"
"25","10","5","30","30","187","18700000","550725","0.02945053475935829","3","3"
"26","10","5","30","30","59","5900000","342586","0.058065423728813556","11","14"
"27","10","5","30","30","36","3600000","248697","0.0690825","19","29"
"25","10","5","30","30","188","18800000","551791","0.029350585106382977","3","4"
"26","10","5","30","30","60","6000000","344446","0.05740766666666667","10","15"
"27","10","5","30","30","37","3700000","251878","0.06807513513513513","18","22"
"25","10","5","30","30","189","18900000","552787","0.02924798941798942","3","6"
"26","10","5","30","30","61","6100000","346124","0.056741639344262296","9","10"
"27","10","5","30","30","38","3800000","254743","0.06703763157894736","17","33"
"25","10","5","30","30","190","19000000","553799","0.029147315789473684","3","4"
"26","10","5","30","30","62","6200000","347984","0.05612645161290323","10","13"
"25","10","5","30","30","191","19100000","554941","0.029054502617801046","3","5"
"27","10","5","30","30","39","3900000","257517","0.06603","16","22"
"26","10","5","30","30","63","6300000","349791","0.055522380952380955","10","12"
"25","10","5","30","30","192","19200000","555910","0.028953645833333333","3","5"
"27","10","5","30","30","40","4000000","260016","0.065004","15","17"
"26","10","5","30","30","64","6400000","351774","0.0549646875","10","13"
"25","10","5","30","30","193","19300000","556915","0.028855699481865286","3","5"
"27","10","5","30","30","41","4100000","262732","0.06408097560975609","15","19"
"26","10","5","30","30","65","6500000","353783","0.05442815384615385","9","11"
"25","10","5","30","30","194","19400000","557926","0.028759072164948454","3","5"
"27","10","5","30","30","42","4200000","265413","0.06319357142857143","16","23"
"26","10","5","30","30","66","6600000","355707","0.053895","9","10"
"25","10","5","30","30","195","19500000","559024","0.028667897435897437","3","5"
"27","10","5","30","30","43","4300000","267963","0.06231697674418605","16","19"
"26","10","5","30","30","67","6700000","357542","0.0533644776119403","10","10"
"25","10","5","30","30","196","19600000","560218","0.028582551020408162","3","6"
"27","10","5","30","30","44","4400000","270462","0.061468636363636364","16","25"
"26","10","5","30","30","68","6800000","359386","0.05285088235294118","9","11"
"25","10","5","30","30","197","19700000","561339","0.028494365482233504","3","4"
"27","10","5","30","30","45","4500000","272765","0.06061444444444444","16","24"
"26","10","5","30","30","69","6900000","361110","0.05233478260869565","10","18"
"25","10","5","30","30","198","19800000","562257","0.028396818181818183","3","3"
"27","10","5","30","30","46","4600000","274656","0.059707826086956524","15","18"
"26","10","5","30","30","70","7000000","363051","0.05186442857142857","9","12"
"25","10","5","30","30","199","19900000","563246","0.028303819095477387","3","5"
"27","10","5","30","30","47","4700000","276278","0.05878255319148936","14","20"
"26","10","5","30","30","71","7100000","364546","0.05134450704225352","10","15"
"25","10","5","30","30","200","20000000","564200","0.02821","3","3"
"27","10","5","30","30","48","4800000","277894","0.05789458333333333","15","18"
"26","10","5","30","30","72","7200000","366094","0.05084638888888889","9","12"
"25","10","5","30","30","201","20100000","565217","0.028120248756218904","3","3"
"27","10","5","30","30","49","4900000","279609","0.05706306122448979","13","16"
"26","10","5","30","30","73","7300000","367625","0.050359589041095894","9","12"
"25","10","5","30","30","202","20200000","566236","0.02803148514851485","3","4"
"27","10","5","30","30","50","5000000","281042","0.0562084","14","25"
"25","10","5","30","30","203","20300000","567281","0.02794487684729064","3","3"
"26","10","5","30","30","74","7400000","368841","0.04984337837837838","8","9"
"27","10","5","30","30","51","5100000","282466","0.055385490196078434","13","14"
"25","10","5","30","30","204","20400000","568268","0.02785627450980392","3","3"
"26","10","5","30","30","75","7500000","369919","0.049322533333333335","8","13"
"27","10","5","30","30","52","5200000","283961","0.054607884615384614","13","16"
"25","10","5","30","30","205","20500000","569224","0.0277670243902439","3","3"
"26","10","5","30","30","76","7600000","371115","0.04883092105263158","8","10"
"27","10","5","30","30","53","5300000","285619","0.05389037735849057","13","16"
"25","10","5","30","30","206","20600000","570360","0.027687378640776698","3","4"
"26","10","5","30","30","77","7700000","372444","0.04836935064935065","8","9"
"27","10","5","30","30","54","5400000","287053","0.05315796296296296","12","12"
"25","10","5","30","30","207","20700000","571490","0.027608212560386473","3","4"
"26","10","5","30","30","78","7800000","373489","0.047883205128205125","8","8"
"27","10","5","30","30","55","5500000","288418","0.05243963636363636","12","13"
"25","10","5","30","30","208","20800000","572517","0.02752485576923077","3","4"
"26","10","5","30","30","79","7900000","374670","0.04742658227848101","8","9"
"27","10","5","30","30","56","5600000","289608","0.05171571428571429","12","13"
"25","10","5","30","30","209","20900000","573404","0.0274355980861244","3","3"
"26","10","5","30","30","80","8000000","375976","0.046997","8","9"
"27","10","5","30","30","57","5700000","290963","0.05104614035087719","12","13"
"25","10","5","30","30","210","21000000","574333","0.027349190476190475","3","3"
"26","10","5","30","30","81","8100000","377111","0.04655691358024691","8","10"
"27","10","5","30","30","58","5800000","292190","0.05037758620689655","12","12"
"25","10","5","30","30","211","21100000","575191","0.027260236966824645","3","3"
"26","10","5","30","30","82","8200000","378055","0.04610426829268292","8","9"
"27","10","5","30","30","59","5900000","293499","0.04974559322033898","12","13"
"25","10","5","30","30","212","21200000","576192","0.027178867924528304","3","5"
"26","10","5","30","30","83","8300000","378930","0.04565421686746988","8","8"
"27","10","5","30","30","60","6000000","294771","0.0491285","12","14"
"25","10","5","30","30","213","21300000","577171","0.02709723004694836","3","3"
"26","10","5","30","30","84","8400000","379887","0.04522464285714286","8","9"
"27","10","5","30","30","61","6100000","295992","0.04852327868852459","12","13"
"25","10","5","30","30","214","21400000","578294","0.027023084112149532","3","6"
"26","10","5","30","30","85","8500000","380983","0.044821529411764705","8","8"
"27","10","5","30","30","62","6200000","297096","0.047918709677419354","12","13"
"25","10","5","30","30","215","21500000","579196","0.026939348837209304","3","3"
"26","10","5","30","30","86","8600000","381936","0.04441116279069767","8","9"
"27","10","5","30","30","63","6300000","298447","0.04737253968253968","12","15"
"25","10","5","30","30","216","21600000","580353","0.026868194444444445","3","4"
"26","10","5","30","30","87","8700000","383106","0.0440351724137931","8","9"
"27","10","5","30","30","64","6400000","299394","0.0467803125","12","12"
"25","10","5","30","30","217","21700000","581432","0.02679410138248848","3","3"
"26","10","5","30","30","88","8800000","384175","0.04365625","8","10"
"27","10","5","30","30","65","6500000","299998","0.04615353846153846","11","11"
"25","10","5","30","30","218","21800000","582578","0.02672376146788991","3","4"
"26","10","5","30","30","89","8900000","385098","0.04326943820224719","8","8"
"27","10","5","30","30","66","6600000","300502","0.04553060606060606","11","13"
"25","10","5","30","30","219","21900000","583698","0.026652876712328768","3","4"
"26","10","5","30","30","90","9000000","386095","0.04289944444444444","8","9"
"27","10","5","30","30","67","6700000","301059","0.04493417910447761","11","12"
"25","10","5","30","30","220","22000000","584741","0.026579136363636364","3","3"
"26","10","5","30","30","91","9100000","387204","0.04254989010989011","8","10"
"27","10","5","30","30","68","6800000","301691","0.044366323529411764","11","11"
"25","10","5","30","30","221","22100000","585816","0.026507511312217194","3","6"
"26","10","5","30","30","92","9200000","388263","0.0422025","8","11"
"27","10","5","30","30","69","6900000","302282","0.04380898550724638","11","11"
"25","10","5","30","30","222","22200000","586789","0.026431936936936937","3","3"
"26","10","5","30","30","93","9300000","389197","0.041849139784946233","8","9"
"27","10","5","30","30","70","7000000","302968","0.04328114285714286","11","12"
"25","10","5","30","30","223","22300000","587801","0.02635878923766816","3","4"
"26","10","5","30","30","94","9400000","390086","0.041498510638297875","8","11"
"27","10","5","30","30","71","7100000","303789","0.04278718309859155","11","12"
"25","10","5","30","30","224","22400000","588828","0.026286964285714285","3","4"
"26","10","5","30","30","95","9500000","391010","0.04115894736842105","8","9"
"27","10","5","30","30","72","7200000","304902","0.0423475","11","13"
"25","10","5","30","30","225","22500000","590025","0.026223333333333335","3","4"
"26","10","5","30","30","96","9600000","391862","0.040818958333333336","8","10"
"27","10","5","30","30","73","7300000","305940","0.04190958904109589","11","12"
"25","10","5","30","30","226","22600000","591151","0.02615712389380531","3","3"
"26","10","5","30","30","97","9700000","392722","0.04048680412371134","8","10"
"27","10","5","30","30","74","7400000","307035","0.041491216216216216","11","12"
"25","10","5","30","30","227","22700000","592386","0.026096299559471365","3","3"
"26","10","5","30","30","98","9800000","393613","0.040164591836734695","8","9"
"27","10","5","30","30","75","7500000","308076","0.0410768","11","12"
"25","10","5","30","30","228","22800000","593317","0.02602267543859649","3","3"
"26","10","5","30","30","99","9900000","394586","0.039857171717171715","8","11"
"27","10","5","30","30","76","7600000","308945","0.04065065789473684","11","13"
"25","10","5","30","30","229","22900000","594309","0.02595235807860262","3","4"
"26","10","5","30","30","100","10000000","395393","0.0395393","8","8"
"27","10","5","30","30","77","7700000","309903","0.040247142857142856","11","11"
"25","10","5","30","30","230","23000000","595257","0.025880739130434784","3","3"
"26","10","5","30","30","101","10100000","396145","0.03922227722772277","8","8"
"27","10","5","30","30","78","7800000","310824","0.03984923076923077","11","12"
"25","10","5","30","30","231","23100000","596210","0.02580995670995671","3","3"
"27","10","5","30","30","79","7900000","311894","0.039480253164556965","11","13"
"26","10","5","30","30","102","10200000","396851","0.03890696078431372","8","8"
"25","10","5","30","30","232","23200000","597113","0.025737629310344828","3","6"
"27","10","5","30","30","80","8000000","312917","0.039114625","11","11"
"26","10","5","30","30","103","10300000","397497","0.038591941747572814","8","8"
"25","10","5","30","30","233","23300000","598002","0.025665321888412015","3","4"
"26","10","5","30","30","104","10400000","398089","0.03827778846153846","8","8"
"27","10","5","30","30","81","8100000","313936","0.03875753086419753","11","11"
"25","10","5","30","30","234","23400000","598952","0.025596239316239316","3","5"
"27","10","5","30","30","82","8200000","314922","0.03840512195121951","11","13"
"26","10","5","30","30","105","10500000","398722","0.03797352380952381","8","10"
"25","10","5","30","30","235","23500000","599954","0.02552995744680851","3","4"
"27","10","5","30","30","83","8300000","315758","0.03804313253012048","11","11"
"26","10","5","30","30","106","10600000","399320","0.037671698113207544","8","9"
"25","10","5","30","30","236","23600000","601016","0.025466779661016948","3","5"
"27","10","5","30","30","84","8400000","316777","0.03771154761904762","11","11"
"26","10","5","30","30","107","10700000","399811","0.037365514018691585","8","8"
"25","10","5","30","30","237","23700000","602032","0.025402194092827002","3","4"
"27","10","5","30","30","85","8500000","317933","0.037403882352941176","11","12"
"26","10","5","30","30","108","10800000","400380","0.03707222222222222","8","10"
"25","10","5","30","30","238","23800000","602973","0.025335","3","5"
"27","10","5","30","30","86","8600000","319047","0.03709848837209302","11","13"
"26","10","5","30","30","109","10900000","401088","0.03679706422018349","8","8"
"25","10","5","30","30","239","23900000","604122","0.02527707112970711","3","3"
"27","10","5","30","30","87","8700000","320131","0.036796666666666665","11","12"
"26","10","5","30","30","110","11000000","401496","0.036499636363636366","9","11"
"25","10","5","30","30","240","24000000","605057","0.025210708333333335","3","5"
"26","10","5","30","30","111","11100000","401880","0.03620540540540541","7","7"
"27","10","5","30","30","88","8800000","321223","0.03650261363636364","11","14"
"25","10","5","30","30","241","24100000","606129","0.025150580912863072","3","5"
"26","10","5","30","30","112","11200000","401973","0.03589044642857143","6","6"
"27","10","5","30","30","89","8900000","322156","0.03619730337078652","11","12"
"28","10","5","30","30","0","0","0","0","895","900"
"25","10","5","30","30","242","24200000","607198","0.02509082644628099","3","6"
"27","10","5","30","30","90","9000000","323146","0.03590511111111111","11","12"
"28","10","5","30","30","1","100000","8409","0.08409","450","472"
"25","10","5","30","30","243","24300000","608344","0.025034732510288066","3","6"
"27","10","5","30","30","91","9100000","324153","0.035621208791208794","11","12"
"28","10","5","30","30","2","200000","19966","0.09983","302","335"
"25","10","5","30","30","244","24400000","609418","0.024976147540983606","3","4"
"27","10","5","30","30","92","9200000","324777","0.03530184782608695","11","14"
"28","10","5","30","30","3","300000","31646","0.10548666666666667","248","288"
"25","10","5","30","30","245","24500000","610471","0.024917183673469387","3","4"
"27","10","5","30","30","93","9300000","325297","0.03497817204301075","11","11"
"25","10","5","30","30","246","24600000","611357","0.02485191056910569","3","3"
"28","10","5","30","30","4","400000","43007","0.1075175","195","246"
"27","10","5","30","30","94","9400000","325380","0.034614893617021275","10","10"
"29","10","5","30","30","0","0","0","0","895","900"
"25","10","5","30","30","247","24700000","612410","0.02479392712550607","3","4"
"28","10","5","30","30","5","500000","53456","0.106912","175","225"
"29","10","5","30","30","1","100000","8522","0.08522","461","486"
"25","10","5","30","30","248","24800000","613412","0.024734354838709678","3","3"
"28","10","5","30","30","6","600000","64001","0.10666833333333334","144","192"
"29","10","5","30","30","2","200000","19406","0.09703","331","367"
"25","10","5","30","30","249","24900000","614582","0.024682008032128513","3","4"
"28","10","5","30","30","7","700000","74444","0.10634857142857143","128","172"
"29","10","5","30","30","3","300000","31134","0.10378","260","296"
"25","10","5","30","30","250","25000000","615501","0.02462004","3","4"
"28","10","5","30","30","8","800000","84420","0.105525","104","152"
"29","10","5","30","30","4","400000","42289","0.1057225","200","250"
"25","10","5","30","30","251","25100000","616427","0.024558844621513944","3","5"
"28","10","5","30","30","9","900000","94160","0.10462222222222223","100","147"
"25","10","5","30","30","252","25200000","617351","0.024498055555555554","3","3"
"29","10","5","30","30","5","500000","52405","0.10481","163","218"
"28","10","5","30","30","10","1000000","103728","0.103728","111","168"
"25","10","5","30","30","253","25300000","618281","0.02443798418972332","3","6"
"29","10","5","30","30","6","600000","62098","0.10349666666666667","132","169"
"25","10","5","30","30","254","25400000","619283","0.024381220472440946","3","5"
"28","10","5","30","30","11","1100000","113179","0.10289","96","147"
"29","10","5","30","30","7","700000","70657","0.10093857142857143","112","145"
"25","10","5","30","30","255","25500000","620245","0.024323333333333332","3","4"
"28","10","5","30","30","12","1200000","122066","0.10172166666666667","87","126"
"29","10","5","30","30","8","800000","78227","0.09778375","104","127"
"25","10","5","30","30","256","25600000","621150","0.024263671875","3","5"
"28","10","5","30","30","13","1300000","130938","0.10072153846153846","88","140"
"29","10","5","30","30","9","900000","86058","0.09562","114","147"
"25","10","5","30","30","257","25700000","622168","0.02420887159533074","3","4"
"28","10","5","30","30","14","1400000","140158","0.10011285714285714","79","124"
"29","10","5","30","30","10","1000000","94220","0.09422","109","136"
"25","10","5","30","30","258","25800000","623174","0.024154031007751937","3","3"
"28","10","5","30","30","15","1500000","149088","0.099392","74","112"
"29","10","5","30","30","11","1100000","102446","0.09313272727272727","88","129"
"25","10","5","30","30","259","25900000","624117","0.024097181467181466","3","5"
"29","10","5","30","30","12","1200000","110093","0.09174416666666667","90","127"
"28","10","5","30","30","16","1600000","157289","0.098305625","76","128"
"25","10","5","30","30","260","26000000","625187","0.024045653846153845","3","3"
"29","10","5","30","30","13","1300000","118152","0.09088615384615385","90","131"
"28","10","5","30","30","17","1700000","165699","0.09747","67","118"
"25","10","5","30","30","261","26100000","626068","0.02398727969348659","3","3"
"29","10","5","30","30","14","1400000","125946","0.08996142857142857","91","136"
"28","10","5","30","30","18","1800000","174491","0.09693944444444444","64","119"
"25","10","5","30","30","262","26200000","627003","0.02393141221374046","3","3"
"25","10","5","30","30","263","26300000","628185","0.023885361216730037","3","5"
"29","10","5","30","30","15","1500000","133596","0.089064","80","121"
"28","10","5","30","30","19","1900000","183386","0.09651894736842105","70","117"
"25","10","5","30","30","264","26400000","629372","0.023839848484848485","3","3"
"29","10","5","30","30","16","1600000","140244","0.0876525","58","97"
"28","10","5","30","30","20","2000000","191609","0.0958045","57","92"
"25","10","5","30","30","265","26500000","630351","0.023786830188679244","3","6"
"29","10","5","30","30","17","1700000","146913","0.08641941176470588","61","104"
"28","10","5","30","30","21","2100000","199299","0.09490428571428572","60","88"
"25","10","5","30","30","266","26600000","631400","0.023736842105263157","3","3"
"29","10","5","30","30","18","1800000","153548","0.08530444444444445","62","94"
"28","10","5","30","30","22","2200000","206927","0.09405772727272728","56","96"
"25","10","5","30","30","267","26700000","632424","0.02368629213483146","3","4"
"29","10","5","30","30","19","1900000","160059","0.08424157894736842","67","119"
"28","10","5","30","30","23","2300000","214165","0.09311521739130435","45","87"
"25","10","5","30","30","268","26800000","633350","0.023632462686567164","3","4"
"29","10","5","30","30","20","2000000","166217","0.0831085","54","84"
"28","10","5","30","30","24","2400000","221248","0.09218666666666667","46","75"
"25","10","5","30","30","269","26900000","634322","0.02358074349442379","3","3"
"29","10","5","30","30","21","2100000","172505","0.08214523809523809","58","86"
"28","10","5","30","30","25","2500000","228275","0.09131","51","77"
"25","10","5","30","30","270","27000000","635275","0.023528703703703704","3","3"
"29","10","5","30","30","22","2200000","178507","0.08113954545454545","56","83"
"28","10","5","30","30","26","2600000","235115","0.09042884615384615","44","66"
"25","10","5","30","30","271","27100000","636105","0.02347250922509225","3","3"
"29","10","5","30","30","23","2300000","184466","0.08020260869565217","52","84"
"28","10","5","30","30","27","2700000","241550","0.08946296296296297","44","77"
"25","10","5","30","30","272","27200000","637121","0.023423566176470588","3","4"
"29","10","5","30","30","24","2400000","190300","0.07929166666666666","48","72"
"25","10","5","30","30","273","27300000","638133","0.023374835164835166","3","3"
"28","10","5","30","30","28","2800000","248075","0.08859821428571428","42","82"
"25","10","5","30","30","274","27400000","639221","0.023329233576642336","3","8"
"29","10","5","30","30","25","2500000","196413","0.0785652","52","87"
"28","10","5","30","30","29","2900000","254207","0.08765758620689655","44","69"
"25","10","5","30","30","275","27500000","640159","0.023278509090909092","3","6"
"29","10","5","30","30","26","2600000","202209","0.0777726923076923","45","83"
"28","10","5","30","30","30","3000000","260559","0.086853","43","76"
"25","10","5","30","30","276","27600000","641150","0.023230072463768115","3","3"
"29","10","5","30","30","27","2700000","207881","0.07699296296296296","41","66"
"28","10","5","30","30","31","3100000","266665","0.08602096774193549","49","80"
"25","10","5","30","30","277","27700000","642131","0.02318162454873646","3","6"
"29","10","5","30","30","28","2800000","213053","0.07609035714285714","34","52"
"28","10","5","30","30","32","3200000","272824","0.0852575","40","68"
"25","10","5","30","30","278","27800000","643072","0.02313208633093525","3","3"
"29","10","5","30","30","29","2900000","217920","0.0751448275862069","31","51"
"28","10","5","30","30","33","3300000","278676","0.08444727272727273","36","72"
"25","10","5","30","30","279","27900000","644112","0.023086451612903226","3","4"
"29","10","5","30","30","30","3000000","222444","0.074148","35","55"
"28","10","5","30","30","34","3400000","284919","0.08379970588235294","38","57"
"25","10","5","30","30","280","28000000","645172","0.02304185714285714","3","4"
"29","10","5","30","30","31","3100000","227374","0.07334645161290322","35","55"
"28","10","5","30","30","35","3500000","291196","0.08319885714285714","36","66"
"25","10","5","30","30","281","28100000","646145","0.022994483985765125","3","3"
"29","10","5","30","30","32","3200000","232255","0.0725796875","37","59"
"28","10","5","30","30","36","3600000","297553","0.08265361111111111","35","58"
"25","10","5","30","30","282","28200000","647068","0.022945673758865248","3","3"
"29","10","5","30","30","33","3300000","237228","0.07188727272727273","31","50"
"28","10","5","30","30","37","3700000","303653","0.08206837837837838","37","71"
"25","10","5","30","30","283","28300000","648193","0.02290434628975265","3","5"
"29","10","5","30","30","34","3400000","242162","0.07122411764705883","31","57"
"28","10","5","30","30","38","3800000","309642","0.08148473684210526","36","64"
"25","10","5","30","30","284","28400000","649532","0.022870845070422537","3","5"
"29","10","5","30","30","35","3500000","247262","0.07064628571428572","31","47"
"28","10","5","30","30","39","3900000","315828","0.08098153846153847","44","67"
"25","10","5","30","30","285","28500000","650539","0.022825929824561404","3","4"
"29","10","5","30","30","36","3600000","252116","0.07003222222222222","26","39"
"25","10","5","30","30","286","28600000","651637","0.02278451048951049","3","6"
"28","10","5","30","30","40","4000000","321778","0.0804445","37","77"
"29","10","5","30","30","37","3700000","256748","0.06939135135135135","25","40"
"25","10","5","30","30","287","28700000","652516","0.02273574912891986","3","3"
"28","10","5","30","30","41","4100000","327658","0.07991658536585367","30","65"
"25","10","5","30","30","288","28800000","653439","0.022688854166666668","3","4"
"29","10","5","30","30","38","3800000","261749","0.06888131578947368","31","53"
"28","10","5","30","30","42","4200000","333224","0.07933904761904761","33","56"
"25","10","5","30","30","289","28900000","654365","0.022642387543252596","3","3"
"29","10","5","30","30","39","3900000","266960","0.06845128205128205","30","44"
"28","10","5","30","30","43","4300000","338670","0.07876046511627907","32","60"
"25","10","5","30","30","290","29000000","655244","0.022594620689655173","3","3"
"29","10","5","30","30","40","4000000","271747","0.06793675","30","47"
"28","10","5","30","30","44","4400000","344150","0.07821590909090909","28","50"
"25","10","5","30","30","291","29100000","656202","0.022549896907216496","3","3"
"29","10","5","30","30","41","4100000","276359","0.06740463414634146","32","54"
"28","10","5","30","30","45","4500000","349290","0.07762","31","58"
"25","10","5","30","30","292","29200000","657231","0.022507910958904108","3","4"
"29","10","5","30","30","42","4200000","281162","0.06694333333333333","32","56"
"28","10","5","30","30","46","4600000","354029","0.07696282608695652","25","43"
"25","10","5","30","30","293","29300000","658288","0.02246716723549488","3","4"
"29","10","5","30","30","43","4300000","286091","0.06653279069767441","30","54"
"28","10","5","30","30","47","4700000","358510","0.07627872340425532","28","53"
"25","10","5","30","30","294","29400000","659441","0.02242996598639456","3","4"
"29","10","5","30","30","44","4400000","291113","0.06616204545454546","28","52"
"28","10","5","30","30","48","4800000","363207","0.075668125","26","34"
"25","10","5","30","30","295","29500000","660621","0.02239393220338983","3","4"
"29","10","5","30","30","45","4500000","296182","0.06581822222222222","28","46"
"28","10","5","30","30","49","4900000","368162","0.07513510204081633","25","51"
"25","10","5","30","30","296","29600000","661727","0.022355641891891893","3","4"
"29","10","5","30","30","46","4600000","301037","0.06544282608695652","28","52"
"28","10","5","30","30","50","5000000","373252","0.0746504","24","39"
"25","10","5","30","30","297","29700000","662790","0.022316161616161616","3","5"
"29","10","5","30","30","47","4700000","305932","0.06509191489361701","27","37"
"28","10","5","30","30","51","5100000","378314","0.07417921568627452","21","46"
"25","10","5","30","30","298","29800000","663965","0.022280704697986577","3","3"
"29","10","5","30","30","48","4800000","310852","0.06476083333333334","28","45"
"25","10","5","30","30","299","29900000","664991","0.022240501672240804","3","4"
"28","10","5","30","30","52","5200000","383144","0.07368153846153846","23","55"
"29","10","5","30","30","49","4900000","315824","0.0644538775510204","24","38"
"25","10","5","30","30","300","30000000","666201","0.0222067","3","4"
"28","10","5","30","30","53","5300000","387898","0.07318830188679246","22","38"
"25","10","5","30","30","301","30100000","667303","0.02216953488372093","3","3"
"29","10","5","30","30","50","5000000","320832","0.0641664","24","37"
"28","10","5","30","30","54","5400000","392393","0.07266537037037037","22","37"
"25","10","5","30","30","302","30200000","668296","0.022129006622516555","3","8"
"29","10","5","30","30","51","5100000","325578","0.06383882352941177","22","44"
"28","10","5","30","30","55","5500000","397131","0.07220563636363636","23","45"
"25","10","5","30","30","303","30300000","669388","0.02209201320132013","3","4"
"29","10","5","30","30","52","5200000","329736","0.06341076923076923","23","40"
"28","10","5","30","30","56","5600000","401955","0.07177767857142857","21","36"
"25","10","5","30","30","304","30400000","670287","0.02204891447368421","3","3"
"29","10","5","30","30","53","5300000","334306","0.0630766037735849","22","37"
"28","10","5","30","30","57","5700000","406863","0.07137947368421052","21","45"
"25","10","5","30","30","305","30500000","671391","0.02201281967213115","3","3"
"29","10","5","30","30","54","5400000","338798","0.06274037037037038","21","38"
"28","10","5","30","30","58","5800000","411336","0.07092","23","41"
"25","10","5","30","30","306","30600000","672620","0.021981045751633985","3","3"
"29","10","5","30","30","55","5500000","343167","0.062394","21","44"
"28","10","5","30","30","59","5900000","415457","0.0704164406779661","22","43"
"25","10","5","30","30","307","30700000","674027","0.02195527687296417","3","3"
"29","10","5","30","30","56","5600000","347354","0.0620275","19","37"
"28","10","5","30","30","60","6000000","419543","0.06992383333333334","22","44"
"25","10","5","30","30","308","30800000","675146","0.021920324675324676","3","4"
"29","10","5","30","30","57","5700000","351391","0.06164754385964912","18","31"
"28","10","5","30","30","61","6100000","423728","0.06946360655737704","22","41"
"25","10","5","30","30","309","30900000","676104","0.021880388349514564","3","4"
"29","10","5","30","30","58","5800000","355017","0.0612098275862069","16","25"
"28","10","5","30","30","62","6200000","427636","0.06897354838709678","24","50"
"25","10","5","30","30","310","31000000","677132","0.021842967741935483","3","3"
"29","10","5","30","30","59","5900000","358391","0.06074423728813559","14","30"
"28","10","5","30","30","63","6300000","431609","0.06850936507936507","20","40"
"25","10","5","30","30","311","31100000","678150","0.021805466237942123","3","3"
"29","10","5","30","30","60","6000000","361518","0.060253","15","33"
"28","10","5","30","30","64","6400000","435616","0.068065","19","35"
"25","10","5","30","30","312","31200000","679161","0.02176798076923077","3","4"
"29","10","5","30","30","61","6100000","364817","0.059806065573770495","14","25"
"28","10","5","30","30","65","6500000","439597","0.0676303076923077","20","34"
"25","10","5","30","30","313","31300000","680206","0.021731821086261982","3","3"
"29","10","5","30","30","62","6200000","368130","0.0593758064516129","14","24"
"28","10","5","30","30","66","6600000","444257","0.06731166666666667","21","55"
"25","10","5","30","30","314","31400000","681354","0.021699171974522292","3","6"
"29","10","5","30","30","63","6300000","371393","0.05895126984126984","11","19"
"28","10","5","30","30","67","6700000","448742","0.06697641791044776","17","36"
"25","10","5","30","30","315","31500000","682354","0.021662031746031745","3","5"
"29","10","5","30","30","64","6400000","374053","0.05844578125","11","17"
"28","10","5","30","30","68","6800000","453000","0.06661764705882353","18","35"
"25","10","5","30","30","316","31600000","683229","0.02162117088607595","3","3"
"29","10","5","30","30","65","6500000","376911","0.05798630769230769","11","19"
"28","10","5","30","30","69","6900000","456682","0.06618579710144927","16","31"
"25","10","5","30","30","317","31700000","684130","0.021581388012618295","3","4"
"29","10","5","30","30","66","6600000","379670","0.05752575757575758","11","20"
"28","10","5","30","30","70","7000000","460304","0.06575771428571428","16","23"
"25","10","5","30","30","318","31800000","685195","0.021547012578616354","3","4"
"29","10","5","30","30","67","6700000","382132","0.057034626865671643","10","22"
"25","10","5","30","30","319","31900000","686266","0.0215130407523511","3","4"
"28","10","5","30","30","71","7100000","463901","0.06533816901408451","12","25"
"25","10","5","30","30","320","32000000","687329","0.02147903125","3","5"
"29","10","5","30","30","68","6800000","384520","0.05654705882352941","10","20"
"28","10","5","30","30","72","7200000","467101","0.06487513888888889","13","23"
"25","10","5","30","30","321","32100000","688159","0.02143797507788162","3","4"
"29","10","5","30","30","69","6900000","386687","0.05604159420289855","10","14"
"28","10","5","30","30","73","7300000","470109","0.06439849315068494","10","20"
"25","10","5","30","30","322","32200000","689144","0.021401987577639753","3","5"
"29","10","5","30","30","70","7000000","388851","0.05555014285714286","10","15"
"28","10","5","30","30","74","7400000","472910","0.06390675675675676","9","15"
"25","10","5","30","30","323","32300000","690190","0.02136811145510836","3","4"
"29","10","5","30","30","71","7100000","391048","0.055077183098591546","10","14"
"28","10","5","30","30","75","7500000","475542","0.0634056","9","24"
"25","10","5","30","30","324","32400000","691107","0.021330462962962964","3","4"
"29","10","5","30","30","72","7200000","393266","0.054620277777777775","9","15"
"28","10","5","30","30","76","7600000","478320","0.06293684210526315","10","19"
"25","10","5","30","30","325","32500000","692017","0.021292830769230768","3","3"
"29","10","5","30","30","73","7300000","395260","0.054145205479452056","9","14"
"28","10","5","30","30","77","7700000","480872","0.06245090909090909","10","16"
"25","10","5","30","30","326","32600000","693036","0.02125877300613497","3","5"
"29","10","5","30","30","74","7400000","397273","0.05368554054054054","9","14"
"28","10","5","30","30","78","7800000","483334","0.061965897435897435","10","22"
"25","10","5","30","30","327","32700000","694003","0.021223333333333334","3","3"
"29","10","5","30","30","75","7500000","399208","0.05322773333333333","9","14"
"28","10","5","30","30","79","7900000","485961","0.06151405063291139","9","17"
"25","10","5","30","30","328","32800000","694939","0.02118716463414634","3","4"
"28","10","5","30","30","80","8000000","488272","0.061034","9","15"
"29","10","5","30","30","76","7600000","401034","0.05276763157894737","10","16"
"25","10","5","30","30","329","32900000","695951","0.02115352583586626","3","3"
"28","10","5","30","30","81","8100000","490247","0.06052432098765432","8","10"
"29","10","5","30","30","77","7700000","402883","0.05232246753246753","9","11"
"25","10","5","30","30","330","33000000","696903","0.02111827272727273","3","6"
"28","10","5","30","30","82","8200000","492370","0.06004512195121951","8","17"
"29","10","5","30","30","78","7800000","404533","0.05186320512820513","9","16"
"25","10","5","30","30","331","33100000","697968","0.021086646525679757","3","5"
"29","10","5","30","30","79","7900000","406152","0.05141164556962025","8","11"
"28","10","5","30","30","83","8300000","494684","0.05960048192771084","8","15"
"25","10","5","30","30","332","33200000","698921","0.02105183734939759","3","3"
"29","10","5","30","30","80","8000000","407272","0.050909","6","8"
"28","10","5","30","30","84","8400000","496788","0.059141428571428574","8","14"
"25","10","5","30","30","333","33300000","699805","0.021015165165165165","3","5"
"29","10","5","30","30","81","8100000","408121","0.05038530864197531","6","9"
"28","10","5","30","30","85","8500000","498686","0.05866894117647059","8","15"
"25","10","5","30","30","334","33400000","700798","0.02098197604790419","3","5"
"29","10","5","30","30","82","8200000","409337","0.04991914634146342","6","7"
"28","10","5","30","30","86","8600000","500691","0.05821988372093023","8","15"
"25","10","5","30","30","335","33500000","701766","0.02094823880597015","3","5"
"29","10","5","30","30","83","8300000","410444","0.0494510843373494","6","7"
"28","10","5","30","30","87","8700000","502639","0.05777459770114943","8","13"
"25","10","5","30","30","336","33600000","702765","0.020915625","3","4"
"29","10","5","30","30","84","8400000","411361","0.048971547619047616","6","7"
"28","10","5","30","30","88","8800000","504534","0.05733340909090909","8","18"
"25","10","5","30","30","337","33700000","703763","0.020883175074183975","3","3"
"29","10","5","30","30","85","8500000","412389","0.04851635294117647","6","6"
"28","10","5","30","30","89","8900000","506374","0.056895955056179774","7","11"
"25","10","5","30","30","338","33800000","704688","0.020848757396449705","3","5"
"29","10","5","30","30","86","8600000","413246","0.04805186046511628","6","6"
"28","10","5","30","30","90","9000000","508136","0.056459555555555554","7","12"
"25","10","5","30","30","339","33900000","705706","0.020817286135693214","3","3"
"29","10","5","30","30","87","8700000","414097","0.047597356321839084","6","6"
"28","10","5","30","30","91","9100000","509815","0.05602362637362637","8","15"
"25","10","5","30","30","340","34000000","706865","0.020790147058823528","3","3"
"29","10","5","30","30","88","8800000","415201","0.04718193181818182","6","7"
"28","10","5","30","30","92","9200000","511361","0.05558271739130435","8","10"
"25","10","5","30","30","341","34100000","708112","0.02076574780058651","3","7"
"29","10","5","30","30","89","8900000","416223","0.046766629213483145","6","6"
"28","10","5","30","30","93","9300000","512879","0.055148279569892475","7","9"
"25","10","5","30","30","342","34200000","709335","0.02074078947368421","3","6"
"29","10","5","30","30","90","9000000","417252","0.04636133333333333","6","8"
"28","10","5","30","30","94","9400000","514365","0.05471968085106383","7","9"
"25","10","5","30","30","343","34300000","709971","0.02069886297376093","3","3"
"29","10","5","30","30","91","9100000","418208","0.045956923076923076","6","6"
"28","10","5","30","30","95","9500000","515871","0.054302210526315786","7","7"
"25","10","5","30","30","344","34400000","710399","0.020651133720930234","3","3"
"29","10","5","30","30","92","9200000","419192","0.045564347826086954","6","6"
"28","10","5","30","30","96","9600000","517503","0.0539065625","7","10"
"25","10","5","30","30","345","34500000","710915","0.020606231884057972","3","4"
"29","10","5","30","30","93","9300000","420063","0.04516806451612903","6","6"
"28","10","5","30","30","97","9700000","519260","0.0535319587628866","7","9"
"25","10","5","30","30","346","34600000","711334","0.02055878612716763","3","3"
"29","10","5","30","30","94","9400000","420968","0.044783829787234046","6","8"
"28","10","5","30","30","98","9800000","520760","0.05313877551020408","7","9"
"25","10","5","30","30","347","34700000","711661","0.020508962536023054","3","3"
"29","10","5","30","30","95","9500000","421925","0.04441315789473684","6","8"
"28","10","5","30","30","99","9900000","522116","0.052738989898989896","7","11"
"25","10","5","30","30","348","34800000","712145","0.020463936781609196","3","3"
"29","10","5","30","30","96","9600000","422911","0.044053229166666666","6","7"
"28","10","5","30","30","100","10000000","523500","0.05235","7","9"
"25","10","5","30","30","349","34900000","712194","0.020406704871060173","2","2"
"30","10","5","30","30","0","0","0","0","895","900"
"29","10","5","30","30","97","9700000","423934","0.043704536082474224","6","6"
"28","10","5","30","30","101","10100000","524935","0.051973762376237624","7","10"
"30","10","5","30","30","1","100000","7802","0.07802","442","471"
"29","10","5","30","30","98","9800000","424727","0.04333948979591837","6","8"
"28","10","5","30","30","102","10200000","526406","0.05160843137254902","7","12"
"30","10","5","30","30","2","200000","18364","0.09182","337","371"
"29","10","5","30","30","99","9900000","425470","0.042976767676767676","6","6"
"28","10","5","30","30","103","10300000","527645","0.05122766990291262","7","10"
"30","10","5","30","30","3","300000","29182","0.09727333333333334","252","283"
"29","10","5","30","30","100","10000000","426209","0.0426209","6","7"
"28","10","5","30","30","104","10400000","528992","0.05086461538461538","7","12"
"30","10","5","30","30","4","400000","39920","0.0998","222","259"
"29","10","5","30","30","101","10100000","426865","0.042263861386138614","6","7"
"28","10","5","30","30","105","10500000","530328","0.05050742857142857","7","7"
"29","10","5","30","30","102","10200000","427491","0.04191088235294118","6","8"
"28","10","5","30","30","106","10600000","531379","0.05013009433962264","7","9"
"30","10","5","30","30","5","500000","50182","0.100364","213","268"
"29","10","5","30","30","103","10300000","427968","0.04155029126213592","6","7"
"28","10","5","30","30","107","10700000","532373","0.04975448598130841","7","7"
"30","10","5","30","30","6","600000","60249","0.100415","188","231"
"28","10","5","30","30","108","10800000","533206","0.04937092592592593","6","7"
"29","10","5","30","30","104","10400000","428327","0.04118528846153846","6","6"
"30","10","5","30","30","7","700000","70103","0.10014714285714285","163","207"
"28","10","5","30","30","109","10900000","534019","0.04899256880733945","6","7"
"29","10","5","30","30","105","10500000","428682","0.040826857142857144","6","7"
"30","10","5","30","30","8","800000","80025","0.10003125","138","192"
"28","10","5","30","30","110","11000000","534892","0.04862654545454546","6","6"
"29","10","5","30","30","106","10600000","428943","0.04046632075471698","6","6"
"30","10","5","30","30","9","900000","89614","0.09957111111111111","128","181"
"28","10","5","30","30","111","11100000","535801","0.04827036036036036","6","7"
"29","10","5","30","30","107","10700000","429195","0.04011168224299065","6","6"
"30","10","5","30","30","10","1000000","99509","0.099509","113","167"
"28","10","5","30","30","112","11200000","536569","0.04790794642857143","6","7"
"29","10","5","30","30","108","10800000","429213","0.03974194444444445","5","5"
"30","10","5","30","30","11","1100000","109388","0.09944363636363636","115","162"
"28","10","5","30","30","113","11300000","537427","0.047559911504424776","6","7"
"30","10","5","30","30","12","1200000","118815","0.0990125","108","159"
"28","10","5","30","30","114","11400000","538336","0.04722245614035088","6","6"
"28","10","5","30","30","115","11500000","539133","0.046881130434782606","6","7"
"30","10","5","30","30","13","1300000","128311","0.09870076923076923","113","158"
"28","10","5","30","30","116","11600000","539816","0.04653586206896552","6","6"
"30","10","5","30","30","14","1400000","137260","0.09804285714285714","98","135"
"28","10","5","30","30","117","11700000","540658","0.04621008547008547","6","9"
"30","10","5","30","30","15","1500000","145654","0.09710266666666667","88","131"
"28","10","5","30","30","118","11800000","541385","0.04588008474576271","6","6"
"30","10","5","30","30","16","1600000","153899","0.096186875","74","110"
"28","10","5","30","30","119","11900000","542045","0.04555","6","6"
"30","10","5","30","30","17","1700000","162057","0.09532764705882353","88","135"
"28","10","5","30","30","120","12000000","542701","0.04522508333333333","6","7"
"30","10","5","30","30","18","1800000","170058","0.09447666666666667","66","99"
"28","10","5","30","30","121","12100000","543481","0.04491578512396694","6","6"
"30","10","5","30","30","19","1900000","178221","0.09380052631578947","69","117"
"28","10","5","30","30","122","12200000","544267","0.04461204918032787","6","6"
"30","10","5","30","30","20","2000000","185091","0.0925455","59","88"
"28","10","5","30","30","123","12300000","545171","0.044322845528455286","6","6"
"28","10","5","30","30","124","12400000","546314","0.04405758064516129","6","7"
"30","10","5","30","30","21","2100000","191582","0.09122952380952382","60","89"
"28","10","5","30","30","125","12500000","547227","0.04377816","6","7"
"30","10","5","30","30","22","2200000","198114","0.09005181818181818","56","87"
"28","10","5","30","30","126","12600000","547904","0.043484444444444444","6","6"
"30","10","5","30","30","23","2300000","204227","0.08879434782608696","56","81"
"28","10","5","30","30","127","12700000","548582","0.043195433070866145","6","7"
"30","10","5","30","30","24","2400000","210299","0.08762458333333334","50","80"
"28","10","5","30","30","128","12800000","549305","0.042914453125","6","7"
"30","10","5","30","30","25","2500000","216429","0.0865716","44","67"
"28","10","5","30","30","129","12900000","550157","0.04264782945736434","6","6"
"30","10","5","30","30","26","2600000","222396","0.08553692307692308","46","70"
"28","10","5","30","30","130","13000000","550701","0.042361615384615386","6","6"
"30","10","5","30","30","27","2700000","227628","0.08430666666666667","45","62"
"28","10","5","30","30","131","13100000","551118","0.042070076335877865","6","6"
"30","10","5","30","30","28","2800000","232738","0.08312071428571428","40","67"
"28","10","5","30","30","132","13200000","551565","0.04178522727272727","6","6"
"30","10","5","30","30","29","2900000","237339","0.08184103448275862","32","52"
"28","10","5","30","30","133","13300000","551939","0.041499172932330824","6","7"
"30","10","5","30","30","30","3000000","241495","0.08049833333333334","26","43"
"28","10","5","30","30","134","13400000","552155","0.04120559701492537","6","6"
"28","10","5","30","30","135","13500000","552215","0.04090481481481482","5","5"
"30","10","5","30","30","31","3100000","245025","0.07904032258064517","30","50"
"30","10","5","30","30","32","3200000","248514","0.077660625","27","44"
"30","10","5","30","30","33","3300000","252412","0.07648848484848485","22","45"
"30","10","5","30","30","34","3400000","256380","0.07540588235294117","22","41"
"30","10","5","30","30","35","3500000","259797","0.07422771428571429","22","39"
"30","10","5","30","30","36","3600000","263560","0.07321111111111112","25","36"
"30","10","5","30","30","37","3700000","267218","0.07222108108108108","21","36"
"30","10","5","30","30","38","3800000","270397","0.0711571052631579","23","42"
"30","10","5","30","30","39","3900000","273702","0.07018","18","29"
"30","10","5","30","30","40","4000000","277175","0.06929375","17","34"
"30","10","5","30","30","41","4100000","280909","0.06851439024390243","20","34"
"30","10","5","30","30","42","4200000","284363","0.06770547619047619","17","27"
"30","10","5","30","30","43","4300000","287602","0.06688418604651163","17","26"
"30","10","5","30","30","44","4400000","290706","0.06606954545454545","15","17"
"30","10","5","30","30","45","4500000","293798","0.06528844444444444","17","23"
"30","10","5","30","30","46","4600000","296649","0.06448891304347826","16","28"
"30","10","5","30","30","47","4700000","299616","0.06374808510638298","17","27"
"30","10","5","30","30","48","4800000","302614","0.06304458333333333","16","23"
"30","10","5","30","30","49","4900000","305841","0.0624165306122449","17","24"
"30","10","5","30","30","50","5000000","308814","0.0617628","16","26"
"30","10","5","30","30","51","5100000","311758","0.06112901960784314","14","22"
"30","10","5","30","30","52","5200000","314576","0.06049538461538462","14","23"
"30","10","5","30","30","53","5300000","317547","0.059914528301886795","14","27"
"30","10","5","30","30","54","5400000","320273","0.059309814814814815","13","17"
"30","10","5","30","30","55","5500000","323140","0.058752727272727276","13","20"
"30","10","5","30","30","56","5600000","326107","0.05823339285714286","13","19"
"30","10","5","30","30","57","5700000","328619","0.057652456140350875","13","18"
"30","10","5","30","30","58","5800000","331107","0.05708741379310345","13","16"
"30","10","5","30","30","59","5900000","333811","0.056578135593220336","13","16"
"30","10","5","30","30","60","6000000","336036","0.056006","13","19"
"30","10","5","30","30","61","6100000","338228","0.0554472131147541","12","18"
"30","10","5","30","30","62","6200000","340299","0.05488693548387097","12","15"
"30","10","5","30","30","63","6300000","342077","0.05429793650793651","13","15"
"30","10","5","30","30","64","6400000","343972","0.053745625","12","15"
"30","10","5","30","30","65","6500000","345769","0.05319523076923077","13","17"
"30","10","5","30","30","66","6600000","347402","0.052636666666666665","13","19"
"30","10","5","30","30","67","6700000","349560","0.05217313432835821","13","16"
"30","10","5","30","30","68","6800000","351146","0.05163911764705882","13","15"
"30","10","5","30","30","69","6900000","352550","0.051094202898550725","12","16"
"30","10","5","30","30","70","7000000","353388","0.050484","11","13"
"30","10","5","30","30","71","7100000","354253","0.04989478873239436","11","13"
"30","10","5","30","30","72","7200000","355001","0.049305694444444444","11","12"
"30","10","5","30","30","73","7300000","355905","0.0487541095890411","11","14"
"30","10","5","30","30","74","7400000","356591","0.048187972972972976","11","11"
"30","10","5","30","30","75","7500000","356970","0.047596","10","11"
"30","10","5","30","30","76","7600000","357099","0.04698671052631579","9","9"
