"BehaviorSpace results (NetLogo 7.0.3)","Table version 2.0"
"week3.nlogox"
"experiment5"
"03/14/2026 11:15:40:947 +0530"
"min-pxcor","max-pxcor","min-pycor","max-pycor"
"-14","15","-14","15"
"[run number]","Q","F","world-width","world-height","[step]","event-count","interaction-count","interaction-rate","unique-cultures","number-of-regions"
"3","10","5","40","40","0","0","0","0","895","900"
"2","10","5","40","40","0","0","0","0","894","900"
"1","10","5","40","40","0","0","0","0","895","899"
"1","10","5","40","40","1","100000","8816","0.08816","426","458"
"2","10","5","40","40","1","100000","8981","0.08981","446","476"
"3","10","5","40","40","1","100000","8719","0.08719","471","494"
"2","10","5","40","40","2","200000","19288","0.09644","309","352"
"1","10","5","40","40","2","200000","20145","0.100725","326","365"
"3","10","5","40","40","2","200000","19628","0.09814","318","358"
"2","10","5","40","40","3","300000","30545","0.10181666666666667","267","302"
"1","10","5","40","40","3","300000","32287","0.10762333333333333","255","309"
"3","10","5","40","40","3","300000","30537","0.10179","231","277"
"2","10","5","40","40","4","400000","42851","0.1071275","229","280"
"1","10","5","40","40","4","400000","43243","0.1081075","177","223"
"3","10","5","40","40","4","400000","40669","0.1016725","180","223"
"2","10","5","40","40","5","500000","54214","0.108428","170","216"
"1","10","5","40","40","5","500000","53900","0.1078","172","216"
"3","10","5","40","40","5","500000","50938","0.101876","147","191"
"2","10","5","40","40","6","600000","64554","0.10759","142","197"
"1","10","5","40","40","6","600000","64222","0.10703666666666667","152","200"
"3","10","5","40","40","6","600000","60364","0.10060666666666666","115","153"
"2","10","5","40","40","7","700000","75059","0.10722714285714285","139","186"
"1","10","5","40","40","7","700000","74124","0.10589142857142857","135","175"
"3","10","5","40","40","7","700000","69132","0.09876","122","151"
"2","10","5","40","40","8","800000","85449","0.10681125","127","182"
"1","10","5","40","40","8","800000","83310","0.1041375","126","167"
"3","10","5","40","40","8","800000","77105","0.09638125","91","121"
"2","10","5","40","40","9","900000","95526","0.10614","110","177"
"3","10","5","40","40","9","900000","84494","0.09388222222222223","81","111"
"1","10","5","40","40","9","900000","91770","0.10196666666666666","122","165"
"2","10","5","40","40","10","1000000","105603","0.105603","98","152"
"3","10","5","40","40","10","1000000","91778","0.091778","73","96"
"1","10","5","40","40","10","1000000","100237","0.100237","106","135"
"2","10","5","40","40","11","1100000","114383","0.10398454545454545","72","128"
"3","10","5","40","40","11","1100000","98623","0.08965727272727272","77","102"
"1","10","5","40","40","11","1100000","108465","0.09860454545454546","83","114"
"2","10","5","40","40","12","1200000","122809","0.10234083333333334","57","100"
"3","10","5","40","40","12","1200000","105553","0.08796083333333334","66","87"
"1","10","5","40","40","12","1200000","116157","0.0967975","73","111"
"2","10","5","40","40","13","1300000","130137","0.10010538461538461","44","74"
"3","10","5","40","40","13","1300000","111581","0.08583153846153846","67","102"
"1","10","5","40","40","13","1300000","124001","0.09538538461538462","76","106"
"2","10","5","40","40","14","1400000","136489","0.09749214285714286","41","71"
"3","10","5","40","40","14","1400000","117660","0.08404285714285714","58","89"
"1","10","5","40","40","14","1400000","131440","0.09388571428571428","78","110"
"2","10","5","40","40","15","1500000","143249","0.09549933333333334","36","70"
"3","10","5","40","40","15","1500000","123021","0.082014","59","85"
"1","10","5","40","40","15","1500000","138597","0.092398","71","100"
"2","10","5","40","40","16","1600000","149910","0.09369375","38","62"
"3","10","5","40","40","16","1600000","128221","0.080138125","59","82"
"1","10","5","40","40","16","1600000","145458","0.09091125","79","109"
"2","10","5","40","40","17","1700000","156607","0.09212176470588235","38","77"
"3","10","5","40","40","17","1700000","133705","0.07865","57","81"
"1","10","5","40","40","17","1700000","152112","0.08947764705882352","62","96"
"2","10","5","40","40","18","1800000","162651","0.09036166666666667","34","67"
"3","10","5","40","40","18","1800000","139569","0.07753833333333333","45","74"
"1","10","5","40","40","18","1800000","158634","0.08813","67","103"
"2","10","5","40","40","19","1900000","167240","0.08802105263157894","25","47"
"3","10","5","40","40","19","1900000","145274","0.07646","55","78"
"1","10","5","40","40","19","1900000","165384","0.0870442105263158","64","92"
"2","10","5","40","40","20","2000000","171460","0.08573","24","44"
"3","10","5","40","40","20","2000000","151765","0.0758825","57","93"
"1","10","5","40","40","20","2000000","172507","0.0862535","60","102"
"2","10","5","40","40","21","2100000","175575","0.08360714285714285","23","35"
"3","10","5","40","40","21","2100000","157835","0.07515952380952381","49","79"
"1","10","5","40","40","21","2100000","180001","0.0857147619047619","62","97"
"2","10","5","40","40","22","2200000","179348","0.08152181818181818","25","41"
"3","10","5","40","40","22","2200000","163333","0.07424227272727273","42","77"
"1","10","5","40","40","22","2200000","187536","0.08524363636363637","60","93"
"2","10","5","40","40","23","2300000","183268","0.07968173913043479","22","36"
"3","10","5","40","40","23","2300000","168748","0.07336869565217391","40","61"
"1","10","5","40","40","23","2300000","194882","0.08473130434782608","58","92"
"2","10","5","40","40","24","2400000","187376","0.07807333333333333","21","37"
"3","10","5","40","40","24","2400000","174240","0.0726","46","78"
"1","10","5","40","40","24","2400000","201451","0.08393791666666667","48","82"
"2","10","5","40","40","25","2500000","191336","0.0765344","20","42"
"3","10","5","40","40","25","2500000","179519","0.0718076","43","64"
"1","10","5","40","40","25","2500000","207298","0.0829192","46","76"
"2","10","5","40","40","26","2600000","195213","0.07508192307692307","20","33"
"3","10","5","40","40","26","2600000","184728","0.07104923076923077","43","74"
"1","10","5","40","40","26","2600000","212692","0.08180461538461538","38","66"
"2","10","5","40","40","27","2700000","198859","0.07365148148148148","19","28"
"3","10","5","40","40","27","2700000","190262","0.07046740740740741","38","63"
"1","10","5","40","40","27","2700000","218173","0.08080481481481482","41","66"
"2","10","5","40","40","28","2800000","202425","0.07229464285714286","16","29"
"3","10","5","40","40","28","2800000","195588","0.06985285714285715","37","55"
"1","10","5","40","40","28","2800000","223806","0.07993071428571429","40","63"
"2","10","5","40","40","29","2900000","206029","0.07104448275862069","17","31"
"3","10","5","40","40","29","2900000","200718","0.06921310344827586","45","71"
"1","10","5","40","40","29","2900000","229701","0.07920724137931034","36","78"
"2","10","5","40","40","30","3000000","209544","0.069848","15","23"
"3","10","5","40","40","30","3000000","206390","0.06879666666666667","42","60"
"1","10","5","40","40","30","3000000","234874","0.07829133333333334","34","52"
"2","10","5","40","40","31","3100000","213418","0.06884451612903225","17","27"
"3","10","5","40","40","31","3100000","211944","0.06836903225806451","41","57"
"1","10","5","40","40","31","3100000","239250","0.07717741935483871","32","51"
"2","10","5","40","40","32","3200000","217279","0.0678996875","16","30"
"3","10","5","40","40","32","3200000","217543","0.0679821875","41","74"
"1","10","5","40","40","32","3200000","243846","0.076201875","35","56"
"2","10","5","40","40","33","3300000","221257","0.06704757575757576","16","33"
"3","10","5","40","40","33","3300000","223160","0.06762424242424242","40","68"
"1","10","5","40","40","33","3300000","248464","0.07529212121212121","35","59"
"2","10","5","40","40","34","3400000","224917","0.06615205882352941","17","27"
"3","10","5","40","40","34","3400000","228906","0.06732529411764705","46","70"
"1","10","5","40","40","34","3400000","253125","0.0744485294117647","32","56"
"2","10","5","40","40","35","3500000","228781","0.065366","15","31"
"3","10","5","40","40","35","3500000","234548","0.06701371428571429","45","78"
"1","10","5","40","40","35","3500000","257692","0.07362628571428571","33","55"
"2","10","5","40","40","36","3600000","232572","0.06460333333333333","15","27"
"3","10","5","40","40","36","3600000","240032","0.06667555555555556","37","59"
"2","10","5","40","40","37","3700000","235961","0.06377324324324324","14","24"
"1","10","5","40","40","36","3600000","262742","0.07298388888888889","26","40"
"2","10","5","40","40","38","3800000","239131","0.0629292105263158","14","26"
"3","10","5","40","40","37","3700000","245791","0.06643","36","64"
"1","10","5","40","40","37","3700000","267587","0.0723208108108108","31","55"
"2","10","5","40","40","39","3900000","242564","0.062195897435897436","13","23"
"3","10","5","40","40","38","3800000","251225","0.06611184210526316","32","55"
"1","10","5","40","40","38","3800000","272513","0.07171394736842106","30","52"
"2","10","5","40","40","40","4000000","245914","0.0614785","12","22"
"3","10","5","40","40","39","3900000","256705","0.06582179487179488","33","57"
"1","10","5","40","40","39","3900000","277252","0.07109025641025642","28","48"
"2","10","5","40","40","41","4100000","249244","0.06079121951219512","13","23"
"3","10","5","40","40","40","4000000","261640","0.06541","34","52"
"1","10","5","40","40","40","4000000","282027","0.07050675","32","50"
"2","10","5","40","40","42","4200000","252433","0.06010309523809524","14","30"
"3","10","5","40","40","41","4100000","266146","0.06491365853658537","31","43"
"1","10","5","40","40","41","4100000","286880","0.06997073170731707","24","39"
"2","10","5","40","40","43","4300000","255691","0.05946302325581395","12","21"
"1","10","5","40","40","42","4200000","291732","0.06946","23","36"
"3","10","5","40","40","42","4200000","271057","0.06453738095238096","38","63"
"2","10","5","40","40","44","4400000","258543","0.05875977272727273","13","21"
"1","10","5","40","40","43","4300000","296427","0.06893651162790698","20","36"
"3","10","5","40","40","43","4300000","275879","0.06415790697674419","32","51"
"2","10","5","40","40","45","4500000","261282","0.058062666666666665","12","22"
"1","10","5","40","40","44","4400000","301648","0.06855636363636364","21","43"
"3","10","5","40","40","44","4400000","280448","0.06373818181818182","41","66"
"2","10","5","40","40","46","4600000","263913","0.057372391304347826","13","23"
"1","10","5","40","40","45","4500000","306807","0.06817933333333333","23","43"
"3","10","5","40","40","45","4500000","284849","0.06329977777777777","33","49"
"2","10","5","40","40","47","4700000","266697","0.05674404255319149","10","14"
"1","10","5","40","40","46","4600000","311603","0.06773978260869565","25","46"
"3","10","5","40","40","46","4600000","289132","0.06285478260869565","29","56"
"2","10","5","40","40","48","4800000","269490","0.05614375","12","19"
"1","10","5","40","40","47","4700000","316595","0.06736063829787234","24","38"
"3","10","5","40","40","47","4700000","293290","0.062402127659574466","33","48"
"2","10","5","40","40","49","4900000","272329","0.05557734693877551","12","17"
"1","10","5","40","40","48","4800000","321143","0.06690479166666667","25","45"
"3","10","5","40","40","48","4800000","297420","0.0619625","29","48"
"2","10","5","40","40","50","5000000","275105","0.055021","8","11"
"1","10","5","40","40","49","4900000","325824","0.06649469387755103","25","36"
"3","10","5","40","40","49","4900000","301547","0.06154020408163265","37","52"
"2","10","5","40","40","51","5100000","277350","0.05438235294117647","8","9"
"3","10","5","40","40","50","5000000","305446","0.0610892","33","41"
"1","10","5","40","40","50","5000000","330183","0.0660366","22","38"
"2","10","5","40","40","52","5200000","279240","0.0537","8","8"
"3","10","5","40","40","51","5100000","309530","0.060692156862745095","26","42"
"1","10","5","40","40","51","5100000","334246","0.06553843137254901","23","34"
"2","10","5","40","40","53","5300000","281224","0.053061132075471695","8","11"
"3","10","5","40","40","52","5200000","313594","0.06030653846153846","33","55"
"1","10","5","40","40","52","5200000","338406","0.06507807692307692","25","41"
"2","10","5","40","40","54","5400000","283058","0.05241814814814815","8","11"
"3","10","5","40","40","53","5300000","317880","0.05997735849056604","33","56"
"1","10","5","40","40","53","5300000","343364","0.06478566037735849","24","48"
"2","10","5","40","40","55","5500000","284515","0.05173","7","8"
"3","10","5","40","40","54","5400000","321882","0.05960777777777778","27","38"
"1","10","5","40","40","54","5400000","348031","0.06445018518518518","26","47"
"2","10","5","40","40","56","5600000","286020","0.051075","7","8"
"3","10","5","40","40","55","5500000","325501","0.059182","35","53"
"2","10","5","40","40","57","5700000","287352","0.05041263157894737","7","7"
"1","10","5","40","40","55","5500000","352890","0.06416181818181818","23","50"
"2","10","5","40","40","58","5800000","288766","0.04978724137931034","7","10"
"3","10","5","40","40","56","5600000","329510","0.05884107142857143","27","48"
"1","10","5","40","40","56","5600000","357659","0.06386767857142857","24","42"
"2","10","5","40","40","59","5900000","290164","0.049180338983050846","7","8"
"3","10","5","40","40","57","5700000","333294","0.058472631578947366","28","44"
"1","10","5","40","40","57","5700000","361745","0.06346403508771929","20","34"
"2","10","5","40","40","60","6000000","291577","0.04859616666666667","7","12"
"3","10","5","40","40","58","5800000","336895","0.058085344827586205","24","41"
"1","10","5","40","40","58","5800000","365426","0.0630044827586207","25","40"
"2","10","5","40","40","61","6100000","292768","0.047994754098360654","7","7"
"3","10","5","40","40","59","5900000","340298","0.05767762711864407","29","41"
"1","10","5","40","40","59","5900000","369145","0.06256694915254238","17","26"
"2","10","5","40","40","62","6200000","293849","0.047395","5","7"
"3","10","5","40","40","60","6000000","343822","0.05730366666666667","29","42"
"1","10","5","40","40","60","6000000","373283","0.062213833333333336","19","35"
"2","10","5","40","40","63","6300000","294869","0.04680460317460317","5","5"
"3","10","5","40","40","61","6100000","347080","0.0568983606557377","26","47"
"1","10","5","40","40","61","6100000","377413","0.06187098360655738","22","41"
"2","10","5","40","40","64","6400000","295736","0.04620875","5","6"
"3","10","5","40","40","62","6200000","350667","0.05655919354838709","29","59"
"1","10","5","40","40","62","6200000","381695","0.06156370967741936","24","41"
"2","10","5","40","40","65","6500000","296756","0.04565476923076923","5","5"
"3","10","5","40","40","63","6300000","354746","0.05630888888888889","33","59"
"1","10","5","40","40","63","6300000","385676","0.061218412698412696","21","34"
"2","10","5","40","40","66","6600000","297789","0.045119545454545454","5","6"
"3","10","5","40","40","64","6400000","358905","0.05607890625","26","41"
"1","10","5","40","40","64","6400000","389651","0.06088296875","21","36"
"2","10","5","40","40","67","6700000","298809","0.044598358208955226","5","8"
"3","10","5","40","40","65","6500000","362705","0.05580076923076923","29","49"
"1","10","5","40","40","65","6500000","393275","0.06050384615384615","22","34"
"2","10","5","40","40","68","6800000","299731","0.04407808823529412","5","5"
"3","10","5","40","40","66","6600000","366406","0.055516060606060603","28","46"
"1","10","5","40","40","66","6600000","397037","0.06015712121212121","23","34"
"2","10","5","40","40","69","6900000","300899","0.04360855072463768","5","5"
"3","10","5","40","40","67","6700000","369713","0.0551810447761194","26","50"
"1","10","5","40","40","67","6700000","400548","0.05978328358208955","24","34"
"2","10","5","40","40","70","7000000","302046","0.043149428571428575","5","5"
"3","10","5","40","40","68","6800000","373462","0.054920882352941174","28","56"
"1","10","5","40","40","68","6800000","403801","0.0593825","24","35"
"2","10","5","40","40","71","7100000","303141","0.042695915492957745","5","6"
"3","10","5","40","40","69","6900000","377110","0.054653623188405796","23","56"
"1","10","5","40","40","69","6900000","407121","0.059003043478260866","22","32"
"2","10","5","40","40","72","7200000","304137","0.04224125","5","8"
"2","10","5","40","40","73","7300000","305085","0.04179246575342466","5","7"
"3","10","5","40","40","70","7000000","380463","0.054351857142857146","19","38"
"1","10","5","40","40","70","7000000","410408","0.058629714285714285","24","45"
"2","10","5","40","40","74","7400000","306175","0.041375","5","7"
"1","10","5","40","40","71","7100000","413656","0.058261408450704225","19","28"
"3","10","5","40","40","71","7100000","383510","0.05401549295774648","24","38"
"2","10","5","40","40","75","7500000","307163","0.040955066666666665","5","8"
"1","10","5","40","40","72","7200000","416977","0.05791347222222222","21","33"
"3","10","5","40","40","72","7200000","386548","0.05368722222222222","27","47"
"2","10","5","40","40","76","7600000","308068","0.040535263157894734","5","8"
"3","10","5","40","40","73","7300000","389772","0.053393424657534244","25","40"
"1","10","5","40","40","73","7300000","420471","0.057598767123287674","18","33"
"2","10","5","40","40","77","7700000","308961","0.04012480519480519","5","6"
"3","10","5","40","40","74","7400000","392451","0.05303391891891892","25","36"
"1","10","5","40","40","74","7400000","423955","0.05729121621621622","15","26"
"2","10","5","40","40","78","7800000","309934","0.03973512820512821","5","5"
"3","10","5","40","40","75","7500000","394951","0.05266013333333333","23","33"
"1","10","5","40","40","75","7500000","427224","0.0569632","11","18"
"2","10","5","40","40","79","7900000","311102","0.03938","5","6"
"3","10","5","40","40","76","7600000","398073","0.05237802631578947","25","46"
"1","10","5","40","40","76","7600000","430142","0.05659763157894737","12","18"
"2","10","5","40","40","80","8000000","312078","0.03900975","5","6"
"1","10","5","40","40","77","7700000","433032","0.05623792207792208","11","15"
"3","10","5","40","40","77","7700000","401711","0.05217025974025974","27","47"
"2","10","5","40","40","81","8100000","313063","0.038649753086419755","5","6"
"1","10","5","40","40","78","7800000","435755","0.05586602564102564","12","19"
"3","10","5","40","40","78","7800000","405967","0.05204705128205128","19","35"
"2","10","5","40","40","82","8200000","314179","0.03831451219512195","5","5"
"1","10","5","40","40","79","7900000","438541","0.055511518987341774","11","19"
"3","10","5","40","40","79","7900000","410275","0.05193354430379747","19","35"
"2","10","5","40","40","83","8300000","315256","0.037982650602409636","5","5"
"1","10","5","40","40","80","8000000","441486","0.05518575","13","22"
"3","10","5","40","40","80","8000000","414241","0.051780125","18","47"
"2","10","5","40","40","84","8400000","316214","0.03764452380952381","5","5"
"1","10","5","40","40","81","8100000","444377","0.05486135802469136","13","28"
"3","10","5","40","40","81","8100000","418036","0.05160938271604938","17","40"
"2","10","5","40","40","85","8500000","317323","0.03733211764705882","5","5"
"1","10","5","40","40","82","8200000","447423","0.05456378048780488","13","22"
"3","10","5","40","40","82","8200000","421684","0.05142487804878049","16","39"
"2","10","5","40","40","86","8600000","318318","0.03701372093023256","5","6"
"1","10","5","40","40","83","8300000","450561","0.0542844578313253","12","19"
"3","10","5","40","40","83","8300000","425539","0.05126975903614458","17","30"
"2","10","5","40","40","87","8700000","319460","0.03671954022988506","5","6"
"1","10","5","40","40","84","8400000","453584","0.05399809523809524","11","19"
"3","10","5","40","40","84","8400000","429022","0.051074047619047616","16","34"
"2","10","5","40","40","88","8800000","320501","0.03642056818181818","5","8"
"1","10","5","40","40","85","8500000","456345","0.05368764705882353","11","19"
"2","10","5","40","40","89","8900000","321542","0.036128314606741575","5","5"
"3","10","5","40","40","85","8500000","432117","0.05083729411764706","16","35"
"1","10","5","40","40","86","8600000","458884","0.05335860465116279","11","20"
"2","10","5","40","40","90","9000000","322531","0.03583677777777778","5","6"
"3","10","5","40","40","86","8600000","435551","0.05064546511627907","16","39"
"1","10","5","40","40","87","8700000","461588","0.053056091954022985","13","22"
"2","10","5","40","40","91","9100000","323536","0.03555340659340659","5","5"
"3","10","5","40","40","87","8700000","438572","0.05041057471264368","12","27"
"1","10","5","40","40","88","8800000","464570","0.05279204545454545","11","21"
"2","10","5","40","40","92","9200000","324454","0.03526673913043478","5","6"
"3","10","5","40","40","88","8800000","441126","0.050127954545454545","13","29"
"2","10","5","40","40","93","9300000","325719","0.03502354838709677","5","7"
"1","10","5","40","40","89","8900000","467394","0.0525161797752809","12","26"
"3","10","5","40","40","89","8900000","443186","0.0497961797752809","12","24"
"2","10","5","40","40","94","9400000","326776","0.034763404255319146","5","6"
"1","10","5","40","40","90","9000000","470104","0.052233777777777775","13","30"
"3","10","5","40","40","90","9000000","445328","0.04948088888888889","13","25"
"2","10","5","40","40","95","9500000","327827","0.034508105263157896","5","6"
"1","10","5","40","40","91","9100000","472776","0.051953406593406595","10","22"
"3","10","5","40","40","91","9100000","447424","0.04916747252747253","16","29"
"2","10","5","40","40","96","9600000","328916","0.03426208333333333","5","5"
"1","10","5","40","40","92","9200000","475172","0.05164913043478261","12","23"
"3","10","5","40","40","92","9200000","449344","0.04884173913043478","14","32"
"2","10","5","40","40","97","9700000","329825","0.034002577319587626","5","5"
"1","10","5","40","40","93","9300000","477470","0.05134086021505376","11","21"
"3","10","5","40","40","93","9300000","451673","0.04856698924731183","14","22"
"2","10","5","40","40","98","9800000","330777","0.033752755102040816","5","6"
"1","10","5","40","40","94","9400000","479631","0.05102457446808511","11","18"
"3","10","5","40","40","94","9400000","454209","0.04832010638297873","15","25"
"2","10","5","40","40","99","9900000","331625","0.03349747474747475","5","6"
"1","10","5","40","40","95","9500000","481721","0.050707473684210524","11","22"
"3","10","5","40","40","95","9500000","456914","0.04809621052631579","15","30"
"2","10","5","40","40","100","10000000","332535","0.0332535","5","6"
"1","10","5","40","40","96","9600000","483823","0.05039822916666667","10","15"
"3","10","5","40","40","96","9600000","459619","0.04787697916666667","18","35"
"2","10","5","40","40","101","10100000","333422","0.03301207920792079","5","5"
"1","10","5","40","40","97","9700000","485620","0.050063917525773195","9","14"
"3","10","5","40","40","97","9700000","462424","0.04767257731958763","16","29"
"2","10","5","40","40","102","10200000","334338","0.03277823529411765","5","6"
"1","10","5","40","40","98","9800000","487292","0.049723673469387754","10","18"
"3","10","5","40","40","98","9800000","464694","0.04741775510204082","15","29"
"2","10","5","40","40","103","10300000","335491","0.032571941747572816","5","5"
"1","10","5","40","40","99","9900000","488975","0.04939141414141414","9","21"
"3","10","5","40","40","99","9900000","466950","0.04716666666666667","14","23"
"2","10","5","40","40","104","10400000","336565","0.03236201923076923","5","5"
"1","10","5","40","40","100","10000000","490996","0.0490996","9","15"
"3","10","5","40","40","100","10000000","469283","0.0469283","12","32"
"2","10","5","40","40","105","10500000","337661","0.03215819047619048","5","7"
"1","10","5","40","40","101","10100000","492911","0.048803069306930694","7","10"
"3","10","5","40","40","101","10100000","471784","0.04671128712871287","12","25"
"2","10","5","40","40","106","10600000","338618","0.03194509433962264","5","5"
"1","10","5","40","40","102","10200000","494847","0.04851441176470588","8","12"
"3","10","5","40","40","102","10200000","473989","0.04646950980392157","11","19"
"2","10","5","40","40","107","10700000","339627","0.031740841121495326","5","5"
"1","10","5","40","40","103","10300000","496567","0.04821038834951456","7","15"
"3","10","5","40","40","103","10300000","476263","0.04623912621359223","12","21"
"2","10","5","40","40","108","10800000","340744","0.03155037037037037","5","6"
"1","10","5","40","40","104","10400000","498002","0.04788480769230769","7","11"
"2","10","5","40","40","109","10900000","341731","0.03135146788990826","5","6"
"3","10","5","40","40","104","10400000","478596","0.04601884615384615","9","16"
"1","10","5","40","40","105","10500000","499441","0.047565809523809524","7","11"
"2","10","5","40","40","110","11000000","342685","0.03115318181818182","5","8"
"3","10","5","40","40","105","10500000","480760","0.04578666666666667","10","21"
"1","10","5","40","40","106","10600000","500878","0.047252641509433965","6","11"
"2","10","5","40","40","111","11100000","343034","0.030903963963963964","5","5"
"3","10","5","40","40","106","10600000","483252","0.045589811320754715","10","20"
"1","10","5","40","40","107","10700000","502366","0.046950093457943924","6","10"
"2","10","5","40","40","112","11200000","343044","0.03062892857142857","4","4"
"4","10","5","40","40","0","0","0","0","896","900"
"3","10","5","40","40","107","10700000","485720","0.04539439252336449","10","28"
"1","10","5","40","40","108","10800000","503697","0.04663861111111111","6","9"
"4","10","5","40","40","1","100000","8640","0.0864","407","436"
"3","10","5","40","40","108","10800000","488207","0.04520435185185185","9","16"
"1","10","5","40","40","109","10900000","505031","0.046333119266055045","6","9"
"3","10","5","40","40","109","10900000","490692","0.04501761467889908","9","16"
"4","10","5","40","40","2","200000","19546","0.09773","320","363"
"1","10","5","40","40","110","11000000","506445","0.046040454545454544","6","8"
"3","10","5","40","40","110","11000000","493306","0.044846","9","22"
"4","10","5","40","40","3","300000","30423","0.10141","227","263"
"1","10","5","40","40","111","11100000","507525","0.045722972972972974","6","8"
"3","10","5","40","40","111","11100000","495792","0.044665945945945945","9","18"
"4","10","5","40","40","4","400000","41450","0.103625","218","261"
"1","10","5","40","40","112","11200000","508418","0.04539446428571429","5","6"
"3","10","5","40","40","112","11200000","498173","0.044479732142857144","11","20"
"4","10","5","40","40","5","500000","52432","0.104864","183","231"
"1","10","5","40","40","113","11300000","509070","0.0450504424778761","5","6"
"3","10","5","40","40","113","11300000","500336","0.044277522123893805","10","17"
"1","10","5","40","40","114","11400000","509792","0.04471859649122807","5","5"
"4","10","5","40","40","6","600000","63188","0.10531333333333333","151","207"
"3","10","5","40","40","114","11400000","502544","0.04408280701754386","10","17"
"1","10","5","40","40","115","11500000","510428","0.04438504347826087","5","5"
"4","10","5","40","40","7","700000","74321","0.10617285714285714","136","203"
"3","10","5","40","40","115","11500000","504603","0.043878521739130434","10","25"
"1","10","5","40","40","116","11600000","510998","0.04405155172413793","5","7"
"4","10","5","40","40","8","800000","85542","0.1069275","124","177"
"3","10","5","40","40","116","11600000","506816","0.04369103448275862","10","17"
"1","10","5","40","40","117","11700000","511670","0.04373247863247863","5","5"
"4","10","5","40","40","9","900000","96156","0.10684","105","156"
"3","10","5","40","40","117","11700000","509184","0.04352","8","17"
"1","10","5","40","40","118","11800000","512213","0.0434078813559322","5","5"
"4","10","5","40","40","10","1000000","106422","0.106422","94","135"
"3","10","5","40","40","118","11800000","511791","0.04337211864406779","9","17"
"1","10","5","40","40","119","11900000","512775","0.04309033613445378","5","5"
"4","10","5","40","40","11","1100000","115693","0.10517545454545454","75","120"
"3","10","5","40","40","119","11900000","513993","0.04319268907563025","11","18"
"1","10","5","40","40","120","12000000","513248","0.042770666666666665","5","5"
"4","10","5","40","40","12","1200000","124393","0.10366083333333333","74","128"
"3","10","5","40","40","120","12000000","516239","0.043019916666666665","10","22"
"1","10","5","40","40","121","12100000","513766","0.04246","5","6"
"4","10","5","40","40","13","1300000","132905","0.10223461538461538","67","109"
"1","10","5","40","40","122","12200000","514213","0.04214860655737705","5","5"
"3","10","5","40","40","121","12100000","518666","0.04286495867768595","9","16"
"4","10","5","40","40","14","1400000","141096","0.10078285714285715","58","99"
"1","10","5","40","40","123","12300000","514622","0.04183918699186992","5","6"
"3","10","5","40","40","122","12200000","520944","0.04270032786885246","9","11"
"4","10","5","40","40","15","1500000","148532","0.09902133333333334","50","96"
"1","10","5","40","40","124","12400000","515077","0.04153846774193548","5","5"
"3","10","5","40","40","123","12300000","523301","0.04254479674796748","10","17"
"1","10","5","40","40","125","12500000","515322","0.04122576","5","5"
"4","10","5","40","40","16","1600000","155694","0.09730875","44","75"
"3","10","5","40","40","124","12400000","525434","0.04237370967741935","9","21"
"1","10","5","40","40","126","12600000","515345","0.040900396825396826","4","4"
"5","10","5","40","40","0","0","0","0","898","900"
"3","10","5","40","40","125","12500000","527434","0.04219472","10","22"
"4","10","5","40","40","17","1700000","162057","0.09532764705882353","39","73"
"3","10","5","40","40","126","12600000","529452","0.04202","9","18"
"5","10","5","40","40","1","100000","9100","0.091","450","468"
"4","10","5","40","40","18","1800000","169058","0.09392111111111111","36","70"
"3","10","5","40","40","127","12700000","531821","0.04187566929133858","9","22"
"4","10","5","40","40","19","1900000","175339","0.09228368421052631","31","59"
"5","10","5","40","40","2","200000","20048","0.10024","292","336"
"3","10","5","40","40","128","12800000","534325","0.041744140625","9","19"
"4","10","5","40","40","20","2000000","181747","0.0908735","32","62"
"5","10","5","40","40","3","300000","31585","0.10528333333333334","267","307"
"3","10","5","40","40","129","12900000","537281","0.04164968992248062","9","15"
"4","10","5","40","40","21","2100000","188305","0.08966904761904762","38","70"
"5","10","5","40","40","4","400000","43585","0.1089625","239","299"
"3","10","5","40","40","130","13000000","539920","0.041532307692307695","9","15"
"4","10","5","40","40","22","2200000","194719","0.08850863636363636","31","65"
"5","10","5","40","40","5","500000","54885","0.10977","174","237"
"3","10","5","40","40","131","13100000","542440","0.041407633587786256","9","22"
"4","10","5","40","40","23","2300000","200736","0.08727652173913043","29","50"
"5","10","5","40","40","6","600000","65899","0.10983166666666666","157","209"
"3","10","5","40","40","132","13200000","544931","0.041282651515151515","9","21"
"4","10","5","40","40","24","2400000","206295","0.08595625","29","57"
"5","10","5","40","40","7","700000","76501","0.10928714285714286","145","184"
"3","10","5","40","40","133","13300000","547326","0.04115233082706767","8","13"
"4","10","5","40","40","25","2500000","211908","0.0847632","24","44"
"5","10","5","40","40","8","800000","86795","0.10849375","131","179"
"3","10","5","40","40","134","13400000","549865","0.041034701492537316","8","12"
"4","10","5","40","40","26","2600000","216499","0.08326884615384615","20","42"
"5","10","5","40","40","9","900000","96702","0.10744666666666666","115","169"
"3","10","5","40","40","135","13500000","552233","0.04090614814814815","8","11"
"4","10","5","40","40","27","2700000","220655","0.08172407407407407","18","37"
"5","10","5","40","40","10","1000000","105972","0.105972","96","154"
"3","10","5","40","40","136","13600000","554449","0.040768308823529414","8","13"
"4","10","5","40","40","28","2800000","225006","0.08035928571428572","17","46"
"3","10","5","40","40","137","13700000","556797","0.04064211678832117","9","10"
"5","10","5","40","40","11","1100000","115134","0.10466727272727273","93","128"
"4","10","5","40","40","29","2900000","229152","0.07901793103448276","17","33"
"3","10","5","40","40","138","13800000","559309","0.04052963768115942","8","14"
"5","10","5","40","40","12","1200000","124575","0.1038125","83","134"
"4","10","5","40","40","30","3000000","233105","0.07770166666666667","17","34"
"3","10","5","40","40","139","13900000","561939","0.04042726618705036","9","14"
"5","10","5","40","40","13","1300000","134157","0.10319769230769231","70","120"
"4","10","5","40","40","31","3100000","236884","0.07641419354838709","12","22"
"3","10","5","40","40","140","14000000","564374","0.04031242857142857","8","19"
"4","10","5","40","40","32","3200000","240592","0.075185","15","25"
"5","10","5","40","40","14","1400000","142251","0.10160785714285714","66","97"
"3","10","5","40","40","141","14100000","566849","0.04020205673758865","7","13"
"4","10","5","40","40","33","3300000","244135","0.07398030303030304","14","26"
"5","10","5","40","40","15","1500000","150507","0.100338","65","109"
"3","10","5","40","40","142","14200000","569330","0.040093661971830986","9","16"
"4","10","5","40","40","34","3400000","247856","0.07289882352941177","14","25"
"5","10","5","40","40","16","1600000","158641","0.099150625","69","120"
"3","10","5","40","40","143","14300000","571855","0.03998986013986014","9","12"
"4","10","5","40","40","35","3500000","251993","0.071998","13","26"
"5","10","5","40","40","17","1700000","166293","0.09781941176470588","52","92"
"3","10","5","40","40","144","14400000","574313","0.03988284722222222","9","13"
"4","10","5","40","40","36","3600000","255216","0.07089333333333334","12","24"
"5","10","5","40","40","18","1800000","173987","0.09665944444444445","62","95"
"3","10","5","40","40","145","14500000","576603","0.03976572413793104","9","11"
"4","10","5","40","40","37","3700000","258727","0.06992621621621621","13","27"
"5","10","5","40","40","19","1900000","181943","0.09575947368421053","52","85"
"3","10","5","40","40","146","14600000","579216","0.03967232876712329","8","17"
"4","10","5","40","40","38","3800000","262246","0.06901210526315789","12","24"
"5","10","5","40","40","20","2000000","188822","0.094411","54","81"
"3","10","5","40","40","147","14700000","581792","0.039577687074829934","8","20"
"4","10","5","40","40","39","3900000","265551","0.06809","13","28"
"5","10","5","40","40","21","2100000","195715","0.09319761904761904","47","78"
"3","10","5","40","40","148","14800000","583989","0.039458716216216216","6","9"
"4","10","5","40","40","40","4000000","268893","0.06722325","12","24"
"5","10","5","40","40","22","2200000","202493","0.09204227272727272","48","78"
"3","10","5","40","40","149","14900000","585535","0.03929765100671141","7","12"
"4","10","5","40","40","41","4100000","272232","0.0663980487804878","11","21"
"3","10","5","40","40","150","15000000","586958","0.039130533333333335","7","9"
"5","10","5","40","40","23","2300000","209000","0.0908695652173913","41","70"
"4","10","5","40","40","42","4200000","275359","0.06556166666666667","10","19"
"3","10","5","40","40","151","15100000","588580","0.03897880794701987","7","10"
"5","10","5","40","40","24","2400000","215741","0.08989208333333333","41","66"
"4","10","5","40","40","43","4300000","278859","0.06485093023255814","10","22"
"3","10","5","40","40","152","15200000","590050","0.03881907894736842","6","10"
"5","10","5","40","40","25","2500000","222507","0.0890028","43","80"
"4","10","5","40","40","44","4400000","282106","0.064115","10","19"
"3","10","5","40","40","153","15300000","591539","0.03866267973856209","7","9"
"4","10","5","40","40","45","4500000","285424","0.06342755555555556","10","22"
"5","10","5","40","40","26","2600000","228859","0.0880226923076923","37","64"
"3","10","5","40","40","154","15400000","592925","0.03850162337662338","7","8"
"4","10","5","40","40","46","4600000","288967","0.06281891304347827","10","20"
"5","10","5","40","40","27","2700000","235162","0.08709703703703704","34","61"
"3","10","5","40","40","155","15500000","594350","0.03834516129032258","6","8"
"4","10","5","40","40","47","4700000","292265","0.06218404255319149","10","17"
"5","10","5","40","40","28","2800000","240959","0.08605678571428571","34","53"
"3","10","5","40","40","156","15600000","595797","0.03819211538461539","6","7"
"4","10","5","40","40","48","4800000","295516","0.061565833333333334","10","18"
"5","10","5","40","40","29","2900000","246605","0.08503620689655172","33","57"
"3","10","5","40","40","157","15700000","597154","0.03803528662420382","7","8"
"4","10","5","40","40","49","4900000","298649","0.060948775510204084","10","24"
"5","10","5","40","40","30","3000000","252039","0.084013","31","55"
"3","10","5","40","40","158","15800000","598479","0.03787841772151899","6","9"
"4","10","5","40","40","50","5000000","301695","0.060339","10","21"
"5","10","5","40","40","31","3100000","257082","0.08292967741935484","28","47"
"3","10","5","40","40","159","15900000","600269","0.037752767295597484","7","9"
"4","10","5","40","40","51","5100000","304742","0.05975333333333333","10","22"
"5","10","5","40","40","32","3200000","262054","0.081891875","27","51"
"3","10","5","40","40","160","16000000","601883","0.0376176875","6","9"
"4","10","5","40","40","52","5200000","307818","0.05919576923076923","10","17"
"5","10","5","40","40","33","3300000","266639","0.08079969696969697","26","42"
"3","10","5","40","40","161","16100000","603753","0.037500186335403723","6","13"
"4","10","5","40","40","53","5300000","310871","0.05865490566037736","10","15"
"5","10","5","40","40","34","3400000","270959","0.07969382352941176","26","44"
"3","10","5","40","40","162","16200000","605306","0.03736456790123457","7","8"
"4","10","5","40","40","54","5400000","314008","0.05814962962962963","10","17"
"5","10","5","40","40","35","3500000","274881","0.07853742857142858","28","45"
"3","10","5","40","40","163","16300000","606703","0.037221042944785274","7","12"
"4","10","5","40","40","55","5500000","317051","0.057645636363636364","10","16"
"5","10","5","40","40","36","3600000","278627","0.07739638888888889","25","41"
"3","10","5","40","40","164","16400000","608204","0.03708560975609756","7","12"
"4","10","5","40","40","56","5600000","319452","0.057045","10","19"
"5","10","5","40","40","37","3700000","282379","0.07631864864864865","28","43"
"3","10","5","40","40","165","16500000","609730","0.03695333333333333","6","8"
"4","10","5","40","40","57","5700000","321707","0.05643982456140351","9","15"
"5","10","5","40","40","38","3800000","286235","0.075325","19","33"
"3","10","5","40","40","166","16600000","611439","0.03683367469879518","7","8"
"4","10","5","40","40","58","5800000","323763","0.05582120689655173","7","14"
"5","10","5","40","40","39","3900000","289599","0.07425615384615385","18","23"
"3","10","5","40","40","167","16700000","613431","0.03673239520958084","6","6"
"4","10","5","40","40","59","5900000","325671","0.05519847457627119","7","11"
"5","10","5","40","40","40","4000000","292427","0.07310675","18","35"
"3","10","5","40","40","168","16800000","615506","0.0366372619047619","6","7"
"4","10","5","40","40","60","6000000","327214","0.05453566666666667","6","6"
"5","10","5","40","40","41","4100000","295463","0.07206414634146341","15","23"
"3","10","5","40","40","169","16900000","616952","0.03650603550295858","6","8"
"4","10","5","40","40","61","6100000","328757","0.05389459016393443","6","11"
"5","10","5","40","40","42","4200000","297966","0.07094428571428571","10","17"
"3","10","5","40","40","170","17000000","618103","0.036359","6","9"
"4","10","5","40","40","62","6200000","330319","0.05327725806451613","7","10"
"5","10","5","40","40","43","4300000","300503","0.06988441860465117","9","17"
"3","10","5","40","40","171","17100000","619268","0.036214502923976606","6","9"
"4","10","5","40","40","63","6300000","331394","0.052602222222222224","6","8"
"3","10","5","40","40","172","17200000","620250","0.036061046511627906","6","6"
"4","10","5","40","40","64","6400000","332191","0.05190484375","5","5"
"5","10","5","40","40","44","4400000","303001","0.06886386363636364","10","21"
"4","10","5","40","40","65","6500000","333141","0.05125246153846154","5","6"
"3","10","5","40","40","173","17300000","621234","0.035909479768786126","6","7"
"5","10","5","40","40","45","4500000","305718","0.06793733333333334","9","14"
"4","10","5","40","40","66","6600000","333964","0.05060060606060606","5","5"
"3","10","5","40","40","174","17400000","622160","0.03575632183908046","6","10"
"5","10","5","40","40","46","4600000","308123","0.06698326086956521","9","12"
"4","10","5","40","40","67","6700000","334645","0.04994701492537314","5","5"
"3","10","5","40","40","175","17500000","623025","0.03560142857142857","6","6"
"5","10","5","40","40","47","4700000","310499","0.0660636170212766","9","11"
"4","10","5","40","40","68","6800000","335428","0.04932764705882353","5","5"
"3","10","5","40","40","176","17600000","623693","0.03543710227272727","5","6"
"5","10","5","40","40","48","4800000","312778","0.06516208333333333","9","12"
"4","10","5","40","40","69","6900000","336405","0.04875434782608696","5","7"
"3","10","5","40","40","177","17700000","624206","0.035265875706214686","5","6"
"5","10","5","40","40","49","4900000","315054","0.06429673469387755","10","13"
"4","10","5","40","40","70","7000000","337331","0.048190142857142855","5","5"
"3","10","5","40","40","178","17800000","624704","0.03509573033707865","5","5"
"5","10","5","40","40","50","5000000","317194","0.0634388","10","17"
"4","10","5","40","40","71","7100000","338072","0.04761577464788733","5","6"
"3","10","5","40","40","179","17900000","625064","0.03491977653631285","5","5"
"5","10","5","40","40","51","5100000","319160","0.06258039215686274","10","13"
"4","10","5","40","40","72","7200000","338818","0.047058055555555554","5","5"
"3","10","5","40","40","180","18000000","625499","0.034749944444444444","5","5"
"5","10","5","40","40","52","5200000","321118","0.06175346153846154","10","17"
"4","10","5","40","40","73","7300000","339646","0.046526849315068494","5","5"
"3","10","5","40","40","181","18100000","625895","0.03457983425414365","5","5"
"5","10","5","40","40","53","5300000","323367","0.06101264150943396","9","15"
"4","10","5","40","40","74","7400000","340500","0.046013513513513515","5","6"
"3","10","5","40","40","182","18200000","626330","0.03441373626373626","5","5"
"5","10","5","40","40","54","5400000","325636","0.06030296296296296","9","16"
"4","10","5","40","40","75","7500000","341348","0.045513066666666664","5","7"
"3","10","5","40","40","183","18300000","626780","0.03425027322404372","5","5"
"5","10","5","40","40","55","5500000","327617","0.05956672727272727","9","13"
"4","10","5","40","40","76","7600000","342159","0.04502092105263158","5","6"
"3","10","5","40","40","184","18400000","627206","0.03408728260869565","5","5"
"5","10","5","40","40","56","5600000","329630","0.0588625","9","14"
"4","10","5","40","40","77","7700000","342980","0.04454285714285714","5","6"
"3","10","5","40","40","185","18500000","627685","0.033928918918918916","5","6"
"5","10","5","40","40","57","5700000","331362","0.05813368421052632","9","12"
"4","10","5","40","40","78","7800000","343788","0.044075384615384613","5","6"
"3","10","5","40","40","186","18600000","628109","0.03376930107526882","5","5"
"5","10","5","40","40","58","5800000","333273","0.057460862068965515","8","11"
"4","10","5","40","40","79","7900000","344547","0.04361354430379747","5","5"
"3","10","5","40","40","187","18700000","628419","0.03360529411764706","5","7"
"5","10","5","40","40","59","5900000","335141","0.056803559322033896","8","13"
"4","10","5","40","40","80","8000000","345324","0.0431655","5","5"
"3","10","5","40","40","188","18800000","628439","0.033427606382978724","4","4"
"6","10","5","40","40","0","0","0","0","899","900"
"5","10","5","40","40","60","6000000","336837","0.0561395","7","9"
"4","10","5","40","40","81","8100000","346057","0.04272308641975309","5","5"
"6","10","5","40","40","1","100000","8619","0.08619","430","454"
"5","10","5","40","40","61","6100000","338234","0.055448196721311474","7","7"
"4","10","5","40","40","82","8200000","346819","0.042295","5","5"
"6","10","5","40","40","2","200000","18786","0.09393","320","351"
"5","10","5","40","40","62","6200000","339128","0.05469806451612903","6","7"
"4","10","5","40","40","83","8300000","347586","0.04187783132530121","5","7"
"6","10","5","40","40","3","300000","30251","0.10083666666666667","260","312"
"5","10","5","40","40","63","6300000","340093","0.05398301587301587","6","8"
"4","10","5","40","40","84","8400000","348178","0.041449761904761906","5","5"
"5","10","5","40","40","64","6400000","340968","0.05327625","6","7"
"6","10","5","40","40","4","400000","41344","0.10336","201","244"
"4","10","5","40","40","85","8500000","348737","0.04102788235294118","5","5"
"5","10","5","40","40","65","6500000","342195","0.052645384615384615","6","7"
"4","10","5","40","40","86","8600000","349301","0.04061639534883721","5","6"
"6","10","5","40","40","5","500000","52012","0.104024","179","235"
"5","10","5","40","40","66","6600000","343090","0.05198333333333333","6","9"
"4","10","5","40","40","87","8700000","349726","0.0401983908045977","5","6"
"6","10","5","40","40","6","600000","62745","0.104575","160","217"
"4","10","5","40","40","88","8800000","350231","0.03979897727272727","5","5"
"5","10","5","40","40","67","6700000","344032","0.05134805970149254","6","9"
"6","10","5","40","40","7","700000","72661","0.10380142857142857","125","165"
"4","10","5","40","40","89","8900000","350765","0.03941179775280899","5","6"
"5","10","5","40","40","68","6800000","344925","0.05072426470588235","6","6"
"6","10","5","40","40","8","800000","82758","0.1034475","137","194"
"4","10","5","40","40","90","9000000","351592","0.039065777777777776","5","6"
"5","10","5","40","40","69","6900000","345875","0.050126811594202896","6","8"
"6","10","5","40","40","9","900000","93010","0.10334444444444445","118","160"
"4","10","5","40","40","91","9100000","352217","0.03870516483516483","5","6"
"5","10","5","40","40","70","7000000","346917","0.04955957142857143","6","7"
"6","10","5","40","40","10","1000000","102444","0.102444","129","175"
"4","10","5","40","40","92","9200000","352874","0.038355869565217394","5","5"
"5","10","5","40","40","71","7100000","347960","0.049008450704225354","6","6"
"6","10","5","40","40","11","1100000","111774","0.10161272727272727","109","155"
"4","10","5","40","40","93","9300000","353437","0.038003978494623655","5","6"
"5","10","5","40","40","72","7200000","348897","0.04845791666666667","6","7"
"4","10","5","40","40","94","9400000","354002","0.037659787234042556","5","5"
"6","10","5","40","40","12","1200000","120576","0.10048","92","143"
"5","10","5","40","40","73","7300000","349876","0.04792821917808219","6","8"
"4","10","5","40","40","95","9500000","354548","0.03732084210526316","5","5"
"5","10","5","40","40","74","7400000","350916","0.04742108108108108","6","8"
"6","10","5","40","40","13","1300000","129950","0.09996153846153846","90","141"
"4","10","5","40","40","96","9600000","354962","0.036975208333333336","5","5"
"5","10","5","40","40","75","7500000","351994","0.04693253333333333","6","10"
"6","10","5","40","40","14","1400000","138369","0.098835","75","122"
"4","10","5","40","40","97","9700000","355306","0.036629484536082474","5","5"
"5","10","5","40","40","76","7600000","352970","0.04644342105263158","6","9"
"6","10","5","40","40","15","1500000","146929","0.09795266666666666","70","119"
"4","10","5","40","40","98","9800000","355550","0.03628061224489796","4","4"
"7","10","5","40","40","0","0","0","0","895","900"
"5","10","5","40","40","77","7700000","353972","0.04597038961038961","6","6"
"6","10","5","40","40","16","1600000","155402","0.09712625","58","96"
"7","10","5","40","40","1","100000","8396","0.08396","439","457"
"5","10","5","40","40","78","7800000","355015","0.04551474358974359","6","8"
"6","10","5","40","40","17","1700000","163218","0.09601058823529411","55","91"
"5","10","5","40","40","79","7900000","356017","0.04506544303797468","6","6"
"7","10","5","40","40","2","200000","18488","0.09244","325","366"
"6","10","5","40","40","18","1800000","170544","0.09474666666666667","48","82"
"5","10","5","40","40","80","8000000","357071","0.044633875","6","6"
"7","10","5","40","40","3","300000","29493","0.09831","267","318"
"6","10","5","40","40","19","1900000","177609","0.09347842105263159","40","72"
"5","10","5","40","40","81","8100000","358111","0.044211234567901235","6","6"
"7","10","5","40","40","4","400000","41406","0.103515","231","288"
"6","10","5","40","40","20","2000000","184299","0.0921495","37","64"
"5","10","5","40","40","82","8200000","359018","0.04378268292682927","6","6"
"7","10","5","40","40","5","500000","52966","0.105932","167","223"
"6","10","5","40","40","21","2100000","190516","0.09072190476190477","37","72"
"5","10","5","40","40","83","8300000","359974","0.043370361445783136","6","8"
"7","10","5","40","40","6","600000","63531","0.105885","155","205"
"6","10","5","40","40","22","2200000","196354","0.08925181818181818","36","63"
"5","10","5","40","40","84","8400000","360971","0.0429727380952381","6","6"
"7","10","5","40","40","7","700000","74005","0.10572142857142858","126","182"
"6","10","5","40","40","23","2300000","202175","0.08790217391304347","27","54"
"5","10","5","40","40","85","8500000","362054","0.04259458823529412","6","9"
"7","10","5","40","40","8","800000","84220","0.105275","120","162"
"5","10","5","40","40","86","8600000","362998","0.04220906976744186","6","6"
"6","10","5","40","40","24","2400000","207946","0.08664416666666666","29","53"
"7","10","5","40","40","9","900000","94262","0.10473555555555555","125","178"
"5","10","5","40","40","87","8700000","364008","0.04184","6","8"
"6","10","5","40","40","25","2500000","213253","0.0853012","34","52"
"7","10","5","40","40","10","1000000","104265","0.104265","111","153"
"5","10","5","40","40","88","8800000","364994","0.04147659090909091","6","6"
"6","10","5","40","40","26","2600000","218561","0.08406192307692308","25","53"
"7","10","5","40","40","11","1100000","113720","0.10338181818181819","87","124"
"5","10","5","40","40","89","8900000","365975","0.041120786516853934","6","6"
"6","10","5","40","40","27","2700000","223765","0.08287592592592592","22","42"
"5","10","5","40","40","90","9000000","367059","0.04078433333333333","6","6"
"7","10","5","40","40","12","1200000","121843","0.10153583333333334","70","106"
"6","10","5","40","40","28","2800000","228607","0.08164535714285714","23","40"
"5","10","5","40","40","91","9100000","367932","0.04043208791208791","6","6"
"7","10","5","40","40","13","1300000","129619","0.09970692307692308","63","99"
"6","10","5","40","40","29","2900000","233160","0.0804","21","44"
"5","10","5","40","40","92","9200000","368716","0.04007782608695652","6","6"
"7","10","5","40","40","14","1400000","136918","0.09779857142857143","54","94"
"6","10","5","40","40","30","3000000","237721","0.07924033333333333","21","31"
"5","10","5","40","40","93","9300000","369478","0.039728817204301076","6","7"
"7","10","5","40","40","15","1500000","144066","0.096044","42","75"
"6","10","5","40","40","31","3100000","241974","0.07805612903225806","20","39"
"5","10","5","40","40","94","9400000","370414","0.03940574468085106","6","9"
"7","10","5","40","40","16","1600000","150463","0.094039375","38","60"
"6","10","5","40","40","32","3200000","246149","0.0769215625","21","37"
"5","10","5","40","40","95","9500000","371435","0.03909842105263158","6","7"
"7","10","5","40","40","17","1700000","156142","0.09184823529411765","36","60"
"6","10","5","40","40","33","3300000","250179","0.07581181818181819","21","40"
"5","10","5","40","40","96","9600000","372408","0.0387925","6","6"
"7","10","5","40","40","18","1800000","161752","0.08986222222222222","36","54"
"6","10","5","40","40","34","3400000","253948","0.07469058823529412","19","40"
"5","10","5","40","40","97","9700000","373277","0.03848216494845361","6","6"
"7","10","5","40","40","19","1900000","166795","0.08778684210526316","32","48"
"6","10","5","40","40","35","3500000","257455","0.07355857142857143","16","27"
"5","10","5","40","40","98","9800000","374072","0.03817061224489796","6","7"
"7","10","5","40","40","20","2000000","171424","0.085712","24","39"
"6","10","5","40","40","36","3600000","260760","0.07243333333333334","13","29"
"5","10","5","40","40","99","9900000","374976","0.03787636363636364","6","8"
"6","10","5","40","40","37","3700000","263906","0.07132594594594595","13","21"
"7","10","5","40","40","21","2100000","175736","0.08368380952380952","23","35"
"5","10","5","40","40","100","10000000","375864","0.0375864","6","8"
"6","10","5","40","40","38","3800000","266552","0.07014526315789474","12","19"
"7","10","5","40","40","22","2200000","179588","0.08163090909090909","23","35"
"5","10","5","40","40","101","10100000","376654","0.03729247524752475","6","9"
"6","10","5","40","40","39","3900000","269432","0.0690851282051282","13","25"
"7","10","5","40","40","23","2300000","183526","0.07979391304347826","22","36"
"5","10","5","40","40","102","10200000","377453","0.03700519607843137","6","7"
"6","10","5","40","40","40","4000000","272514","0.0681285","12","29"
"7","10","5","40","40","24","2400000","187420","0.07809166666666667","22","39"
"5","10","5","40","40","103","10300000","378010","0.0367","6","7"
"6","10","5","40","40","41","4100000","275376","0.06716487804878049","12","21"
"7","10","5","40","40","25","2500000","191355","0.076542","22","31"
"5","10","5","40","40","104","10400000","378271","0.03637221153846154","6","6"
"6","10","5","40","40","42","4200000","277932","0.06617428571428571","11","20"
"7","10","5","40","40","26","2600000","195110","0.07504230769230769","20","39"
"5","10","5","40","40","105","10500000","378278","0.03602647619047619","5","5"
"8","10","5","40","40","0","0","0","0","898","900"
"6","10","5","40","40","43","4300000","280598","0.0652553488372093","12","21"
"7","10","5","40","40","27","2700000","198963","0.07369","21","39"
"8","10","5","40","40","1","100000","8422","0.08422","462","485"
"6","10","5","40","40","44","4400000","283569","0.0644475","11","22"
"7","10","5","40","40","28","2800000","203168","0.07256","21","43"
"8","10","5","40","40","2","200000","19280","0.0964","320","366"
"6","10","5","40","40","45","4500000","286505","0.06366777777777778","11","18"
"7","10","5","40","40","29","2900000","207089","0.07141","21","37"
"8","10","5","40","40","3","300000","29751","0.09917","256","291"
"6","10","5","40","40","46","4600000","289292","0.06288956521739131","13","23"
"7","10","5","40","40","30","3000000","211188","0.070396","23","48"
"8","10","5","40","40","4","400000","40843","0.1021075","219","260"
"6","10","5","40","40","47","4700000","291915","0.062109574468085106","12","27"
"7","10","5","40","40","31","3100000","215226","0.06942774193548387","21","37"
"8","10","5","40","40","5","500000","51150","0.1023","179","222"
"6","10","5","40","40","48","4800000","294322","0.061317083333333335","12","24"
"7","10","5","40","40","32","3200000","219232","0.06851","17","42"
"8","10","5","40","40","6","600000","61053","0.101755","160","204"
"6","10","5","40","40","49","4900000","296654","0.06054163265306122","10","25"
"7","10","5","40","40","33","3300000","222696","0.06748363636363636","20","30"
"6","10","5","40","40","50","5000000","298875","0.059775","11","23"
"8","10","5","40","40","7","700000","71328","0.10189714285714285","163","211"
"7","10","5","40","40","34","3400000","225939","0.06645264705882353","21","39"
"6","10","5","40","40","51","5100000","301380","0.059094117647058825","11","18"
"8","10","5","40","40","8","800000","82164","0.102705","134","175"
"7","10","5","40","40","35","3500000","229012","0.065432","16","27"
"6","10","5","40","40","52","5200000","303607","0.05838596153846154","8","18"
"7","10","5","40","40","36","3600000","232264","0.06451777777777777","19","25"
"8","10","5","40","40","9","900000","92139","0.10237666666666667","123","184"
"6","10","5","40","40","53","5300000","306011","0.057737924528301884","8","11"
"7","10","5","40","40","37","3700000","235245","0.06357972972972974","18","30"
"8","10","5","40","40","10","1000000","101760","0.10176","113","160"
"6","10","5","40","40","54","5400000","308342","0.05710037037037037","9","11"
"7","10","5","40","40","38","3800000","238195","0.0626828947368421","16","31"
"8","10","5","40","40","11","1100000","110738","0.10067090909090909","116","165"
"6","10","5","40","40","55","5500000","310935","0.05653363636363636","10","18"
"7","10","5","40","40","39","3900000","241352","0.061885128205128204","18","36"
"8","10","5","40","40","12","1200000","119795","0.09982916666666666","92","145"
"6","10","5","40","40","56","5600000","313280","0.05594285714285714","9","14"
"7","10","5","40","40","40","4000000","244605","0.06115125","20","38"
"8","10","5","40","40","13","1300000","128265","0.09866538461538461","98","148"
"6","10","5","40","40","57","5700000","315744","0.05539368421052632","10","15"
"7","10","5","40","40","41","4100000","247448","0.06035317073170732","20","34"
"8","10","5","40","40","14","1400000","136136","0.09724","85","135"
"6","10","5","40","40","58","5800000","318146","0.054852758620689654","9","15"
"7","10","5","40","40","42","4200000","249931","0.05950738095238095","18","32"
"8","10","5","40","40","15","1500000","144000","0.096","80","129"
"6","10","5","40","40","59","5900000","320524","0.05432610169491525","8","11"
"7","10","5","40","40","43","4300000","252305","0.058675581395348834","20","35"
"6","10","5","40","40","60","6000000","322844","0.05380733333333333","9","20"
"8","10","5","40","40","16","1600000","151678","0.09479875","69","105"
"7","10","5","40","40","44","4400000","254311","0.05779795454545455","22","36"
"6","10","5","40","40","61","6100000","325094","0.05329409836065574","11","19"
"8","10","5","40","40","17","1700000","159536","0.09384470588235294","71","114"
"7","10","5","40","40","45","4500000","256592","0.05702044444444444","13","23"
"6","10","5","40","40","62","6200000","327501","0.05282274193548387","9","16"
"7","10","5","40","40","46","4600000","259067","0.05631891304347826","14","33"
"8","10","5","40","40","18","1800000","167259","0.09292166666666667","62","92"
"6","10","5","40","40","63","6300000","330215","0.052415079365079366","9","23"
"7","10","5","40","40","47","4700000","261995","0.055743617021276594","15","36"
"8","10","5","40","40","19","1900000","174319","0.09174684210526315","54","77"
"6","10","5","40","40","64","6400000","332825","0.05200390625","9","16"
"7","10","5","40","40","48","4800000","264588","0.0551225","12","22"
"8","10","5","40","40","20","2000000","181000","0.0905","59","103"
"6","10","5","40","40","65","6500000","335524","0.05161907692307692","8","20"
"7","10","5","40","40","49","4900000","266771","0.054443061224489796","12","21"
"8","10","5","40","40","21","2100000","187489","0.08928047619047619","54","83"
"6","10","5","40","40","66","6600000","337984","0.05120969696969697","7","11"
"7","10","5","40","40","50","5000000","268867","0.0537734","14","21"
"8","10","5","40","40","22","2200000","193675","0.08803409090909091","49","70"
"6","10","5","40","40","67","6700000","340592","0.05083462686567164","8","20"
"7","10","5","40","40","51","5100000","271020","0.05314117647058823","13","19"
"8","10","5","40","40","23","2300000","200408","0.08713391304347826","56","85"
"6","10","5","40","40","68","6800000","342968","0.05043647058823529","7","22"
"7","10","5","40","40","52","5200000","273168","0.05253230769230769","13","22"
"8","10","5","40","40","24","2400000","206905","0.08621041666666666","50","77"
"6","10","5","40","40","69","6900000","345175","0.05002536231884058","7","12"
"7","10","5","40","40","53","5300000","275140","0.05191320754716981","12","17"
"8","10","5","40","40","25","2500000","212977","0.0851908","47","65"
"6","10","5","40","40","70","7000000","347301","0.04961442857142857","7","10"
"7","10","5","40","40","54","5400000","276884","0.051274814814814815","13","24"
"6","10","5","40","40","71","7100000","349629","0.049243521126760566","7","11"
"8","10","5","40","40","26","2600000","218721","0.08412346153846154","40","54"
"7","10","5","40","40","55","5500000","278680","0.05066909090909091","14","25"
"6","10","5","40","40","72","7200000","351803","0.048861527777777775","7","10"
"7","10","5","40","40","56","5600000","280662","0.05011821428571429","13","17"
"8","10","5","40","40","27","2700000","225224","0.0834162962962963","39","68"
"6","10","5","40","40","73","7300000","353844","0.04847178082191781","6","10"
"7","10","5","40","40","57","5700000","282469","0.0495559649122807","12","24"
"8","10","5","40","40","28","2800000","231234","0.08258357142857142","39","71"
"6","10","5","40","40","74","7400000","355815","0.048083108108108105","6","10"
"7","10","5","40","40","58","5800000","284351","0.04902603448275862","12","25"
"8","10","5","40","40","29","2900000","237062","0.08174551724137931","37","62"
"6","10","5","40","40","75","7500000","357654","0.0476872","6","7"
"7","10","5","40","40","59","5900000","285708","0.04842508474576271","9","10"
"8","10","5","40","40","30","3000000","242532","0.080844","34","53"
"6","10","5","40","40","76","7600000","359525","0.04730592105263158","6","15"
"7","10","5","40","40","60","6000000","286493","0.04774883333333333","7","11"
"8","10","5","40","40","31","3100000","247092","0.07970709677419355","27","42"
"6","10","5","40","40","77","7700000","361592","0.04696","6","11"
"7","10","5","40","40","61","6100000","287101","0.04706573770491803","7","7"
"8","10","5","40","40","32","3200000","251683","0.0786509375","28","47"
"6","10","5","40","40","78","7800000","363446","0.046595641025641024","6","15"
"7","10","5","40","40","62","6200000","287678","0.046399677419354836","7","7"
"8","10","5","40","40","33","3300000","255889","0.07754212121212122","25","39"
"6","10","5","40","40","79","7900000","365221","0.04623050632911392","6","12"
"7","10","5","40","40","63","6300000","288290","0.04576031746031746","7","8"
"8","10","5","40","40","34","3400000","259628","0.07636117647058824","21","45"
"6","10","5","40","40","80","8000000","367028","0.0458785","6","12"
"7","10","5","40","40","64","6400000","288886","0.0451384375","7","8"
"8","10","5","40","40","35","3500000","262911","0.07511742857142857","18","28"
"6","10","5","40","40","81","8100000","368800","0.045530864197530864","6","11"
"7","10","5","40","40","65","6500000","289409","0.04452446153846154","7","7"
"8","10","5","40","40","36","3600000","265959","0.0738775","15","20"
"7","10","5","40","40","66","6600000","290001","0.04393954545454545","7","8"
"6","10","5","40","40","82","8200000","370467","0.04517890243902439","6","13"
"7","10","5","40","40","67","6700000","290563","0.043367611940298506","7","8"
"8","10","5","40","40","37","3700000","268668","0.07261297297297298","15","22"
"6","10","5","40","40","83","8300000","372344","0.044860722891566264","6","12"
"7","10","5","40","40","68","6800000","291002","0.04279441176470588","7","8"
"6","10","5","40","40","84","8400000","374192","0.044546666666666665","6","15"
"8","10","5","40","40","38","3800000","270941","0.07130026315789474","14","19"
"7","10","5","40","40","69","6900000","291331","0.04222188405797101","7","7"
"6","10","5","40","40","85","8500000","375810","0.04421294117647059","6","7"
"8","10","5","40","40","39","3900000","273233","0.0700597435897436","15","23"
"7","10","5","40","40","70","7000000","291606","0.041658","7","9"
"6","10","5","40","40","86","8600000","377509","0.04389639534883721","6","8"
"8","10","5","40","40","40","4000000","275615","0.06890375","15","17"
"7","10","5","40","40","71","7100000","291851","0.041105774647887325","7","7"
"6","10","5","40","40","87","8700000","379318","0.04359977011494253","6","12"
"8","10","5","40","40","41","4100000","278215","0.06785731707317073","15","20"
"7","10","5","40","40","72","7200000","291886","0.04053972222222222","6","6"
"9","10","5","40","40","0","0","0","0","898","900"
"6","10","5","40","40","88","8800000","381128","0.04331","6","10"
"8","10","5","40","40","42","4200000","280608","0.06681142857142858","15","25"
"9","10","5","40","40","1","100000","8622","0.08622","438","456"
"6","10","5","40","40","89","8900000","382736","0.04300404494382022","6","12"
"8","10","5","40","40","43","4300000","282346","0.06566186046511628","12","12"
"6","10","5","40","40","90","9000000","384473","0.04271922222222222","5","13"
"9","10","5","40","40","2","200000","19665","0.098325","314","351"
"8","10","5","40","40","44","4400000","283756","0.06449","12","13"
"6","10","5","40","40","91","9100000","386133","0.0424321978021978","6","9"
"9","10","5","40","40","3","300000","30896","0.10298666666666667","234","290"
"8","10","5","40","40","45","4500000","285504","0.06344533333333334","12","14"
"6","10","5","40","40","92","9200000","387391","0.042107717391304346","5","6"
"9","10","5","40","40","4","400000","41868","0.10467","210","272"
"8","10","5","40","40","46","4600000","287046","0.062401304347826085","12","14"
"6","10","5","40","40","93","9300000","388451","0.041768924731182794","4","4"
"8","10","5","40","40","47","4700000","288570","0.061397872340425534","12","12"
"9","10","5","40","40","5","500000","54171","0.108342","170","215"
"6","10","5","40","40","94","9400000","389339","0.04141904255319149","4","6"
"8","10","5","40","40","48","4800000","289983","0.060413125","12","12"
"9","10","5","40","40","6","600000","64720","0.10786666666666667","134","170"
"6","10","5","40","40","95","9500000","390205","0.04107421052631579","4","4"
"8","10","5","40","40","49","4900000","291519","0.059493673469387755","12","16"
"9","10","5","40","40","7","700000","73402","0.10486","108","141"
"6","10","5","40","40","96","9600000","391111","0.04074072916666667","4","6"
"8","10","5","40","40","50","5000000","293268","0.0586536","12","14"
"9","10","5","40","40","8","800000","82107","0.10263375","102","143"
"6","10","5","40","40","97","9700000","392196","0.04043257731958763","4","4"
"8","10","5","40","40","51","5100000","294827","0.05780921568627451","12","13"
"9","10","5","40","40","9","900000","90022","0.10002444444444444","81","110"
"6","10","5","40","40","98","9800000","393126","0.040114897959183674","4","8"
"8","10","5","40","40","52","5200000","296260","0.056973076923076925","12","15"
"9","10","5","40","40","10","1000000","97870","0.09787","90","135"
"6","10","5","40","40","99","9900000","394084","0.039806464646464645","4","6"
"8","10","5","40","40","53","5300000","297585","0.056148113207547166","12","15"
"9","10","5","40","40","11","1100000","106382","0.0967109090909091","88","129"
"6","10","5","40","40","100","10000000","394998","0.0394998","4","4"
"8","10","5","40","40","54","5400000","298981","0.055366851851851855","12","15"
"6","10","5","40","40","101","10100000","395963","0.03920425742574257","4","4"
"9","10","5","40","40","12","1200000","115181","0.09598416666666666","81","127"
"8","10","5","40","40","55","5500000","300386","0.054615636363636366","12","15"
"6","10","5","40","40","102","10200000","396911","0.038912843137254904","4","4"
"9","10","5","40","40","13","1300000","123731","0.09517769230769231","80","136"
"8","10","5","40","40","56","5600000","301306","0.053804642857142856","11","11"
"6","10","5","40","40","103","10300000","397903","0.03863135922330097","4","5"
"9","10","5","40","40","14","1400000","132415","0.09458214285714285","86","135"
"8","10","5","40","40","57","5700000","301957","0.05297491228070175","11","11"
"6","10","5","40","40","104","10400000","398828","0.03834884615384616","4","4"
"9","10","5","40","40","15","1500000","140907","0.093938","73","110"
"8","10","5","40","40","58","5800000","302689","0.05218775862068965","11","12"
"6","10","5","40","40","105","10500000","399716","0.03806819047619048","4","5"
"9","10","5","40","40","16","1600000","149042","0.09315125","65","107"
"8","10","5","40","40","59","5900000","303296","0.05140610169491525","11","11"
"6","10","5","40","40","106","10600000","400627","0.037795","4","5"
"9","10","5","40","40","17","1700000","156757","0.09221","53","88"
"8","10","5","40","40","60","6000000","303891","0.0506485","11","13"
"6","10","5","40","40","107","10700000","401550","0.03752803738317757","4","5"
"9","10","5","40","40","18","1800000","164216","0.09123111111111111","55","79"
"8","10","5","40","40","61","6100000","304519","0.049921147540983604","11","13"
"6","10","5","40","40","108","10800000","402520","0.03727037037037037","4","6"
"9","10","5","40","40","19","1900000","171582","0.09030631578947368","53","78"
"8","10","5","40","40","62","6200000","305270","0.04923709677419355","11","12"
"6","10","5","40","40","109","10900000","403544","0.037022385321100915","4","5"
"9","10","5","40","40","20","2000000","178702","0.089351","45","79"
"8","10","5","40","40","63","6300000","306298","0.04861873015873016","11","18"
"6","10","5","40","40","110","11000000","404401","0.036763727272727274","4","6"
"8","10","5","40","40","64","6400000","307233","0.04800515625","11","14"
"9","10","5","40","40","21","2100000","185432","0.08830095238095238","46","71"
"6","10","5","40","40","111","11100000","405283","0.03651198198198198","4","4"
"8","10","5","40","40","65","6500000","308071","0.04739553846153846","11","11"
"6","10","5","40","40","112","11200000","406159","0.03626419642857143","4","6"
"9","10","5","40","40","22","2200000","192508","0.08750363636363637","42","73"
"6","10","5","40","40","113","11300000","407180","0.036033628318584074","4","5"
"8","10","5","40","40","66","6600000","308869","0.04679833333333333","11","12"
"9","10","5","40","40","23","2300000","199363","0.0866795652173913","35","68"
"6","10","5","40","40","114","11400000","408005","0.035789912280701754","4","5"
"8","10","5","40","40","67","6700000","309673","0.04621985074626866","11","13"
"9","10","5","40","40","24","2400000","205828","0.08576166666666667","40","64"
"6","10","5","40","40","115","11500000","408752","0.035543652173913046","4","5"
"8","10","5","40","40","68","6800000","310303","0.045632794117647056","11","13"
"9","10","5","40","40","25","2500000","212157","0.0848628","44","69"
"6","10","5","40","40","116","11600000","409506","0.035302241379310345","4","6"
"8","10","5","40","40","69","6900000","310961","0.0450668115942029","11","11"
"9","10","5","40","40","26","2600000","218279","0.08395346153846153","43","67"
"6","10","5","40","40","117","11700000","410053","0.035047264957264956","4","4"
"8","10","5","40","40","70","7000000","311423","0.044489","11","11"
"9","10","5","40","40","27","2700000","223731","0.08286333333333333","34","67"
"6","10","5","40","40","118","11800000","410703","0.03480533898305085","4","4"
"8","10","5","40","40","71","7100000","311831","0.043919859154929575","11","12"
"9","10","5","40","40","28","2800000","228808","0.08171714285714286","38","60"
"6","10","5","40","40","119","11900000","411295","0.03456260504201681","4","4"
"8","10","5","40","40","72","7200000","312266","0.04337027777777778","11","11"
"9","10","5","40","40","29","2900000","233007","0.08034724137931035","38","65"
"6","10","5","40","40","120","12000000","412033","0.034336083333333337","4","5"
"8","10","5","40","40","73","7300000","312457","0.04280232876712329","10","10"
"10","10","5","40","40","0","0","0","0","897","900"
"9","10","5","40","40","30","3000000","237785","0.07926166666666666","32","58"
"6","10","5","40","40","121","12100000","412817","0.034117107438016527","4","4"
"10","10","5","40","40","1","100000","8820","0.0882","424","447"
"9","10","5","40","40","31","3100000","242755","0.07830806451612904","35","59"
"6","10","5","40","40","122","12200000","413564","0.033898688524590166","4","4"
"10","10","5","40","40","2","200000","19927","0.099635","360","399"
"9","10","5","40","40","32","3200000","247907","0.0774709375","34","57"
"6","10","5","40","40","123","12300000","414403","0.03369130081300813","4","4"
"9","10","5","40","40","33","3300000","252745","0.07658939393939394","35","60"
"10","10","5","40","40","3","300000","31923","0.10641","254","313"
"6","10","5","40","40","124","12400000","415266","0.0334891935483871","4","4"
"9","10","5","40","40","34","3400000","257108","0.07562","31","48"
"6","10","5","40","40","125","12500000","415905","0.0332724","4","5"
"10","10","5","40","40","4","400000","43504","0.10876","204","251"
"9","10","5","40","40","35","3500000","261859","0.07481685714285714","34","56"
"6","10","5","40","40","126","12600000","416600","0.033063492063492066","4","4"
"10","10","5","40","40","5","500000","54074","0.108148","153","196"
"6","10","5","40","40","127","12700000","417364","0.032863307086614175","4","6"
"9","10","5","40","40","36","3600000","266629","0.07406361111111111","32","57"
"10","10","5","40","40","6","600000","63989","0.10664833333333333","125","173"
"6","10","5","40","40","128","12800000","418089","0.032663203125","4","4"
"9","10","5","40","40","37","3700000","271698","0.07343189189189189","31","45"
"10","10","5","40","40","7","700000","73989","0.10569857142857143","118","181"
"6","10","5","40","40","129","12900000","418790","0.03246434108527132","4","4"
"9","10","5","40","40","38","3800000","276528","0.07277052631578948","24","46"
"10","10","5","40","40","8","800000","83745","0.10468125","101","146"
"6","10","5","40","40","130","13000000","419367","0.032259","4","4"
"9","10","5","40","40","39","3900000","280955","0.07203974358974359","27","49"
"10","10","5","40","40","9","900000","92702","0.10300222222222222","100","143"
"6","10","5","40","40","131","13100000","420139","0.032071679389312976","4","4"
"9","10","5","40","40","40","4000000","285144","0.071286","27","59"
"10","10","5","40","40","10","1000000","101550","0.10155","91","133"
"6","10","5","40","40","132","13200000","420699","0.031871136363636365","4","5"
"9","10","5","40","40","41","4100000","289521","0.07061487804878049","24","43"
"6","10","5","40","40","133","13300000","421212","0.03167007518796992","4","4"
"10","10","5","40","40","11","1100000","110454","0.10041272727272728","88","138"
"9","10","5","40","40","42","4200000","293849","0.06996404761904762","28","69"
"6","10","5","40","40","134","13400000","421559","0.03145962686567164","4","4"
"10","10","5","40","40","12","1200000","118810","0.09900833333333334","93","135"
"9","10","5","40","40","43","4300000","298077","0.06932023255813953","25","44"
"6","10","5","40","40","135","13500000","421709","0.031237703703703705","3","3"
"11","10","5","40","40","0","0","0","0","895","900"
"10","10","5","40","40","13","1300000","126883","0.0976023076923077","63","109"
"9","10","5","40","40","44","4400000","301884","0.06861","21","41"
"11","10","5","40","40","1","100000","9006","0.09006","423","440"
"10","10","5","40","40","14","1400000","133906","0.09564714285714286","60","89"
"9","10","5","40","40","45","4500000","305654","0.06792311111111111","22","38"
"11","10","5","40","40","2","200000","19883","0.099415","322","365"
"10","10","5","40","40","15","1500000","140313","0.093542","53","77"
"9","10","5","40","40","46","4600000","309844","0.06735739130434783","26","59"
"11","10","5","40","40","3","300000","31914","0.10638","270","324"
"10","10","5","40","40","16","1600000","146120","0.091325","46","80"
"9","10","5","40","40","47","4700000","314031","0.06681510638297872","20","29"
"11","10","5","40","40","4","400000","42875","0.1071875","225","269"
"9","10","5","40","40","48","4800000","318079","0.06626645833333333","21","47"
"10","10","5","40","40","17","1700000","151716","0.08924470588235293","44","73"
"11","10","5","40","40","5","500000","53676","0.107352","194","243"
"9","10","5","40","40","49","4900000","322533","0.06582306122448979","21","39"
"10","10","5","40","40","18","1800000","157561","0.08753388888888888","39","63"
"9","10","5","40","40","50","5000000","326643","0.0653286","21","41"
"11","10","5","40","40","6","600000","64307","0.10717833333333333","171","223"
"10","10","5","40","40","19","1900000","162865","0.08571842105263158","40","69"
"9","10","5","40","40","51","5100000","330529","0.06480960784313726","15","22"
"10","10","5","40","40","20","2000000","167933","0.0839665","41","72"
"11","10","5","40","40","7","700000","74776","0.10682285714285714","142","192"
"9","10","5","40","40","52","5200000","334038","0.06423807692307693","17","28"
"10","10","5","40","40","21","2100000","173129","0.08244238095238095","37","64"
"11","10","5","40","40","8","800000","85731","0.10716375","159","211"
"9","10","5","40","40","53","5300000","337648","0.06370716981132075","14","22"
"10","10","5","40","40","22","2200000","177964","0.08089272727272727","33","57"
"11","10","5","40","40","9","900000","96787","0.10754111111111112","123","171"
"9","10","5","40","40","54","5400000","340833","0.06311722222222223","12","24"
"10","10","5","40","40","23","2300000","182486","0.07934173913043478","31","56"
"11","10","5","40","40","10","1000000","107066","0.107066","115","169"
"9","10","5","40","40","55","5500000","343811","0.0625110909090909","14","29"
"10","10","5","40","40","24","2400000","186861","0.07785875","30","50"
"11","10","5","40","40","11","1100000","116788","0.1061709090909091","106","153"
"9","10","5","40","40","56","5600000","346291","0.06183767857142857","11","19"
"10","10","5","40","40","25","2500000","191417","0.0765668","30","55"
"11","10","5","40","40","12","1200000","127052","0.10587666666666666","103","149"
"9","10","5","40","40","57","5700000","348551","0.061149298245614034","11","17"
"10","10","5","40","40","26","2600000","195816","0.07531384615384615","30","53"
"11","10","5","40","40","13","1300000","136385","0.10491153846153846","108","157"
"9","10","5","40","40","58","5800000","350912","0.06050206896551724","11","17"
"10","10","5","40","40","27","2700000","200347","0.0742025925925926","27","57"
"11","10","5","40","40","14","1400000","145258","0.10375571428571428","92","134"
"9","10","5","40","40","59","5900000","353071","0.059842542372881356","11","14"
"10","10","5","40","40","28","2800000","204777","0.07313464285714286","26","55"
"9","10","5","40","40","60","6000000","355268","0.05921133333333333","10","17"
"11","10","5","40","40","15","1500000","154481","0.10298733333333333","94","132"
"10","10","5","40","40","29","2900000","208752","0.07198344827586207","21","36"
"9","10","5","40","40","61","6100000","357696","0.058638688524590164","10","16"
"11","10","5","40","40","16","1600000","163410","0.10213125","103","150"
"10","10","5","40","40","30","3000000","212798","0.07093266666666667","23","48"
"9","10","5","40","40","62","6200000","359994","0.05806354838709677","10","11"
"11","10","5","40","40","17","1700000","171934","0.10113764705882353","79","111"
"10","10","5","40","40","31","3100000","216494","0.06983677419354839","18","28"
"9","10","5","40","40","63","6300000","362314","0.05751015873015873","10","15"
"11","10","5","40","40","18","1800000","180493","0.10027388888888888","87","128"
"10","10","5","40","40","32","3200000","219542","0.068606875","17","27"
"9","10","5","40","40","64","6400000","364554","0.0569615625","10","18"
"11","10","5","40","40","19","1900000","188967","0.09945631578947368","71","109"
"10","10","5","40","40","33","3300000","222526","0.06743212121212121","14","21"
"9","10","5","40","40","65","6500000","366856","0.056439384615384613","9","16"
"11","10","5","40","40","20","2000000","196873","0.0984365","62","98"
"10","10","5","40","40","34","3400000","225093","0.06620382352941176","14","25"
"9","10","5","40","40","66","6600000","368902","0.05589424242424242","9","11"
"10","10","5","40","40","35","3500000","227127","0.06489342857142857","12","18"
"11","10","5","40","40","21","2100000","204231","0.09725285714285714","60","104"
"9","10","5","40","40","67","6700000","370947","0.05536522388059702","8","10"
"10","10","5","40","40","36","3600000","228597","0.06349916666666666","12","19"
"11","10","5","40","40","22","2200000","211154","0.0959790909090909","56","98"
"9","10","5","40","40","68","6800000","373119","0.05487044117647059","8","11"
"10","10","5","40","40","37","3700000","229917","0.06213972972972973","12","18"
"11","10","5","40","40","23","2300000","218043","0.09480130434782609","57","108"
"9","10","5","40","40","69","6900000","375351","0.054398695652173916","8","10"
"10","10","5","40","40","38","3800000","231330","0.06087631578947368","12","14"
"11","10","5","40","40","24","2400000","225237","0.09384875","54","92"
"9","10","5","40","40","70","7000000","377605","0.05394357142857143","8","10"
"10","10","5","40","40","39","3900000","232877","0.05971205128205128","12","20"
"9","10","5","40","40","71","7100000","379691","0.05347760563380282","8","10"
"11","10","5","40","40","25","2500000","231841","0.0927364","47","78"
"10","10","5","40","40","40","4000000","234481","0.05862025","11","14"
"9","10","5","40","40","72","7200000","381540","0.052991666666666666","8","13"
"11","10","5","40","40","26","2600000","238168","0.09160307692307693","43","67"
"10","10","5","40","40","41","4100000","235628","0.057470243902439024","12","17"
"9","10","5","40","40","73","7300000","383676","0.05255835616438356","8","15"
"11","10","5","40","40","27","2700000","244646","0.09060962962962962","43","67"
"10","10","5","40","40","42","4200000","236596","0.05633238095238095","11","12"
"9","10","5","40","40","74","7400000","385652","0.05211513513513513","8","14"
"11","10","5","40","40","28","2800000","250656","0.08952","31","56"
"10","10","5","40","40","43","4300000","236995","0.055115116279069766","10","11"
"9","10","5","40","40","75","7500000","387740","0.051698666666666664","8","11"
"11","10","5","40","40","29","2900000","255881","0.08823482758620689","35","58"
"10","10","5","40","40","44","4400000","237013","0.053866590909090906","9","9"
"12","10","5","40","40","0","0","0","0","895","900"
"9","10","5","40","40","76","7600000","389799","0.05128934210526316","8","17"
"11","10","5","40","40","30","3000000","261510","0.08717","30","49"
"12","10","5","40","40","1","100000","8836","0.08836","447","470"
"9","10","5","40","40","77","7700000","391636","0.05086181818181818","8","14"
"11","10","5","40","40","31","3100000","266644","0.0860141935483871","29","54"
"9","10","5","40","40","78","7800000","393530","0.0504525641025641","8","14"
"12","10","5","40","40","2","200000","20004","0.10002","343","370"
"11","10","5","40","40","32","3200000","271905","0.0849703125","32","47"
"9","10","5","40","40","79","7900000","395707","0.050089493670886075","8","15"
"12","10","5","40","40","3","300000","32223","0.10741","292","337"
"11","10","5","40","40","33","3300000","277312","0.0840339393939394","26","45"
"9","10","5","40","40","80","8000000","397886","0.04973575","8","15"
"12","10","5","40","40","4","400000","44339","0.1108475","220","265"
"11","10","5","40","40","34","3400000","282322","0.08303588235294118","24","45"
"9","10","5","40","40","81","8100000","399679","0.04934308641975309","8","14"
"12","10","5","40","40","5","500000","55842","0.111684","167","231"
"11","10","5","40","40","35","3500000","287361","0.08210314285714286","27","41"
"9","10","5","40","40","82","8200000","401290","0.04893780487804878","8","12"
"12","10","5","40","40","6","600000","65925","0.109875","153","197"
"11","10","5","40","40","36","3600000","292521","0.08125583333333333","32","52"
"9","10","5","40","40","83","8300000","402899","0.04854204819277108","8","15"
"12","10","5","40","40","7","700000","75773","0.10824714285714286","135","176"
"9","10","5","40","40","84","8400000","404535","0.048158928571428575","8","12"
"11","10","5","40","40","37","3700000","297733","0.08046837837837838","27","45"
"12","10","5","40","40","8","800000","84953","0.10619125","115","149"
"9","10","5","40","40","85","8500000","406261","0.047795411764705885","8","11"
"11","10","5","40","40","38","3800000","302430","0.07958684210526316","22","34"
"12","10","5","40","40","9","900000","93637","0.10404111111111111","101","145"
"9","10","5","40","40","86","8600000","407902","0.04743046511627907","8","14"
"11","10","5","40","40","39","3900000","306702","0.07864153846153846","19","33"
"9","10","5","40","40","87","8700000","409672","0.04708873563218391","8","17"
"12","10","5","40","40","10","1000000","102468","0.102468","104","137"
"11","10","5","40","40","40","4000000","310997","0.07774925","17","28"
"9","10","5","40","40","88","8800000","411497","0.04676102272727273","8","14"
"12","10","5","40","40","11","1100000","110786","0.10071454545454546","90","126"
"11","10","5","40","40","41","4100000","315319","0.07690707317073171","17","34"
"9","10","5","40","40","89","8900000","413151","0.046421460674157304","8","13"
"12","10","5","40","40","12","1200000","118556","0.09879666666666667","92","131"
"11","10","5","40","40","42","4200000","319702","0.0761195238095238","17","37"
"9","10","5","40","40","90","9000000","414842","0.046093555555555554","8","16"
"11","10","5","40","40","43","4300000","323882","0.07532139534883721","20","28"
"12","10","5","40","40","13","1300000","126442","0.09726307692307692","69","112"
"9","10","5","40","40","91","9100000","416597","0.04577989010989011","7","8"
"11","10","5","40","40","44","4400000","328477","0.07465386363636364","17","36"
"12","10","5","40","40","14","1400000","133567","0.095405","74","115"
"9","10","5","40","40","92","9200000","418369","0.04547489130434783","7","10"
"11","10","5","40","40","45","4500000","332644","0.07392088888888888","18","39"
"12","10","5","40","40","15","1500000","141086","0.09405733333333334","64","91"
"9","10","5","40","40","93","9300000","420213","0.0451841935483871","7","9"
"11","10","5","40","40","46","4600000","336810","0.0732195652173913","16","36"
"12","10","5","40","40","16","1600000","148669","0.092918125","63","98"
"9","10","5","40","40","94","9400000","422139","0.04490840425531915","8","11"
"11","10","5","40","40","47","4700000","341048","0.07256340425531915","18","34"
"12","10","5","40","40","17","1700000","156286","0.09193294117647059","63","89"
"9","10","5","40","40","95","9500000","424181","0.044650631578947365","8","16"
"11","10","5","40","40","48","4800000","345364","0.07195083333333334","16","30"
"12","10","5","40","40","18","1800000","163533","0.09085166666666666","61","95"
"9","10","5","40","40","96","9600000","426163","0.044391979166666665","7","14"
"11","10","5","40","40","49","4900000","349280","0.07128163265306123","14","21"
"9","10","5","40","40","97","9700000","427903","0.04411371134020618","7","8"
"12","10","5","40","40","19","1900000","170086","0.08951894736842106","54","76"
"11","10","5","40","40","50","5000000","353502","0.0707004","16","30"
"9","10","5","40","40","98","9800000","429485","0.043825","7","10"
"12","10","5","40","40","20","2000000","176922","0.088461","58","85"
"11","10","5","40","40","51","5100000","357973","0.0701907843137255","14","28"
"9","10","5","40","40","99","9900000","431084","0.043543838383838386","7","8"
"12","10","5","40","40","21","2100000","183316","0.08729333333333333","52","86"
"11","10","5","40","40","52","5200000","362116","0.0696376923076923","13","20"
"9","10","5","40","40","100","10000000","432656","0.0432656","7","9"
"12","10","5","40","40","22","2200000","189863","0.08630136363636363","51","83"
"11","10","5","40","40","53","5300000","366050","0.06906603773584906","17","34"
"9","10","5","40","40","101","10100000","433835","0.0429539603960396","7","7"
"12","10","5","40","40","23","2300000","195763","0.08511434782608696","42","65"
"9","10","5","40","40","102","10200000","435150","0.04266176470588235","7","7"
"11","10","5","40","40","54","5400000","370179","0.06855166666666666","15","28"
"12","10","5","40","40","24","2400000","201468","0.083945","50","76"
"9","10","5","40","40","103","10300000","436562","0.04238466019417476","7","12"
"11","10","5","40","40","55","5500000","374202","0.06803672727272728","14","22"
"12","10","5","40","40","25","2500000","207478","0.0829912","48","74"
"9","10","5","40","40","104","10400000","437827","0.04209875","7","8"
"11","10","5","40","40","56","5600000","377937","0.06748875","13","21"
"12","10","5","40","40","26","2600000","213083","0.081955","44","72"
"9","10","5","40","40","105","10500000","438883","0.041798380952380955","7","8"
"11","10","5","40","40","57","5700000","381470","0.06692456140350878","12","16"
"12","10","5","40","40","27","2700000","218965","0.08109814814814814","51","84"
"9","10","5","40","40","106","10600000","440110","0.04151981132075472","7","7"
"11","10","5","40","40","58","5800000","384971","0.06637431034482759","12","25"
"12","10","5","40","40","28","2800000","224522","0.08018642857142858","45","79"
"9","10","5","40","40","107","10700000","441089","0.041223271028037384","7","10"
"11","10","5","40","40","59","5900000","388270","0.06580847457627119","15","32"
"12","10","5","40","40","29","2900000","229965","0.07929827586206896","40","61"
"9","10","5","40","40","108","10800000","441722","0.040900185185185185","6","6"
"11","10","5","40","40","60","6000000","391911","0.0653185","11","22"
"9","10","5","40","40","109","10900000","442362","0.04058366972477064","6","6"
"12","10","5","40","40","30","3000000","235442","0.07848066666666667","44","76"
"11","10","5","40","40","61","6100000","395012","0.06475606557377049","9","12"
"9","10","5","40","40","110","11000000","442772","0.040252","6","6"
"12","10","5","40","40","31","3100000","241065","0.07776290322580645","41","70"
"11","10","5","40","40","62","6200000","397910","0.06417903225806451","9","13"
"9","10","5","40","40","111","11100000","442996","0.03990954954954955","6","6"
"12","10","5","40","40","32","3200000","246612","0.07706625","32","49"
"11","10","5","40","40","63","6300000","400533","0.06357666666666667","10","14"
"9","10","5","40","40","112","11200000","443270","0.03957767857142857","6","6"
"12","10","5","40","40","33","3300000","252042","0.07637636363636363","39","72"
"11","10","5","40","40","64","6400000","402952","0.06296125","8","13"
"9","10","5","40","40","113","11300000","443297","0.03922982300884956","5","5"
"13","10","5","40","40","0","0","0","0","894","900"
"12","10","5","40","40","34","3400000","257850","0.07583823529411765","38","62"
"11","10","5","40","40","65","6500000","405253","0.06234661538461538","8","14"
"13","10","5","40","40","1","100000","8105","0.08105","432","451"
"12","10","5","40","40","35","3500000","263859","0.07538828571428571","40","77"
"11","10","5","40","40","66","6600000","407438","0.061733030303030303","8","17"
"13","10","5","40","40","2","200000","17694","0.08847","323","355"
"12","10","5","40","40","36","3600000","269692","0.07491444444444445","37","63"
"11","10","5","40","40","67","6700000","409673","0.06114522388059702","8","19"
"13","10","5","40","40","3","300000","28552","0.09517333333333333","254","301"
"12","10","5","40","40","37","3700000","274982","0.07431945945945946","35","51"
"11","10","5","40","40","68","6800000","412056","0.06059647058823529","8","12"
"13","10","5","40","40","4","400000","39558","0.098895","239","288"
"11","10","5","40","40","69","6900000","414323","0.0600468115942029","8","10"
"12","10","5","40","40","38","3800000","280240","0.07374736842105263","38","63"
"13","10","5","40","40","5","500000","49896","0.099792","175","214"
"11","10","5","40","40","70","7000000","416399","0.05948557142857143","8","10"
"12","10","5","40","40","39","3900000","285213","0.07313153846153846","33","59"
"13","10","5","40","40","6","600000","59463","0.099105","150","187"
"11","10","5","40","40","71","7100000","418424","0.05893295774647887","8","10"
"12","10","5","40","40","40","4000000","290674","0.0726685","36","70"
"13","10","5","40","40","7","700000","68651","0.09807285714285714","116","162"
"11","10","5","40","40","72","7200000","420445","0.05839513888888889","8","10"
"12","10","5","40","40","41","4100000","296206","0.07224536585365854","33","62"
"13","10","5","40","40","8","800000","77322","0.0966525","92","127"
"11","10","5","40","40","73","7300000","422893","0.05793054794520548","8","10"
"12","10","5","40","40","42","4200000","301386","0.07175857142857144","31","52"
"11","10","5","40","40","74","7400000","425038","0.057437567567567564","8","15"
"13","10","5","40","40","9","900000","84866","0.09429555555555555","93","135"
"12","10","5","40","40","43","4300000","306507","0.07128069767441861","29","45"
"11","10","5","40","40","75","7500000","427124","0.05694986666666667","8","16"
"13","10","5","40","40","10","1000000","93048","0.093048","87","136"
"12","10","5","40","40","44","4400000","311673","0.07083477272727273","31","58"
"11","10","5","40","40","76","7600000","429205","0.056474342105263156","8","16"
"13","10","5","40","40","11","1100000","101494","0.09226727272727273","87","131"
"12","10","5","40","40","45","4500000","316586","0.07035244444444444","30","39"
"11","10","5","40","40","77","7700000","431212","0.05600155844155844","7","12"
"13","10","5","40","40","12","1200000","109155","0.0909625","86","123"
"12","10","5","40","40","46","4600000","321167","0.06981891304347826","31","50"
"11","10","5","40","40","78","7800000","433093","0.05552474358974359","8","11"
"13","10","5","40","40","13","1300000","116629","0.08971461538461538","78","107"
"12","10","5","40","40","47","4700000","326157","0.06939510638297873","29","53"
"11","10","5","40","40","79","7900000","434646","0.05501848101265823","7","8"
"13","10","5","40","40","14","1400000","123613","0.088295","61","86"
"12","10","5","40","40","48","4800000","330670","0.06888958333333334","28","37"
"11","10","5","40","40","80","8000000","436149","0.054518625","6","9"
"13","10","5","40","40","15","1500000","130327","0.08688466666666667","61","87"
"12","10","5","40","40","49","4900000","334840","0.06833469387755102","30","54"
"11","10","5","40","40","81","8100000","437594","0.05402395061728395","5","9"
"13","10","5","40","40","16","1600000","136508","0.0853175","44","73"
"12","10","5","40","40","50","5000000","338989","0.0677978","27","48"
"11","10","5","40","40","82","8200000","438906","0.053525121951219515","5","7"
"13","10","5","40","40","17","1700000","142993","0.08411352941176471","52","81"
"12","10","5","40","40","51","5100000","343548","0.06736235294117647","30","57"
"11","10","5","40","40","83","8300000","440164","0.053031807228915664","5","7"
"13","10","5","40","40","18","1800000","149601","0.08311166666666667","49","74"
"12","10","5","40","40","52","5200000","348113","0.06694480769230769","27","50"
"11","10","5","40","40","84","8400000","441319","0.05253797619047619","5","7"
"13","10","5","40","40","19","1900000","155929","0.0820678947368421","41","67"
"12","10","5","40","40","53","5300000","352795","0.06656509433962264","25","41"
"11","10","5","40","40","85","8500000","442287","0.052033764705882356","5","6"
"13","10","5","40","40","20","2000000","161788","0.080894","37","58"
"12","10","5","40","40","54","5400000","357381","0.06618166666666667","30","43"
"11","10","5","40","40","86","8600000","443299","0.05154639534883721","5","5"
"13","10","5","40","40","21","2100000","167550","0.07978571428571428","41","70"
"12","10","5","40","40","55","5500000","361868","0.06579418181818182","28","46"
"11","10","5","40","40","87","8700000","444317","0.05107091954022989","5","6"
"13","10","5","40","40","22","2200000","173275","0.07876136363636364","32","58"
"12","10","5","40","40","56","5600000","366488","0.06544428571428572","31","55"
"11","10","5","40","40","88","8800000","445393","0.050612840909090906","5","7"
"13","10","5","40","40","23","2300000","178780","0.0777304347826087","29","41"
"12","10","5","40","40","57","5700000","370790","0.06505087719298246","27","45"
"11","10","5","40","40","89","8900000","446416","0.050159101123595506","5","6"
"13","10","5","40","40","24","2400000","184298","0.07679083333333334","34","56"
"11","10","5","40","40","90","9000000","447397","0.04971077777777778","5","6"
"12","10","5","40","40","58","5800000","375237","0.06469603448275862","23","42"
"13","10","5","40","40","25","2500000","189793","0.0759172","28","44"
"11","10","5","40","40","91","9100000","448337","0.0492678021978022","5","5"
"12","10","5","40","40","59","5900000","379675","0.06435169491525423","25","46"
"11","10","5","40","40","92","9200000","449312","0.04883826086956522","5","6"
"13","10","5","40","40","26","2600000","194753","0.074905","27","38"
"12","10","5","40","40","60","6000000","383891","0.06398183333333334","26","52"
"11","10","5","40","40","93","9300000","450247","0.0484136559139785","5","6"
"13","10","5","40","40","27","2700000","199368","0.07384","20","34"
"12","10","5","40","40","61","6100000","387971","0.06360180327868853","29","47"
"11","10","5","40","40","94","9400000","451117","0.04799117021276596","5","10"
"13","10","5","40","40","28","2800000","203733","0.07276178571428571","22","32"
"12","10","5","40","40","62","6200000","392061","0.06323564516129032","29","50"
"11","10","5","40","40","95","9500000","452159","0.04759568421052632","5","5"
"13","10","5","40","40","29","2900000","208109","0.07176172413793104","21","51"
"12","10","5","40","40","63","6300000","396022","0.06286063492063491","26","50"
"11","10","5","40","40","96","9600000","453121","0.047200104166666666","5","8"
"13","10","5","40","40","30","3000000","212764","0.07092133333333334","21","44"
"12","10","5","40","40","64","6400000","399813","0.06247078125","24","39"
"11","10","5","40","40","97","9700000","454118","0.046816288659793814","5","8"
"13","10","5","40","40","31","3100000","217301","0.07009709677419355","23","42"
"12","10","5","40","40","65","6500000","403817","0.062125692307692305","27","48"
"11","10","5","40","40","98","9800000","455031","0.04643173469387755","5","5"
"13","10","5","40","40","32","3200000","221431","0.0691971875","22","38"
"12","10","5","40","40","66","6600000","407428","0.06173151515151515","23","36"
"11","10","5","40","40","99","9900000","456145","0.046075252525252526","5","6"
"13","10","5","40","40","33","3300000","225547","0.06834757575757576","20","35"
"12","10","5","40","40","67","6700000","411453","0.061410895522388056","27","45"
"11","10","5","40","40","100","10000000","457293","0.0457293","5","7"
"13","10","5","40","40","34","3400000","229373","0.06746264705882353","17","30"
"12","10","5","40","40","68","6800000","415280","0.06107058823529412","24","34"
"11","10","5","40","40","101","10100000","458312","0.04537742574257426","5","6"
"13","10","5","40","40","35","3500000","233336","0.06666742857142857","16","28"
"12","10","5","40","40","69","6900000","419077","0.060735797101449274","24","41"
"11","10","5","40","40","102","10200000","459216","0.04502117647058824","5","7"
"13","10","5","40","40","36","3600000","237343","0.0659286111111111","19","42"
"12","10","5","40","40","70","7000000","422661","0.060380142857142854","21","27"
"11","10","5","40","40","103","10300000","460275","0.04468689320388349","5","8"
"13","10","5","40","40","37","3700000","241359","0.06523216216216217","17","31"
"12","10","5","40","40","71","7100000","426015","0.06000211267605634","22","30"
"11","10","5","40","40","104","10400000","461273","0.044353173076923075","5","9"
"13","10","5","40","40","38","3800000","244743","0.06440605263157895","13","21"
"12","10","5","40","40","72","7200000","429421","0.05964180555555556","22","34"
"11","10","5","40","40","105","10500000","462382","0.04403638095238095","5","8"
"13","10","5","40","40","39","3900000","248068","0.06360717948717949","14","24"
"12","10","5","40","40","73","7300000","432540","0.059252054794520545","19","26"
"11","10","5","40","40","106","10600000","463403","0.043717264150943395","5","7"
"13","10","5","40","40","40","4000000","251591","0.06289775","15","29"
"12","10","5","40","40","74","7400000","435154","0.0588045945945946","19","31"
"11","10","5","40","40","107","10700000","464395","0.043401401869158876","5","6"
"13","10","5","40","40","41","4100000","254907","0.06217243902439024","14","25"
"12","10","5","40","40","75","7500000","437874","0.0583832","14","20"
"11","10","5","40","40","108","10800000","465626","0.043113518518518516","5","5"
"13","10","5","40","40","42","4200000","258121","0.06145738095238095","13","27"
"12","10","5","40","40","76","7600000","440150","0.05791447368421053","13","22"
"11","10","5","40","40","109","10900000","466835","0.04282889908256881","5","8"
"13","10","5","40","40","43","4300000","261274","0.06076139534883721","13","23"
"12","10","5","40","40","77","7700000","442669","0.05748948051948052","15","21"
"11","10","5","40","40","110","11000000","468202","0.04256381818181818","5","5"
"13","10","5","40","40","44","4400000","264041","0.060009318181818185","12","25"
"12","10","5","40","40","78","7800000","445047","0.05705730769230769","15","25"
"11","10","5","40","40","111","11100000","469277","0.04227720720720721","5","5"
"13","10","5","40","40","45","4500000","266944","0.05932088888888889","12","27"
"12","10","5","40","40","79","7900000","447189","0.05660620253164557","15","17"
"11","10","5","40","40","112","11200000","470407","0.042000625","5","6"
"13","10","5","40","40","46","4600000","269611","0.05861108695652174","13","21"
"12","10","5","40","40","80","8000000","449577","0.056197125","14","19"
"11","10","5","40","40","113","11300000","471570","0.041731858407079644","5","6"
"13","10","5","40","40","47","4700000","272432","0.057964255319148936","12","24"
"12","10","5","40","40","81","8100000","451709","0.05576654320987654","12","19"
"11","10","5","40","40","114","11400000","472757","0.04146991228070175","5","8"
"13","10","5","40","40","48","4800000","275524","0.05740083333333333","12","25"
"12","10","5","40","40","82","8200000","453373","0.05528939024390244","11","14"
"11","10","5","40","40","115","11500000","473881","0.04120704347826087","5","5"
"13","10","5","40","40","49","4900000","278409","0.05681816326530612","13","31"
"12","10","5","40","40","83","8300000","454917","0.05480927710843374","11","18"
"11","10","5","40","40","116","11600000","474944","0.04094344827586207","5","7"
"13","10","5","40","40","50","5000000","281518","0.0563036","14","25"
"12","10","5","40","40","84","8400000","456551","0.054351309523809524","11","17"
"11","10","5","40","40","117","11700000","476380","0.040716239316239314","5","9"
"13","10","5","40","40","51","5100000","284722","0.055827843137254904","13","27"
"12","10","5","40","40","85","8500000","457976","0.05387952941176471","11","11"
"11","10","5","40","40","118","11800000","477818","0.04049305084745763","5","6"
"13","10","5","40","40","52","5200000","287732","0.05533307692307692","14","22"
"12","10","5","40","40","86","8600000","459525","0.05343313953488372","10","12"
"11","10","5","40","40","119","11900000","478991","0.04025134453781513","5","6"
"13","10","5","40","40","53","5300000","290381","0.0547888679245283","14","18"
"12","10","5","40","40","87","8700000","461219","0.05301367816091954","10","12"
"11","10","5","40","40","120","12000000","480141","0.04001175","5","5"
"13","10","5","40","40","54","5400000","293058","0.05427","14","21"
"12","10","5","40","40","88","8800000","462926","0.052605227272727276","10","15"
"11","10","5","40","40","121","12100000","481156","0.03976495867768595","5","7"
"13","10","5","40","40","55","5500000","295303","0.05369145454545454","13","19"
"12","10","5","40","40","89","8900000","464312","0.05216988764044944","10","12"
"11","10","5","40","40","122","12200000","482146","0.03952016393442623","5","6"
"13","10","5","40","40","56","5600000","297381","0.05310375","9","17"
"12","10","5","40","40","90","9000000","465774","0.05175266666666667","10","13"
"11","10","5","40","40","123","12300000","483206","0.03928504065040651","5","8"
"13","10","5","40","40","57","5700000","298968","0.052450526315789475","9","14"
"12","10","5","40","40","91","9100000","467276","0.05134901098901099","10","12"
"11","10","5","40","40","124","12400000","484306","0.039056935483870965","5","6"
"13","10","5","40","40","58","5800000","300476","0.05180620689655172","9","14"
"12","10","5","40","40","92","9200000","468864","0.05096347826086957","10","13"
"11","10","5","40","40","125","12500000","485126","0.03881008","5","7"
"13","10","5","40","40","59","5900000","301950","0.051177966101694915","8","13"
"12","10","5","40","40","93","9300000","470093","0.05054763440860215","9","10"
"11","10","5","40","40","126","12600000","485966","0.038568730158730156","5","5"
"13","10","5","40","40","60","6000000","303496","0.050582666666666665","8","12"
"12","10","5","40","40","94","9400000","471059","0.05011265957446809","9","9"
"11","10","5","40","40","127","12700000","486646","0.038318582677165355","5","6"
"13","10","5","40","40","61","6100000","305095","0.0500155737704918","8","8"
"12","10","5","40","40","95","9500000","471986","0.049682736842105266","9","10"
"11","10","5","40","40","128","12800000","487345","0.038073828125","5","6"
"13","10","5","40","40","62","6200000","306625","0.04945564516129032","8","10"
"12","10","5","40","40","96","9600000","472868","0.04925708333333333","9","10"
"11","10","5","40","40","129","12900000","487846","0.03781751937984496","5","6"
"13","10","5","40","40","63","6300000","307999","0.04888873015873016","8","10"
"12","10","5","40","40","97","9700000","473804","0.04884577319587629","9","9"
"11","10","5","40","40","130","13000000","488373","0.03756715384615385","5","5"
"13","10","5","40","40","64","6400000","309332","0.048333125","8","8"
"12","10","5","40","40","98","9800000","474675","0.04843622448979592","9","10"
"11","10","5","40","40","131","13100000","488837","0.037315801526717554","5","5"
"13","10","5","40","40","65","6500000","310329","0.04774292307692308","7","8"
"12","10","5","40","40","99","9900000","475595","0.04803989898989899","9","10"
"11","10","5","40","40","132","13200000","489307","0.03706871212121212","5","6"
"13","10","5","40","40","66","6600000","311339","0.04717257575757576","7","8"
"12","10","5","40","40","100","10000000","476577","0.0476577","9","10"
"11","10","5","40","40","133","13300000","489890","0.03683383458646616","5","7"
"13","10","5","40","40","67","6700000","312380","0.04662388059701492","7","7"
"12","10","5","40","40","101","10100000","477483","0.04727554455445544","9","9"
"11","10","5","40","40","134","13400000","490398","0.03659686567164179","5","7"
"13","10","5","40","40","68","6800000","313367","0.046083382352941175","7","8"
"12","10","5","40","40","102","10200000","478413","0.04690323529411765","9","9"
"11","10","5","40","40","135","13500000","490746","0.036351555555555554","5","5"
"13","10","5","40","40","69","6900000","314300","0.04555072463768116","7","8"
"12","10","5","40","40","103","10300000","479473","0.04655077669902913","9","10"
"11","10","5","40","40","136","13600000","491026","0.03610485294117647","5","5"
"13","10","5","40","40","70","7000000","315287","0.045041","7","8"
"12","10","5","40","40","104","10400000","480496","0.04620153846153846","9","9"
"11","10","5","40","40","137","13700000","491191","0.03585335766423357","4","4"
"14","10","5","40","40","0","0","0","0","895","900"
"13","10","5","40","40","71","7100000","316237","0.04454042253521127","7","8"
"12","10","5","40","40","105","10500000","481389","0.04584657142857143","9","12"
"14","10","5","40","40","1","100000","8641","0.08641","448","473"
"13","10","5","40","40","72","7200000","317205","0.04405625","7","9"
"12","10","5","40","40","106","10600000","482255","0.045495754716981134","9","10"
"14","10","5","40","40","2","200000","20041","0.100205","329","367"
"13","10","5","40","40","73","7300000","318004","0.04356219178082192","7","8"
"12","10","5","40","40","107","10700000","483461","0.04518327102803738","9","10"
"14","10","5","40","40","3","300000","31799","0.10599666666666667","251","306"
"13","10","5","40","40","74","7400000","318914","0.043096486486486486","7","7"
"12","10","5","40","40","108","10800000","484489","0.04486009259259259","9","9"
"14","10","5","40","40","4","400000","43839","0.1095975","232","271"
"13","10","5","40","40","75","7500000","319790","0.042638666666666665","7","9"
"12","10","5","40","40","109","10900000","485540","0.04454495412844037","9","11"
"13","10","5","40","40","76","7600000","320827","0.04221407894736842","7","8"
"14","10","5","40","40","5","500000","54561","0.109122","185","222"
"12","10","5","40","40","110","11000000","486483","0.04422572727272727","9","11"
"13","10","5","40","40","77","7700000","321888","0.04180363636363636","7","7"
"14","10","5","40","40","6","600000","65298","0.10883","179","210"
"12","10","5","40","40","111","11100000","487512","0.04392","9","9"
"13","10","5","40","40","78","7800000","323015","0.041412179487179485","7","8"
"12","10","5","40","40","112","11200000","488524","0.04361821428571429","9","9"
"14","10","5","40","40","7","700000","74677","0.10668142857142857","155","198"
"13","10","5","40","40","79","7900000","323867","0.04099582278481013","7","8"
"12","10","5","40","40","113","11300000","489357","0.043305929203539824","9","10"
"14","10","5","40","40","8","800000","84203","0.10525375","157","210"
"13","10","5","40","40","80","8000000","324622","0.04057775","7","8"
"12","10","5","40","40","114","11400000","490230","0.04300263157894737","9","9"
"14","10","5","40","40","9","900000","94009","0.10445444444444445","149","203"
"13","10","5","40","40","81","8100000","325439","0.04017765432098765","7","8"
"12","10","5","40","40","115","11500000","491454","0.04273513043478261","9","10"
"14","10","5","40","40","10","1000000","102821","0.102821","123","161"
"13","10","5","40","40","82","8200000","326484","0.039815121951219515","7","8"
"12","10","5","40","40","116","11600000","492515","0.04245818965517242","9","12"
"14","10","5","40","40","11","1100000","110980","0.10089090909090909","108","157"
"13","10","5","40","40","83","8300000","327253","0.039428072289156624","7","8"
"12","10","5","40","40","117","11700000","493413","0.04217205128205128","9","10"
"14","10","5","40","40","12","1200000","119501","0.09958416666666667","114","165"
"13","10","5","40","40","84","8400000","328111","0.039060833333333336","7","8"
"12","10","5","40","40","118","11800000","494309","0.04189059322033898","9","12"
"13","10","5","40","40","85","8500000","328694","0.03866988235294118","7","7"
"14","10","5","40","40","13","1300000","127825","0.09832692307692308","89","131"
"12","10","5","40","40","119","11900000","495203","0.041613697478991594","9","10"
"13","10","5","40","40","86","8600000","329224","0.03828186046511628","7","7"
"14","10","5","40","40","14","1400000","136321","0.09737214285714285","98","142"
"12","10","5","40","40","120","12000000","496103","0.041341916666666666","9","10"
"13","10","5","40","40","87","8700000","329711","0.03789781609195402","7","7"
"14","10","5","40","40","15","1500000","144429","0.096286","92","129"
"12","10","5","40","40","121","12100000","497006","0.04107487603305785","9","9"
"13","10","5","40","40","88","8800000","330286","0.0375325","7","8"
"12","10","5","40","40","122","12200000","498053","0.04082401639344262","9","11"
"14","10","5","40","40","16","1600000","152664","0.095415","81","123"
"13","10","5","40","40","89","8900000","331208","0.03721438202247191","7","8"
"12","10","5","40","40","123","12300000","499099","0.04057715447154472","9","10"
"14","10","5","40","40","17","1700000","160141","0.09420058823529412","77","105"
"13","10","5","40","40","90","9000000","332259","0.03691766666666667","7","8"
"12","10","5","40","40","124","12400000","500030","0.040325","9","10"
"14","10","5","40","40","18","1800000","167763","0.09320166666666667","64","111"
"13","10","5","40","40","91","9100000","333329","0.03662956043956044","7","8"
"12","10","5","40","40","125","12500000","500965","0.0400772","9","10"
"14","10","5","40","40","19","1900000","175057","0.09213526315789473","68","99"
"13","10","5","40","40","92","9200000","334264","0.03633304347826087","7","9"
"12","10","5","40","40","126","12600000","501832","0.03982793650793651","9","9"
"14","10","5","40","40","20","2000000","182188","0.091094","68","89"
"13","10","5","40","40","93","9300000","335026","0.03602430107526882","7","7"
"12","10","5","40","40","127","12700000","502841","0.039593779527559055","9","11"
"13","10","5","40","40","94","9400000","335681","0.035710744680851066","7","8"
"14","10","5","40","40","21","2100000","188963","0.08998238095238095","61","93"
"12","10","5","40","40","128","12800000","503851","0.039363359375","9","11"
"13","10","5","40","40","95","9500000","336318","0.035401894736842104","7","8"
"14","10","5","40","40","22","2200000","196321","0.08923681818181818","72","119"
"12","10","5","40","40","129","12900000","504839","0.03913480620155039","9","9"
"13","10","5","40","40","96","9600000","336904","0.03509416666666667","7","8"
"14","10","5","40","40","23","2300000","204181","0.08877434782608695","57","100"
"12","10","5","40","40","130","13000000","505735","0.038902692307692305","9","9"
"13","10","5","40","40","97","9700000","337521","0.0347959793814433","7","8"
"14","10","5","40","40","24","2400000","210739","0.08780791666666667","49","86"
"12","10","5","40","40","131","13100000","506783","0.038685725190839695","9","10"
"13","10","5","40","40","98","9800000","337593","0.034448265306122446","6","6"
"15","10","5","40","40","0","0","0","0","896","900"
"12","10","5","40","40","132","13200000","507565","0.03845189393939394","9","10"
"14","10","5","40","40","25","2500000","217085","0.086834","58","97"
"15","10","5","40","40","1","100000","8332","0.08332","448","470"
"12","10","5","40","40","133","13300000","508516","0.038234285714285714","9","9"
"14","10","5","40","40","26","2600000","223533","0.08597423076923078","55","91"
"15","10","5","40","40","2","200000","18676","0.09338","305","334"
"12","10","5","40","40","134","13400000","509460","0.03801940298507463","9","10"
"14","10","5","40","40","27","2700000","230275","0.08528703703703704","43","74"
"15","10","5","40","40","3","300000","28990","0.09663333333333333","248","278"
"12","10","5","40","40","135","13500000","510417","0.037808666666666664","9","9"
"14","10","5","40","40","28","2800000","237373","0.08477607142857142","45","70"
"15","10","5","40","40","4","400000","40538","0.101345","222","284"
"12","10","5","40","40","136","13600000","511480","0.037608823529411764","9","10"
"14","10","5","40","40","29","2900000","243861","0.08409","41","68"
"15","10","5","40","40","5","500000","50866","0.101732","153","192"
"12","10","5","40","40","137","13700000","512331","0.03739642335766424","9","10"
"14","10","5","40","40","30","3000000","250046","0.08334866666666667","45","67"
"15","10","5","40","40","6","600000","60116","0.10019333333333333","140","174"
"12","10","5","40","40","138","13800000","513257","0.03719253623188406","9","12"
"14","10","5","40","40","31","3100000","256887","0.08286677419354839","46","87"
"12","10","5","40","40","139","13900000","514252","0.03699654676258993","9","11"
"15","10","5","40","40","7","700000","68922","0.09846","113","159"
"14","10","5","40","40","32","3200000","263064","0.0822075","37","57"
"12","10","5","40","40","140","14000000","515096","0.03679257142857143","9","10"
"15","10","5","40","40","8","800000","78012","0.097515","112","153"
"14","10","5","40","40","33","3300000","268780","0.08144848484848485","37","53"
"12","10","5","40","40","141","14100000","515510","0.03656099290780142","9","10"
"15","10","5","40","40","9","900000","86592","0.09621333333333333","110","153"
"14","10","5","40","40","34","3400000","274293","0.08067441176470588","32","63"
"12","10","5","40","40","142","14200000","515946","0.03633422535211268","9","9"
"15","10","5","40","40","10","1000000","95808","0.095808","82","132"
"14","10","5","40","40","35","3500000","279456","0.07984457142857143","29","53"
"12","10","5","40","40","143","14300000","516118","0.03609216783216783","8","8"
"16","10","5","40","40","0","0","0","0","894","900"
"15","10","5","40","40","11","1100000","104121","0.09465545454545454","84","126"
"14","10","5","40","40","36","3600000","284367","0.07899083333333333","26","41"
"16","10","5","40","40","1","100000","8764","0.08764","484","503"
"15","10","5","40","40","12","1200000","112696","0.09391333333333333","76","120"
"14","10","5","40","40","37","3700000","289155","0.07815","24","45"
"16","10","5","40","40","2","200000","20104","0.10052","314","360"
"15","10","5","40","40","13","1300000","120270","0.09251538461538461","64","102"
"14","10","5","40","40","38","3800000","293917","0.07734657894736842","22","39"
"16","10","5","40","40","3","300000","31892","0.10630666666666666","258","306"
"15","10","5","40","40","14","1400000","127658","0.09118428571428572","52","81"
"14","10","5","40","40","39","3900000","298424","0.07651897435897435","20","26"
"16","10","5","40","40","4","400000","43443","0.1086075","223","282"
"15","10","5","40","40","15","1500000","134410","0.08960666666666667","43","64"
"14","10","5","40","40","40","4000000","302622","0.0756555","19","31"
"16","10","5","40","40","5","500000","55902","0.111804","203","255"
"15","10","5","40","40","16","1600000","140433","0.087770625","41","71"
"14","10","5","40","40","41","4100000","306755","0.07481829268292683","20","36"
"15","10","5","40","40","17","1700000","146248","0.08602823529411764","39","61"
"16","10","5","40","40","6","600000","68251","0.11375166666666667","150","199"
"14","10","5","40","40","42","4200000","310854","0.07401285714285714","19","34"
"15","10","5","40","40","18","1800000","151892","0.08438444444444444","43","85"
"16","10","5","40","40","7","700000","79795","0.11399285714285715","130","193"
"14","10","5","40","40","43","4300000","314841","0.07321883720930232","18","30"
"15","10","5","40","40","19","1900000","157473","0.08288052631578947","37","60"
"16","10","5","40","40","8","800000","90860","0.113575","111","177"
"14","10","5","40","40","44","4400000","318828","0.07246090909090909","18","31"
"15","10","5","40","40","20","2000000","163047","0.0815235","43","77"
"16","10","5","40","40","9","900000","100318","0.11146444444444445","98","142"
"14","10","5","40","40","45","4500000","322679","0.07170644444444445","17","31"
"15","10","5","40","40","21","2100000","168567","0.08027","33","56"
"16","10","5","40","40","10","1000000","109312","0.109312","84","118"
"14","10","5","40","40","46","4600000","326520","0.07098260869565218","15","21"
"15","10","5","40","40","22","2200000","174106","0.07913909090909091","40","68"
"14","10","5","40","40","47","4700000","329860","0.07018297872340426","13","18"
"16","10","5","40","40","11","1100000","117615","0.10692272727272727","66","99"
"15","10","5","40","40","23","2300000","179965","0.07824565217391305","38","67"
"14","10","5","40","40","48","4800000","333146","0.06940541666666666","14","26"
"16","10","5","40","40","12","1200000","125842","0.10486833333333333","67","98"
"15","10","5","40","40","24","2400000","185584","0.07732666666666667","33","63"
"14","10","5","40","40","49","4900000","336304","0.06863346938775511","13","27"
"16","10","5","40","40","13","1300000","133245","0.10249615384615385","64","97"
"15","10","5","40","40","25","2500000","191121","0.0764484","35","51"
"14","10","5","40","40","50","5000000","339174","0.0678348","13","23"
"16","10","5","40","40","14","1400000","140330","0.10023571428571429","58","96"
"15","10","5","40","40","26","2600000","196835","0.07570576923076923","30","53"
"14","10","5","40","40","51","5100000","342119","0.0670821568627451","13","17"
"16","10","5","40","40","15","1500000","147636","0.098424","67","100"
"15","10","5","40","40","27","2700000","202514","0.07500518518518519","32","55"
"14","10","5","40","40","52","5200000","344970","0.06634038461538462","13","19"
"16","10","5","40","40","16","1600000","154353","0.096470625","58","102"
"15","10","5","40","40","28","2800000","207751","0.07419678571428572","33","55"
"14","10","5","40","40","53","5300000","347517","0.06556924528301887","13","19"
"16","10","5","40","40","17","1700000","160597","0.09446882352941176","43","67"
"15","10","5","40","40","29","2900000","212778","0.07337172413793104","30","45"
"14","10","5","40","40","54","5400000","350030","0.06482037037037038","14","30"
"16","10","5","40","40","18","1800000","166939","0.09274388888888889","54","80"
"15","10","5","40","40","30","3000000","217541","0.07251366666666667","22","43"
"14","10","5","40","40","55","5500000","352464","0.06408436363636363","14","23"
"16","10","5","40","40","19","1900000","173489","0.09131","50","81"
"15","10","5","40","40","31","3100000","222258","0.07169612903225807","21","37"
"14","10","5","40","40","56","5600000","354888","0.06337285714285715","14","21"
"16","10","5","40","40","20","2000000","179878","0.089939","44","75"
"15","10","5","40","40","32","3200000","227052","0.07095375","23","46"
"14","10","5","40","40","57","5700000","357318","0.06268736842105263","12","16"
"16","10","5","40","40","21","2100000","186575","0.0888452380952381","53","88"
"15","10","5","40","40","33","3300000","231434","0.07013151515151515","18","41"
"14","10","5","40","40","58","5800000","359427","0.0619701724137931","12","14"
"16","10","5","40","40","22","2200000","193498","0.08795363636363636","35","69"
"15","10","5","40","40","34","3400000","235927","0.06939029411764706","16","37"
"14","10","5","40","40","59","5900000","361492","0.06126983050847458","12","15"
"16","10","5","40","40","23","2300000","199941","0.0869308695652174","38","60"
"15","10","5","40","40","35","3500000","239914","0.06854685714285715","16","29"
"14","10","5","40","40","60","6000000","363575","0.060595833333333335","12","15"
"15","10","5","40","40","36","3600000","243594","0.067665","16","36"
"16","10","5","40","40","24","2400000","206277","0.08594875","37","75"
"14","10","5","40","40","61","6100000","365556","0.059927213114754095","11","15"
"15","10","5","40","40","37","3700000","247179","0.06680513513513514","14","31"
"14","10","5","40","40","62","6200000","367376","0.059254193548387096","11","15"
"16","10","5","40","40","25","2500000","212953","0.0851812","38","74"
"15","10","5","40","40","38","3800000","250472","0.06591368421052632","15","26"
"14","10","5","40","40","63","6300000","369348","0.05862666666666667","11","15"
"16","10","5","40","40","26","2600000","219562","0.08444692307692307","34","63"
"15","10","5","40","40","39","3900000","253656","0.06504","12","24"
"14","10","5","40","40","64","6400000","371195","0.05799921875","11","17"
"16","10","5","40","40","27","2700000","226266","0.08380222222222222","31","52"
"15","10","5","40","40","40","4000000","256920","0.06423","11","24"
"14","10","5","40","40","65","6500000","373189","0.057413692307692304","11","12"
"16","10","5","40","40","28","2800000","232750","0.083125","32","56"
"15","10","5","40","40","41","4100000","260246","0.06347463414634147","11","21"
"14","10","5","40","40","66","6600000","375285","0.056861363636363634","11","17"
"16","10","5","40","40","29","2900000","239112","0.08245241379310345","31","57"
"15","10","5","40","40","42","4200000","263088","0.06264","9","19"
"14","10","5","40","40","67","6700000","377478","0.05634","11","12"
"16","10","5","40","40","30","3000000","245351","0.08178366666666667","35","68"
"15","10","5","40","40","43","4300000","266104","0.061884651162790696","8","11"
"14","10","5","40","40","68","6800000","379600","0.05582352941176471","11","19"
"16","10","5","40","40","31","3100000","251286","0.08106","32","65"
"15","10","5","40","40","44","4400000","268918","0.061117727272727275","9","17"
"14","10","5","40","40","69","6900000","381933","0.05535260869565217","11","15"
"16","10","5","40","40","32","3200000","257028","0.08032125","33","59"
"15","10","5","40","40","45","4500000","271409","0.06031311111111111","9","12"
"14","10","5","40","40","70","7000000","384110","0.05487285714285714","11","17"
"16","10","5","40","40","33","3300000","262806","0.07963818181818182","32","55"
"15","10","5","40","40","46","4600000","273931","0.059550217391304346","8","12"
"14","10","5","40","40","71","7100000","386339","0.05441394366197183","11","15"
"16","10","5","40","40","34","3400000","268584","0.07899529411764705","32","61"
"15","10","5","40","40","47","4700000","276069","0.05873808510638298","8","14"
"14","10","5","40","40","72","7200000","388293","0.053929583333333336","11","12"
"16","10","5","40","40","35","3500000","274123","0.07832085714285714","34","67"
"15","10","5","40","40","48","4800000","278118","0.05794125","7","13"
"14","10","5","40","40","73","7300000","390123","0.05344150684931507","11","14"
"16","10","5","40","40","36","3600000","279755","0.07770972222222222","29","54"
"15","10","5","40","40","49","4900000","280398","0.05722408163265306","8","13"
"14","10","5","40","40","74","7400000","391885","0.052957432432432436","11","18"
"15","10","5","40","40","50","5000000","282756","0.0565512","8","12"
"16","10","5","40","40","37","3700000","285531","0.07717054054054054","30","65"
"14","10","5","40","40","75","7500000","393739","0.05249853333333333","11","12"
"15","10","5","40","40","51","5100000","284943","0.05587117647058824","8","13"
"16","10","5","40","40","38","3800000","291169","0.07662342105263158","29","60"
"14","10","5","40","40","76","7600000","395589","0.05205118421052632","11","14"
"15","10","5","40","40","52","5200000","286822","0.05515807692307692","8","12"
"14","10","5","40","40","77","7700000","397409","0.051611558441558444","11","13"
"16","10","5","40","40","39","3900000","296697","0.07607615384615385","29","59"
"15","10","5","40","40","53","5300000","288983","0.05452509433962264","8","15"
"14","10","5","40","40","78","7800000","399391","0.051203974358974357","11","14"
"16","10","5","40","40","40","4000000","302478","0.0756195","25","42"
"15","10","5","40","40","54","5400000","291160","0.05391851851851852","8","16"
"14","10","5","40","40","79","7900000","401197","0.05078443037974684","11","14"
"16","10","5","40","40","41","4100000","308115","0.07515","25","59"
"15","10","5","40","40","55","5500000","292997","0.053272181818181816","8","15"
"14","10","5","40","40","80","8000000","403298","0.05041225","11","16"
"16","10","5","40","40","42","4200000","314167","0.07480166666666667","24","44"
"15","10","5","40","40","56","5600000","295191","0.05271267857142857","8","15"
"14","10","5","40","40","81","8100000","405199","0.050024567901234565","11","16"
"16","10","5","40","40","43","4300000","319855","0.07438488372093023","21","45"
"15","10","5","40","40","57","5700000","297489","0.05219105263157895","7","13"
"14","10","5","40","40","82","8200000","407127","0.049649634146341465","11","15"
"16","10","5","40","40","44","4400000","324960","0.07385454545454545","20","43"
"15","10","5","40","40","58","5800000","299668","0.051666896551724135","7","11"
"14","10","5","40","40","83","8300000","409119","0.04929144578313253","11","15"
"16","10","5","40","40","45","4500000","329484","0.07321866666666667","22","35"
"15","10","5","40","40","59","5900000","301460","0.05109491525423729","7","12"
"14","10","5","40","40","84","8400000","411108","0.04894142857142857","11","11"
"16","10","5","40","40","46","4600000","333535","0.07250760869565218","20","39"
"15","10","5","40","40","60","6000000","302959","0.050493166666666665","6","6"
"14","10","5","40","40","85","8500000","412938","0.04858094117647059","11","12"
"16","10","5","40","40","47","4700000","337392","0.07178553191489362","19","34"
"15","10","5","40","40","61","6100000","304069","0.049847377049180325","5","5"
"14","10","5","40","40","86","8600000","414943","0.04824918604651163","11","13"
"16","10","5","40","40","48","4800000","341474","0.07114041666666666","20","42"
"15","10","5","40","40","62","6200000","305058","0.04920290322580645","5","6"
"14","10","5","40","40","87","8700000","417200","0.04795402298850575","11","15"
"16","10","5","40","40","49","4900000","345610","0.07053265306122448","19","43"
"15","10","5","40","40","63","6300000","306055","0.04858015873015873","5","5"
"14","10","5","40","40","88","8800000","419104","0.04762545454545455","11","14"
"16","10","5","40","40","50","5000000","349981","0.0699962","17","35"
"15","10","5","40","40","64","6400000","307079","0.04798109375","5","5"
"14","10","5","40","40","89","8900000","421115","0.04731629213483146","11","13"
"15","10","5","40","40","65","6500000","308194","0.04741446153846154","5","7"
"16","10","5","40","40","51","5100000","354127","0.06943666666666666","12","24"
"14","10","5","40","40","90","9000000","423322","0.04703577777777778","11","16"
"15","10","5","40","40","66","6600000","309342","0.04687","5","11"
"16","10","5","40","40","52","5200000","357738","0.06879576923076923","10","20"
"14","10","5","40","40","91","9100000","425253","0.0467310989010989","11","16"
"15","10","5","40","40","67","6700000","310505","0.04634402985074627","5","7"
"16","10","5","40","40","53","5300000","361210","0.06815283018867925","12","23"
"14","10","5","40","40","92","9200000","427318","0.046447608695652176","11","16"
"15","10","5","40","40","68","6800000","311734","0.04584323529411765","5","8"
"16","10","5","40","40","54","5400000","364755","0.06754722222222222","10","20"
"14","10","5","40","40","93","9300000","429328","0.04616430107526882","11","16"
"15","10","5","40","40","69","6900000","313005","0.04536304347826087","5","7"
"16","10","5","40","40","55","5500000","367787","0.06687036363636363","8","13"
"14","10","5","40","40","94","9400000","431290","0.04588191489361702","11","14"
"15","10","5","40","40","70","7000000","314188","0.044884","5","9"
"16","10","5","40","40","56","5600000","370783","0.06621125","7","9"
"14","10","5","40","40","95","9500000","433175","0.04559736842105263","11","18"
"15","10","5","40","40","71","7100000","315243","0.044400422535211266","5","5"
"16","10","5","40","40","57","5700000","373494","0.06552526315789474","8","11"
"14","10","5","40","40","96","9600000","435160","0.04532916666666666","11","13"
"15","10","5","40","40","72","7200000","316246","0.043923055555555555","5","7"
"16","10","5","40","40","58","5800000","375922","0.06481413793103448","8","11"
"14","10","5","40","40","97","9700000","437175","0.04506958762886598","11","14"
"15","10","5","40","40","73","7300000","317156","0.04344602739726027","5","6"
"16","10","5","40","40","59","5900000","378176","0.06409762711864407","8","12"
"14","10","5","40","40","98","9800000","439095","0.04480561224489796","11","19"
"15","10","5","40","40","74","7400000","318081","0.042983918918918916","5","5"
"16","10","5","40","40","60","6000000","380645","0.06344083333333334","7","14"
"14","10","5","40","40","99","9900000","440845","0.04452979797979798","11","14"
"15","10","5","40","40","75","7500000","318949","0.04252653333333333","5","5"
"16","10","5","40","40","61","6100000","383145","0.06281065573770492","8","14"
"14","10","5","40","40","100","10000000","442693","0.0442693","11","12"
"15","10","5","40","40","76","7600000","319821","0.04208171052631579","5","7"
"16","10","5","40","40","62","6200000","385208","0.06213032258064516","7","9"
"14","10","5","40","40","101","10100000","444635","0.044023267326732674","11","18"
"15","10","5","40","40","77","7700000","320308","0.04159844155844156","5","6"
"16","10","5","40","40","63","6300000","387058","0.06143777777777778","6","11"
"14","10","5","40","40","102","10200000","446303","0.043755196078431376","11","12"
"15","10","5","40","40","78","7800000","320662","0.04111051282051282","4","4"
"17","10","5","40","40","0","0","0","0","894","900"
"16","10","5","40","40","64","6400000","389008","0.0607825","7","12"
"14","10","5","40","40","103","10300000","447887","0.04348417475728155","10","14"
"17","10","5","40","40","1","100000","8601","0.08601","453","474"
"16","10","5","40","40","65","6500000","390718","0.060110461538461536","7","13"
"14","10","5","40","40","104","10400000","449504","0.043221538461538464","10","15"
"17","10","5","40","40","2","200000","19687","0.098435","327","362"
"16","10","5","40","40","66","6600000","392770","0.05951060606060606","7","15"
"14","10","5","40","40","105","10500000","451002","0.04295257142857143","10","13"
"17","10","5","40","40","3","300000","31840","0.10613333333333333","256","305"
"16","10","5","40","40","67","6700000","394860","0.05893432835820896","7","14"
"14","10","5","40","40","106","10600000","452572","0.042695471698113205","11","16"
"17","10","5","40","40","4","400000","42904","0.10726","183","223"
"16","10","5","40","40","68","6800000","396791","0.058351617647058825","6","7"
"14","10","5","40","40","107","10700000","454238","0.04245214953271028","11","14"
"17","10","5","40","40","5","500000","53270","0.10654","162","224"
"16","10","5","40","40","69","6900000","398749","0.057789710144927536","6","11"
"14","10","5","40","40","108","10800000","455849","0.04220824074074074","11","13"
"16","10","5","40","40","70","7000000","400660","0.057237142857142854","6","8"
"14","10","5","40","40","109","10900000","457359","0.04195954128440367","11","13"
"17","10","5","40","40","6","600000","63280","0.10546666666666667","144","182"
"14","10","5","40","40","110","11000000","458898","0.041718","11","11"
"16","10","5","40","40","71","7100000","402596","0.056703661971830986","6","8"
"17","10","5","40","40","7","700000","72641","0.10377285714285714","105","143"
"14","10","5","40","40","111","11100000","460610","0.0414963963963964","11","14"
"16","10","5","40","40","72","7200000","404799","0.05622208333333333","6","12"
"17","10","5","40","40","8","800000","81600","0.102","110","149"
"14","10","5","40","40","112","11200000","462607","0.04130419642857143","11","14"
"16","10","5","40","40","73","7300000","406780","0.05572328767123288","6","8"
"17","10","5","40","40","9","900000","90911","0.10101222222222223","123","168"
"14","10","5","40","40","113","11300000","464431","0.04110008849557522","11","14"
"16","10","5","40","40","74","7400000","408379","0.05518635135135135","6","7"
"17","10","5","40","40","10","1000000","100549","0.100549","119","166"
"14","10","5","40","40","114","11400000","466150","0.040890350877192984","11","14"
"16","10","5","40","40","75","7500000","409746","0.0546328","6","7"
"17","10","5","40","40","11","1100000","109840","0.09985454545454546","116","159"
"14","10","5","40","40","115","11500000","467975","0.04069347826086957","11","14"
"16","10","5","40","40","76","7600000","410924","0.05406894736842105","5","5"
"17","10","5","40","40","12","1200000","119075","0.09922916666666666","96","146"
"16","10","5","40","40","77","7700000","411872","0.05348987012987013","5","6"
"14","10","5","40","40","116","11600000","470031","0.04051991379310345","11","23"
"17","10","5","40","40","13","1300000","128231","0.09863923076923077","94","134"
"16","10","5","40","40","78","7800000","412744","0.05291589743589743","5","7"
"14","10","5","40","40","117","11700000","471590","0.040306837606837606","11","14"
"17","10","5","40","40","14","1400000","136948","0.09782","82","132"
"16","10","5","40","40","79","7900000","413707","0.0523679746835443","5","5"
"14","10","5","40","40","118","11800000","473164","0.04009864406779661","11","13"
"17","10","5","40","40","15","1500000","145149","0.096766","74","121"
"16","10","5","40","40","80","8000000","414637","0.051829625","5","8"
"14","10","5","40","40","119","11900000","475076","0.03992235294117647","11","13"
"17","10","5","40","40","16","1600000","153095","0.095684375","57","90"
"16","10","5","40","40","81","8100000","415502","0.05129654320987654","5","7"
"14","10","5","40","40","120","12000000","476791","0.039732583333333335","11","14"
"16","10","5","40","40","82","8200000","416533","0.05079670731707317","5","5"
"17","10","5","40","40","17","1700000","160475","0.09439705882352942","53","100"
"14","10","5","40","40","121","12100000","478503","0.03954570247933884","11","16"
"16","10","5","40","40","83","8300000","417605","0.050313855421686746","5","5"
"14","10","5","40","40","122","12200000","479900","0.03933606557377049","10","10"
"17","10","5","40","40","18","1800000","167652","0.09314","56","88"
"16","10","5","40","40","84","8400000","418596","0.049832857142857144","5","5"
"14","10","5","40","40","123","12300000","481315","0.03913130081300813","10","11"
"17","10","5","40","40","19","1900000","174205","0.09168684210526316","58","81"
"16","10","5","40","40","85","8500000","419801","0.049388352941176474","5","6"
"14","10","5","40","40","124","12400000","482586","0.038918225806451615","10","10"
"17","10","5","40","40","20","2000000","180481","0.0902405","43","67"
"16","10","5","40","40","86","8600000","420748","0.04892418604651163","5","8"
"14","10","5","40","40","125","12500000","483563","0.03868504","9","11"
"17","10","5","40","40","21","2100000","186162","0.08864857142857142","42","65"
"16","10","5","40","40","87","8700000","421744","0.04847632183908046","5","6"
"14","10","5","40","40","126","12600000","484404","0.038444761904761905","9","11"
"17","10","5","40","40","22","2200000","191975","0.08726136363636364","34","68"
"16","10","5","40","40","88","8800000","422888","0.04805545454545455","5","6"
"14","10","5","40","40","127","12700000","485299","0.03821251968503937","9","9"
"17","10","5","40","40","23","2300000","197917","0.08605086956521739","32","60"
"16","10","5","40","40","89","8900000","423887","0.04762775280898877","5","7"
"14","10","5","40","40","128","12800000","486185","0.037983203125","9","10"
"17","10","5","40","40","24","2400000","203425","0.08476041666666667","29","58"
"16","10","5","40","40","90","9000000","424906","0.047211777777777776","5","5"
"14","10","5","40","40","129","12900000","487075","0.037757751937984495","9","12"
"17","10","5","40","40","25","2500000","208716","0.0834864","31","54"
"16","10","5","40","40","91","9100000","425832","0.04679472527472527","5","7"
"14","10","5","40","40","130","13000000","487998","0.03753830769230769","9","10"
"17","10","5","40","40","26","2600000","213866","0.08225615384615384","24","42"
"16","10","5","40","40","92","9200000","426728","0.04638347826086957","5","5"
"14","10","5","40","40","131","13100000","488979","0.037326641221374045","9","11"
"17","10","5","40","40","27","2700000","218515","0.08093148148148148","23","38"
"16","10","5","40","40","93","9300000","427684","0.045987526881720434","5","5"
"14","10","5","40","40","132","13200000","490043","0.0371244696969697","9","9"
"17","10","5","40","40","28","2800000","223295","0.07974821428571428","26","49"
"16","10","5","40","40","94","9400000","428738","0.04561042553191489","5","5"
"14","10","5","40","40","133","13300000","491070","0.03692255639097745","9","10"
"17","10","5","40","40","29","2900000","228097","0.07865413793103448","29","54"
"16","10","5","40","40","95","9500000","429820","0.04524421052631579","5","5"
"14","10","5","40","40","134","13400000","491932","0.03671134328358209","9","10"
"17","10","5","40","40","30","3000000","232867","0.07762233333333333","23","40"
"16","10","5","40","40","96","9600000","430899","0.0448853125","5","6"
"14","10","5","40","40","135","13500000","492937","0.03651385185185185","9","10"
"17","10","5","40","40","31","3100000","237557","0.07663129032258065","26","40"
"16","10","5","40","40","97","9700000","432004","0.044536494845360826","5","6"
"14","10","5","40","40","136","13600000","493994","0.03632308823529412","9","10"
"17","10","5","40","40","32","3200000","242563","0.0758009375","24","38"
"16","10","5","40","40","98","9800000","432987","0.04418234693877551","5","5"
"14","10","5","40","40","137","13700000","494915","0.036125182481751825","9","11"
"17","10","5","40","40","33","3300000","247434","0.07498","25","41"
"16","10","5","40","40","99","9900000","433983","0.04383666666666667","5","6"
"14","10","5","40","40","138","13800000","495905","0.03593514492753623","9","9"
"17","10","5","40","40","34","3400000","252059","0.074135","21","47"
"16","10","5","40","40","100","10000000","435083","0.0435083","5","6"
"14","10","5","40","40","139","13900000","496848","0.035744460431654676","9","9"
"17","10","5","40","40","35","3500000","256866","0.07339028571428571","20","31"
"14","10","5","40","40","140","14000000","497896","0.035564","9","11"
"16","10","5","40","40","101","10100000","436074","0.043175643564356436","5","6"
"16","10","5","40","40","102","10200000","437143","0.0428571568627451","5","8"
"14","10","5","40","40","141","14100000","498917","0.03538418439716312","9","9"
"17","10","5","40","40","36","3600000","261261","0.0725725","18","39"
"16","10","5","40","40","103","10300000","438192","0.04254291262135922","5","6"
"14","10","5","40","40","142","14200000","499938","0.0352069014084507","9","10"
"17","10","5","40","40","37","3700000","265462","0.07174648648648649","19","40"
"14","10","5","40","40","143","14300000","500817","0.035022167832167835","9","9"
"16","10","5","40","40","104","10400000","439224","0.04223307692307692","5","5"
"17","10","5","40","40","38","3800000","269825","0.07100657894736842","18","40"
"14","10","5","40","40","144","14400000","501694","0.03483986111111111","9","10"
"16","10","5","40","40","105","10500000","440150","0.04191904761904762","5","6"
"17","10","5","40","40","39","3900000","274011","0.07025923076923077","17","36"
"14","10","5","40","40","145","14500000","502564","0.034659586206896555","9","10"
"16","10","5","40","40","106","10600000","441006","0.04160433962264151","5","7"
"17","10","5","40","40","40","4000000","277785","0.06944625","16","26"
"14","10","5","40","40","146","14600000","503542","0.03448917808219178","9","10"
"16","10","5","40","40","107","10700000","442063","0.041314299065420564","5","5"
"17","10","5","40","40","41","4100000","281554","0.06867170731707317","17","29"
"14","10","5","40","40","147","14700000","504535","0.03432210884353742","9","10"
"16","10","5","40","40","108","10800000","442985","0.04101712962962963","5","5"
"17","10","5","40","40","42","4200000","284967","0.06784928571428571","14","27"
"14","10","5","40","40","148","14800000","505456","0.034152432432432434","9","10"
"16","10","5","40","40","109","10900000","444045","0.040738073394495415","5","8"
"17","10","5","40","40","43","4300000","288243","0.06703325581395349","13","20"
"14","10","5","40","40","149","14900000","506391","0.033985973154362414","9","11"
"16","10","5","40","40","110","11000000","444977","0.04045245454545455","5","8"
"17","10","5","40","40","44","4400000","291270","0.06619772727272727","13","27"
"14","10","5","40","40","150","15000000","507286","0.03381906666666667","9","10"
"16","10","5","40","40","111","11100000","445932","0.040174054054054054","5","5"
"17","10","5","40","40","45","4500000","294406","0.06542355555555555","13","25"
"14","10","5","40","40","151","15100000","508255","0.03365927152317881","9","10"
"16","10","5","40","40","112","11200000","447064","0.03991642857142857","5","5"
"17","10","5","40","40","46","4600000","297377","0.06464717391304348","12","21"
"14","10","5","40","40","152","15200000","509214","0.033500921052631576","9","10"
"16","10","5","40","40","113","11300000","448185","0.039662389380530974","5","6"
"17","10","5","40","40","47","4700000","300490","0.06393404255319149","12","15"
"14","10","5","40","40","153","15300000","510229","0.03334830065359477","9","10"
"16","10","5","40","40","114","11400000","449213","0.039404649122807014","5","6"
"17","10","5","40","40","48","4800000","303535","0.06323645833333333","11","18"
"14","10","5","40","40","154","15400000","511100","0.03318831168831169","9","10"
"16","10","5","40","40","115","11500000","450129","0.03914165217391304","5","5"
"17","10","5","40","40","49","4900000","306685","0.06258877551020409","11","15"
"14","10","5","40","40","155","15500000","512096","0.033038451612903225","9","9"
"16","10","5","40","40","116","11600000","451078","0.03888603448275862","5","5"
"17","10","5","40","40","50","5000000","309568","0.0619136","12","19"
"14","10","5","40","40","156","15600000","513168","0.03289538461538462","9","11"
"16","10","5","40","40","117","11700000","452194","0.03864905982905983","5","6"
"17","10","5","40","40","51","5100000","312583","0.06129078431372549","12","18"
"14","10","5","40","40","157","15700000","514161","0.03274910828025478","9","10"
"16","10","5","40","40","118","11800000","453183","0.038405338983050846","5","6"
"17","10","5","40","40","52","5200000","315681","0.060707884615384615","11","21"
"14","10","5","40","40","158","15800000","515335","0.03261613924050633","9","12"
"16","10","5","40","40","119","11900000","454228","0.03817042016806723","5","5"
"17","10","5","40","40","53","5300000","318720","0.060135849056603775","11","20"
"14","10","5","40","40","159","15900000","516278","0.0324703144654088","9","9"
"16","10","5","40","40","120","12000000","455387","0.037948916666666666","5","7"
"17","10","5","40","40","54","5400000","321249","0.05949055555555555","10","11"
"14","10","5","40","40","160","16000000","517166","0.032322875","9","9"
"16","10","5","40","40","121","12100000","456718","0.03774528925619835","5","8"
"17","10","5","40","40","55","5500000","323352","0.05879127272727273","9","11"
"14","10","5","40","40","161","16100000","518304","0.0321927950310559","9","12"
"16","10","5","40","40","122","12200000","457724","0.03751836065573771","5","5"
"17","10","5","40","40","56","5600000","325021","0.058039464285714285","9","14"
"14","10","5","40","40","162","16200000","519208","0.03204987654320988","9","9"
"16","10","5","40","40","123","12300000","458673","0.03729048780487805","5","5"
"17","10","5","40","40","57","5700000","326863","0.05734438596491228","9","13"
"14","10","5","40","40","163","16300000","520128","0.03190969325153374","9","10"
"16","10","5","40","40","124","12400000","459680","0.03707096774193548","5","5"
"17","10","5","40","40","58","5800000","328592","0.05665379310344828","9","15"
"14","10","5","40","40","164","16400000","521082","0.03177329268292683","9","12"
"16","10","5","40","40","125","12500000","460735","0.0368588","5","5"
"17","10","5","40","40","59","5900000","330467","0.05601135593220339","9","13"
"14","10","5","40","40","165","16500000","522252","0.03165163636363636","9","12"
"16","10","5","40","40","126","12600000","461771","0.036648492063492064","5","7"
"17","10","5","40","40","60","6000000","332209","0.05536816666666667","9","14"
"14","10","5","40","40","166","16600000","523348","0.03152698795180723","9","10"
"16","10","5","40","40","127","12700000","462797","0.036440708661417326","5","8"
"17","10","5","40","40","61","6100000","333950","0.054745901639344265","9","14"
"14","10","5","40","40","167","16700000","524482","0.03140610778443114","9","10"
"16","10","5","40","40","128","12800000","464019","0.036251484375","5","5"
"17","10","5","40","40","62","6200000","335474","0.054108709677419355","9","12"
"14","10","5","40","40","168","16800000","525311","0.0312685119047619","9","10"
"16","10","5","40","40","129","12900000","465112","0.03605519379844961","5","6"
"17","10","5","40","40","63","6300000","336998","0.05349174603174603","9","15"
"14","10","5","40","40","169","16900000","526316","0.03114295857988166","9","11"
"16","10","5","40","40","130","13000000","466220","0.03586307692307692","5","5"
"17","10","5","40","40","64","6400000","338702","0.0529221875","9","13"
"14","10","5","40","40","170","17000000","527167","0.031009823529411763","9","10"
"16","10","5","40","40","131","13100000","467182","0.03566274809160305","5","7"
"17","10","5","40","40","65","6500000","340295","0.052353076923076926","9","15"
"14","10","5","40","40","171","17100000","527952","0.03087438596491228","9","10"
"16","10","5","40","40","132","13200000","468115","0.03546325757575758","5","5"
"17","10","5","40","40","66","6600000","341813","0.05178984848484849","8","11"
"14","10","5","40","40","172","17200000","528792","0.03074372093023256","9","9"
"16","10","5","40","40","133","13300000","469142","0.035273834586466164","5","7"
"17","10","5","40","40","67","6700000","342828","0.051168358208955225","6","8"
"14","10","5","40","40","173","17300000","529588","0.030612023121387284","9","11"
"16","10","5","40","40","134","13400000","470073","0.03508007462686567","5","6"
"17","10","5","40","40","68","6800000","343600","0.050529411764705885","6","7"
"14","10","5","40","40","174","17400000","530486","0.030487701149425287","9","10"
"16","10","5","40","40","135","13500000","471151","0.034900074074074076","5","7"
"17","10","5","40","40","69","6900000","344372","0.04990898550724638","6","9"
"14","10","5","40","40","175","17500000","531213","0.03035502857142857","9","12"
"16","10","5","40","40","136","13600000","472216","0.034721764705882355","5","5"
"17","10","5","40","40","70","7000000","345097","0.04929957142857143","6","7"
"14","10","5","40","40","176","17600000","532120","0.03023409090909091","9","11"
"16","10","5","40","40","137","13700000","473165","0.034537591240875916","5","5"
"17","10","5","40","40","71","7100000","345734","0.04869492957746479","6","6"
"14","10","5","40","40","177","17700000","532843","0.03010412429378531","9","13"
"16","10","5","40","40","138","13800000","474103","0.03435528985507246","5","5"
"17","10","5","40","40","72","7200000","346376","0.04810777777777778","6","8"
"14","10","5","40","40","178","17800000","533585","0.029976685393258425","9","11"
"16","10","5","40","40","139","13900000","475153","0.0341836690647482","5","7"
"17","10","5","40","40","73","7300000","347072","0.047544109589041095","6","6"
"14","10","5","40","40","179","17900000","534444","0.029857206703910615","9","10"
"16","10","5","40","40","140","14000000","476324","0.034023142857142856","5","7"
"17","10","5","40","40","74","7400000","347979","0.047024189189189186","6","8"
"14","10","5","40","40","180","18000000","535288","0.02973822222222222","9","9"
"16","10","5","40","40","141","14100000","477275","0.033849290780141844","5","6"
"17","10","5","40","40","75","7500000","348692","0.046492266666666664","6","7"
"14","10","5","40","40","181","18100000","536066","0.029616906077348067","9","9"
"16","10","5","40","40","142","14200000","478234","0.03367845070422535","5","5"
"17","10","5","40","40","76","7600000","349480","0.04598421052631579","6","9"
"14","10","5","40","40","182","18200000","536854","0.029497472527472528","9","10"
"16","10","5","40","40","143","14300000","479388","0.03352363636363637","5","5"
"17","10","5","40","40","77","7700000","350375","0.045503246753246754","6","6"
"14","10","5","40","40","183","18300000","537850","0.02939071038251366","9","11"
"16","10","5","40","40","144","14400000","480346","0.03335736111111111","5","5"
"17","10","5","40","40","78","7800000","351375","0.04504807692307692","6","6"
"14","10","5","40","40","184","18400000","538661","0.029275054347826086","9","10"
"16","10","5","40","40","145","14500000","481178","0.03318468965517241","5","5"
"17","10","5","40","40","79","7900000","352360","0.04460253164556962","6","8"
"14","10","5","40","40","185","18500000","539568","0.029165837837837837","9","12"
"17","10","5","40","40","80","8000000","353096","0.044137","6","6"
"16","10","5","40","40","146","14600000","482032","0.033015890410958905","5","8"
"14","10","5","40","40","186","18600000","540470","0.02905752688172043","9","9"
"17","10","5","40","40","81","8100000","353881","0.04368901234567901","6","7"
"16","10","5","40","40","147","14700000","482877","0.032848775510204084","5","6"
"14","10","5","40","40","187","18700000","541053","0.02893331550802139","9","9"
"17","10","5","40","40","82","8200000","354844","0.043273658536585366","6","6"
"16","10","5","40","40","148","14800000","483688","0.03268162162162162","5","7"
"14","10","5","40","40","188","18800000","541332","0.028794255319148938","8","8"
"18","10","5","40","40","0","0","0","0","893","900"
"17","10","5","40","40","83","8300000","355673","0.04285216867469879","6","7"
"16","10","5","40","40","149","14900000","484324","0.03250496644295302","5","5"
"17","10","5","40","40","84","8400000","356578","0.04244976190476191","6","8"
"16","10","5","40","40","150","15000000","484992","0.0323328","5","5"
"18","10","5","40","40","1","100000","7924","0.07924","465","486"
"17","10","5","40","40","85","8500000","357286","0.04203364705882353","6","8"
"16","10","5","40","40","151","15100000","485629","0.03216086092715232","5","7"
"18","10","5","40","40","2","200000","18348","0.09174","356","393"
"17","10","5","40","40","86","8600000","358181","0.041648953488372095","6","7"
"16","10","5","40","40","152","15200000","486236","0.03198921052631579","5","10"
"18","10","5","40","40","3","300000","30446","0.10148666666666667","256","303"
"17","10","5","40","40","87","8700000","359009","0.041265402298850576","6","6"
"16","10","5","40","40","153","15300000","486822","0.03181843137254902","5","6"
"18","10","5","40","40","4","400000","41652","0.10413","189","224"
"17","10","5","40","40","88","8800000","359835","0.04089034090909091","6","8"
"16","10","5","40","40","154","15400000","487423","0.031650844155844154","5","5"
"18","10","5","40","40","5","500000","51897","0.103794","195","248"
"17","10","5","40","40","89","8900000","360496","0.04050516853932584","6","6"
"16","10","5","40","40","155","15500000","487996","0.03148361290322581","5","5"
"18","10","5","40","40","6","600000","63160","0.10526666666666666","185","239"
"17","10","5","40","40","90","9000000","361177","0.04013077777777778","6","6"
"16","10","5","40","40","156","15600000","488490","0.03131346153846154","5","5"
"17","10","5","40","40","91","9100000","361687","0.039745824175824174","6","6"
"18","10","5","40","40","7","700000","74076","0.10582285714285715","156","206"
"16","10","5","40","40","157","15700000","489003","0.031146687898089172","5","7"
"17","10","5","40","40","92","9200000","362262","0.03937630434782609","6","6"
"16","10","5","40","40","158","15800000","489563","0.030985","5","5"
"18","10","5","40","40","8","800000","84288","0.10536","121","164"
"17","10","5","40","40","93","9300000","362901","0.039021612903225804","6","8"
"16","10","5","40","40","159","15900000","489867","0.030809245283018868","5","5"
"18","10","5","40","40","9","900000","94108","0.10456444444444445","128","168"
"17","10","5","40","40","94","9400000","363558","0.0386763829787234","6","6"
"16","10","5","40","40","160","16000000","490223","0.0306389375","5","6"
"18","10","5","40","40","10","1000000","103975","0.103975","114","168"
"17","10","5","40","40","95","9500000","364031","0.03831905263157895","6","6"
"16","10","5","40","40","161","16100000","490412","0.030460372670807454","4","4"
"19","10","5","40","40","0","0","0","0","896","900"
"18","10","5","40","40","11","1100000","113153","0.10286636363636363","88","137"
"17","10","5","40","40","96","9600000","364555","0.037974479166666665","6","6"
"19","10","5","40","40","1","100000","8131","0.08131","457","486"
"18","10","5","40","40","12","1200000","121812","0.10151","94","141"
"17","10","5","40","40","97","9700000","365079","0.03763701030927835","6","6"
"19","10","5","40","40","2","200000","18189","0.090945","345","367"
"17","10","5","40","40","98","9800000","365570","0.03730306122448979","6","7"
"18","10","5","40","40","13","1300000","130392","0.10030153846153846","84","133"
"19","10","5","40","40","3","300000","29252","0.09750666666666667","259","298"
"17","10","5","40","40","99","9900000","365910","0.03696060606060606","6","8"
"18","10","5","40","40","14","1400000","138821","0.09915785714285714","69","111"
"17","10","5","40","40","100","10000000","366200","0.03662","6","6"
"19","10","5","40","40","4","400000","40666","0.101665","223","276"
"18","10","5","40","40","15","1500000","146385","0.09759","61","96"
"17","10","5","40","40","101","10100000","366287","0.036266039603960395","5","5"
"20","10","5","40","40","0","0","0","0","900","900"
"19","10","5","40","40","5","500000","51053","0.102106","179","240"
"18","10","5","40","40","16","1600000","153386","0.09586625","53","97"
"20","10","5","40","40","1","100000","8782","0.08782","457","484"
"19","10","5","40","40","6","600000","61539","0.102565","166","214"
"18","10","5","40","40","17","1700000","160246","0.09426235294117646","56","95"
"20","10","5","40","40","2","200000","19925","0.099625","285","323"
"19","10","5","40","40","7","700000","70894","0.10127714285714286","134","175"
"18","10","5","40","40","18","1800000","166987","0.09277055555555555","55","94"
"20","10","5","40","40","3","300000","30550","0.10183333333333333","245","295"
"19","10","5","40","40","8","800000","80054","0.1000675","120","163"
"18","10","5","40","40","19","1900000","173503","0.09131736842105263","49","86"
"20","10","5","40","40","4","400000","41044","0.10261","193","244"
"19","10","5","40","40","9","900000","88987","0.09887444444444445","110","151"
"18","10","5","40","40","20","2000000","180061","0.0900305","49","82"
"20","10","5","40","40","5","500000","50979","0.101958","158","222"
"19","10","5","40","40","10","1000000","98049","0.098049","88","137"
"18","10","5","40","40","21","2100000","186686","0.08889809523809523","46","78"
"20","10","5","40","40","6","600000","60381","0.100635","132","172"
"19","10","5","40","40","11","1100000","106640","0.09694545454545454","85","138"
"18","10","5","40","40","22","2200000","193310","0.08786818181818182","48","78"
"20","10","5","40","40","7","700000","69318","0.09902571428571429","112","161"
"19","10","5","40","40","12","1200000","115414","0.09617833333333334","65","109"
"18","10","5","40","40","23","2300000","200166","0.08702869565217392","48","81"
"20","10","5","40","40","8","800000","77831","0.09728875","122","162"
"19","10","5","40","40","13","1300000","123212","0.09477846153846153","56","95"
"18","10","5","40","40","24","2400000","205931","0.08580458333333334","34","67"
"20","10","5","40","40","9","900000","86299","0.09588777777777778","97","133"
"19","10","5","40","40","14","1400000","130289","0.09306357142857143","50","85"
"18","10","5","40","40","25","2500000","211595","0.084638","40","81"
"20","10","5","40","40","10","1000000","94276","0.094276","86","121"
"19","10","5","40","40","15","1500000","137161","0.09144066666666667","54","93"
"18","10","5","40","40","26","2600000","217298","0.08357615384615384","38","63"
"20","10","5","40","40","11","1100000","101864","0.09260363636363636","75","114"
"19","10","5","40","40","16","1600000","143651","0.089781875","43","70"
"18","10","5","40","40","27","2700000","223472","0.0827674074074074","36","62"
"20","10","5","40","40","12","1200000","109507","0.09125583333333333","75","117"
"19","10","5","40","40","17","1700000","149981","0.08822411764705883","36","65"
"18","10","5","40","40","28","2800000","228553","0.08162607142857142","37","70"
"20","10","5","40","40","13","1300000","116930","0.08994615384615384","76","118"
"19","10","5","40","40","18","1800000","155963","0.0866461111111111","36","69"
"18","10","5","40","40","29","2900000","233918","0.08066137931034482","38","55"
"20","10","5","40","40","14","1400000","124149","0.08867785714285714","70","120"
"19","10","5","40","40","19","1900000","161948","0.08523578947368421","33","51"
"18","10","5","40","40","30","3000000","239026","0.07967533333333333","39","65"
"20","10","5","40","40","15","1500000","131129","0.08741933333333334","58","97"
"18","10","5","40","40","31","3100000","244185","0.07876935483870967","30","47"
"19","10","5","40","40","20","2000000","167940","0.08397","42","66"
"20","10","5","40","40","16","1600000","137806","0.08612875","53","82"
"18","10","5","40","40","32","3200000","249168","0.077865","32","53"
"19","10","5","40","40","21","2100000","174124","0.08291619047619048","49","82"
"20","10","5","40","40","17","1700000","144149","0.08479352941176471","53","85"
"18","10","5","40","40","33","3300000","253710","0.07688181818181818","27","41"
"19","10","5","40","40","22","2200000","180765","0.0821659090909091","46","77"
"20","10","5","40","40","18","1800000","150788","0.08377111111111112","46","71"
"18","10","5","40","40","34","3400000","258343","0.07598323529411764","29","48"
"19","10","5","40","40","23","2300000","187512","0.08152695652173914","32","55"
"20","10","5","40","40","19","1900000","156900","0.08257894736842106","48","80"
"18","10","5","40","40","35","3500000","263077","0.07516485714285714","27","45"
"19","10","5","40","40","24","2400000","193258","0.08052416666666666","26","46"
"20","10","5","40","40","20","2000000","162810","0.081405","45","80"
"18","10","5","40","40","36","3600000","267996","0.07444333333333333","25","45"
"19","10","5","40","40","25","2500000","198628","0.0794512","34","60"
"20","10","5","40","40","21","2100000","168584","0.08027809523809523","42","78"
"18","10","5","40","40","37","3700000","272809","0.07373216216216216","23","39"
"19","10","5","40","40","26","2600000","204199","0.07853807692307692","30","53"
"20","10","5","40","40","22","2200000","174339","0.079245","39","61"
"18","10","5","40","40","38","3800000","276631","0.07279763157894736","18","36"
"19","10","5","40","40","27","2700000","209166","0.07746888888888889","24","36"
"20","10","5","40","40","23","2300000","180460","0.07846086956521739","48","87"
"18","10","5","40","40","39","3900000","280400","0.0718974358974359","20","28"
"19","10","5","40","40","28","2800000","213620","0.07629285714285715","24","50"
"20","10","5","40","40","24","2400000","186841","0.07785041666666667","45","74"
"18","10","5","40","40","40","4000000","284207","0.07105175","19","24"
"19","10","5","40","40","29","2900000","218136","0.07521931034482758","21","39"
"20","10","5","40","40","25","2500000","193077","0.0772308","45","77"
"18","10","5","40","40","41","4100000","287958","0.07023365853658536","18","24"
"19","10","5","40","40","30","3000000","222060","0.07402","22","36"
"20","10","5","40","40","26","2600000","199345","0.07667115384615385","49","87"
"18","10","5","40","40","42","4200000","291628","0.06943523809523809","18","32"
"19","10","5","40","40","31","3100000","225675","0.07279838709677419","22","35"
"20","10","5","40","40","27","2700000","205521","0.07611888888888889","42","61"
"18","10","5","40","40","43","4300000","295212","0.0686539534883721","18","28"
"19","10","5","40","40","32","3200000","229301","0.0716565625","21","36"
"20","10","5","40","40","28","2800000","211150","0.07541071428571429","38","68"
"18","10","5","40","40","44","4400000","298750","0.06789772727272728","17","21"
"19","10","5","40","40","33","3300000","232671","0.07050636363636363","17","32"
"20","10","5","40","40","29","2900000","217051","0.0748451724137931","44","73"
"18","10","5","40","40","45","4500000","301900","0.06708888888888889","17","29"
"19","10","5","40","40","34","3400000","236027","0.06941970588235294","18","29"
"20","10","5","40","40","30","3000000","223079","0.07435966666666667","37","61"
"18","10","5","40","40","46","4600000","304954","0.06629434782608695","15","20"
"19","10","5","40","40","35","3500000","239329","0.06837971428571428","16","19"
"20","10","5","40","40","31","3100000","228442","0.07369096774193548","34","59"
"18","10","5","40","40","47","4700000","308195","0.06557340425531914","15","21"
"19","10","5","40","40","36","3600000","242428","0.06734111111111112","16","24"
"20","10","5","40","40","32","3200000","233230","0.072884375","27","56"
"18","10","5","40","40","48","4800000","310748","0.06473916666666667","12","16"
"19","10","5","40","40","37","3700000","245748","0.06641837837837838","15","31"
"20","10","5","40","40","33","3300000","238022","0.07212787878787878","30","54"
"18","10","5","40","40","49","4900000","313013","0.06388020408163265","12","20"
"19","10","5","40","40","38","3800000","248771","0.06546605263157895","16","32"
"20","10","5","40","40","34","3400000","242630","0.07136176470588235","28","45"
"18","10","5","40","40","50","5000000","314907","0.0629814","11","19"
"19","10","5","40","40","39","3900000","251877","0.06458384615384616","16","23"
"20","10","5","40","40","35","3500000","246451","0.07041457142857142","26","43"
"18","10","5","40","40","51","5100000","316361","0.06203156862745098","9","12"
"19","10","5","40","40","40","4000000","254779","0.06369475","15","22"
"20","10","5","40","40","36","3600000","250510","0.06958611111111111","24","45"
"18","10","5","40","40","52","5200000","317629","0.0610825","9","11"
"19","10","5","40","40","41","4100000","257796","0.06287707317073171","14","24"
"20","10","5","40","40","37","3700000","254646","0.06882324324324324","24","48"
"18","10","5","40","40","53","5300000","319188","0.060224150943396226","9","13"
"19","10","5","40","40","42","4200000","260919","0.06212357142857143","14","23"
"20","10","5","40","40","38","3800000","258592","0.06805052631578948","24","40"
"18","10","5","40","40","54","5400000","320421","0.05933722222222222","9","11"
"19","10","5","40","40","43","4300000","263817","0.061352790697674416","13","21"
"20","10","5","40","40","39","3900000","262402","0.0672825641025641","22","39"
"18","10","5","40","40","55","5500000","321773","0.058504181818181816","9","13"
"19","10","5","40","40","44","4400000","266572","0.06058454545454545","12","23"
"20","10","5","40","40","40","4000000","266344","0.066586","21","39"
"18","10","5","40","40","56","5600000","322986","0.05767607142857143","9","9"
"19","10","5","40","40","45","4500000","269222","0.05982711111111111","13","13"
"20","10","5","40","40","41","4100000","270108","0.06588","21","38"
"18","10","5","40","40","57","5700000","324110","0.05686140350877193","8","10"
"19","10","5","40","40","46","4600000","271801","0.05908717391304348","12","15"
"18","10","5","40","40","58","5800000","325030","0.05603965517241379","8","8"
"20","10","5","40","40","42","4200000","274233","0.06529357142857142","23","32"
"19","10","5","40","40","47","4700000","274349","0.05837212765957447","11","17"
"18","10","5","40","40","59","5900000","325933","0.0552428813559322","8","9"
"20","10","5","40","40","43","4300000","277746","0.06459209302325582","22","28"
"19","10","5","40","40","48","4800000","276482","0.05760041666666667","10","13"
"18","10","5","40","40","60","6000000","326728","0.054454666666666665","8","8"
"20","10","5","40","40","44","4400000","281467","0.06396977272727272","21","35"
"19","10","5","40","40","49","4900000","278915","0.056921428571428574","10","16"
"18","10","5","40","40","61","6100000","327428","0.05367672131147541","8","9"
"20","10","5","40","40","45","4500000","284856","0.06330133333333333","13","21"
"19","10","5","40","40","50","5000000","281327","0.0562654","10","12"
"18","10","5","40","40","62","6200000","328082","0.052916451612903224","8","8"
"20","10","5","40","40","46","4600000","287894","0.06258565217391304","16","30"
"19","10","5","40","40","51","5100000","283801","0.055647254901960784","10","14"
"18","10","5","40","40","63","6300000","328744","0.0521815873015873","8","8"
"20","10","5","40","40","47","4700000","291135","0.0619436170212766","17","30"
"19","10","5","40","40","52","5200000","286214","0.055041153846153844","10","14"
"18","10","5","40","40","64","6400000","329368","0.05146375","8","9"
"20","10","5","40","40","48","4800000","294413","0.06133604166666667","12","19"
"19","10","5","40","40","53","5300000","288548","0.05444301886792453","11","12"
"18","10","5","40","40","65","6500000","329936","0.050759384615384616","8","8"
"20","10","5","40","40","49","4900000","297419","0.06069775510204082","12","19"
"19","10","5","40","40","54","5400000","290820","0.05385555555555555","11","15"
"18","10","5","40","40","66","6600000","330443","0.050067121212121216","8","8"
"20","10","5","40","40","50","5000000","300454","0.0600908","13","16"
"18","10","5","40","40","67","6700000","330661","0.04935238805970149","8","8"
"19","10","5","40","40","55","5500000","292888","0.05325236363636364","10","11"
"20","10","5","40","40","51","5100000","303269","0.05946450980392157","11","17"
"18","10","5","40","40","68","6800000","330970","0.04867205882352941","8","8"
"19","10","5","40","40","56","5600000","295055","0.05268839285714286","10","14"
"20","10","5","40","40","52","5200000","305891","0.05882519230769231","14","23"
"18","10","5","40","40","69","6900000","331332","0.048019130434782606","8","9"
"19","10","5","40","40","57","5700000","297291","0.05215631578947368","10","10"
"20","10","5","40","40","53","5300000","308610","0.058228301886792455","11","14"
"18","10","5","40","40","70","7000000","331465","0.04735214285714286","7","7"
"21","10","5","40","40","0","0","0","0","897","900"
"19","10","5","40","40","58","5800000","299399","0.05162051724137931","10","14"
"20","10","5","40","40","54","5400000","311018","0.057595925925925925","11","25"
"19","10","5","40","40","59","5900000","301277","0.051063898305084746","11","18"
"20","10","5","40","40","55","5500000","313550","0.05700909090909091","11","19"
"21","10","5","40","40","1","100000","8623","0.08623","463","489"
"19","10","5","40","40","60","6000000","302954","0.050492333333333334","10","19"
"20","10","5","40","40","56","5600000","315954","0.05642035714285714","12","19"
"21","10","5","40","40","2","200000","19889","0.099445","318","359"
"19","10","5","40","40","61","6100000","304553","0.04992672131147541","10","14"
"20","10","5","40","40","57","5700000","318057","0.055799473684210524","10","13"
"21","10","5","40","40","3","300000","32331","0.10777","259","320"
"19","10","5","40","40","62","6200000","306277","0.04939951612903226","10","12"
"20","10","5","40","40","58","5800000","320028","0.05517724137931034","11","22"
"21","10","5","40","40","4","400000","44236","0.11059","209","271"
"19","10","5","40","40","63","6300000","307888","0.04887111111111111","10","16"
"20","10","5","40","40","59","5900000","322411","0.05464593220338983","11","18"
"21","10","5","40","40","5","500000","56674","0.113348","216","269"
"20","10","5","40","40","60","6000000","324627","0.0541045","11","14"
"19","10","5","40","40","64","6400000","309752","0.04839875","9","13"
"21","10","5","40","40","6","600000","68876","0.11479333333333333","176","234"
"20","10","5","40","40","61","6100000","327112","0.053624918032786885","11","20"
"19","10","5","40","40","65","6500000","311553","0.04793123076923077","9","13"
"21","10","5","40","40","7","700000","81169","0.11595571428571429","169","244"
"20","10","5","40","40","62","6200000","329648","0.05316903225806452","11","18"
"19","10","5","40","40","66","6600000","313207","0.04745560606060606","8","10"
"20","10","5","40","40","63","6300000","332492","0.052776507936507934","11","19"
"19","10","5","40","40","67","6700000","314999","0.04701477611940298","8","11"
"21","10","5","40","40","8","800000","93569","0.11696125","150","216"
"20","10","5","40","40","64","6400000","335176","0.05237125","11","16"
"19","10","5","40","40","68","6800000","316588","0.04655705882352941","9","12"
"21","10","5","40","40","9","900000","104986","0.11665111111111111","128","182"
"20","10","5","40","40","65","6500000","337815","0.051971538461538465","11","19"
"19","10","5","40","40","69","6900000","318154","0.04610927536231884","9","13"
"21","10","5","40","40","10","1000000","115324","0.115324","101","151"
"20","10","5","40","40","66","6600000","340401","0.05157590909090909","11","20"
"19","10","5","40","40","70","7000000","319822","0.04568885714285714","8","9"
"21","10","5","40","40","11","1100000","124793","0.11344818181818182","92","142"
"20","10","5","40","40","67","6700000","342886","0.05117701492537313","12","17"
"19","10","5","40","40","71","7100000","321634","0.04530056338028169","8","9"
"21","10","5","40","40","12","1200000","134330","0.11194166666666666","85","141"
"20","10","5","40","40","68","6800000","345467","0.05080397058823529","12","22"
"19","10","5","40","40","72","7200000","323239","0.044894305555555555","8","10"
"21","10","5","40","40","13","1300000","142766","0.10982","76","108"
"20","10","5","40","40","69","6900000","348041","0.05044072463768116","10","13"
"19","10","5","40","40","73","7300000","324700","0.04447945205479452","8","9"
"21","10","5","40","40","14","1400000","150853","0.10775214285714285","63","102"
"20","10","5","40","40","70","7000000","350069","0.05000985714285714","9","11"
"19","10","5","40","40","74","7400000","325922","0.044043513513513516","7","7"
"21","10","5","40","40","15","1500000","158439","0.105626","59","85"
"20","10","5","40","40","71","7100000","352012","0.049579154929577464","9","11"
"19","10","5","40","40","75","7500000","326957","0.043594266666666666","7","7"
"20","10","5","40","40","72","7200000","353574","0.0491075","8","9"
"21","10","5","40","40","16","1600000","165565","0.103478125","60","98"
"19","10","5","40","40","76","7600000","327997","0.0431575","7","8"
"20","10","5","40","40","73","7300000","355063","0.04863876712328767","8","10"
"21","10","5","40","40","17","1700000","172835","0.10166764705882353","69","100"
"19","10","5","40","40","77","7700000","329196","0.042752727272727276","7","9"
"20","10","5","40","40","74","7400000","356571","0.048185270270270274","8","10"
"19","10","5","40","40","78","7800000","330186","0.04233153846153846","7","7"
"21","10","5","40","40","18","1800000","179678","0.09982111111111111","58","88"
"20","10","5","40","40","75","7500000","358191","0.0477588","8","9"
"19","10","5","40","40","79","7900000","331254","0.041930886075949365","7","10"
"21","10","5","40","40","19","1900000","185859","0.09782052631578947","41","68"
"20","10","5","40","40","76","7600000","359924","0.04735842105263158","8","9"
"19","10","5","40","40","80","8000000","332343","0.041542875","7","7"
"21","10","5","40","40","20","2000000","190522","0.095261","36","52"
"20","10","5","40","40","77","7700000","361235","0.046913636363636366","7","7"
"19","10","5","40","40","81","8100000","333344","0.04115358024691358","7","8"
"21","10","5","40","40","21","2100000","195239","0.09297095238095238","47","69"
"20","10","5","40","40","78","7800000","362358","0.04645615384615385","7","7"
"19","10","5","40","40","82","8200000","334321","0.04077085365853658","7","8"
"21","10","5","40","40","22","2200000","199727","0.090785","30","51"
"20","10","5","40","40","79","7900000","363196","0.04597417721518987","7","7"
"19","10","5","40","40","83","8300000","335292","0.040396626506024096","7","9"
"21","10","5","40","40","23","2300000","204523","0.08892304347826087","39","58"
"20","10","5","40","40","80","8000000","364115","0.045514375","7","8"
"19","10","5","40","40","84","8400000","336314","0.04003738095238095","7","8"
"21","10","5","40","40","24","2400000","209353","0.08723041666666667","33","56"
"20","10","5","40","40","81","8100000","365040","0.045066666666666665","7","8"
"19","10","5","40","40","85","8500000","337329","0.03968576470588235","7","8"
"21","10","5","40","40","25","2500000","214396","0.0857584","39","64"
"20","10","5","40","40","82","8200000","366058","0.04464121951219512","7","7"
"19","10","5","40","40","86","8600000","338303","0.039337558139534885","7","8"
"21","10","5","40","40","26","2600000","219516","0.08442923076923077","37","55"
"20","10","5","40","40","83","8300000","367063","0.0442244578313253","7","7"
"19","10","5","40","40","87","8700000","339290","0.03899885057471265","7","7"
"20","10","5","40","40","84","8400000","368069","0.0438177380952381","7","8"
"21","10","5","40","40","27","2700000","224997","0.08333222222222222","33","47"
"19","10","5","40","40","88","8800000","340279","0.03866806818181818","7","7"
"20","10","5","40","40","85","8500000","369058","0.04341858823529412","7","7"
"21","10","5","40","40","28","2800000","230288","0.08224571428571428","38","57"
"19","10","5","40","40","89","8900000","341248","0.038342471910112357","7","8"
"20","10","5","40","40","86","8600000","369959","0.043018488372093024","7","7"
"21","10","5","40","40","29","2900000","234983","0.08102862068965518","30","52"
"19","10","5","40","40","90","9000000","342377","0.03804188888888889","7","9"
"20","10","5","40","40","87","8700000","371048","0.04264919540229885","7","7"
"21","10","5","40","40","30","3000000","239759","0.07991966666666667","33","65"
"19","10","5","40","40","91","9100000","343533","0.03775087912087912","7","9"
"20","10","5","40","40","88","8800000","371960","0.042268181818181816","7","11"
"21","10","5","40","40","31","3100000","244333","0.07881709677419355","32","54"
"19","10","5","40","40","92","9200000","344518","0.037447608695652175","7","7"
"20","10","5","40","40","89","8900000","372912","0.041900224719101126","7","8"
"21","10","5","40","40","32","3200000","248892","0.07777875","30","49"
"19","10","5","40","40","93","9300000","345434","0.03714344086021505","7","8"
"20","10","5","40","40","90","9000000","373886","0.041542888888888886","7","11"
"21","10","5","40","40","33","3300000","253955","0.07695606060606061","28","53"
"19","10","5","40","40","94","9400000","346420","0.036853191489361704","7","9"
"20","10","5","40","40","91","9100000","374730","0.04117912087912088","7","9"
"21","10","5","40","40","34","3400000","259176","0.07622823529411765","34","59"
"19","10","5","40","40","95","9500000","347309","0.03655884210526316","7","8"
"20","10","5","40","40","92","9200000","375679","0.040834673913043476","7","10"
"21","10","5","40","40","35","3500000","264548","0.07558514285714285","32","60"
"19","10","5","40","40","96","9600000","348127","0.03626322916666667","7","9"
"20","10","5","40","40","93","9300000","376627","0.04049752688172043","7","10"
"19","10","5","40","40","97","9700000","348581","0.03593618556701031","7","7"
"21","10","5","40","40","36","3600000","270002","0.07500055555555556","29","54"
"20","10","5","40","40","94","9400000","377565","0.040166489361702126","7","7"
"19","10","5","40","40","98","9800000","348595","0.03557091836734694","6","6"
"22","10","5","40","40","0","0","0","0","896","900"
"21","10","5","40","40","37","3700000","275576","0.07448","23","45"
"20","10","5","40","40","95","9500000","378357","0.03982705263157895","7","7"
"22","10","5","40","40","1","100000","8825","0.08825","450","472"
"20","10","5","40","40","96","9600000","379082","0.039487708333333336","7","9"
"21","10","5","40","40","38","3800000","280791","0.07389236842105264","22","58"
"20","10","5","40","40","97","9700000","379862","0.03916103092783505","7","7"
"22","10","5","40","40","2","200000","19626","0.09813","340","366"
"21","10","5","40","40","39","3900000","285642","0.07324153846153846","24","58"
"20","10","5","40","40","98","9800000","380518","0.03882836734693878","7","7"
"21","10","5","40","40","40","4000000","290727","0.07268175","25","50"
"22","10","5","40","40","3","300000","30795","0.10265","271","307"
"20","10","5","40","40","99","9900000","381062","0.03849111111111111","7","7"
"21","10","5","40","40","41","4100000","295654","0.07211073170731708","26","53"
"22","10","5","40","40","4","400000","41485","0.1037125","228","267"
"20","10","5","40","40","100","10000000","381539","0.0381539","7","7"
"21","10","5","40","40","42","4200000","300068","0.0714447619047619","23","59"
"22","10","5","40","40","5","500000","52104","0.104208","178","220"
"20","10","5","40","40","101","10100000","382084","0.03783009900990099","7","7"
"21","10","5","40","40","43","4300000","304578","0.07083209302325581","22","47"
"22","10","5","40","40","6","600000","61532","0.10255333333333333","151","201"
"20","10","5","40","40","102","10200000","382668","0.0375164705882353","7","7"
"21","10","5","40","40","44","4400000","308718","0.07016318181818182","21","38"
"22","10","5","40","40","7","700000","70951","0.10135857142857142","141","182"
"20","10","5","40","40","103","10300000","383084","0.0371926213592233","7","8"
"21","10","5","40","40","45","4500000","312525","0.06945","21","36"
"20","10","5","40","40","104","10400000","383318","0.0368575","7","7"
"22","10","5","40","40","8","800000","79419","0.09927375","126","163"
"21","10","5","40","40","46","4600000","316163","0.06873108695652173","21","36"
"20","10","5","40","40","105","10500000","383625","0.03653571428571428","7","9"
"22","10","5","40","40","9","900000","87901","0.09766777777777778","116","162"
"21","10","5","40","40","47","4700000","319907","0.06806531914893617","20","31"
"20","10","5","40","40","106","10600000","384000","0.036226415094339624","7","7"
"22","10","5","40","40","10","1000000","96802","0.096802","101","147"
"21","10","5","40","40","48","4800000","323815","0.06746145833333334","20","41"
"20","10","5","40","40","107","10700000","384389","0.03592420560747663","7","7"
"22","10","5","40","40","11","1100000","105723","0.09611181818181819","95","135"
"20","10","5","40","40","108","10800000","384616","0.03561259259259259","7","7"
"21","10","5","40","40","49","4900000","327945","0.06692755102040816","19","46"
"22","10","5","40","40","12","1200000","114115","0.09509583333333334","101","150"
"20","10","5","40","40","109","10900000","384645","0.035288532110091746","6","6"
"23","10","5","40","40","0","0","0","0","895","900"
"21","10","5","40","40","50","5000000","332178","0.0664356","19","39"
"22","10","5","40","40","13","1300000","122855","0.09450384615384616","93","152"
"21","10","5","40","40","51","5100000","336018","0.06588588235294118","17","29"
"23","10","5","40","40","1","100000","8208","0.08208","440","457"
"22","10","5","40","40","14","1400000","130890","0.09349285714285714","99","142"
"21","10","5","40","40","52","5200000","339866","0.06535884615384616","19","29"
"23","10","5","40","40","2","200000","18827","0.094135","340","387"
"22","10","5","40","40","15","1500000","139189","0.09279266666666666","79","124"
"21","10","5","40","40","53","5300000","344001","0.06490584905660378","17","38"
"23","10","5","40","40","3","300000","31246","0.10415333333333333","257","307"
"22","10","5","40","40","16","1600000","147334","0.09208375","75","116"
"21","10","5","40","40","54","5400000","348232","0.06448740740740741","18","29"
"23","10","5","40","40","4","400000","43355","0.1083875","196","257"
"22","10","5","40","40","17","1700000","155441","0.09143588235294117","83","121"
"21","10","5","40","40","55","5500000","352178","0.06403236363636364","15","25"
"23","10","5","40","40","5","500000","53818","0.107636","133","174"
"22","10","5","40","40","18","1800000","163604","0.09089111111111112","76","114"
"21","10","5","40","40","56","5600000","356164","0.06360071428571429","16","32"
"23","10","5","40","40","6","600000","64071","0.106785","146","193"
"22","10","5","40","40","19","1900000","171941","0.09049526315789473","76","116"
"21","10","5","40","40","57","5700000","360217","0.0631959649122807","15","29"
"23","10","5","40","40","7","700000","74539","0.10648428571428571","112","157"
"21","10","5","40","40","58","5800000","364236","0.06279931034482758","14","22"
"22","10","5","40","40","20","2000000","180172","0.090086","61","95"
"23","10","5","40","40","8","800000","84317","0.10539625","121","172"
"21","10","5","40","40","59","5900000","368296","0.062423050847457626","14","23"
"22","10","5","40","40","21","2100000","188218","0.08962761904761905","52","91"
"23","10","5","40","40","9","900000","94166","0.10462888888888888","112","154"
"21","10","5","40","40","60","6000000","372015","0.0620025","13","17"
"22","10","5","40","40","22","2200000","194761","0.08852772727272727","42","76"
"23","10","5","40","40","10","1000000","103517","0.103517","91","130"
"21","10","5","40","40","61","6100000","375427","0.06154540983606557","14","19"
"22","10","5","40","40","23","2300000","201024","0.08740173913043478","38","66"
"23","10","5","40","40","11","1100000","112573","0.10233909090909091","81","123"
"21","10","5","40","40","62","6200000","378903","0.06111338709677419","13","22"
"22","10","5","40","40","24","2400000","206576","0.08607333333333334","45","77"
"23","10","5","40","40","12","1200000","121803","0.1015025","81","120"
"21","10","5","40","40","63","6300000","382511","0.06071603174603175","11","16"
"22","10","5","40","40","25","2500000","212040","0.084816","42","60"
"23","10","5","40","40","13","1300000","130284","0.10021846153846153","71","124"
"21","10","5","40","40","64","6400000","385880","0.06029375","11","15"
"22","10","5","40","40","26","2600000","217322","0.08358538461538462","34","51"
"23","10","5","40","40","14","1400000","138838","0.09917","69","114"
"21","10","5","40","40","65","6500000","388966","0.059840923076923076","11","19"
"22","10","5","40","40","27","2700000","222127","0.08226925925925926","27","47"
"23","10","5","40","40","15","1500000","147204","0.098136","59","102"
"21","10","5","40","40","66","6600000","391215","0.059275","9","18"
"22","10","5","40","40","28","2800000","226882","0.08102928571428572","33","69"
"23","10","5","40","40","16","1600000","155117","0.096948125","57","105"
"21","10","5","40","40","67","6700000","393481","0.05872850746268657","9","13"
"22","10","5","40","40","29","2900000","232099","0.08003413793103448","31","60"
"23","10","5","40","40","17","1700000","162131","0.09537117647058824","48","81"
"21","10","5","40","40","68","6800000","395746","0.05819794117647059","10","14"
"22","10","5","40","40","30","3000000","237023","0.07900766666666667","27","46"
"23","10","5","40","40","18","1800000","169039","0.09391055555555555","47","80"
"21","10","5","40","40","69","6900000","398078","0.057692463768115945","9","11"
"22","10","5","40","40","31","3100000","241481","0.07789709677419354","22","39"
"23","10","5","40","40","19","1900000","175038","0.09212526315789474","40","67"
"21","10","5","40","40","70","7000000","400208","0.05717257142857143","9","14"
"22","10","5","40","40","32","3200000","245874","0.076835625","23","39"
"23","10","5","40","40","20","2000000","181002","0.090501","33","54"
"21","10","5","40","40","71","7100000","402052","0.05662704225352113","10","16"
"22","10","5","40","40","33","3300000","250457","0.0758960606060606","22","42"
"21","10","5","40","40","72","7200000","403877","0.05609402777777778","9","16"
"23","10","5","40","40","21","2100000","186262","0.08869619047619047","28","46"
"22","10","5","40","40","34","3400000","254701","0.07491205882352941","21","35"
"21","10","5","40","40","73","7300000","405636","0.05556657534246575","8","13"
"23","10","5","40","40","22","2200000","191786","0.08717545454545454","30","49"
"22","10","5","40","40","35","3500000","258563","0.07387514285714286","21","34"
"21","10","5","40","40","74","7400000","407347","0.055046891891891894","8","9"
"23","10","5","40","40","23","2300000","197102","0.08569652173913044","28","37"
"22","10","5","40","40","36","3600000","262464","0.07290666666666666","19","33"
"21","10","5","40","40","75","7500000","409036","0.054538133333333336","8","9"
"23","10","5","40","40","24","2400000","201658","0.08402416666666666","28","49"
"22","10","5","40","40","37","3700000","265941","0.07187594594594594","17","27"
"21","10","5","40","40","76","7600000","410642","0.054031842105263156","8","9"
"23","10","5","40","40","25","2500000","205993","0.0823972","23","43"
"22","10","5","40","40","38","3800000","269384","0.07089052631578947","17","20"
"21","10","5","40","40","77","7700000","412346","0.05355142857142857","8","11"
"23","10","5","40","40","26","2600000","210107","0.08081038461538462","24","53"
"22","10","5","40","40","39","3900000","272633","0.06990589743589744","17","23"
"21","10","5","40","40","78","7800000","414205","0.05310320512820513","8","8"
"23","10","5","40","40","27","2700000","214457","0.07942851851851852","24","38"
"22","10","5","40","40","40","4000000","275457","0.06886425","15","17"
"21","10","5","40","40","79","7900000","416115","0.052672784810126584","8","11"
"23","10","5","40","40","28","2800000","218547","0.0780525","20","29"
"22","10","5","40","40","41","4100000","278094","0.06782780487804878","15","24"
"21","10","5","40","40","80","8000000","417980","0.0522475","8","9"
"23","10","5","40","40","29","2900000","222090","0.07658275862068965","20","33"
"22","10","5","40","40","42","4200000","280729","0.06684023809523809","15","28"
"21","10","5","40","40","81","8100000","419697","0.05181444444444445","8","14"
"23","10","5","40","40","30","3000000","225906","0.075302","18","30"
"22","10","5","40","40","43","4300000","282876","0.06578511627906977","14","21"
"21","10","5","40","40","82","8200000","421141","0.05135865853658537","8","8"
"23","10","5","40","40","31","3100000","229818","0.07413483870967742","19","31"
"22","10","5","40","40","44","4400000","285240","0.06482727272727273","14","17"
"21","10","5","40","40","83","8300000","422703","0.05092807228915663","8","8"
"23","10","5","40","40","32","3200000","233803","0.0730634375","16","30"
"22","10","5","40","40","45","4500000","287771","0.06394911111111111","14","19"
"21","10","5","40","40","84","8400000","424358","0.05051880952380952","8","10"
"23","10","5","40","40","33","3300000","237282","0.07190363636363636","17","23"
"22","10","5","40","40","46","4600000","290237","0.063095","14","23"
"21","10","5","40","40","85","8500000","425744","0.050087529411764704","8","10"
"23","10","5","40","40","34","3400000","240777","0.07081676470588236","16","27"
"21","10","5","40","40","86","8600000","427075","0.049659883720930234","8","9"
"22","10","5","40","40","47","4700000","292788","0.06229531914893617","14","26"
"23","10","5","40","40","35","3500000","244380","0.06982285714285714","17","24"
"21","10","5","40","40","87","8700000","428506","0.049253563218390806","8","12"
"22","10","5","40","40","48","4800000","295243","0.061508958333333336","14","15"
"23","10","5","40","40","36","3600000","247756","0.06882111111111111","17","31"
"21","10","5","40","40","88","8800000","430012","0.048865","8","11"
"22","10","5","40","40","49","4900000","298273","0.06087204081632653","15","20"
"23","10","5","40","40","37","3700000","251084","0.06786054054054054","15","20"
"21","10","5","40","40","89","8900000","430404","0.04836","7","8"
"22","10","5","40","40","50","5000000","301067","0.0602134","14","18"
"23","10","5","40","40","38","3800000","254253","0.06690868421052631","16","26"
"21","10","5","40","40","90","9000000","430489","0.04783211111111111","6","6"
"24","10","5","40","40","0","0","0","0","894","900"
"22","10","5","40","40","51","5100000","303595","0.05952843137254902","14","18"
"23","10","5","40","40","39","3900000","257184","0.06594461538461538","13","19"
"22","10","5","40","40","52","5200000","305895","0.058825961538461535","14","22"
"24","10","5","40","40","1","100000","8869","0.08869","461","481"
"23","10","5","40","40","40","4000000","260104","0.065026","14","22"
"22","10","5","40","40","53","5300000","308264","0.05816301886792453","14","17"
"23","10","5","40","40","41","4100000","263218","0.06419951219512195","14","21"
"24","10","5","40","40","2","200000","20270","0.10135","333","367"
"22","10","5","40","40","54","5400000","310672","0.057531851851851855","14","23"
"23","10","5","40","40","42","4200000","265881","0.063305","10","16"
"24","10","5","40","40","3","300000","32403","0.10801","263","294"
"22","10","5","40","40","55","5500000","312977","0.05690490909090909","14","19"
"23","10","5","40","40","43","4300000","268226","0.06237813953488372","10","16"
"24","10","5","40","40","4","400000","44363","0.1109075","220","254"
"22","10","5","40","40","56","5600000","315393","0.05632017857142857","13","13"
"23","10","5","40","40","44","4400000","270335","0.061439772727272725","9","11"
"24","10","5","40","40","5","500000","55408","0.110816","161","209"
"22","10","5","40","40","57","5700000","317959","0.05578228070175439","13","16"
"23","10","5","40","40","45","4500000","272460","0.060546666666666665","9","12"
"24","10","5","40","40","6","600000","66464","0.11077333333333333","157","213"
"23","10","5","40","40","46","4600000","274197","0.05960804347826087","8","8"
"22","10","5","40","40","58","5800000","320305","0.055225","13","19"
"24","10","5","40","40","7","700000","77068","0.11009714285714285","146","203"
"23","10","5","40","40","47","4700000","275837","0.05868872340425532","8","12"
"22","10","5","40","40","59","5900000","322917","0.05473169491525424","14","17"
"24","10","5","40","40","8","800000","87783","0.10972875","120","174"
"23","10","5","40","40","48","4800000","277570","0.057827083333333335","8","9"
"22","10","5","40","40","60","6000000","325398","0.054233","13","19"
"23","10","5","40","40","49","4900000","279298","0.05699959183673469","8","11"
"24","10","5","40","40","9","900000","98312","0.10923555555555556","123","175"
"22","10","5","40","40","61","6100000","327622","0.05370852459016393","14","18"
"23","10","5","40","40","50","5000000","280771","0.0561542","8","8"
"22","10","5","40","40","62","6200000","329740","0.053183870967741936","14","19"
"24","10","5","40","40","10","1000000","107978","0.107978","101","148"
"23","10","5","40","40","51","5100000","282290","0.055350980392156864","8","12"
"22","10","5","40","40","63","6300000","332053","0.0527068253968254","14","17"
"24","10","5","40","40","11","1100000","116923","0.10629363636363637","106","139"
"23","10","5","40","40","52","5200000","284105","0.054635576923076926","8","11"
"22","10","5","40","40","64","6400000","334423","0.05225359375","14","20"
"24","10","5","40","40","12","1200000","125817","0.1048475","95","152"
"23","10","5","40","40","53","5300000","285706","0.05390679245283019","8","8"
"22","10","5","40","40","65","6500000","337006","0.051847076923076926","14","17"
"24","10","5","40","40","13","1300000","134006","0.10308153846153846","80","119"
"23","10","5","40","40","54","5400000","287386","0.05321962962962963","8","9"
"22","10","5","40","40","66","6600000","339355","0.051417424242424244","14","20"
"24","10","5","40","40","14","1400000","141792","0.10128","73","107"
"23","10","5","40","40","55","5500000","288976","0.05254109090909091","8","9"
"22","10","5","40","40","67","6700000","341842","0.051021194029850746","14","19"
"24","10","5","40","40","15","1500000","149465","0.09964333333333333","59","91"
"23","10","5","40","40","56","5600000","290434","0.05186321428571428","8","10"
"22","10","5","40","40","68","6800000","344409","0.050648382352941175","14","19"
"24","10","5","40","40","16","1600000","157155","0.098221875","57","85"
"23","10","5","40","40","57","5700000","291618","0.05116105263157895","8","9"
"22","10","5","40","40","69","6900000","346879","0.05027231884057971","14","19"
"23","10","5","40","40","58","5800000","292747","0.05047362068965517","8","11"
"24","10","5","40","40","17","1700000","163823","0.09636647058823529","51","77"
"22","10","5","40","40","70","7000000","349252","0.04989314285714286","14","25"
"23","10","5","40","40","59","5900000","293883","0.049810677966101696","8","8"
"24","10","5","40","40","18","1800000","170326","0.09462555555555556","48","81"
"22","10","5","40","40","71","7100000","351570","0.049516901408450706","13","21"
"23","10","5","40","40","60","6000000","295131","0.0491885","8","10"
"24","10","5","40","40","19","1900000","176720","0.09301052631578947","49","83"
"22","10","5","40","40","72","7200000","353924","0.04915611111111111","13","21"
"23","10","5","40","40","61","6100000","296296","0.04857311475409836","7","9"
"24","10","5","40","40","20","2000000","182696","0.091348","55","83"
"22","10","5","40","40","73","7300000","356506","0.048836438356164386","14","17"
"23","10","5","40","40","62","6200000","297383","0.047965","7","8"
"24","10","5","40","40","21","2100000","188584","0.08980190476190476","51","89"
"22","10","5","40","40","74","7400000","358600","0.04845945945945946","14","19"
"23","10","5","40","40","63","6300000","298334","0.047354603174603174","7","7"
"24","10","5","40","40","22","2200000","194547","0.08843045454545455","40","69"
"22","10","5","40","40","75","7500000","360994","0.04813253333333333","14","18"
"23","10","5","40","40","64","6400000","299396","0.046780625","7","9"
"24","10","5","40","40","23","2300000","200349","0.08710826086956522","49","75"
"22","10","5","40","40","76","7600000","363431","0.04781986842105263","14","22"
"23","10","5","40","40","65","6500000","300350","0.04620769230769231","7","7"
"24","10","5","40","40","24","2400000","206229","0.08592875","36","73"
"22","10","5","40","40","77","7700000","365821","0.047509220779220776","14","21"
"23","10","5","40","40","66","6600000","301279","0.04564833333333333","7","7"
"24","10","5","40","40","25","2500000","212468","0.0849872","44","69"
"22","10","5","40","40","78","7800000","368199","0.047205","14","18"
"23","10","5","40","40","67","6700000","302526","0.045153134328358206","7","10"
"24","10","5","40","40","26","2600000","218417","0.08400653846153847","36","68"
"23","10","5","40","40","68","6800000","303435","0.04462279411764706","7","8"
"22","10","5","40","40","79","7900000","370522","0.046901518987341774","13","17"
"23","10","5","40","40","69","6900000","304310","0.04410289855072464","7","9"
"24","10","5","40","40","27","2700000","224139","0.08301444444444445","40","68"
"22","10","5","40","40","80","8000000","372932","0.0466165","12","17"
"23","10","5","40","40","70","7000000","305237","0.043605285714285714","7","8"
"22","10","5","40","40","81","8100000","375171","0.046317407407407404","13","17"
"24","10","5","40","40","28","2800000","230015","0.08214821428571428","41","65"
"23","10","5","40","40","71","7100000","306206","0.043127605633802815","7","7"
"22","10","5","40","40","82","8200000","376989","0.045974268292682925","12","16"
"24","10","5","40","40","29","2900000","235595","0.0812396551724138","43","69"
"23","10","5","40","40","72","7200000","307193","0.042665694444444444","7","9"
"22","10","5","40","40","83","8300000","378723","0.04562927710843374","12","17"
"24","10","5","40","40","30","3000000","240631","0.08021033333333333","44","66"
"23","10","5","40","40","73","7300000","308298","0.042232602739726025","7","12"
"22","10","5","40","40","84","8400000","380283","0.045271785714285716","12","17"
"24","10","5","40","40","31","3100000","246293","0.07944935483870967","35","61"
"23","10","5","40","40","74","7400000","309492","0.04182324324324324","7","13"
"22","10","5","40","40","85","8500000","381794","0.04491694117647059","12","13"
"24","10","5","40","40","32","3200000","252164","0.07880125","37","71"
"23","10","5","40","40","75","7500000","310801","0.04144013333333333","7","9"
"22","10","5","40","40","86","8600000","383285","0.04456802325581395","12","14"
"24","10","5","40","40","33","3300000","258117","0.07821727272727273","40","75"
"23","10","5","40","40","76","7600000","311814","0.04102815789473684","7","8"
"22","10","5","40","40","87","8700000","384708","0.04421931034482759","12","17"
"24","10","5","40","40","34","3400000","263921","0.07762382352941176","35","64"
"23","10","5","40","40","77","7700000","312589","0.04059597402597403","7","8"
"22","10","5","40","40","88","8800000","386174","0.04388340909090909","12","16"
"24","10","5","40","40","35","3500000","270035","0.07715285714285715","34","59"
"23","10","5","40","40","78","7800000","313364","0.040174871794871794","7","8"
"22","10","5","40","40","89","8900000","387532","0.043542921348314605","12","13"
"24","10","5","40","40","36","3600000","275925","0.07664583333333333","29","64"
"23","10","5","40","40","79","7900000","314162","0.039767341772151896","7","7"
"22","10","5","40","40","90","9000000","388838","0.04320422222222222","11","13"
"23","10","5","40","40","80","8000000","315009","0.039376125","7","8"
"24","10","5","40","40","37","3700000","281612","0.07611135135135134","33","65"
"22","10","5","40","40","91","9100000","389924","0.04284879120879121","10","10"
"23","10","5","40","40","81","8100000","315682","0.038973086419753084","7","7"
"24","10","5","40","40","38","3800000","286877","0.07549394736842105","26","49"
"22","10","5","40","40","92","9200000","390884","0.042487391304347824","10","12"
"23","10","5","40","40","82","8200000","316530","0.03860121951219512","7","9"
"24","10","5","40","40","39","3900000","292192","0.07492102564102564","24","44"
"22","10","5","40","40","93","9300000","392013","0.042151935483870966","10","10"
"23","10","5","40","40","83","8300000","317287","0.038227349397590364","7","7"
"24","10","5","40","40","40","4000000","297647","0.07441175","25","50"
"22","10","5","40","40","94","9400000","393042","0.041812978723404254","10","12"
"23","10","5","40","40","84","8400000","317827","0.03783654761904762","7","8"
"24","10","5","40","40","41","4100000","303086","0.07392341463414634","24","50"
"22","10","5","40","40","95","9500000","394108","0.04148505263157895","10","10"
"23","10","5","40","40","85","8500000","318452","0.03746494117647059","7","9"
"24","10","5","40","40","42","4200000","308397","0.07342785714285714","22","43"
"22","10","5","40","40","96","9600000","395048","0.04115083333333333","10","11"
"23","10","5","40","40","86","8600000","319137","0.03710895348837209","7","9"
"24","10","5","40","40","43","4300000","313301","0.0728606976744186","21","39"
"22","10","5","40","40","97","9700000","396021","0.040826907216494845","10","11"
"23","10","5","40","40","87","8700000","319657","0.036742183908045976","7","7"
"24","10","5","40","40","44","4400000","318075","0.07228977272727273","20","34"
"22","10","5","40","40","98","9800000","396902","0.04050020408163265","10","12"
"23","10","5","40","40","88","8800000","320005","0.03636420454545455","7","7"
"24","10","5","40","40","45","4500000","322356","0.07163466666666667","19","40"
"22","10","5","40","40","99","9900000","397872","0.04018909090909091","10","11"
"23","10","5","40","40","89","8900000","320069","0.03596280898876404","6","6"
"25","10","5","40","40","0","0","0","0","895","900"
"24","10","5","40","40","46","4600000","326229","0.07091934782608696","19","40"
"22","10","5","40","40","100","10000000","398779","0.0398779","10","10"
"25","10","5","40","40","1","100000","8872","0.08872","462","485"
"24","10","5","40","40","47","4700000","330266","0.07026936170212766","19","43"
"22","10","5","40","40","101","10100000","399752","0.03957940594059406","10","11"
"25","10","5","40","40","2","200000","20393","0.101965","327","378"
"22","10","5","40","40","102","10200000","400745","0.03928872549019608","10","11"
"24","10","5","40","40","48","4800000","333998","0.06958291666666666","18","30"
"25","10","5","40","40","3","300000","33001","0.11000333333333333","244","294"
"22","10","5","40","40","103","10300000","401758","0.03900563106796116","10","13"
"24","10","5","40","40","49","4900000","338104","0.06900081632653061","16","32"
"25","10","5","40","40","4","400000","45309","0.1132725","201","254"
"22","10","5","40","40","104","10400000","402826","0.03873326923076923","9","10"
"24","10","5","40","40","50","5000000","342437","0.0684874","15","40"
"25","10","5","40","40","5","500000","56575","0.11315","159","201"
"22","10","5","40","40","105","10500000","403773","0.03845457142857143","9","10"
"24","10","5","40","40","51","5100000","345992","0.06784156862745098","13","29"
"25","10","5","40","40","6","600000","66248","0.11041333333333334","139","193"
"22","10","5","40","40","106","10600000","404787","0.03818745283018868","9","10"
"24","10","5","40","40","52","5200000","349601","0.06723096153846154","14","27"
"25","10","5","40","40","7","700000","75742","0.10820285714285714","119","162"
"22","10","5","40","40","107","10700000","405687","0.03791467289719626","9","9"
"24","10","5","40","40","53","5300000","353031","0.06660962264150944","12","18"
"25","10","5","40","40","8","800000","84858","0.1060725","118","167"
"22","10","5","40","40","108","10800000","406510","0.03763981481481481","9","9"
"24","10","5","40","40","54","5400000","356849","0.06608314814814815","12","17"
"22","10","5","40","40","109","10900000","407464","0.037382018348623855","9","9"
"25","10","5","40","40","9","900000","93662","0.10406888888888889","94","136"
"24","10","5","40","40","55","5500000","360352","0.06551854545454545","13","22"
"22","10","5","40","40","110","11000000","408207","0.03710972727272727","9","12"
"25","10","5","40","40","10","1000000","101900","0.1019","85","111"
"24","10","5","40","40","56","5600000","363771","0.06495910714285714","11","22"
"22","10","5","40","40","111","11100000","408909","0.03683864864864865","9","12"
"25","10","5","40","40","11","1100000","109917","0.09992454545454546","80","111"
"24","10","5","40","40","57","5700000","366898","0.0643680701754386","13","21"
"22","10","5","40","40","112","11200000","409485","0.036561160714285716","9","10"
"25","10","5","40","40","12","1200000","117460","0.09788333333333334","71","107"
"24","10","5","40","40","58","5800000","369436","0.06369586206896552","11","15"
"22","10","5","40","40","113","11300000","410034","0.036286194690265484","9","9"
"25","10","5","40","40","13","1300000","124711","0.09593153846153846","68","87"
"24","10","5","40","40","59","5900000","371814","0.0630193220338983","11","19"
"22","10","5","40","40","114","11400000","410440","0.03600350877192982","9","11"
"25","10","5","40","40","14","1400000","131981","0.09427214285714286","73","109"
"24","10","5","40","40","60","6000000","374356","0.062392666666666666","11","14"
"22","10","5","40","40","115","11500000","410896","0.03573008695652174","9","9"
"24","10","5","40","40","61","6100000","376504","0.06172196721311475","9","14"
"25","10","5","40","40","15","1500000","139414","0.09294266666666667","66","104"
"22","10","5","40","40","116","11600000","411166","0.035445344827586205","9","9"
"24","10","5","40","40","62","6200000","378224","0.06100387096774194","9","12"
"25","10","5","40","40","16","1600000","146431","0.091519375","53","93"
"22","10","5","40","40","117","11700000","411347","0.03515786324786325","9","9"
"24","10","5","40","40","63","6300000","380002","0.060317777777777776","10","16"
"25","10","5","40","40","17","1700000","153165","0.0900970588235294","59","100"
"22","10","5","40","40","118","11800000","411477","0.03487093220338983","8","8"
"26","10","5","40","40","0","0","0","0","896","900"
"24","10","5","40","40","64","6400000","381974","0.0596834375","9","14"
"25","10","5","40","40","18","1800000","159741","0.088745","49","83"
"26","10","5","40","40","1","100000","8985","0.08985","457","484"
"24","10","5","40","40","65","6500000","383750","0.05903846153846154","9","18"
"25","10","5","40","40","19","1900000","165569","0.08714157894736842","42","65"
"26","10","5","40","40","2","200000","20165","0.100825","285","323"
"24","10","5","40","40","66","6600000","385213","0.05836560606060606","9","13"
"25","10","5","40","40","20","2000000","170820","0.08541","33","46"
"24","10","5","40","40","67","6700000","386285","0.0576544776119403","8","11"
"26","10","5","40","40","3","300000","31249","0.10416333333333333","225","279"
"25","10","5","40","40","21","2100000","175501","0.08357190476190476","33","53"
"24","10","5","40","40","68","6800000","386577","0.05684955882352941","4","4"
"27","10","5","40","40","0","0","0","0","897","900"
"26","10","5","40","40","4","400000","42778","0.106945","199","258"
"25","10","5","40","40","22","2200000","180020","0.08182727272727272","32","49"
"27","10","5","40","40","1","100000","8397","0.08397","479","500"
"26","10","5","40","40","5","500000","54788","0.109576","142","183"
"25","10","5","40","40","23","2300000","184572","0.08024869565217391","31","46"
"27","10","5","40","40","2","200000","19039","0.095195","314","344"
"26","10","5","40","40","6","600000","65346","0.10891","130","183"
"25","10","5","40","40","24","2400000","188836","0.07868166666666666","31","43"
"27","10","5","40","40","3","300000","30918","0.10306","255","313"
"25","10","5","40","40","25","2500000","193346","0.0773384","32","50"
"26","10","5","40","40","7","700000","75337","0.10762428571428571","116","162"
"27","10","5","40","40","4","400000","42094","0.105235","181","224"
"25","10","5","40","40","26","2600000","197870","0.07610384615384615","33","49"
"26","10","5","40","40","8","800000","85194","0.1064925","107","142"
"27","10","5","40","40","5","500000","52836","0.105672","166","211"
"25","10","5","40","40","27","2700000","202210","0.0748925925925926","32","49"
"26","10","5","40","40","9","900000","93765","0.10418333333333334","104","138"
"25","10","5","40","40","28","2800000","206630","0.07379642857142857","31","45"
"27","10","5","40","40","6","600000","63333","0.105555","138","180"
"26","10","5","40","40","10","1000000","102482","0.102482","76","131"
"25","10","5","40","40","29","2900000","211024","0.07276689655172414","31","46"
"27","10","5","40","40","7","700000","73434","0.10490571428571428","135","183"
"26","10","5","40","40","11","1100000","110813","0.1007390909090909","77","115"
"25","10","5","40","40","30","3000000","215423","0.07180766666666667","28","48"
"27","10","5","40","40","8","800000","83169","0.10396125","109","148"
"26","10","5","40","40","12","1200000","118335","0.0986125","67","106"
"25","10","5","40","40","31","3100000","219505","0.07080806451612903","29","49"
"27","10","5","40","40","9","900000","92095","0.10232777777777778","103","136"
"26","10","5","40","40","13","1300000","126288","0.09714461538461538","62","99"
"25","10","5","40","40","32","3200000","223323","0.0697884375","28","40"
"27","10","5","40","40","10","1000000","100952","0.100952","100","135"
"26","10","5","40","40","14","1400000","133946","0.09567571428571428","59","107"
"25","10","5","40","40","33","3300000","227215","0.0688530303030303","27","45"
"27","10","5","40","40","11","1100000","108879","0.09898090909090909","103","143"
"26","10","5","40","40","15","1500000","140867","0.09391133333333333","56","86"
"25","10","5","40","40","34","3400000","231134","0.06798058823529411","26","41"
"27","10","5","40","40","12","1200000","116876","0.09739666666666667","107","158"
"26","10","5","40","40","16","1600000","147814","0.09238375","47","83"
"25","10","5","40","40","35","3500000","234834","0.06709542857142857","25","36"
"27","10","5","40","40","13","1300000","125477","0.09652076923076923","101","146"
"26","10","5","40","40","17","1700000","154397","0.09082176470588235","42","78"
"25","10","5","40","40","36","3600000","238585","0.06627361111111112","27","39"
"27","10","5","40","40","14","1400000","134064","0.09576","96","133"
"26","10","5","40","40","18","1800000","161312","0.08961777777777778","38","80"
"25","10","5","40","40","37","3700000","242212","0.0654627027027027","23","41"
"27","10","5","40","40","15","1500000","141781","0.09452066666666667","75","109"
"26","10","5","40","40","19","1900000","167118","0.08795684210526315","33","65"
"25","10","5","40","40","38","3800000","245873","0.06470342105263158","23","37"
"27","10","5","40","40","16","1600000","149318","0.09332375","97","132"
"25","10","5","40","40","39","3900000","249476","0.06396820512820513","22","31"
"26","10","5","40","40","20","2000000","172226","0.086113","31","54"
"25","10","5","40","40","40","4000000","253033","0.06325825","25","35"
"27","10","5","40","40","17","1700000","157167","0.09245117647058823","76","116"
"26","10","5","40","40","21","2100000","176548","0.0840704761904762","29","40"
"25","10","5","40","40","41","4100000","256654","0.06259853658536585","25","38"
"27","10","5","40","40","18","1800000","163973","0.09109611111111111","70","102"
"26","10","5","40","40","22","2200000","180808","0.08218545454545455","28","57"
"25","10","5","40","40","42","4200000","260021","0.061909761904761905","26","41"
"27","10","5","40","40","19","1900000","170397","0.08968263157894737","61","91"
"26","10","5","40","40","23","2300000","184873","0.0803795652173913","26","45"
"25","10","5","40","40","43","4300000","263500","0.06127906976744186","24","33"
"26","10","5","40","40","24","2400000","188694","0.0786225","25","46"
"27","10","5","40","40","20","2000000","176764","0.088382","49","81"
"25","10","5","40","40","44","4400000","267125","0.06071022727272727","21","34"
"26","10","5","40","40","25","2500000","192542","0.0770168","26","34"
"27","10","5","40","40","21","2100000","183042","0.08716285714285714","52","83"
"25","10","5","40","40","45","4500000","270371","0.060082444444444445","23","33"
"26","10","5","40","40","26","2600000","195669","0.07525730769230769","21","42"
"27","10","5","40","40","22","2200000","189624","0.08619272727272727","53","87"
"25","10","5","40","40","46","4600000","273531","0.059463260869565215","21","35"
"26","10","5","40","40","27","2700000","198862","0.07365259259259259","25","41"
"27","10","5","40","40","23","2300000","195928","0.08518608695652174","45","74"
"25","10","5","40","40","47","4700000","276774","0.05888808510638298","20","26"
"26","10","5","40","40","28","2800000","201813","0.07207607142857143","23","35"
"27","10","5","40","40","24","2400000","202103","0.08420958333333334","41","66"
"25","10","5","40","40","48","4800000","279863","0.05830479166666667","20","24"
"26","10","5","40","40","29","2900000","204551","0.0705348275862069","21","32"
"27","10","5","40","40","25","2500000","208279","0.0833116","39","66"
"25","10","5","40","40","49","4900000","282999","0.057754897959183676","20","31"
"26","10","5","40","40","30","3000000","207588","0.069196","20","37"
"27","10","5","40","40","26","2600000","214167","0.08237192307692308","48","87"
"25","10","5","40","40","50","5000000","286349","0.0572698","20","32"
"26","10","5","40","40","31","3100000","210420","0.06787741935483871","15","28"
"27","10","5","40","40","27","2700000","219950","0.08146296296296296","38","63"
"25","10","5","40","40","51","5100000","289031","0.05667274509803921","18","28"
"26","10","5","40","40","32","3200000","213007","0.0665646875","17","24"
"27","10","5","40","40","28","2800000","225570","0.08056071428571429","41","71"
"25","10","5","40","40","52","5200000","291589","0.056074807692307695","18","19"
"26","10","5","40","40","33","3300000","215719","0.06536939393939394","16","22"
"27","10","5","40","40","29","2900000","230791","0.07958310344827586","36","61"
"25","10","5","40","40","53","5300000","294217","0.05551264150943396","19","25"
"26","10","5","40","40","34","3400000","217930","0.06409705882352941","16","25"
"25","10","5","40","40","54","5400000","296727","0.05494944444444445","18","33"
"27","10","5","40","40","30","3000000","235612","0.07853733333333333","35","56"
"26","10","5","40","40","35","3500000","219812","0.06280342857142857","12","19"
"25","10","5","40","40","55","5500000","299181","0.054396545454545454","18","26"
"27","10","5","40","40","31","3100000","240613","0.07761709677419355","35","61"
"26","10","5","40","40","36","3600000","221409","0.0615025","9","9"
"25","10","5","40","40","56","5600000","301484","0.05383642857142857","17","23"
"27","10","5","40","40","32","3200000","245758","0.076799375","35","49"
"26","10","5","40","40","37","3700000","222776","0.06020972972972973","9","9"
"25","10","5","40","40","57","5700000","303797","0.053297719298245616","17","23"
"27","10","5","40","40","33","3300000","250537","0.07592030303030303","31","61"
"26","10","5","40","40","38","3800000","223976","0.05894105263157895","9","9"
"25","10","5","40","40","58","5800000","306192","0.05279172413793103","17","25"
"27","10","5","40","40","34","3400000","255571","0.07516794117647059","32","56"
"26","10","5","40","40","39","3900000","225214","0.05774717948717949","9","14"
"25","10","5","40","40","59","5900000","308501","0.052288305084745766","17","21"
"27","10","5","40","40","35","3500000","260139","0.07432542857142857","34","53"
"26","10","5","40","40","40","4000000","226360","0.05659","9","11"
"25","10","5","40","40","60","6000000","310629","0.0517715","16","22"
"27","10","5","40","40","36","3600000","265010","0.0736138888888889","28","55"
"26","10","5","40","40","41","4100000","227436","0.05547219512195122","8","9"
"25","10","5","40","40","61","6100000","312797","0.051278196721311474","15","19"
"27","10","5","40","40","37","3700000","269683","0.0728872972972973","30","43"
"26","10","5","40","40","42","4200000","228458","0.054394761904761904","8","10"
"25","10","5","40","40","62","6200000","314723","0.05076177419354839","15","21"
"27","10","5","40","40","38","3800000","273978","0.07209947368421053","27","42"
"26","10","5","40","40","43","4300000","229553","0.053384418604651165","8","11"
"25","10","5","40","40","63","6300000","316779","0.05028238095238095","16","21"
"26","10","5","40","40","44","4400000","230658","0.05242227272727273","8","9"
"27","10","5","40","40","39","3900000","278280","0.07135384615384616","25","40"
"25","10","5","40","40","64","6400000","318756","0.049805625","16","23"
"26","10","5","40","40","45","4500000","231652","0.051478222222222224","8","10"
"27","10","5","40","40","40","4000000","282579","0.07064475","26","52"
"25","10","5","40","40","65","6500000","320755","0.04934692307692308","16","18"
"26","10","5","40","40","46","4600000","232529","0.05054978260869565","8","11"
"27","10","5","40","40","41","4100000","286741","0.06993682926829269","20","46"
"25","10","5","40","40","66","6600000","322500","0.048863636363636366","14","18"
"26","10","5","40","40","47","4700000","233379","0.04965510638297872","8","8"
"27","10","5","40","40","42","4200000","290328","0.06912571428571429","16","27"
"25","10","5","40","40","67","6700000","324173","0.04838402985074627","14","15"
"26","10","5","40","40","48","4800000","234289","0.048810208333333334","8","10"
"27","10","5","40","40","43","4300000","293367","0.06822488372093023","14","29"
"25","10","5","40","40","68","6800000","325681","0.04789426470588235","15","21"
"26","10","5","40","40","49","4900000","235307","0.04802183673469388","8","10"
"27","10","5","40","40","44","4400000","296168","0.06731090909090909","12","19"
"25","10","5","40","40","69","6900000","327324","0.047438260869565214","14","14"
"26","10","5","40","40","50","5000000","236631","0.0473262","8","14"
"25","10","5","40","40","70","7000000","328909","0.046987","14","15"
"27","10","5","40","40","45","4500000","298874","0.06641644444444444","12","18"
"26","10","5","40","40","51","5100000","237832","0.04663372549019608","8","9"
"25","10","5","40","40","71","7100000","330418","0.04653774647887324","14","16"
"27","10","5","40","40","46","4600000","301573","0.06555934782608695","12","23"
"26","10","5","40","40","52","5200000","238704","0.045904615384615384","8","9"
"25","10","5","40","40","72","7200000","331589","0.04605402777777778","14","16"
"27","10","5","40","40","47","4700000","304187","0.06472063829787233","14","27"
"26","10","5","40","40","53","5300000","239733","0.045232641509433964","8","9"
"25","10","5","40","40","73","7300000","332581","0.04555904109589041","14","15"
"27","10","5","40","40","48","4800000","306926","0.06394291666666667","14","24"
"26","10","5","40","40","54","5400000","240872","0.044605925925925924","8","8"
"25","10","5","40","40","74","7400000","333789","0.04510662162162162","14","17"
"27","10","5","40","40","49","4900000","309201","0.06310224489795918","12","14"
"26","10","5","40","40","55","5500000","241884","0.04397890909090909","8","9"
"25","10","5","40","40","75","7500000","334951","0.04466013333333333","13","15"
"27","10","5","40","40","50","5000000","311764","0.0623528","12","14"
"26","10","5","40","40","56","5600000","242839","0.04336410714285714","8","8"
"25","10","5","40","40","76","7600000","336204","0.04423736842105263","13","15"
"27","10","5","40","40","51","5100000","314360","0.06163921568627451","11","18"
"26","10","5","40","40","57","5700000","243719","0.042757719298245615","8","9"
"25","10","5","40","40","77","7700000","337299","0.04380506493506493","13","14"
"27","10","5","40","40","52","5200000","316913","0.060944807692307694","11","24"
"26","10","5","40","40","58","5800000","244681","0.04218637931034483","8","8"
"25","10","5","40","40","78","7800000","338405","0.04338525641025641","13","13"
"27","10","5","40","40","53","5300000","319334","0.06025169811320755","11","19"
"26","10","5","40","40","59","5900000","245748","0.04165220338983051","8","8"
"25","10","5","40","40","79","7900000","339510","0.04297594936708861","13","16"
"27","10","5","40","40","54","5400000","321521","0.05954092592592593","11","17"
"25","10","5","40","40","80","8000000","340347","0.042543375","13","15"
"26","10","5","40","40","60","6000000","246764","0.041127333333333335","8","8"
"27","10","5","40","40","55","5500000","323819","0.05887618181818182","11","18"
"25","10","5","40","40","81","8100000","341112","0.04211259259259259","13","13"
"26","10","5","40","40","61","6100000","247808","0.04062426229508197","8","9"
"27","10","5","40","40","56","5600000","326613","0.05832375","11","21"
"25","10","5","40","40","82","8200000","341778","0.041680243902439025","13","13"
"26","10","5","40","40","62","6200000","248918","0.04014806451612903","8","10"
"27","10","5","40","40","57","5700000","328963","0.05771280701754386","11","14"
"25","10","5","40","40","83","8300000","342346","0.04124650602409639","13","13"
"26","10","5","40","40","63","6300000","250065","0.03969285714285714","8","9"
"27","10","5","40","40","58","5800000","331334","0.05712655172413793","11","12"
"25","10","5","40","40","84","8400000","342948","0.04082714285714286","13","13"
"26","10","5","40","40","64","6400000","251026","0.0392228125","8","9"
"27","10","5","40","40","59","5900000","333633","0.056547966101694914","11","18"
"25","10","5","40","40","85","8500000","343497","0.04041141176470588","13","13"
"26","10","5","40","40","65","6500000","251902","0.03875415384615385","8","8"
"27","10","5","40","40","60","6000000","335990","0.05599833333333333","11","16"
"25","10","5","40","40","86","8600000","344010","0.040001162790697674","13","13"
"26","10","5","40","40","66","6600000","252904","0.038318787878787876","8","9"
"27","10","5","40","40","61","6100000","338075","0.055422131147540986","11","21"
"25","10","5","40","40","87","8700000","344399","0.03958609195402299","13","14"
"26","10","5","40","40","67","6700000","253901","0.03789567164179104","8","8"
"25","10","5","40","40","88","8800000","344740","0.039175","13","13"
"27","10","5","40","40","62","6200000","340213","0.054873064516129035","11","20"
"26","10","5","40","40","68","6800000","254772","0.037466470588235296","8","8"
"25","10","5","40","40","89","8900000","345077","0.03877269662921348","13","14"
"27","10","5","40","40","63","6300000","342436","0.05435492063492064","11","18"
"26","10","5","40","40","69","6900000","255707","0.03705898550724638","8","9"
"25","10","5","40","40","90","9000000","345181","0.03835344444444445","12","12"
"28","10","5","40","40","0","0","0","0","900","900"
"27","10","5","40","40","64","6400000","344469","0.05382328125","11","16"
"26","10","5","40","40","70","7000000","256669","0.036667","8","10"
"27","10","5","40","40","65","6500000","346487","0.05330569230769231","11","23"
"28","10","5","40","40","1","100000","8253","0.08253","461","487"
"26","10","5","40","40","71","7100000","257712","0.03629746478873239","8","10"
"27","10","5","40","40","66","6600000","348359","0.052781666666666664","11","17"
"26","10","5","40","40","72","7200000","258664","0.03592555555555556","8","9"
"28","10","5","40","40","2","200000","18231","0.091155","333","358"
"27","10","5","40","40","67","6700000","350007","0.052239850746268655","11","16"
"26","10","5","40","40","73","7300000","259718","0.03557780821917808","8","9"
"28","10","5","40","40","3","300000","28899","0.09633","234","269"
"27","10","5","40","40","68","6800000","351491","0.05168985294117647","10","11"
"26","10","5","40","40","74","7400000","260789","0.035241756756756754","8","8"
"28","10","5","40","40","4","400000","39699","0.0992475","215","276"
"27","10","5","40","40","69","6900000","352919","0.05114768115942029","8","10"
"26","10","5","40","40","75","7500000","261921","0.0349228","8","8"
"28","10","5","40","40","5","500000","50374","0.100748","185","231"
"27","10","5","40","40","70","7000000","354087","0.050583857142857146","8","12"
"26","10","5","40","40","76","7600000","263110","0.034619736842105266","8","9"
"28","10","5","40","40","6","600000","60748","0.10124666666666667","161","210"
"27","10","5","40","40","71","7100000","355147","0.05002070422535211","7","7"
"26","10","5","40","40","77","7700000","263959","0.03428038961038961","8","8"
"28","10","5","40","40","7","700000","70645","0.10092142857142856","117","146"
"27","10","5","40","40","72","7200000","356205","0.049472916666666665","7","10"
"26","10","5","40","40","78","7800000","264873","0.033958076923076924","8","9"
"28","10","5","40","40","8","800000","79566","0.0994575","110","148"
"27","10","5","40","40","73","7300000","357272","0.0489413698630137","7","8"
"26","10","5","40","40","79","7900000","265954","0.03366506329113924","8","8"
"28","10","5","40","40","9","900000","87839","0.09759888888888889","104","142"
"27","10","5","40","40","74","7400000","358291","0.0484177027027027","7","7"
"26","10","5","40","40","80","8000000","266872","0.033359","8","8"
"28","10","5","40","40","10","1000000","96703","0.096703","122","164"
"27","10","5","40","40","75","7500000","359141","0.04788546666666667","7","8"
"26","10","5","40","40","81","8100000","267927","0.03307740740740741","8","8"
"28","10","5","40","40","11","1100000","105848","0.09622545454545454","110","156"
"27","10","5","40","40","76","7600000","360126","0.047385","7","7"
"26","10","5","40","40","82","8200000","268734","0.03277243902439025","8","8"
"28","10","5","40","40","12","1200000","114915","0.0957625","98","154"
"27","10","5","40","40","77","7700000","361180","0.04690649350649351","7","9"
"26","10","5","40","40","83","8300000","269645","0.03248734939759036","8","8"
"27","10","5","40","40","78","7800000","362234","0.04644025641025641","7","8"
"28","10","5","40","40","13","1300000","123103","0.09469461538461539","87","131"
"26","10","5","40","40","84","8400000","270502","0.03220261904761905","8","9"
"27","10","5","40","40","79","7900000","363171","0.045971012658227846","7","8"
"28","10","5","40","40","14","1400000","131553","0.09396642857142858","96","135"
"26","10","5","40","40","85","8500000","271432","0.031933176470588236","8","10"
"27","10","5","40","40","80","8000000","364247","0.045530875","7","12"
"26","10","5","40","40","86","8600000","272310","0.031663953488372094","8","8"
"28","10","5","40","40","15","1500000","139693","0.09312866666666667","93","133"
"27","10","5","40","40","81","8100000","365280","0.045096296296296294","7","8"
"26","10","5","40","40","87","8700000","273257","0.03140885057471264","8","10"
"28","10","5","40","40","16","1600000","147434","0.09214625","79","117"
"27","10","5","40","40","82","8200000","366359","0.04467792682926829","7","10"
"26","10","5","40","40","88","8800000","274218","0.031161136363636363","8","11"
"28","10","5","40","40","17","1700000","155135","0.09125588235294117","74","108"
"27","10","5","40","40","83","8300000","367432","0.0442689156626506","7","7"
"26","10","5","40","40","89","8900000","275141","0.030914719101123596","8","9"
"28","10","5","40","40","18","1800000","162503","0.09027944444444444","73","108"
"27","10","5","40","40","84","8400000","368537","0.04387345238095238","7","8"
"26","10","5","40","40","90","9000000","276222","0.030691333333333334","8","8"
"28","10","5","40","40","19","1900000","169033","0.08896473684210526","61","83"
"27","10","5","40","40","85","8500000","369500","0.043470588235294115","7","9"
"26","10","5","40","40","91","9100000","277290","0.030471428571428573","8","9"
"28","10","5","40","40","20","2000000","175184","0.087592","63","99"
"27","10","5","40","40","86","8600000","370539","0.04308593023255814","7","7"
"26","10","5","40","40","92","9200000","278224","0.03024173913043478","8","10"
"28","10","5","40","40","21","2100000","180956","0.08616952380952381","55","72"
"27","10","5","40","40","87","8700000","371640","0.04271724137931034","7","9"
"26","10","5","40","40","93","9300000","279114","0.03001225806451613","8","9"
"28","10","5","40","40","22","2200000","186817","0.08491681818181818","44","64"
"27","10","5","40","40","88","8800000","372651","0.04234670454545455","7","8"
"26","10","5","40","40","94","9400000","280127","0.029800744680851064","8","11"
"28","10","5","40","40","23","2300000","192307","0.08361173913043478","44","69"
"27","10","5","40","40","89","8900000","373777","0.04199741573033708","7","11"
"26","10","5","40","40","95","9500000","280996","0.029578526315789475","8","11"
"28","10","5","40","40","24","2400000","198284","0.08261833333333334","60","90"
"27","10","5","40","40","90","9000000","374719","0.04163544444444445","7","9"
"26","10","5","40","40","96","9600000","281896","0.029364166666666667","8","9"
"28","10","5","40","40","25","2500000","204431","0.0817724","38","54"
"27","10","5","40","40","91","9100000","375609","0.041275714285714284","7","8"
"26","10","5","40","40","97","9700000","282482","0.029121855670103093","8","11"
"28","10","5","40","40","26","2600000","209111","0.08042730769230769","34","49"
"27","10","5","40","40","92","9200000","376651","0.040940326086956524","7","8"
"26","10","5","40","40","98","9800000","282796","0.02885673469387755","8","8"
"28","10","5","40","40","27","2700000","213754","0.07916814814814815","38","62"
"26","10","5","40","40","99","9900000","283031","0.0285889898989899","8","8"
"27","10","5","40","40","93","9300000","377666","0.04060924731182796","7","8"
"28","10","5","40","40","28","2800000","218614","0.07807642857142857","47","70"
"26","10","5","40","40","100","10000000","283108","0.0283108","7","7"
"27","10","5","40","40","94","9400000","378751","0.040292659574468086","7","7"
"29","10","5","40","40","0","0","0","0","898","900"
"28","10","5","40","40","29","2900000","223919","0.07721344827586207","46","79"
"27","10","5","40","40","95","9500000","379709","0.03996936842105263","7","7"
"29","10","5","40","40","1","100000","8819","0.08819","468","486"
"27","10","5","40","40","96","9600000","380627","0.039648645833333336","7","8"
"28","10","5","40","40","30","3000000","230073","0.076691","48","76"
"29","10","5","40","40","2","200000","19723","0.098615","296","325"
"27","10","5","40","40","97","9700000","381557","0.03933577319587629","7","7"
"28","10","5","40","40","31","3100000","235928","0.0761058064516129","42","58"
"29","10","5","40","40","3","300000","29321","0.09773666666666667","207","237"
"27","10","5","40","40","98","9800000","382485","0.03902908163265306","7","10"
"28","10","5","40","40","32","3200000","241233","0.0753853125","46","60"
"29","10","5","40","40","4","400000","38279","0.0956975","188","217"
"27","10","5","40","40","99","9900000","383530","0.03874040404040404","7","8"
"28","10","5","40","40","33","3300000","246306","0.07463818181818181","36","63"
"29","10","5","40","40","5","500000","47915","0.09583","168","204"
"27","10","5","40","40","100","10000000","384554","0.0384554","7","8"
"28","10","5","40","40","34","3400000","251691","0.07402676470588235","39","79"
"29","10","5","40","40","6","600000","57089","0.09514833333333333","132","169"
"27","10","5","40","40","101","10100000","385531","0.03817138613861386","7","10"
"28","10","5","40","40","35","3500000","257790","0.07365428571428571","43","67"
"29","10","5","40","40","7","700000","65542","0.09363142857142857","132","174"
"27","10","5","40","40","102","10200000","386534","0.03789549019607843","7","9"
"28","10","5","40","40","36","3600000","263579","0.07321638888888889","47","86"
"29","10","5","40","40","8","800000","74230","0.0927875","131","182"
"27","10","5","40","40","103","10300000","387617","0.03763271844660194","7","9"
"28","10","5","40","40","37","3700000","269793","0.07291702702702703","47","74"
"29","10","5","40","40","9","900000","82747","0.09194111111111111","108","148"
"27","10","5","40","40","104","10400000","388680","0.037373076923076926","7","9"
"28","10","5","40","40","38","3800000","275564","0.07251684210526316","47","79"
"29","10","5","40","40","10","1000000","90859","0.090859","108","145"
"27","10","5","40","40","105","10500000","389641","0.037108666666666665","7","9"
"28","10","5","40","40","39","3900000","281208","0.07210461538461538","39","73"
"27","10","5","40","40","106","10600000","390651","0.0368538679245283","7","9"
"29","10","5","40","40","11","1100000","98962","0.08996545454545454","100","135"
"28","10","5","40","40","40","4000000","286857","0.07171425","40","60"
"27","10","5","40","40","107","10700000","391788","0.03661570093457944","7","8"
"29","10","5","40","40","12","1200000","106542","0.088785","83","128"
"28","10","5","40","40","41","4100000","292031","0.07122707317073171","40","66"
"27","10","5","40","40","108","10800000","392697","0.036360833333333335","7","9"
"29","10","5","40","40","13","1300000","113329","0.08717615384615385","79","114"
"28","10","5","40","40","42","4200000","297620","0.07086190476190476","43","67"
"27","10","5","40","40","109","10900000","393740","0.03612293577981651","7","9"
"29","10","5","40","40","14","1400000","120109","0.08579214285714286","67","108"
"28","10","5","40","40","43","4300000","303219","0.0705160465116279","43","85"
"27","10","5","40","40","110","11000000","394794","0.03589036363636364","7","10"
"29","10","5","40","40","15","1500000","126586","0.08439066666666667","68","92"
"28","10","5","40","40","44","4400000","309005","0.07022840909090909","48","77"
"27","10","5","40","40","111","11100000","395717","0.03565018018018018","7","7"
"29","10","5","40","40","16","1600000","133910","0.08369375","77","108"
"28","10","5","40","40","45","4500000","315265","0.07005888888888889","41","84"
"27","10","5","40","40","112","11200000","396569","0.03540794642857143","7","7"
"29","10","5","40","40","17","1700000","141065","0.08297941176470588","58","103"
"28","10","5","40","40","46","4600000","321445","0.06987934782608696","48","87"
"27","10","5","40","40","113","11300000","397448","0.03517238938053097","7","7"
"29","10","5","40","40","18","1800000","147406","0.08189222222222223","51","78"
"28","10","5","40","40","47","4700000","327559","0.06969340425531916","52","74"
"27","10","5","40","40","114","11400000","398455","0.03495219298245614","7","8"
"29","10","5","40","40","19","1900000","153166","0.08061368421052631","48","81"
"28","10","5","40","40","48","4800000","333119","0.06939979166666667","44","82"
"27","10","5","40","40","115","11500000","399536","0.034742260869565215","7","11"
"29","10","5","40","40","20","2000000","158576","0.079288","55","87"
"27","10","5","40","40","116","11600000","400506","0.03452637931034483","7","7"
"28","10","5","40","40","49","4900000","338667","0.06911571428571428","42","72"
"29","10","5","40","40","21","2100000","164386","0.07827904761904762","45","73"
"27","10","5","40","40","117","11700000","401478","0.03431435897435897","7","10"
"28","10","5","40","40","50","5000000","344286","0.0688572","39","73"
"29","10","5","40","40","22","2200000","170108","0.07732181818181819","38","63"
"27","10","5","40","40","118","11800000","402456","0.0341064406779661","7","8"
"28","10","5","40","40","51","5100000","349801","0.06858843137254902","48","77"
"29","10","5","40","40","23","2300000","175563","0.07633173913043478","44","79"
"27","10","5","40","40","119","11900000","403419","0.033900756302521005","7","7"
"28","10","5","40","40","52","5200000","355143","0.06829673076923076","44","70"
"27","10","5","40","40","120","12000000","404369","0.03369741666666667","7","8"
"29","10","5","40","40","24","2400000","180796","0.07533166666666667","38","67"
"28","10","5","40","40","53","5300000","360220","0.06796603773584906","45","72"
"27","10","5","40","40","121","12100000","405419","0.033505702479338845","7","9"
"29","10","5","40","40","25","2500000","185682","0.0742728","28","58"
"28","10","5","40","40","54","5400000","365898","0.06775888888888888","35","67"
"27","10","5","40","40","122","12200000","406324","0.033305245901639344","7","7"
"29","10","5","40","40","26","2600000","190558","0.07329153846153846","34","63"
"28","10","5","40","40","55","5500000","371155","0.06748272727272728","33","49"
"27","10","5","40","40","123","12300000","407346","0.03311756097560976","7","12"
"29","10","5","40","40","27","2700000","195317","0.07233962962962963","28","47"
"28","10","5","40","40","56","5600000","375899","0.06712482142857143","34","51"
"27","10","5","40","40","124","12400000","408650","0.03295564516129032","7","9"
"29","10","5","40","40","28","2800000","200148","0.07148142857142857","25","45"
"28","10","5","40","40","57","5700000","380713","0.06679175438596491","38","69"
"27","10","5","40","40","125","12500000","409951","0.03279608","7","7"
"29","10","5","40","40","29","2900000","204897","0.07065413793103448","26","49"
"28","10","5","40","40","58","5800000","386372","0.06661586206896551","37","64"
"27","10","5","40","40","126","12600000","411067","0.03262436507936508","7","10"
"29","10","5","40","40","30","3000000","209556","0.069852","25","52"
"28","10","5","40","40","59","5900000","391858","0.06641661016949152","43","71"
"27","10","5","40","40","127","12700000","411975","0.032438976377952754","7","9"
"29","10","5","40","40","31","3100000","213727","0.0689441935483871","26","48"
"28","10","5","40","40","60","6000000","397295","0.06621583333333333","42","76"
"27","10","5","40","40","128","12800000","412810","0.03225078125","7","8"
"29","10","5","40","40","32","3200000","217355","0.0679234375","21","30"
"28","10","5","40","40","61","6100000","402817","0.06603557377049181","38","61"
"27","10","5","40","40","129","12900000","413538","0.032057209302325584","7","7"
"29","10","5","40","40","33","3300000","220708","0.06688121212121212","20","33"
"28","10","5","40","40","62","6200000","408108","0.06582387096774193","34","59"
"27","10","5","40","40","130","13000000","414119","0.03185530769230769","7","8"
"29","10","5","40","40","34","3400000","224421","0.06600617647058823","22","38"
"28","10","5","40","40","63","6300000","413110","0.06557301587301587","33","55"
"27","10","5","40","40","131","13100000","414621","0.031650458015267176","7","7"
"29","10","5","40","40","35","3500000","227806","0.06508742857142857","21","42"
"28","10","5","40","40","64","6400000","418054","0.0653209375","32","58"
"27","10","5","40","40","132","13200000","415105","0.03144734848484849","7","7"
"29","10","5","40","40","36","3600000","231229","0.06423027777777778","20","35"
"28","10","5","40","40","65","6500000","422681","0.06502784615384616","43","68"
"27","10","5","40","40","133","13300000","415426","0.031235037593984962","7","7"
"29","10","5","40","40","37","3700000","234292","0.06332216216216216","19","36"
"28","10","5","40","40","66","6600000","427243","0.06473378787878788","40","60"
"27","10","5","40","40","134","13400000","415793","0.031029328358208954","7","7"
"29","10","5","40","40","38","3800000","237260","0.06243684210526316","18","37"
"28","10","5","40","40","67","6700000","432058","0.06448626865671642","41","63"
"27","10","5","40","40","135","13500000","416149","0.03082585185185185","7","7"
"29","10","5","40","40","39","3900000","240368","0.06163282051282051","16","35"
"28","10","5","40","40","68","6800000","437072","0.06427529411764706","38","66"
"27","10","5","40","40","136","13600000","416450","0.030621323529411763","7","9"
"29","10","5","40","40","40","4000000","243341","0.06083525","16","29"
"27","10","5","40","40","137","13700000","416718","0.03041737226277372","7","8"
"28","10","5","40","40","69","6900000","441929","0.06404768115942029","33","63"
"29","10","5","40","40","41","4100000","245827","0.05995780487804878","15","23"
"27","10","5","40","40","138","13800000","416824","0.03020463768115942","6","6"
"30","10","5","40","40","0","0","0","0","898","900"
"28","10","5","40","40","70","7000000","446311","0.06375871428571428","35","63"
"29","10","5","40","40","42","4200000","248269","0.059111666666666667","14","22"
"28","10","5","40","40","71","7100000","450711","0.06348042253521127","36","55"
"30","10","5","40","40","1","100000","8384","0.08384","469","497"
"29","10","5","40","40","43","4300000","250676","0.05829674418604651","14","26"
"28","10","5","40","40","72","7200000","455255","0.0632298611111111","35","54"
"30","10","5","40","40","2","200000","19721","0.098605","301","331"
"29","10","5","40","40","44","4400000","253122","0.05752772727272727","15","27"
"28","10","5","40","40","73","7300000","459750","0.06297945205479452","33","56"
"30","10","5","40","40","3","300000","31697","0.10565666666666666","230","270"
"29","10","5","40","40","45","4500000","255520","0.05678222222222222","13","29"
"28","10","5","40","40","74","7400000","464267","0.06273878378378378","33","56"
"30","10","5","40","40","4","400000","42775","0.1069375","190","235"
"29","10","5","40","40","46","4600000","258108","0.056110434782608694","15","32"
"28","10","5","40","40","75","7500000","468742","0.06249893333333333","38","59"
"30","10","5","40","40","5","500000","53192","0.106384","143","195"
"29","10","5","40","40","47","4700000","260795","0.05548829787234043","14","33"
"28","10","5","40","40","76","7600000","473021","0.062239605263157895","42","64"
"30","10","5","40","40","6","600000","63499","0.10583166666666667","115","167"
"29","10","5","40","40","48","4800000","263311","0.05485645833333333","14","25"
"28","10","5","40","40","77","7700000","477482","0.06201064935064935","33","51"
"30","10","5","40","40","7","700000","73042","0.10434571428571429","86","126"
"29","10","5","40","40","49","4900000","265734","0.05423142857142857","15","24"
"28","10","5","40","40","78","7800000","481505","0.061731410256410255","32","47"
"30","10","5","40","40","8","800000","81770","0.1022125","75","124"
"29","10","5","40","40","50","5000000","268057","0.0536114","15","24"
"28","10","5","40","40","79","7900000","485435","0.06144746835443038","30","61"
"30","10","5","40","40","9","900000","89880","0.09986666666666667","59","87"
"29","10","5","40","40","51","5100000","270564","0.053051764705882354","15","21"
"28","10","5","40","40","80","8000000","489505","0.061188125","28","47"
"29","10","5","40","40","52","5200000","272793","0.052460192307692305","14","21"
"30","10","5","40","40","10","1000000","97964","0.097964","53","85"
"28","10","5","40","40","81","8100000","493570","0.06093456790123457","26","44"
"29","10","5","40","40","53","5300000","274992","0.051885283018867925","12","18"
"30","10","5","40","40","11","1100000","105229","0.09566272727272727","45","83"
"28","10","5","40","40","82","8200000","497316","0.06064829268292683","22","43"
"29","10","5","40","40","54","5400000","277035","0.05130277777777778","12","24"
"30","10","5","40","40","12","1200000","111638","0.09303166666666667","45","74"
"28","10","5","40","40","83","8300000","500910","0.060350602409638555","21","31"
"29","10","5","40","40","55","5500000","279323","0.050786","13","27"
"30","10","5","40","40","13","1300000","117797","0.09061307692307692","40","70"
"28","10","5","40","40","84","8400000","503933","0.05999202380952381","20","30"
"29","10","5","40","40","56","5600000","281308","0.050233571428571426","12","20"
"30","10","5","40","40","14","1400000","123649","0.08832071428571428","31","58"
"28","10","5","40","40","85","8500000","506996","0.05964658823529412","25","40"
"29","10","5","40","40","57","5700000","283337","0.049708245614035085","11","20"
"28","10","5","40","40","86","8600000","510569","0.05936848837209302","33","53"
"30","10","5","40","40","15","1500000","129284","0.08618933333333334","33","76"
"29","10","5","40","40","58","5800000","285168","0.04916689655172414","11","21"
"28","10","5","40","40","87","8700000","514463","0.059133678160919544","29","57"
"30","10","5","40","40","16","1600000","135159","0.084474375","34","61"
"29","10","5","40","40","59","5900000","287068","0.04865559322033898","11","15"
"28","10","5","40","40","88","8800000","518675","0.05894034090909091","30","41"
"30","10","5","40","40","17","1700000","140950","0.08291176470588235","35","68"
"29","10","5","40","40","60","6000000","289036","0.04817266666666667","11","15"
"28","10","5","40","40","89","8900000","522938","0.05875707865168539","25","45"
"30","10","5","40","40","18","1800000","146207","0.08122611111111111","30","54"
"29","10","5","40","40","61","6100000","291131","0.04772639344262295","11","15"
"28","10","5","40","40","90","9000000","527110","0.05856777777777778","23","39"
"30","10","5","40","40","19","1900000","150660","0.07929473684210527","27","43"
"29","10","5","40","40","62","6200000","293037","0.04726403225806452","11","13"
"28","10","5","40","40","91","9100000","530898","0.058340439560439564","20","30"
"30","10","5","40","40","20","2000000","154818","0.077409","18","32"
"29","10","5","40","40","63","6300000","295277","0.04686936507936508","11","15"
"28","10","5","40","40","92","9200000","534666","0.058115869565217394","18","34"
"30","10","5","40","40","21","2100000","158708","0.0755752380952381","18","36"
"29","10","5","40","40","64","6400000","297217","0.04644015625","11","16"
"28","10","5","40","40","93","9300000","538544","0.05790795698924731","19","35"
"30","10","5","40","40","22","2200000","162749","0.07397681818181819","17","35"
"29","10","5","40","40","65","6500000","299174","0.04602676923076923","11","12"
"28","10","5","40","40","94","9400000","542636","0.05772723404255319","23","36"
"30","10","5","40","40","23","2300000","166288","0.0722991304347826","17","39"
"29","10","5","40","40","66","6600000","300598","0.04554515151515152","11","14"
"28","10","5","40","40","95","9500000","546662","0.057543368421052635","23","37"
"30","10","5","40","40","24","2400000","169755","0.07073125","14","24"
"29","10","5","40","40","67","6700000","302241","0.045110597014925376","11","20"
"28","10","5","40","40","96","9600000","549958","0.05728729166666666","20","32"
"30","10","5","40","40","25","2500000","173081","0.0692324","13","29"
"29","10","5","40","40","68","6800000","303765","0.04467132352941176","11","15"
"28","10","5","40","40","97","9700000","553052","0.05701567010309278","21","36"
"30","10","5","40","40","26","2600000","176668","0.06794923076923078","13","25"
"29","10","5","40","40","69","6900000","305105","0.044218115942028985","10","12"
"28","10","5","40","40","98","9800000","556300","0.05676530612244898","20","43"
"30","10","5","40","40","27","2700000","180161","0.0667262962962963","14","24"
"29","10","5","40","40","70","7000000","306267","0.043752428571428574","11","12"
"28","10","5","40","40","99","9900000","558938","0.056458383838383835","16","24"
"30","10","5","40","40","28","2800000","183802","0.06564357142857143","16","29"
"29","10","5","40","40","71","7100000","307556","0.04331774647887324","10","13"
"28","10","5","40","40","100","10000000","561907","0.0561907","17","29"
"30","10","5","40","40","29","2900000","187485","0.06465","15","33"
"29","10","5","40","40","72","7200000","308818","0.04289138888888889","10","12"
"28","10","5","40","40","101","10100000","565075","0.0559480198019802","15","32"
"29","10","5","40","40","73","7300000","310048","0.042472328767123285","10","14"
"30","10","5","40","40","30","3000000","191104","0.06370133333333333","16","32"
"28","10","5","40","40","102","10200000","568013","0.055687549019607846","14","31"
"29","10","5","40","40","74","7400000","311265","0.04206283783783784","10","11"
"30","10","5","40","40","31","3100000","194835","0.06285","15","28"
"28","10","5","40","40","103","10300000","570470","0.05538543689320388","11","18"
"29","10","5","40","40","75","7500000","312481","0.04166413333333333","9","9"
"30","10","5","40","40","32","3200000","198702","0.062094375","14","30"
"28","10","5","40","40","104","10400000","572747","0.055071826923076925","11","21"
"29","10","5","40","40","76","7600000","313571","0.04125934210526316","9","9"
"30","10","5","40","40","33","3300000","202433","0.06134333333333333","13","22"
"28","10","5","40","40","105","10500000","575027","0.05476447619047619","10","22"
"29","10","5","40","40","77","7700000","314726","0.040873506493506497","9","9"
"30","10","5","40","40","34","3400000","206036","0.06059882352941177","14","19"
"28","10","5","40","40","106","10600000","577275","0.05445990566037736","10","18"
"29","10","5","40","40","78","7800000","315687","0.04047269230769231","9","11"
"30","10","5","40","40","35","3500000","209503","0.059858","15","28"
"28","10","5","40","40","107","10700000","579588","0.05416710280373832","11","20"
"29","10","5","40","40","79","7900000","316587","0.040074303797468354","9","10"
"30","10","5","40","40","36","3600000","213097","0.059193611111111114","14","26"
"28","10","5","40","40","108","10800000","581854","0.05387537037037037","10","17"
"29","10","5","40","40","80","8000000","317466","0.03968325","9","9"
"30","10","5","40","40","37","3700000","216600","0.05854054054054054","13","26"
"28","10","5","40","40","109","10900000","584234","0.05359944954128441","10","18"
"29","10","5","40","40","81","8100000","318240","0.03928888888888889","9","9"
"30","10","5","40","40","38","3800000","219861","0.05785815789473684","13","21"
"28","10","5","40","40","110","11000000","586629","0.05332990909090909","10","16"
"29","10","5","40","40","82","8200000","318956","0.03889707317073171","9","10"
"30","10","5","40","40","39","3900000","222995","0.05717820512820513","13","19"
"28","10","5","40","40","111","11100000","588463","0.05301468468468468","9","16"
"29","10","5","40","40","83","8300000","319597","0.03850566265060241","9","10"
"30","10","5","40","40","40","4000000","226111","0.05652775","14","32"
"28","10","5","40","40","112","11200000","590175","0.05269419642857143","9","22"
"29","10","5","40","40","84","8400000","320323","0.038133690476190474","9","9"
"30","10","5","40","40","41","4100000","229197","0.05590170731707317","13","21"
"28","10","5","40","40","113","11300000","592144","0.05240212389380531","8","15"
"29","10","5","40","40","85","8500000","320830","0.037744705882352944","9","11"
"30","10","5","40","40","42","4200000","232396","0.05533238095238095","12","21"
"28","10","5","40","40","114","11400000","594338","0.05213491228070175","8","10"
"29","10","5","40","40","86","8600000","321441","0.03737686046511628","9","10"
"30","10","5","40","40","43","4300000","235596","0.05478976744186047","12","15"
"28","10","5","40","40","115","11500000","596228","0.05184591304347826","8","15"
"29","10","5","40","40","87","8700000","322209","0.03703551724137931","9","9"
"30","10","5","40","40","44","4400000","238878","0.054290454545454545","12","21"
"28","10","5","40","40","116","11600000","597708","0.051526551724137934","8","8"
"29","10","5","40","40","88","8800000","322860","0.03668863636363636","9","9"
"30","10","5","40","40","45","4500000","242041","0.05378688888888889","12","18"
"28","10","5","40","40","117","11700000","599110","0.051205982905982904","8","11"
"29","10","5","40","40","89","8900000","323273","0.03632280898876405","9","9"
"30","10","5","40","40","46","4600000","245287","0.053323260869565216","12","20"
"28","10","5","40","40","118","11800000","600669","0.050904152542372884","8","11"
"29","10","5","40","40","90","9000000","323670","0.03596333333333333","9","10"
"30","10","5","40","40","47","4700000","248475","0.052867021276595746","11","20"
"28","10","5","40","40","119","11900000","602530","0.050632773109243696","8","10"
"29","10","5","40","40","91","9100000","324090","0.035614285714285716","9","9"
"28","10","5","40","40","120","12000000","604277","0.05035641666666667","8","10"
"30","10","5","40","40","48","4800000","251286","0.05235125","11","14"
"29","10","5","40","40","92","9200000","324392","0.03526","9","10"
"28","10","5","40","40","121","12100000","605848","0.050070082644628096","8","10"
"30","10","5","40","40","49","4900000","253988","0.051834285714285715","10","16"
"29","10","5","40","40","93","9300000","324685","0.03491236559139785","8","8"
"28","10","5","40","40","122","12200000","607273","0.04977647540983607","8","9"
"30","10","5","40","40","50","5000000","256674","0.0513348","10","15"
"28","10","5","40","40","123","12300000","608570","0.04947723577235772","9","11"
"30","10","5","40","40","51","5100000","259361","0.05085509803921569","10","13"
"28","10","5","40","40","124","12400000","609959","0.049190241935483874","8","8"
"30","10","5","40","40","52","5200000","261795","0.050345192307692306","9","10"
"28","10","5","40","40","125","12500000","611106","0.04888848","7","10"
"30","10","5","40","40","53","5300000","264277","0.049863584905660376","10","13"
"28","10","5","40","40","126","12600000","612068","0.048576825396825396","7","7"
"30","10","5","40","40","54","5400000","266610","0.04937222222222222","9","11"
"28","10","5","40","40","127","12700000","612944","0.04826330708661417","7","7"
"30","10","5","40","40","55","5500000","269079","0.04892345454545455","10","13"
"28","10","5","40","40","128","12800000","613918","0.04796234375","7","8"
"30","10","5","40","40","56","5600000","271436","0.048470714285714284","8","10"
"28","10","5","40","40","129","12900000","614767","0.04765635658914728","7","8"
"30","10","5","40","40","57","5700000","273634","0.0480059649122807","8","11"
"28","10","5","40","40","130","13000000","615608","0.04735446153846154","7","9"
"30","10","5","40","40","58","5800000","275701","0.047534655172413794","8","10"
"28","10","5","40","40","131","13100000","616366","0.04705083969465649","7","9"
"30","10","5","40","40","59","5900000","277049","0.04695745762711864","7","7"
"28","10","5","40","40","132","13200000","616909","0.0467355303030303","7","7"
"30","10","5","40","40","60","6000000","278253","0.0463755","7","8"
"28","10","5","40","40","133","13300000","617372","0.04641894736842105","7","7"
"30","10","5","40","40","61","6100000","279554","0.045828524590163934","7","9"
"28","10","5","40","40","134","13400000","617692","0.04609641791044776","7","7"
"30","10","5","40","40","62","6200000","280801","0.04529048387096774","7","8"
"28","10","5","40","40","135","13500000","617696","0.04575525925925926","6","6"
"30","10","5","40","40","63","6300000","282019","0.04476492063492064","7","8"
"30","10","5","40","40","64","6400000","283386","0.0442790625","7","7"
"30","10","5","40","40","65","6500000","284710","0.04380153846153846","7","8"
"30","10","5","40","40","66","6600000","286038","0.04333909090909091","7","7"
"30","10","5","40","40","67","6700000","287267","0.04287567164179105","7","11"
"30","10","5","40","40","68","6800000","288741","0.04246191176470588","7","8"
"30","10","5","40","40","69","6900000","290235","0.04206304347826087","7","7"
"30","10","5","40","40","70","7000000","291566","0.04165228571428571","7","8"
"30","10","5","40","40","71","7100000","292857","0.041247464788732396","7","9"
"30","10","5","40","40","72","7200000","294124","0.04085055555555556","7","8"
"30","10","5","40","40","73","7300000","295431","0.04047","7","8"
"30","10","5","40","40","74","7400000","296915","0.04012364864864865","7","11"
"30","10","5","40","40","75","7500000","298253","0.03976706666666667","7","13"
"30","10","5","40","40","76","7600000","299587","0.039419342105263155","7","8"
"30","10","5","40","40","77","7700000","300815","0.03906688311688312","7","8"
"30","10","5","40","40","78","7800000","301836","0.03869692307692308","6","7"
"30","10","5","40","40","79","7900000","302793","0.03832822784810127","6","6"
"30","10","5","40","40","80","8000000","303734","0.03796675","6","7"
"30","10","5","40","40","81","8100000","304687","0.03761567901234568","6","7"
"30","10","5","40","40","82","8200000","305744","0.03728585365853659","6","6"
"30","10","5","40","40","83","8300000","306800","0.036963855421686745","6","9"
"30","10","5","40","40","84","8400000","307811","0.036644166666666665","6","6"
"30","10","5","40","40","85","8500000","308775","0.03632647058823529","6","6"
"30","10","5","40","40","86","8600000","309762","0.03601883720930232","6","7"
"30","10","5","40","40","87","8700000","310786","0.035722528735632184","6","8"
"30","10","5","40","40","88","8800000","311805","0.03543238636363636","6","6"
"30","10","5","40","40","89","8900000","312812","0.03514741573033708","6","10"
"30","10","5","40","40","90","9000000","313807","0.034867444444444444","6","9"
"30","10","5","40","40","91","9100000","314733","0.034586043956043956","6","6"
"30","10","5","40","40","92","9200000","315795","0.03432554347826087","6","8"
"30","10","5","40","40","93","9300000","316876","0.03407268817204301","6","9"
"30","10","5","40","40","94","9400000","317811","0.03380968085106383","6","7"
"30","10","5","40","40","95","9500000","318743","0.03355189473684211","6","6"
"30","10","5","40","40","96","9600000","319746","0.033306875","6","6"
"30","10","5","40","40","97","9700000","320729","0.03306484536082474","6","6"
"30","10","5","40","40","98","9800000","321739","0.032830510204081634","6","7"
"30","10","5","40","40","99","9900000","322871","0.03261323232323232","6","9"
"30","10","5","40","40","100","10000000","323883","0.0323883","6","7"
"30","10","5","40","40","101","10100000","324739","0.032152376237623764","6","6"
"30","10","5","40","40","102","10200000","325703","0.031931666666666664","6","7"
"30","10","5","40","40","103","10300000","326655","0.03171407766990291","6","8"
"30","10","5","40","40","104","10400000","327637","0.03150355769230769","6","6"
"30","10","5","40","40","105","10500000","328462","0.03128209523809524","6","6"
"30","10","5","40","40","106","10600000","329483","0.031083301886792453","6","9"
"30","10","5","40","40","107","10700000","330362","0.030874953271028037","6","6"
"30","10","5","40","40","108","10800000","331399","0.030685092592592594","6","7"
"30","10","5","40","40","109","10900000","332512","0.030505688073394495","6","6"
"30","10","5","40","40","110","11000000","333766","0.030342363636363636","6","7"
"30","10","5","40","40","111","11100000","334911","0.03017216216216216","6","6"
"30","10","5","40","40","112","11200000","335944","0.029995","6","7"
"30","10","5","40","40","113","11300000","336802","0.029805486725663716","6","7"
"30","10","5","40","40","114","11400000","337679","0.029620964912280702","6","8"
"30","10","5","40","40","115","11500000","338529","0.02943730434782609","6","7"
"30","10","5","40","40","116","11600000","339508","0.029267931034482757","6","6"
"30","10","5","40","40","117","11700000","340359","0.02909051282051282","6","7"
"30","10","5","40","40","118","11800000","341437","0.028935338983050847","6","6"
"30","10","5","40","40","119","11900000","342647","0.02879386554621849","6","8"
"30","10","5","40","40","120","12000000","343826","0.028652166666666666","6","9"
"30","10","5","40","40","121","12100000","345010","0.02851322314049587","6","9"
"30","10","5","40","40","122","12200000","346017","0.028362049180327868","6","7"
"30","10","5","40","40","123","12300000","347002","0.028211544715447155","6","6"
"30","10","5","40","40","124","12400000","347954","0.028060806451612904","6","6"
"30","10","5","40","40","125","12500000","348891","0.02791128","6","6"
"30","10","5","40","40","126","12600000","349728","0.027756190476190476","6","7"
"30","10","5","40","40","127","12700000","350557","0.027602913385826773","6","7"
"30","10","5","40","40","128","12800000","351581","0.027467265625","6","6"
"30","10","5","40","40","129","12900000","352600","0.027333333333333334","6","6"
"30","10","5","40","40","130","13000000","353533","0.027194846153846153","6","8"
"30","10","5","40","40","131","13100000","354180","0.027036641221374044","6","7"
"30","10","5","40","40","132","13200000","354585","0.0268625","6","6"
"30","10","5","40","40","133","13300000","355045","0.026695112781954886","6","6"
"30","10","5","40","40","134","13400000","355400","0.02652238805970149","6","6"
"30","10","5","40","40","135","13500000","355749","0.026351777777777776","6","8"
"30","10","5","40","40","136","13600000","356078","0.02618220588235294","5","5"
