"BehaviorSpace results (NetLogo 7.0.3)","Table version 2.0"
"week3.nlogox"
"experiment5"
"03/14/2026 10:04:19:678 +0530"
"min-pxcor","max-pxcor","min-pycor","max-pycor"
"-14","15","-14","15"
"[run number]","Q","F","world-width","world-height","[step]","event-count","interaction-count","interaction-rate","unique-cultures","number-of-regions"
"1","10","5","15","15","0","0","0","0","893","900"
"3","10","5","15","15","0","0","0","0","900","900"
"2","10","5","15","15","0","0","0","0","897","900"
"3","10","5","15","15","1","100000","8810","0.0881","429","458"
"2","10","5","15","15","1","100000","8317","0.08317","441","467"
"1","10","5","15","15","1","100000","8942","0.08942","450","466"
"3","10","5","15","15","2","200000","19841","0.099205","332","368"
"2","10","5","15","15","2","200000","18272","0.09136","299","336"
"1","10","5","15","15","2","200000","19862","0.09931","320","362"
"3","10","5","15","15","3","300000","30840","0.1028","249","300"
"2","10","5","15","15","3","300000","28524","0.09508","276","327"
"1","10","5","15","15","3","300000","30250","0.10083333333333333","243","284"
"3","10","5","15","15","4","400000","41373","0.1034325","213","252"
"2","10","5","15","15","4","400000","39494","0.098735","215","259"
"1","10","5","15","15","4","400000","40677","0.1016925","234","281"
"3","10","5","15","15","5","500000","52250","0.1045","194","245"
"2","10","5","15","15","5","500000","50712","0.101424","214","260"
"1","10","5","15","15","5","500000","50926","0.101852","172","209"
"3","10","5","15","15","6","600000","63769","0.10628166666666666","193","250"
"2","10","5","15","15","6","600000","61302","0.10217","174","219"
"1","10","5","15","15","6","600000","60099","0.100165","154","192"
"3","10","5","15","15","7","700000","75821","0.10831571428571428","174","234"
"2","10","5","15","15","7","700000","71986","0.10283714285714286","129","175"
"1","10","5","15","15","7","700000","69487","0.09926714285714286","156","199"
"2","10","5","15","15","8","800000","81909","0.10238625","135","186"
"3","10","5","15","15","8","800000","86665","0.10833125","130","181"
"1","10","5","15","15","8","800000","79852","0.099815","133","186"
"2","10","5","15","15","9","900000","91746","0.10194","115","161"
"3","10","5","15","15","9","900000","97932","0.10881333333333333","122","183"
"1","10","5","15","15","9","900000","89621","0.09957888888888888","121","174"
"2","10","5","15","15","10","1000000","101122","0.101122","104","158"
"3","10","5","15","15","10","1000000","108461","0.108461","115","178"
"1","10","5","15","15","10","1000000","98750","0.09875","97","137"
"2","10","5","15","15","11","1100000","110533","0.10048454545454545","83","126"
"3","10","5","15","15","11","1100000","118231","0.10748272727272727","81","132"
"1","10","5","15","15","11","1100000","107106","0.0973690909090909","83","122"
"2","10","5","15","15","12","1200000","119232","0.09936","71","110"
"3","10","5","15","15","12","1200000","127633","0.10636083333333334","66","116"
"1","10","5","15","15","12","1200000","115282","0.09606833333333334","72","107"
"2","10","5","15","15","13","1300000","127187","0.09783615384615385","66","100"
"3","10","5","15","15","13","1300000","136532","0.10502461538461538","70","128"
"1","10","5","15","15","13","1300000","123320","0.09486153846153846","59","99"
"2","10","5","15","15","14","1400000","134994","0.09642428571428571","66","99"
"3","10","5","15","15","14","1400000","144434","0.10316714285714286","69","114"
"1","10","5","15","15","14","1400000","131289","0.09377785714285715","57","92"
"2","10","5","15","15","15","1500000","142154","0.09476933333333333","63","96"
"3","10","5","15","15","15","1500000","152078","0.10138533333333333","56","98"
"1","10","5","15","15","15","1500000","139178","0.09278533333333333","61","98"
"2","10","5","15","15","16","1600000","149316","0.0933225","55","89"
"3","10","5","15","15","16","1600000","160232","0.100145","64","100"
"1","10","5","15","15","16","1600000","147367","0.092104375","59","97"
"2","10","5","15","15","17","1700000","156439","0.09202294117647059","57","107"
"3","10","5","15","15","17","1700000","168145","0.09890882352941177","62","104"
"1","10","5","15","15","17","1700000","155006","0.09118","49","95"
"2","10","5","15","15","18","1800000","163428","0.09079333333333334","42","73"
"3","10","5","15","15","18","1800000","176400","0.098","58","109"
"1","10","5","15","15","18","1800000","161859","0.08992166666666666","46","77"
"2","10","5","15","15","19","1900000","169970","0.08945789473684211","42","86"
"3","10","5","15","15","19","1900000","184282","0.09699052631578947","59","101"
"1","10","5","15","15","19","1900000","168206","0.08852947368421053","46","78"
"2","10","5","15","15","20","2000000","176252","0.088126","38","63"
"3","10","5","15","15","20","2000000","192151","0.0960755","53","86"
"1","10","5","15","15","20","2000000","174163","0.0870815","46","70"
"2","10","5","15","15","21","2100000","182977","0.08713190476190476","43","75"
"3","10","5","15","15","21","2100000","199786","0.09513619047619047","53","93"
"1","10","5","15","15","21","2100000","179384","0.08542095238095238","41","62"
"2","10","5","15","15","22","2200000","189630","0.08619545454545455","36","69"
"3","10","5","15","15","22","2200000","206692","0.09395090909090908","46","82"
"1","10","5","15","15","22","2200000","185185","0.084175","43","68"
"2","10","5","15","15","23","2300000","195543","0.08501869565217392","35","58"
"3","10","5","15","15","23","2300000","213987","0.09303782608695652","50","95"
"1","10","5","15","15","23","2300000","190522","0.08283565217391305","39","68"
"2","10","5","15","15","24","2400000","201152","0.08381333333333334","30","57"
"3","10","5","15","15","24","2400000","220915","0.09204791666666666","53","87"
"1","10","5","15","15","24","2400000","195599","0.08149958333333333","34","50"
"2","10","5","15","15","25","2500000","207262","0.0829048","34","68"
"3","10","5","15","15","25","2500000","227633","0.0910532","39","61"
"1","10","5","15","15","25","2500000","200002","0.0800008","26","50"
"2","10","5","15","15","26","2600000","212920","0.0818923076923077","29","51"
"3","10","5","15","15","26","2600000","233981","0.0899926923076923","40","75"
"1","10","5","15","15","26","2600000","203939","0.07843807692307693","25","39"
"2","10","5","15","15","27","2700000","218518","0.0809325925925926","26","48"
"3","10","5","15","15","27","2700000","240184","0.08895703703703704","34","61"
"1","10","5","15","15","27","2700000","208311","0.07715222222222222","27","45"
"2","10","5","15","15","28","2800000","223781","0.07992178571428571","24","53"
"3","10","5","15","15","28","2800000","246248","0.08794571428571428","40","72"
"1","10","5","15","15","28","2800000","212944","0.07605142857142858","25","42"
"2","10","5","15","15","29","2900000","229020","0.07897241379310345","27","40"
"3","10","5","15","15","29","2900000","252333","0.08701137931034483","33","59"
"1","10","5","15","15","29","2900000","217490","0.07499655172413792","25","35"
"2","10","5","15","15","30","3000000","234455","0.07815166666666666","23","42"
"3","10","5","15","15","30","3000000","258105","0.086035","31","58"
"1","10","5","15","15","30","3000000","222097","0.07403233333333334","24","47"
"2","10","5","15","15","31","3100000","239470","0.07724838709677419","25","52"
"3","10","5","15","15","31","3100000","263511","0.08500354838709677","25","49"
"1","10","5","15","15","31","3100000","226405","0.07303387096774193","21","42"
"2","10","5","15","15","32","3200000","244481","0.0764003125","19","41"
"3","10","5","15","15","32","3200000","268872","0.0840225","31","52"
"1","10","5","15","15","32","3200000","230389","0.0719965625","19","36"
"2","10","5","15","15","33","3300000","248804","0.07539515151515151","17","39"
"3","10","5","15","15","33","3300000","274640","0.08322424242424242","27","55"
"1","10","5","15","15","33","3300000","233978","0.07090242424242424","14","24"
"2","10","5","15","15","34","3400000","253255","0.07448676470588235","19","46"
"3","10","5","15","15","34","3400000","280535","0.08251029411764706","26","50"
"1","10","5","15","15","34","3400000","237109","0.06973794117647059","13","21"
"2","10","5","15","15","35","3500000","257842","0.07366914285714286","16","38"
"3","10","5","15","15","35","3500000","286167","0.081762","24","54"
"1","10","5","15","15","35","3500000","240463","0.06870371428571428","13","26"
"2","10","5","15","15","36","3600000","262574","0.07293722222222222","16","39"
"3","10","5","15","15","36","3600000","291497","0.08097138888888888","25","42"
"1","10","5","15","15","36","3600000","243113","0.06753138888888889","10","11"
"2","10","5","15","15","37","3700000","267583","0.07231972972972973","14","39"
"1","10","5","15","15","37","3700000","245567","0.06636945945945946","10","14"
"3","10","5","15","15","37","3700000","296711","0.08019216216216216","22","49"
"2","10","5","15","15","38","3800000","271947","0.071565","13","33"
"1","10","5","15","15","38","3800000","248171","0.06530815789473685","10","20"
"3","10","5","15","15","38","3800000","301517","0.07934657894736842","21","36"
"2","10","5","15","15","39","3900000","276326","0.07085282051282052","18","32"
"1","10","5","15","15","39","3900000","250450","0.06421794871794871","11","16"
"3","10","5","15","15","39","3900000","306465","0.07858076923076923","19","27"
"2","10","5","15","15","40","4000000","280901","0.07022525","14","29"
"1","10","5","15","15","40","4000000","252929","0.06323225","10","16"
"3","10","5","15","15","40","4000000","310791","0.07769775","16","31"
"2","10","5","15","15","41","4100000","285102","0.06953707317073171","13","31"
"1","10","5","15","15","41","4100000","254892","0.06216878048780488","9","12"
"3","10","5","15","15","41","4100000","314902","0.07680536585365853","16","22"
"2","10","5","15","15","42","4200000","289140","0.06884285714285714","14","32"
"1","10","5","15","15","42","4200000","256924","0.06117238095238095","9","10"
"3","10","5","15","15","42","4200000","318927","0.075935","16","28"
"2","10","5","15","15","43","4300000","293078","0.06815767441860465","14","29"
"1","10","5","15","15","43","4300000","258747","0.06017372093023256","8","11"
"3","10","5","15","15","43","4300000","323312","0.07518883720930232","15","26"
"2","10","5","15","15","44","4400000","297031","0.06750704545454546","11","23"
"1","10","5","15","15","44","4400000","260204","0.059137272727272726","8","9"
"3","10","5","15","15","44","4400000","327378","0.0744040909090909","16","24"
"2","10","5","15","15","45","4500000","300614","0.0668031111111111","12","27"
"1","10","5","15","15","45","4500000","261525","0.058116666666666664","8","9"
"3","10","5","15","15","45","4500000","331394","0.07364311111111112","15","26"
"2","10","5","15","15","46","4600000","304333","0.06615934782608696","15","31"
"1","10","5","15","15","46","4600000","262737","0.05711673913043478","7","9"
"3","10","5","15","15","46","4600000","335121","0.07285239130434783","12","21"
"2","10","5","15","15","47","4700000","308090","0.06555106382978723","18","41"
"1","10","5","15","15","47","4700000","263476","0.05605872340425532","7","8"
"3","10","5","15","15","47","4700000","338686","0.07206085106382978","9","20"
"2","10","5","15","15","48","4800000","311890","0.06497708333333334","15","26"
"1","10","5","15","15","48","4800000","264133","0.055027708333333335","7","8"
"3","10","5","15","15","48","4800000","341936","0.07123666666666667","9","14"
"2","10","5","15","15","49","4900000","315428","0.0643730612244898","16","30"
"1","10","5","15","15","49","4900000","264688","0.05401795918367347","6","6"
"4","10","5","15","15","0","0","0","0","896","900"
"3","10","5","15","15","49","4900000","345232","0.07045551020408164","9","17"
"2","10","5","15","15","50","5000000","318777","0.0637554","14","24"
"4","10","5","15","15","1","100000","8769","0.08769","434","461"
"3","10","5","15","15","50","5000000","348035","0.069607","8","13"
"2","10","5","15","15","51","5100000","322408","0.06321725490196078","11","25"
"3","10","5","15","15","51","5100000","350383","0.06870254901960784","6","8"
"4","10","5","15","15","2","200000","18844","0.09422","299","346"
"2","10","5","15","15","52","5200000","325605","0.06261634615384615","9","18"
"3","10","5","15","15","52","5200000","352553","0.06779865384615384","6","9"
"2","10","5","15","15","53","5300000","328230","0.06193018867924528","10","18"
"4","10","5","15","15","3","300000","29713","0.09904333333333333","240","280"
"3","10","5","15","15","53","5300000","354397","0.06686735849056603","5","5"
"2","10","5","15","15","54","5400000","330713","0.06124314814814815","9","17"
"4","10","5","15","15","4","400000","40374","0.100935","218","271"
"3","10","5","15","15","54","5400000","356001","0.06592611111111112","5","8"
"2","10","5","15","15","55","5500000","333280","0.060596363636363636","7","12"
"4","10","5","15","15","5","500000","51157","0.102314","176","226"
"3","10","5","15","15","55","5500000","357193","0.06494418181818182","5","9"
"2","10","5","15","15","56","5600000","335954","0.05999178571428571","9","23"
"4","10","5","15","15","6","600000","61351","0.10225166666666667","148","205"
"3","10","5","15","15","56","5600000","358173","0.06395946428571428","5","7"
"2","10","5","15","15","57","5700000","338714","0.059423508771929826","8","14"
"4","10","5","15","15","7","700000","71067","0.10152428571428572","131","174"
"3","10","5","15","15","57","5700000","359380","0.06304912280701755","5","5"
"2","10","5","15","15","58","5800000","341323","0.058848793103448274","10","17"
"3","10","5","15","15","58","5800000","360388","0.062135862068965514","5","6"
"4","10","5","15","15","8","800000","80374","0.1004675","132","176"
"2","10","5","15","15","59","5900000","343685","0.05825169491525424","10","18"
"3","10","5","15","15","59","5900000","361133","0.06120898305084746","5","5"
"4","10","5","15","15","9","900000","89296","0.09921777777777778","107","167"
"2","10","5","15","15","60","6000000","346012","0.05766866666666667","8","15"
"3","10","5","15","15","60","6000000","361834","0.06030566666666667","4","5"
"2","10","5","15","15","61","6100000","348339","0.057104754098360654","8","15"
"4","10","5","15","15","10","1000000","98107","0.098107","107","163"
"3","10","5","15","15","61","6100000","362391","0.05940836065573771","4","4"
"2","10","5","15","15","62","6200000","350397","0.056515645161290325","6","10"
"4","10","5","15","15","11","1100000","107128","0.09738909090909091","108","155"
"3","10","5","15","15","62","6200000","362978","0.05854483870967742","4","4"
"2","10","5","15","15","63","6300000","352240","0.05591111111111111","5","8"
"4","10","5","15","15","12","1200000","116557","0.09713083333333333","119","168"
"3","10","5","15","15","63","6300000","363677","0.05772650793650794","4","5"
"2","10","5","15","15","64","6400000","353830","0.0552859375","5","5"
"3","10","5","15","15","64","6400000","364405","0.05693828125","4","6"
"4","10","5","15","15","13","1300000","125929","0.09686846153846154","115","171"
"2","10","5","15","15","65","6500000","355620","0.05471076923076923","6","10"
"3","10","5","15","15","65","6500000","364965","0.056148461538461536","4","4"
"4","10","5","15","15","14","1400000","135432","0.09673714285714285","103","145"
"2","10","5","15","15","66","6600000","357588","0.05418","5","5"
"3","10","5","15","15","66","6600000","365521","0.0553819696969697","4","6"
"2","10","5","15","15","67","6700000","359070","0.05359253731343284","5","6"
"4","10","5","15","15","15","1500000","144034","0.09602266666666667","100","134"
"3","10","5","15","15","67","6700000","366048","0.054634029850746266","4","4"
"2","10","5","15","15","68","6800000","360344","0.052991764705882356","4","5"
"4","10","5","15","15","16","1600000","152258","0.09516125","87","116"
"3","10","5","15","15","68","6800000","366560","0.05390588235294118","4","5"
"2","10","5","15","15","69","6900000","361676","0.052416811594202896","4","5"
"4","10","5","15","15","17","1700000","159871","0.09404176470588235","82","118"
"3","10","5","15","15","69","6900000","367045","0.05319492753623188","4","5"
"2","10","5","15","15","70","7000000","362977","0.051853857142857146","4","6"
"3","10","5","15","15","70","7000000","367403","0.052486142857142856","4","4"
"4","10","5","15","15","18","1800000","167898","0.09327666666666666","83","121"
"2","10","5","15","15","71","7100000","364400","0.05132394366197183","4","4"
"3","10","5","15","15","71","7100000","367800","0.05180281690140845","4","5"
"4","10","5","15","15","19","1900000","175966","0.09261368421052632","80","121"
"2","10","5","15","15","72","7200000","365592","0.050776666666666664","4","4"
"3","10","5","15","15","72","7200000","368210","0.05114027777777778","4","4"
"4","10","5","15","15","20","2000000","184664","0.092332","73","115"
"2","10","5","15","15","73","7300000","366771","0.05024260273972603","4","4"
"3","10","5","15","15","73","7300000","368671","0.05050287671232877","4","6"
"2","10","5","15","15","74","7400000","367950","0.04972297297297297","4","7"
"4","10","5","15","15","21","2100000","192646","0.09173619047619047","81","114"
"3","10","5","15","15","74","7400000","369077","0.04987527027027027","4","4"
"2","10","5","15","15","75","7500000","369062","0.04920826666666667","4","8"
"4","10","5","15","15","22","2200000","200685","0.09122045454545455","73","118"
"3","10","5","15","15","75","7500000","369511","0.04926813333333333","4","6"
"2","10","5","15","15","76","7600000","369947","0.048677236842105266","4","5"
"3","10","5","15","15","76","7600000","369650","0.04863815789473684","3","3"
"5","10","5","15","15","0","0","0","0","899","900"
"4","10","5","15","15","23","2300000","208656","0.09072","68","113"
"2","10","5","15","15","77","7700000","370591","0.048128701298701296","3","3"
"5","10","5","15","15","1","100000","8735","0.08735","444","471"
"4","10","5","15","15","24","2400000","216110","0.09004583333333334","66","113"
"2","10","5","15","15","78","7800000","371006","0.047564871794871795","3","4"
"5","10","5","15","15","2","200000","19644","0.09822","324","365"
"4","10","5","15","15","25","2500000","223569","0.0894276","53","87"
"2","10","5","15","15","79","7900000","371046","0.04696784810126582","2","2"
"6","10","5","15","15","0","0","0","0","896","900"
"5","10","5","15","15","3","300000","30905","0.10301666666666667","247","292"
"4","10","5","15","15","26","2600000","230677","0.08872192307692307","46","79"
"6","10","5","15","15","1","100000","8527","0.08527","440","473"
"5","10","5","15","15","4","400000","43148","0.10787","225","282"
"4","10","5","15","15","27","2700000","237362","0.08791185185185185","40","67"
"6","10","5","15","15","2","200000","19158","0.09579","327","361"
"5","10","5","15","15","5","500000","54971","0.109942","173","217"
"4","10","5","15","15","28","2800000","244437","0.08729892857142857","39","68"
"6","10","5","15","15","3","300000","30370","0.10123333333333333","241","275"
"4","10","5","15","15","29","2900000","250577","0.08640586206896551","31","57"
"5","10","5","15","15","6","600000","66182","0.11030333333333334","189","246"
"6","10","5","15","15","4","400000","42219","0.1055475","223","260"
"4","10","5","15","15","30","3000000","256037","0.08534566666666667","28","52"
"5","10","5","15","15","7","700000","76941","0.10991571428571428","124","173"
"6","10","5","15","15","5","500000","53883","0.107766","207","260"
"4","10","5","15","15","31","3100000","261255","0.08427580645161291","21","42"
"5","10","5","15","15","8","800000","86728","0.10841","104","148"
"6","10","5","15","15","6","600000","64467","0.107445","173","229"
"4","10","5","15","15","32","3200000","266146","0.083170625","23","51"
"5","10","5","15","15","9","900000","95429","0.10603222222222222","95","138"
"6","10","5","15","15","7","700000","75090","0.10727142857142857","151","203"
"4","10","5","15","15","33","3300000","271210","0.08218484848484849","24","43"
"5","10","5","15","15","10","1000000","104431","0.104431","86","127"
"6","10","5","15","15","8","800000","85984","0.10748","145","205"
"4","10","5","15","15","34","3400000","276117","0.08121088235294117","21","47"
"5","10","5","15","15","11","1100000","112647","0.10240636363636364","95","140"
"6","10","5","15","15","9","900000","95869","0.10652111111111111","105","150"
"4","10","5","15","15","35","3500000","280927","0.08026485714285714","21","39"
"5","10","5","15","15","12","1200000","121115","0.10092916666666667","97","135"
"6","10","5","15","15","10","1000000","104796","0.104796","93","144"
"4","10","5","15","15","36","3600000","285443","0.07928972222222222","22","43"
"5","10","5","15","15","13","1300000","129212","0.09939384615384615","87","115"
"6","10","5","15","15","11","1100000","113180","0.10289090909090909","95","137"
"4","10","5","15","15","37","3700000","290110","0.07840810810810811","23","47"
"5","10","5","15","15","14","1400000","137211","0.09800785714285715","85","130"
"6","10","5","15","15","12","1200000","121549","0.10129083333333333","85","126"
"4","10","5","15","15","38","3800000","294803","0.07757973684210526","19","37"
"5","10","5","15","15","15","1500000","145820","0.09721333333333333","79","129"
"6","10","5","15","15","13","1300000","129313","0.09947153846153846","77","118"
"4","10","5","15","15","39","3900000","299452","0.07678256410256411","18","31"
"5","10","5","15","15","16","1600000","154013","0.096258125","73","120"
"6","10","5","15","15","14","1400000","137053","0.097895","69","116"
"4","10","5","15","15","40","4000000","303843","0.07596075","20","46"
"5","10","5","15","15","17","1700000","161163","0.09480176470588235","48","87"
"6","10","5","15","15","15","1500000","144338","0.09622533333333333","62","93"
"4","10","5","15","15","41","4100000","308137","0.07515536585365853","17","28"
"5","10","5","15","15","18","1800000","168068","0.09337111111111111","47","79"
"6","10","5","15","15","16","1600000","151877","0.094923125","59","108"
"4","10","5","15","15","42","4200000","312485","0.07440119047619048","17","31"
"5","10","5","15","15","19","1900000","174391","0.09178473684210527","54","80"
"6","10","5","15","15","17","1700000","158981","0.09351823529411765","58","96"
"4","10","5","15","15","43","4300000","316820","0.07367906976744186","16","33"
"5","10","5","15","15","20","2000000","180742","0.090371","46","70"
"6","10","5","15","15","18","1800000","165706","0.09205888888888888","55","86"
"4","10","5","15","15","44","4400000","321686","0.07311045454545455","15","29"
"5","10","5","15","15","21","2100000","187058","0.0890752380952381","57","85"
"6","10","5","15","15","19","1900000","171839","0.09044157894736841","44","71"
"4","10","5","15","15","45","4500000","325942","0.07243155555555555","14","33"
"5","10","5","15","15","22","2200000","193955","0.08816136363636363","53","79"
"6","10","5","15","15","20","2000000","177716","0.088858","37","59"
"4","10","5","15","15","46","4600000","329672","0.07166782608695652","13","32"
"5","10","5","15","15","23","2300000","199964","0.08694086956521739","47","75"
"6","10","5","15","15","21","2100000","183935","0.08758809523809524","37","50"
"4","10","5","15","15","47","4700000","332799","0.07080829787234043","12","27"
"5","10","5","15","15","24","2400000","205549","0.08564541666666667","40","64"
"6","10","5","15","15","22","2200000","189272","0.08603272727272727","39","63"
"4","10","5","15","15","48","4800000","335729","0.06994354166666666","12","27"
"5","10","5","15","15","25","2500000","210846","0.0843384","33","61"
"6","10","5","15","15","23","2300000","194722","0.08466173913043479","32","49"
"4","10","5","15","15","49","4900000","338860","0.06915510204081633","13","31"
"5","10","5","15","15","26","2600000","215710","0.08296538461538462","42","69"
"6","10","5","15","15","24","2400000","200196","0.083415","32","62"
"4","10","5","15","15","50","5000000","341696","0.0683392","10","21"
"5","10","5","15","15","27","2700000","220719","0.08174777777777778","41","66"
"6","10","5","15","15","25","2500000","205541","0.0822164","40","76"
"4","10","5","15","15","51","5100000","344726","0.06759333333333334","9","24"
"5","10","5","15","15","28","2800000","225857","0.08066321428571428","38","58"
"6","10","5","15","15","26","2600000","211491","0.08134269230769231","35","64"
"4","10","5","15","15","52","5200000","347860","0.06689615384615384","8","15"
"5","10","5","15","15","29","2900000","230337","0.07942655172413793","26","48"
"6","10","5","15","15","27","2700000","217087","0.0804025925925926","34","44"
"4","10","5","15","15","53","5300000","350587","0.06614849056603773","9","26"
"5","10","5","15","15","30","3000000","234504","0.078168","30","54"
"6","10","5","15","15","28","2800000","222437","0.07944178571428571","34","56"
"4","10","5","15","15","54","5400000","353209","0.06540907407407408","10","30"
"5","10","5","15","15","31","3100000","239580","0.07728387096774193","32","64"
"6","10","5","15","15","29","2900000","227939","0.0785996551724138","28","54"
"4","10","5","15","15","55","5500000","355749","0.06468163636363636","10","22"
"5","10","5","15","15","32","3200000","244745","0.0764828125","35","60"
"6","10","5","15","15","30","3000000","232945","0.07764833333333333","32","54"
"4","10","5","15","15","56","5600000","358450","0.06400892857142858","10","31"
"5","10","5","15","15","33","3300000","249960","0.07574545454545455","29","49"
"6","10","5","15","15","31","3100000","238115","0.07681129032258065","30","47"
"4","10","5","15","15","57","5700000","361125","0.06335526315789473","10","34"
"5","10","5","15","15","34","3400000","255073","0.0750214705882353","31","55"
"6","10","5","15","15","32","3200000","243109","0.0759715625","26","45"
"4","10","5","15","15","58","5800000","363753","0.06271603448275861","10","25"
"5","10","5","15","15","35","3500000","260215","0.07434714285714286","26","50"
"6","10","5","15","15","33","3300000","247978","0.07514484848484848","25","42"
"4","10","5","15","15","59","5900000","366377","0.06209779661016949","9","22"
"5","10","5","15","15","36","3600000","265846","0.07384611111111111","36","60"
"6","10","5","15","15","34","3400000","252596","0.07429294117647059","25","48"
"4","10","5","15","15","60","6000000","368726","0.06145433333333333","10","23"
"5","10","5","15","15","37","3700000","271320","0.07332972972972973","30","61"
"6","10","5","15","15","35","3500000","257288","0.07351085714285714","29","45"
"4","10","5","15","15","61","6100000","371126","0.06084032786885246","10","19"
"5","10","5","15","15","38","3800000","277072","0.07291368421052631","36","67"
"6","10","5","15","15","36","3600000","261947","0.07276305555555555","26","34"
"4","10","5","15","15","62","6200000","373969","0.06031758064516129","10","16"
"5","10","5","15","15","39","3900000","282632","0.07246974358974359","35","59"
"6","10","5","15","15","37","3700000","266527","0.07203432432432433","29","45"
"4","10","5","15","15","63","6300000","376461","0.05975571428571429","10","18"
"5","10","5","15","15","40","4000000","288244","0.072061","39","69"
"6","10","5","15","15","38","3800000","270925","0.07129605263157894","26","40"
"4","10","5","15","15","64","6400000","378682","0.0591690625","10","21"
"5","10","5","15","15","41","4100000","294337","0.07178951219512195","33","62"
"6","10","5","15","15","39","3900000","275462","0.07063128205128205","26","46"
"4","10","5","15","15","65","6500000","380881","0.058597076923076925","10","22"
"5","10","5","15","15","42","4200000","299916","0.07140857142857143","33","69"
"6","10","5","15","15","40","4000000","280286","0.0700715","21","43"
"4","10","5","15","15","66","6600000","382823","0.058003484848484846","10","14"
"5","10","5","15","15","43","4300000","304794","0.07088232558139534","33","67"
"6","10","5","15","15","41","4100000","284912","0.06949073170731708","23","44"
"4","10","5","15","15","67","6700000","384693","0.05741686567164179","10","20"
"5","10","5","15","15","44","4400000","309752","0.07039818181818182","37","69"
"6","10","5","15","15","42","4200000","289205","0.06885833333333333","22","40"
"4","10","5","15","15","68","6800000","386490","0.05683676470588235","8","13"
"5","10","5","15","15","45","4500000","315434","0.07009644444444445","41","80"
"6","10","5","15","15","43","4300000","293505","0.06825697674418604","19","31"
"4","10","5","15","15","69","6900000","388268","0.05627072463768116","8","14"
"5","10","5","15","15","46","4600000","321272","0.06984173913043479","35","61"
"6","10","5","15","15","44","4400000","297460","0.06760454545454546","19","35"
"4","10","5","15","15","70","7000000","390495","0.055785","7","10"
"5","10","5","15","15","47","4700000","326550","0.06947872340425532","31","50"
"6","10","5","15","15","45","4500000","301539","0.06700866666666666","20","35"
"4","10","5","15","15","71","7100000","392730","0.055314084507042255","7","16"
"5","10","5","15","15","48","4800000","331874","0.06914041666666666","29","56"
"6","10","5","15","15","46","4600000","305533","0.06642021739130435","19","32"
"4","10","5","15","15","72","7200000","394669","0.054815138888888885","8","12"
"5","10","5","15","15","49","4900000","337438","0.06886489795918367","28","56"
"6","10","5","15","15","47","4700000","309623","0.06587723404255319","15","31"
"4","10","5","15","15","73","7300000","396439","0.054306712328767125","7","10"
"5","10","5","15","15","50","5000000","342978","0.0685956","28","55"
"6","10","5","15","15","48","4800000","313920","0.0654","15","30"
"4","10","5","15","15","74","7400000","398174","0.053807297297297295","7","14"
"5","10","5","15","15","51","5100000","348659","0.06836450980392157","30","59"
"6","10","5","15","15","49","4900000","318069","0.06491204081632652","15","29"
"4","10","5","15","15","75","7500000","399877","0.05331693333333333","8","16"
"5","10","5","15","15","52","5200000","354721","0.06821557692307692","27","56"
"6","10","5","15","15","50","5000000","322075","0.064415","15","36"
"4","10","5","15","15","76","7600000","401639","0.052847236842105266","6","7"
"6","10","5","15","15","51","5100000","325925","0.06390686274509803","18","28"
"5","10","5","15","15","53","5300000","360549","0.06802811320754718","30","66"
"4","10","5","15","15","77","7700000","403085","0.0523487012987013","7","10"
"6","10","5","15","15","52","5200000","329616","0.06338769230769231","21","38"
"5","10","5","15","15","54","5400000","366670","0.06790185185185185","31","60"
"4","10","5","15","15","78","7800000","404918","0.051912564102564104","6","12"
"6","10","5","15","15","53","5300000","333279","0.06288283018867924","17","32"
"5","10","5","15","15","55","5500000","372447","0.06771763636363637","26","50"
"4","10","5","15","15","79","7900000","406634","0.0514726582278481","6","9"
"6","10","5","15","15","54","5400000","337332","0.062468888888888886","17","37"
"5","10","5","15","15","56","5600000","378408","0.06757285714285714","27","51"
"4","10","5","15","15","80","8000000","408295","0.051036875","6","10"
"6","10","5","15","15","55","5500000","341217","0.06203945454545454","15","43"
"5","10","5","15","15","57","5700000","384046","0.06737649122807017","26","50"
"4","10","5","15","15","81","8100000","409715","0.0505820987654321","6","10"
"6","10","5","15","15","56","5600000","344996","0.06160642857142857","15","23"
"5","10","5","15","15","58","5800000","390063","0.06725224137931035","27","58"
"4","10","5","15","15","82","8200000","411334","0.050162682926829266","6","10"
"6","10","5","15","15","57","5700000","348725","0.06117982456140351","13","24"
"5","10","5","15","15","59","5900000","395814","0.0670871186440678","28","48"
"4","10","5","15","15","83","8300000","412999","0.0497589156626506","6","10"
"6","10","5","15","15","58","5800000","352594","0.06079206896551724","12","20"
"5","10","5","15","15","60","6000000","401559","0.0669265","25","40"
"4","10","5","15","15","84","8400000","414591","0.04935607142857143","6","11"
"6","10","5","15","15","59","5900000","356219","0.06037610169491525","11","23"
"5","10","5","15","15","61","6100000","406506","0.06664032786885246","23","38"
"4","10","5","15","15","85","8500000","416206","0.04896541176470588","6","9"
"6","10","5","15","15","60","6000000","359850","0.059975","13","25"
"5","10","5","15","15","62","6200000","411584","0.06638451612903226","23","42"
"4","10","5","15","15","86","8600000","417687","0.048568255813953486","6","11"
"6","10","5","15","15","61","6100000","363607","0.059607704918032786","11","22"
"5","10","5","15","15","63","6300000","416792","0.06615746031746032","21","34"
"4","10","5","15","15","87","8700000","419258","0.04819057471264368","5","6"
"6","10","5","15","15","62","6200000","367224","0.05922967741935484","11","24"
"5","10","5","15","15","64","6400000","421714","0.0658928125","19","29"
"4","10","5","15","15","88","8800000","420499","0.04778397727272727","5","6"
"6","10","5","15","15","63","6300000","371013","0.058890952380952384","11","19"
"5","10","5","15","15","65","6500000","426441","0.06560630769230769","13","23"
"4","10","5","15","15","89","8900000","421653","0.04737674157303371","4","5"
"6","10","5","15","15","64","6400000","374401","0.05850015625","10","14"
"5","10","5","15","15","66","6600000","430367","0.06520712121212122","14","22"
"4","10","5","15","15","90","9000000","422707","0.046967444444444444","4","4"
"6","10","5","15","15","65","6500000","378348","0.05820738461538461","10","20"
"5","10","5","15","15","67","6700000","433899","0.06476104477611941","13","25"
"4","10","5","15","15","91","9100000","423683","0.04655857142857143","4","5"
"6","10","5","15","15","66","6600000","381922","0.057866969696969695","11","25"
"5","10","5","15","15","68","6800000","436944","0.06425647058823529","12","19"
"4","10","5","15","15","92","9200000","424605","0.046152717391304346","4","6"
"6","10","5","15","15","67","6700000","384968","0.0574579104477612","8","15"
"5","10","5","15","15","69","6900000","439863","0.06374826086956521","13","17"
"4","10","5","15","15","93","9300000","425628","0.04576645161290323","4","6"
"6","10","5","15","15","68","6800000","387918","0.05704676470588235","8","12"
"5","10","5","15","15","70","7000000","443075","0.06329642857142857","11","19"
"4","10","5","15","15","94","9400000","426489","0.04537117021276596","4","4"
"6","10","5","15","15","69","6900000","390406","0.05658057971014493","7","9"
"5","10","5","15","15","71","7100000","446672","0.06291154929577465","11","20"
"4","10","5","15","15","95","9500000","427418","0.044991368421052634","4","5"
"6","10","5","15","15","70","7000000","392616","0.056088","7","10"
"5","10","5","15","15","72","7200000","449518","0.062433055555555554","10","14"
"4","10","5","15","15","96","9600000","428210","0.044605208333333334","4","5"
"6","10","5","15","15","71","7100000","395231","0.05566633802816901","8","12"
"5","10","5","15","15","73","7300000","452268","0.0619545205479452","10","24"
"4","10","5","15","15","97","9700000","429062","0.04423319587628866","4","4"
"6","10","5","15","15","72","7200000","397662","0.05523083333333333","7","9"
"5","10","5","15","15","74","7400000","454976","0.061483243243243245","9","16"
"4","10","5","15","15","98","9800000","430026","0.04388020408163265","4","4"
"6","10","5","15","15","73","7300000","400117","0.05481054794520548","7","10"
"5","10","5","15","15","75","7500000","457400","0.06098666666666667","8","10"
"4","10","5","15","15","99","9900000","431268","0.04356242424242424","4","5"
"6","10","5","15","15","74","7400000","402767","0.05442797297297297","7","10"
"5","10","5","15","15","76","7600000","459126","0.06041131578947368","7","10"
"4","10","5","15","15","100","10000000","432419","0.0432419","4","6"
"6","10","5","15","15","75","7500000","405215","0.05402866666666667","7","8"
"5","10","5","15","15","77","7700000","460326","0.0597825974025974","7","7"
"4","10","5","15","15","101","10100000","433553","0.042926039603960395","4","5"
"6","10","5","15","15","76","7600000","407434","0.053609736842105266","7","7"
"5","10","5","15","15","78","7800000","461351","0.0591475641025641","6","6"
"4","10","5","15","15","102","10200000","434482","0.042596274509803925","4","4"
"6","10","5","15","15","77","7700000","409546","0.053187792207792205","7","15"
"5","10","5","15","15","79","7900000","462295","0.05851835443037975","6","8"
"4","10","5","15","15","103","10300000","435417","0.04227349514563107","4","8"
"6","10","5","15","15","78","7800000","411902","0.052807948717948715","7","15"
"5","10","5","15","15","80","8000000","462969","0.057871125","5","6"
"4","10","5","15","15","104","10400000","436389","0.04196048076923077","4","4"
"6","10","5","15","15","79","7900000","414108","0.05241873417721519","6","7"
"5","10","5","15","15","81","8100000","463733","0.05725098765432099","5","6"
"4","10","5","15","15","105","10500000","437443","0.0416612380952381","4","5"
"6","10","5","15","15","80","8000000","415983","0.051997875","6","9"
"5","10","5","15","15","82","8200000","464240","0.056614634146341464","5","5"
"4","10","5","15","15","106","10600000","438601","0.04137745283018868","4","6"
"6","10","5","15","15","81","8100000","417943","0.0515979012345679","6","8"
"5","10","5","15","15","83","8300000","464717","0.05599","5","5"
"4","10","5","15","15","107","10700000","439696","0.041093084112149535","4","6"
"6","10","5","15","15","82","8200000","420151","0.051237926829268296","6","7"
"5","10","5","15","15","84","8400000","465108","0.05537","5","5"
"4","10","5","15","15","108","10800000","440766","0.04081166666666667","4","4"
"6","10","5","15","15","83","8300000","422097","0.050855060240963854","6","7"
"5","10","5","15","15","85","8500000","465421","0.054755411764705886","5","5"
"4","10","5","15","15","109","10900000","441686","0.040521651376146786","4","5"
"6","10","5","15","15","84","8400000","424093","0.0504872619047619","6","9"
"5","10","5","15","15","86","8600000","465873","0.054171279069767445","5","7"
"4","10","5","15","15","110","11000000","442737","0.040248818181818184","4","6"
"5","10","5","15","15","87","8700000","466399","0.053609080459770114","5","5"
"6","10","5","15","15","85","8500000","425924","0.050108705882352944","6","9"
"4","10","5","15","15","111","11100000","443810","0.03998288288288288","4","5"
"5","10","5","15","15","88","8800000","466404","0.053000454545454545","4","4"
"7","10","5","15","15","0","0","0","0","894","900"
"6","10","5","15","15","86","8600000","427921","0.04975825581395349","6","10"
"4","10","5","15","15","112","11200000","444788","0.03971321428571428","4","6"
"6","10","5","15","15","87","8700000","430015","0.049427011494252875","6","7"
"7","10","5","15","15","1","100000","8150","0.0815","447","469"
"4","10","5","15","15","113","11300000","445700","0.0394424778761062","4","6"
"6","10","5","15","15","88","8800000","431994","0.04909022727272727","6","12"
"7","10","5","15","15","2","200000","18550","0.09275","335","367"
"4","10","5","15","15","114","11400000","446755","0.0391890350877193","4","4"
"6","10","5","15","15","89","8900000","433924","0.04875550561797753","6","12"
"7","10","5","15","15","3","300000","30095","0.10031666666666667","304","365"
"4","10","5","15","15","115","11500000","447787","0.038938","4","4"
"6","10","5","15","15","90","9000000","435858","0.04842866666666667","6","17"
"7","10","5","15","15","4","400000","42474","0.106185","230","292"
"4","10","5","15","15","116","11600000","448716","0.03868241379310345","4","6"
"6","10","5","15","15","91","9100000","437514","0.048078461538461535","5","6"
"7","10","5","15","15","5","500000","53807","0.107614","211","263"
"4","10","5","15","15","117","11700000","449707","0.038436495726495726","4","7"
"6","10","5","15","15","92","9200000","439316","0.04775173913043478","5","7"
"7","10","5","15","15","6","600000","65278","0.10879666666666667","176","251"
"4","10","5","15","15","118","11800000","450752","0.0381993220338983","4","5"
"6","10","5","15","15","93","9300000","441075","0.04742741935483871","5","7"
"7","10","5","15","15","7","700000","76790","0.1097","150","204"
"4","10","5","15","15","119","11900000","451737","0.03796109243697479","4","4"
"6","10","5","15","15","94","9400000","442690","0.04709468085106383","5","9"
"6","10","5","15","15","95","9500000","444152","0.046752842105263155","5","6"
"7","10","5","15","15","8","800000","87392","0.10924","144","187"
"4","10","5","15","15","120","12000000","452711","0.037725916666666665","4","7"
"6","10","5","15","15","96","9600000","445536","0.04641","5","6"
"4","10","5","15","15","121","12100000","453511","0.0374802479338843","4","7"
"7","10","5","15","15","9","900000","97301","0.10811222222222222","133","167"
"6","10","5","15","15","97","9700000","447024","0.04608494845360825","5","6"
"4","10","5","15","15","122","12200000","454454","0.03725032786885246","4","8"
"7","10","5","15","15","10","1000000","107729","0.107729","125","178"
"6","10","5","15","15","98","9800000","448500","0.04576530612244898","6","9"
"4","10","5","15","15","123","12300000","455599","0.037040569105691055","4","6"
"7","10","5","15","15","11","1100000","116925","0.10629545454545454","97","142"
"6","10","5","15","15","99","9900000","449972","0.04545171717171717","5","8"
"4","10","5","15","15","124","12400000","456570","0.03682016129032258","4","5"
"7","10","5","15","15","12","1200000","125640","0.1047","87","121"
"6","10","5","15","15","100","10000000","451348","0.0451348","6","9"
"4","10","5","15","15","125","12500000","457484","0.03659872","4","5"
"7","10","5","15","15","13","1300000","133701","0.10284692307692307","70","108"
"6","10","5","15","15","101","10100000","452580","0.04480990099009901","5","6"
"4","10","5","15","15","126","12600000","458398","0.03638079365079365","4","5"
"7","10","5","15","15","14","1400000","141657","0.10118357142857143","63","96"
"6","10","5","15","15","102","10200000","453588","0.04446941176470588","5","5"
"4","10","5","15","15","127","12700000","459357","0.03616984251968504","4","4"
"7","10","5","15","15","15","1500000","148845","0.09923","56","83"
"6","10","5","15","15","103","10300000","454502","0.04412640776699029","5","5"
"4","10","5","15","15","128","12800000","460393","0.035968203125","4","4"
"7","10","5","15","15","16","1600000","155361","0.097100625","51","76"
"6","10","5","15","15","104","10400000","455293","0.043778173076923076","5","5"
"4","10","5","15","15","129","12900000","461408","0.03576806201550388","4","7"
"6","10","5","15","15","105","10500000","455760","0.043405714285714284","4","4"
"7","10","5","15","15","17","1700000","161341","0.0949064705882353","57","96"
"4","10","5","15","15","130","13000000","462352","0.03556553846153846","4","4"
"6","10","5","15","15","106","10600000","455813","0.04300122641509434","3","3"
"8","10","5","15","15","0","0","0","0","896","900"
"7","10","5","15","15","18","1800000","167167","0.09287055555555555","50","81"
"4","10","5","15","15","131","13100000","463284","0.03536519083969466","4","5"
"8","10","5","15","15","1","100000","8607","0.08607","420","448"
"7","10","5","15","15","19","1900000","173270","0.09119473684210526","50","75"
"4","10","5","15","15","132","13200000","464155","0.03516325757575758","4","5"
"7","10","5","15","15","20","2000000","179061","0.0895305","44","62"
"8","10","5","15","15","2","200000","19492","0.09746","319","372"
"4","10","5","15","15","133","13300000","465077","0.03496819548872181","4","5"
"7","10","5","15","15","21","2100000","184789","0.08799476190476191","46","66"
"8","10","5","15","15","3","300000","31243","0.10414333333333334","277","330"
"4","10","5","15","15","134","13400000","465948","0.03477223880597015","4","4"
"7","10","5","15","15","22","2200000","190880","0.08676363636363636","46","80"
"4","10","5","15","15","135","13500000","466849","0.03458140740740741","4","5"
"8","10","5","15","15","4","400000","43458","0.108645","210","259"
"7","10","5","15","15","23","2300000","196790","0.08556086956521738","42","68"
"4","10","5","15","15","136","13600000","467843","0.034400220588235296","4","5"
"8","10","5","15","15","5","500000","54545","0.10909","166","210"
"7","10","5","15","15","24","2400000","202451","0.08435458333333333","40","65"
"4","10","5","15","15","137","13700000","468858","0.03422321167883212","4","5"
"8","10","5","15","15","6","600000","64159","0.10693166666666666","128","169"
"7","10","5","15","15","25","2500000","208030","0.083212","34","52"
"4","10","5","15","15","138","13800000","469756","0.034040289855072466","4","4"
"8","10","5","15","15","7","700000","72758","0.10394","104","147"
"7","10","5","15","15","26","2600000","213489","0.08211115384615385","34","54"
"4","10","5","15","15","139","13900000","470742","0.0338663309352518","4","4"
"8","10","5","15","15","8","800000","81012","0.101265","103","146"
"4","10","5","15","15","140","14000000","471745","0.03369607142857143","4","7"
"7","10","5","15","15","27","2700000","219034","0.0811237037037037","31","68"
"8","10","5","15","15","9","900000","88997","0.09888555555555556","89","120"
"4","10","5","15","15","141","14100000","472769","0.033529716312056736","4","6"
"7","10","5","15","15","28","2800000","224559","0.08019964285714286","31","44"
"8","10","5","15","15","10","1000000","96388","0.096388","81","111"
"4","10","5","15","15","142","14200000","473710","0.033359859154929575","4","7"
"7","10","5","15","15","29","2900000","229658","0.07919241379310345","28","54"
"8","10","5","15","15","11","1100000","103647","0.09422454545454545","73","117"
"4","10","5","15","15","143","14300000","474659","0.033192937062937064","4","5"
"7","10","5","15","15","30","3000000","234839","0.07827966666666666","37","67"
"8","10","5","15","15","12","1200000","111575","0.09297916666666667","75","120"
"4","10","5","15","15","144","14400000","475644","0.033030833333333336","4","4"
"7","10","5","15","15","31","3100000","239709","0.07732548387096774","31","58"
"8","10","5","15","15","13","1300000","119364","0.09181846153846154","71","105"
"4","10","5","15","15","145","14500000","476633","0.03287124137931034","4","6"
"7","10","5","15","15","32","3200000","244519","0.0764121875","31","54"
"8","10","5","15","15","14","1400000","125730","0.08980714285714286","59","93"
"4","10","5","15","15","146","14600000","477771","0.03272404109589041","4","7"
"7","10","5","15","15","33","3300000","248839","0.07540575757575757","29","49"
"8","10","5","15","15","15","1500000","132388","0.08825866666666667","71","116"
"4","10","5","15","15","147","14700000","478818","0.03257265306122449","4","6"
"7","10","5","15","15","34","3400000","253149","0.07445558823529412","31","47"
"8","10","5","15","15","16","1600000","139347","0.087091875","56","84"
"4","10","5","15","15","148","14800000","480088","0.03243837837837838","4","6"
"7","10","5","15","15","35","3500000","257547","0.07358485714285715","27","39"
"8","10","5","15","15","17","1700000","145425","0.08554411764705883","45","67"
"4","10","5","15","15","149","14900000","481134","0.032290872483221475","4","4"
"7","10","5","15","15","36","3600000","261754","0.07270944444444444","28","39"
"8","10","5","15","15","18","1800000","151704","0.08428","54","93"
"4","10","5","15","15","150","15000000","482028","0.0321352","4","5"
"7","10","5","15","15","37","3700000","265736","0.07182054054054055","27","47"
"8","10","5","15","15","19","1900000","158267","0.08329842105263158","62","105"
"4","10","5","15","15","151","15100000","482894","0.03197973509933775","4","6"
"7","10","5","15","15","38","3800000","270008","0.07105473684210527","23","34"
"8","10","5","15","15","20","2000000","165791","0.0828955","70","102"
"4","10","5","15","15","152","15200000","483893","0.031835065789473684","4","5"
"7","10","5","15","15","39","3900000","274288","0.0703302564102564","23","48"
"4","10","5","15","15","153","15300000","484981","0.0316981045751634","4","4"
"8","10","5","15","15","21","2100000","173138","0.08244666666666667","69","105"
"7","10","5","15","15","40","4000000","278636","0.069659","28","41"
"4","10","5","15","15","154","15400000","485967","0.0315562987012987","4","5"
"8","10","5","15","15","22","2200000","180411","0.082005","60","95"
"7","10","5","15","15","41","4100000","282863","0.0689909756097561","25","43"
"4","10","5","15","15","155","15500000","486864","0.03141058064516129","4","4"
"8","10","5","15","15","23","2300000","187592","0.08156173913043478","53","79"
"7","10","5","15","15","42","4200000","287090","0.0683547619047619","25","45"
"4","10","5","15","15","156","15600000","487903","0.031275833333333336","4","5"
"8","10","5","15","15","24","2400000","194551","0.08106291666666667","53","83"
"7","10","5","15","15","43","4300000","291109","0.06769976744186046","24","38"
"4","10","5","15","15","157","15700000","489060","0.03115031847133758","4","5"
"8","10","5","15","15","25","2500000","201396","0.0805584","51","90"
"7","10","5","15","15","44","4400000","295230","0.06709772727272727","23","43"
"4","10","5","15","15","158","15800000","490051","0.031015886075949368","4","5"
"8","10","5","15","15","26","2600000","208151","0.08005807692307693","49","84"
"7","10","5","15","15","45","4500000","299018","0.06644844444444445","20","29"
"4","10","5","15","15","159","15900000","491064","0.03088452830188679","4","6"
"8","10","5","15","15","27","2700000","214808","0.07955851851851851","56","84"
"7","10","5","15","15","46","4600000","303029","0.06587586956521739","21","34"
"4","10","5","15","15","160","16000000","492080","0.030755","4","6"
"7","10","5","15","15","47","4700000","306645","0.0652436170212766","19","35"
"8","10","5","15","15","28","2800000","221592","0.07914","56","91"
"4","10","5","15","15","161","16100000","493030","0.030622981366459627","4","6"
"7","10","5","15","15","48","4800000","310280","0.06464166666666667","16","23"
"8","10","5","15","15","29","2900000","227460","0.0784344827586207","49","79"
"4","10","5","15","15","162","16200000","493890","0.030487037037037038","4","5"
"7","10","5","15","15","49","4900000","313616","0.06400326530612245","16","28"
"8","10","5","15","15","30","3000000","233512","0.07783733333333333","44","69"
"4","10","5","15","15","163","16300000","494816","0.03035680981595092","4","4"
"7","10","5","15","15","50","5000000","317090","0.063418","14","23"
"8","10","5","15","15","31","3100000","239674","0.0773141935483871","38","61"
"4","10","5","15","15","164","16400000","495814","0.030232560975609755","4","4"
"7","10","5","15","15","51","5100000","320087","0.0627621568627451","15","18"
"8","10","5","15","15","32","3200000","245314","0.076660625","33","59"
"4","10","5","15","15","165","16500000","496813","0.030109878787878786","4","6"
"7","10","5","15","15","52","5200000","323063","0.0621275","15","25"
"8","10","5","15","15","33","3300000","251258","0.07613878787878788","37","70"
"4","10","5","15","15","166","16600000","497844","0.029990602409638554","4","4"
"7","10","5","15","15","53","5300000","326055","0.061519811320754715","15","28"
"8","10","5","15","15","34","3400000","257005","0.07558970588235295","34","56"
"4","10","5","15","15","167","16700000","498662","0.02986","4","4"
"7","10","5","15","15","54","5400000","329686","0.06105296296296296","15","23"
"8","10","5","15","15","35","3500000","262862","0.07510342857142857","36","66"
"4","10","5","15","15","168","16800000","499552","0.029735238095238096","4","5"
"7","10","5","15","15","55","5500000","332819","0.06051254545454546","14","19"
"8","10","5","15","15","36","3600000","269004","0.07472333333333334","32","50"
"4","10","5","15","15","169","16900000","500570","0.029619526627218933","4","4"
"7","10","5","15","15","56","5600000","336021","0.06000375","14","24"
"8","10","5","15","15","37","3700000","274754","0.07425783783783783","35","61"
"4","10","5","15","15","170","17000000","501598","0.029505764705882353","4","4"
"7","10","5","15","15","57","5700000","338812","0.05944070175438596","13","22"
"8","10","5","15","15","38","3800000","280160","0.07372631578947368","32","51"
"4","10","5","15","15","171","17100000","502514","0.029386783625730994","4","6"
"7","10","5","15","15","58","5800000","341347","0.05885293103448276","13","18"
"8","10","5","15","15","39","3900000","285745","0.07326794871794871","32","61"
"4","10","5","15","15","172","17200000","503425","0.02926889534883721","4","6"
"7","10","5","15","15","59","5900000","343789","0.058269322033898306","13","23"
"8","10","5","15","15","40","4000000","291202","0.0728005","30","58"
"4","10","5","15","15","173","17300000","504334","0.029152254335260117","4","4"
"7","10","5","15","15","60","6000000","346140","0.05769","12","14"
"8","10","5","15","15","41","4100000","297025","0.07244512195121951","29","55"
"4","10","5","15","15","174","17400000","505314","0.02904103448275862","4","5"
"7","10","5","15","15","61","6100000","348338","0.057104590163934425","12","19"
"8","10","5","15","15","42","4200000","302572","0.07204095238095239","30","60"
"4","10","5","15","15","175","17500000","506277","0.028930114285714285","4","6"
"7","10","5","15","15","62","6200000","350751","0.056572741935483874","11","19"
"8","10","5","15","15","43","4300000","308140","0.07166046511627908","30","66"
"4","10","5","15","15","176","17600000","507322","0.028825113636363635","4","6"
"7","10","5","15","15","63","6300000","353130","0.05605238095238095","12","17"
"8","10","5","15","15","44","4400000","313260","0.07119545454545455","28","57"
"4","10","5","15","15","177","17700000","508511","0.02872943502824859","4","5"
"7","10","5","15","15","64","6400000","355469","0.05554203125","12","18"
"4","10","5","15","15","178","17800000","509802","0.02864056179775281","4","5"
"8","10","5","15","15","45","4500000","318122","0.07069377777777777","28","58"
"7","10","5","15","15","65","6500000","357602","0.05501569230769231","12","18"
"4","10","5","15","15","179","17900000","510938","0.028544022346368714","4","7"
"8","10","5","15","15","46","4600000","323048","0.07022782608695652","27","55"
"7","10","5","15","15","66","6600000","359392","0.05445333333333333","12","16"
"4","10","5","15","15","180","18000000","512148","0.028452666666666668","4","6"
"8","10","5","15","15","47","4700000","328007","0.06978872340425532","32","58"
"7","10","5","15","15","67","6700000","360829","0.05385507462686567","11","14"
"4","10","5","15","15","181","18100000","513136","0.028350055248618784","4","5"
"8","10","5","15","15","48","4800000","333402","0.06945875","28","59"
"7","10","5","15","15","68","6800000","361774","0.053202058823529415","11","16"
"4","10","5","15","15","182","18200000","514089","0.028246648351648352","4","6"
"8","10","5","15","15","49","4900000","338679","0.06911816326530612","26","56"
"7","10","5","15","15","69","6900000","362476","0.052532753623188405","9","10"
"4","10","5","15","15","183","18300000","515231","0.028154699453551913","4","5"
"7","10","5","15","15","70","7000000","362748","0.05182114285714286","9","10"
"8","10","5","15","15","50","5000000","343529","0.0687058","25","53"
"4","10","5","15","15","184","18400000","516115","0.028049728260869565","4","4"
"7","10","5","15","15","71","7100000","362921","0.051115633802816904","9","9"
"8","10","5","15","15","51","5100000","348249","0.06828411764705883","28","58"
"7","10","5","15","15","72","7200000","363100","0.050430555555555555","9","9"
"4","10","5","15","15","185","18500000","516746","0.027932216216216218","4","5"
"8","10","5","15","15","52","5200000","353377","0.06795711538461538","27","44"
"7","10","5","15","15","73","7300000","363249","0.04976013698630137","9","9"
"4","10","5","15","15","186","18600000","517306","0.02781215053763441","4","5"
"8","10","5","15","15","53","5300000","358209","0.0675866037735849","28","60"
"7","10","5","15","15","74","7400000","363264","0.04908972972972973","8","8"
"9","10","5","15","15","0","0","0","0","896","900"
"4","10","5","15","15","187","18700000","517761","0.027687754010695186","4","6"
"8","10","5","15","15","54","5400000","362924","0.06720814814814814","25","51"
"4","10","5","15","15","188","18800000","518241","0.02756601063829787","4","4"
"9","10","5","15","15","1","100000","8539","0.08539","455","474"
"8","10","5","15","15","55","5500000","367864","0.06688436363636363","25","54"
"4","10","5","15","15","189","18900000","518663","0.02744248677248677","4","4"
"9","10","5","15","15","2","200000","19352","0.09676","301","335"
"8","10","5","15","15","56","5600000","372876","0.066585","23","49"
"4","10","5","15","15","190","19000000","519068","0.02731936842105263","4","4"
"9","10","5","15","15","3","300000","30358","0.10119333333333333","245","279"
"8","10","5","15","15","57","5700000","377759","0.06627350877192982","22","55"
"4","10","5","15","15","191","19100000","519193","0.02718287958115183","3","3"
"10","10","5","15","15","0","0","0","0","896","900"
"8","10","5","15","15","58","5800000","382785","0.06599741379310345","24","45"
"9","10","5","15","15","4","400000","40698","0.101745","216","257"
"10","10","5","15","15","1","100000","8562","0.08562","425","444"
"8","10","5","15","15","59","5900000","388167","0.06579101694915254","21","37"
"9","10","5","15","15","5","500000","51452","0.102904","180","231"
"10","10","5","15","15","2","200000","18918","0.09459","304","341"
"8","10","5","15","15","60","6000000","393130","0.06552166666666667","25","46"
"9","10","5","15","15","6","600000","61638","0.10273","165","219"
"10","10","5","15","15","3","300000","30699","0.10233","244","282"
"8","10","5","15","15","61","6100000","398185","0.06527622950819673","19","47"
"9","10","5","15","15","7","700000","72202","0.10314571428571429","148","189"
"10","10","5","15","15","4","400000","42585","0.1064625","179","228"
"8","10","5","15","15","62","6200000","403105","0.06501693548387097","20","40"
"9","10","5","15","15","8","800000","82386","0.1029825","119","154"
"8","10","5","15","15","63","6300000","407567","0.0646931746031746","18","48"
"10","10","5","15","15","5","500000","53620","0.10724","169","213"
"9","10","5","15","15","9","900000","92357","0.10261888888888888","111","150"
"8","10","5","15","15","64","6400000","412349","0.06442953125","22","50"
"10","10","5","15","15","6","600000","64862","0.10810333333333333","156","211"
"9","10","5","15","15","10","1000000","100689","0.100689","92","131"
"8","10","5","15","15","65","6500000","416805","0.06412384615384616","17","39"
"10","10","5","15","15","7","700000","75465","0.10780714285714285","118","167"
"9","10","5","15","15","11","1100000","108517","0.09865181818181819","84","127"
"8","10","5","15","15","66","6600000","420617","0.06372984848484849","15","34"
"10","10","5","15","15","8","800000","85954","0.1074425","116","167"
"9","10","5","15","15","12","1200000","116972","0.09747666666666667","75","113"
"8","10","5","15","15","67","6700000","424405","0.06334402985074628","16","34"
"9","10","5","15","15","13","1300000","125782","0.09675538461538462","71","105"
"10","10","5","15","15","9","900000","95765","0.10640555555555556","107","154"
"8","10","5","15","15","68","6800000","428189","0.06296897058823529","18","38"
"9","10","5","15","15","14","1400000","134789","0.09627785714285714","69","109"
"10","10","5","15","15","10","1000000","104988","0.104988","83","126"
"8","10","5","15","15","69","6900000","431888","0.06259246376811595","15","32"
"9","10","5","15","15","15","1500000","143425","0.09561666666666667","62","103"
"10","10","5","15","15","11","1100000","114156","0.10377818181818182","80","124"
"8","10","5","15","15","70","7000000","435449","0.062207","15","31"
"9","10","5","15","15","16","1600000","151539","0.094711875","63","99"
"10","10","5","15","15","12","1200000","122533","0.10211083333333333","60","93"
"8","10","5","15","15","71","7100000","438890","0.06181549295774648","12","24"
"9","10","5","15","15","17","1700000","158627","0.09331","54","85"
"8","10","5","15","15","72","7200000","442201","0.06141680555555556","14","27"
"10","10","5","15","15","13","1300000","130031","0.10002384615384616","65","102"
"9","10","5","15","15","18","1800000","165296","0.09183111111111111","54","91"
"8","10","5","15","15","73","7300000","445332","0.06100438356164384","15","31"
"10","10","5","15","15","14","1400000","137117","0.09794071428571428","42","72"
"9","10","5","15","15","19","1900000","172182","0.09062210526315789","51","73"
"8","10","5","15","15","74","7400000","448459","0.060602567567567565","11","19"
"10","10","5","15","15","15","1500000","143582","0.09572133333333334","24","52"
"9","10","5","15","15","20","2000000","178248","0.089124","47","78"
"8","10","5","15","15","75","7500000","451292","0.06017226666666667","11","19"
"10","10","5","15","15","16","1600000","149016","0.093135","34","63"
"9","10","5","15","15","21","2100000","184246","0.08773619047619048","42","67"
"8","10","5","15","15","76","7600000","454520","0.059805263157894736","11","22"
"10","10","5","15","15","17","1700000","154485","0.0908735294117647","29","47"
"9","10","5","15","15","22","2200000","190049","0.0863859090909091","41","80"
"8","10","5","15","15","77","7700000","457656","0.05943584415584416","11","18"
"10","10","5","15","15","18","1800000","159436","0.08857555555555556","36","65"
"9","10","5","15","15","23","2300000","195792","0.08512695652173913","33","61"
"8","10","5","15","15","78","7800000","460734","0.05906846153846154","10","12"
"10","10","5","15","15","19","1900000","164362","0.08650631578947368","39","70"
"8","10","5","15","15","79","7900000","463319","0.0586479746835443","10","13"
"9","10","5","15","15","24","2400000","201415","0.08392291666666667","27","50"
"10","10","5","15","15","20","2000000","169530","0.084765","31","51"
"8","10","5","15","15","80","8000000","466142","0.05826775","10","16"
"9","10","5","15","15","25","2500000","207015","0.082806","24","42"
"10","10","5","15","15","21","2100000","174467","0.08307952380952381","33","66"
"8","10","5","15","15","81","8100000","469058","0.057908395061728395","9","13"
"9","10","5","15","15","26","2600000","212277","0.081645","28","62"
"10","10","5","15","15","22","2200000","179220","0.08146363636363636","35","60"
"8","10","5","15","15","82","8200000","471877","0.0575459756097561","8","13"
"9","10","5","15","15","27","2700000","217383","0.08051222222222222","24","46"
"10","10","5","15","15","23","2300000","184528","0.0802295652173913","33","59"
"8","10","5","15","15","83","8300000","474859","0.05721192771084337","8","15"
"9","10","5","15","15","28","2800000","222596","0.07949857142857143","20","40"
"10","10","5","15","15","24","2400000","189822","0.0790925","32","64"
"8","10","5","15","15","84","8400000","477795","0.05688035714285714","8","16"
"9","10","5","15","15","29","2900000","227512","0.07845241379310344","20","41"
"10","10","5","15","15","25","2500000","195110","0.078044","28","50"
"8","10","5","15","15","85","8500000","480806","0.056565411764705885","8","13"
"9","10","5","15","15","30","3000000","232352","0.07745066666666667","15","35"
"10","10","5","15","15","26","2600000","200171","0.07698884615384616","24","45"
"8","10","5","15","15","86","8600000","483903","0.056267790697674416","8","12"
"9","10","5","15","15","31","3100000","237036","0.07646322580645161","14","30"
"8","10","5","15","15","87","8700000","486657","0.05593758620689655","8","19"
"10","10","5","15","15","27","2700000","205102","0.0759637037037037","23","45"
"9","10","5","15","15","32","3200000","241503","0.0754696875","15","31"
"8","10","5","15","15","88","8800000","489466","0.055621136363636366","8","13"
"10","10","5","15","15","28","2800000","209885","0.07495892857142857","23","42"
"9","10","5","15","15","33","3300000","246075","0.07456818181818183","14","29"
"8","10","5","15","15","89","8900000","491754","0.055253258426966295","6","6"
"10","10","5","15","15","29","2900000","214548","0.07398206896551725","21","40"
"9","10","5","15","15","34","3400000","250137","0.07356970588235294","15","32"
"8","10","5","15","15","90","9000000","494036","0.05489288888888889","6","9"
"9","10","5","15","15","35","3500000","254025","0.07257857142857142","12","22"
"10","10","5","15","15","30","3000000","219009","0.073003","17","31"
"8","10","5","15","15","91","9100000","496492","0.05455956043956044","6","12"
"9","10","5","15","15","36","3600000","257641","0.07156694444444445","10","14"
"10","10","5","15","15","31","3100000","223208","0.0720025806451613","17","31"
"8","10","5","15","15","92","9200000","498729","0.05420967391304348","6","6"
"9","10","5","15","15","37","3700000","261025","0.07054729729729729","8","14"
"10","10","5","15","15","32","3200000","227124","0.07097625","16","25"
"8","10","5","15","15","93","9300000","500595","0.05382741935483871","6","8"
"9","10","5","15","15","38","3800000","263951","0.06946078947368421","9","16"
"10","10","5","15","15","33","3300000","230633","0.06988878787878788","17","24"
"8","10","5","15","15","94","9400000","502608","0.05346893617021277","6","9"
"9","10","5","15","15","39","3900000","266462","0.06832358974358975","10","21"
"10","10","5","15","15","34","3400000","234264","0.06890117647058823","15","25"
"8","10","5","15","15","95","9500000","504715","0.0531278947368421","6","9"
"9","10","5","15","15","40","4000000","268719","0.06717975","8","11"
"10","10","5","15","15","35","3500000","237404","0.06782971428571428","13","19"
"8","10","5","15","15","96","9600000","506643","0.0527753125","6","10"
"9","10","5","15","15","41","4100000","270481","0.0659709756097561","7","10"
"10","10","5","15","15","36","3600000","240582","0.06682833333333334","11","15"
"8","10","5","15","15","97","9700000","508678","0.05244103092783505","6","7"
"9","10","5","15","15","42","4200000","271876","0.06473238095238096","6","8"
"10","10","5","15","15","37","3700000","243162","0.06571945945945946","10","16"
"8","10","5","15","15","98","9800000","510725","0.052114795918367346","6","9"
"9","10","5","15","15","43","4300000","273447","0.06359232558139535","6","8"
"10","10","5","15","15","38","3800000","245474","0.06459842105263158","9","14"
"8","10","5","15","15","99","9900000","512569","0.05177464646464647","6","12"
"9","10","5","15","15","44","4400000","275175","0.06253977272727272","6","12"
"10","10","5","15","15","39","3900000","247676","0.06350666666666667","10","14"
"8","10","5","15","15","100","10000000","514232","0.0514232","5","8"
"9","10","5","15","15","45","4500000","276924","0.061538666666666665","6","12"
"10","10","5","15","15","40","4000000","249973","0.06249325","8","12"
"8","10","5","15","15","101","10100000","515923","0.05108148514851485","6","8"
"9","10","5","15","15","46","4600000","278888","0.06062782608695652","6","7"
"10","10","5","15","15","41","4100000","252106","0.061489268292682926","8","15"
"8","10","5","15","15","102","10200000","517555","0.050740686274509804","5","5"
"9","10","5","15","15","47","4700000","280867","0.059758936170212766","6","7"
"10","10","5","15","15","42","4200000","254261","0.06053833333333333","8","11"
"8","10","5","15","15","103","10300000","519172","0.050405048543689324","5","5"
"9","10","5","15","15","48","4800000","282662","0.058887916666666665","6","11"
"10","10","5","15","15","43","4300000","256338","0.05961348837209302","8","18"
"8","10","5","15","15","104","10400000","520975","0.05009375","6","12"
"9","10","5","15","15","49","4900000","284314","0.05802326530612245","6","6"
"10","10","5","15","15","44","4400000","258488","0.058747272727272724","7","12"
"8","10","5","15","15","105","10500000","522847","0.049794952380952384","6","13"
"9","10","5","15","15","50","5000000","285931","0.0571862","6","7"
"10","10","5","15","15","45","4500000","260420","0.05787111111111111","7","11"
"8","10","5","15","15","106","10600000","524692","0.04949924528301887","6","10"
"9","10","5","15","15","51","5100000","287500","0.056372549019607844","6","11"
"10","10","5","15","15","46","4600000","262159","0.05699108695652174","6","9"
"8","10","5","15","15","107","10700000","526285","0.04918551401869159","5","6"
"9","10","5","15","15","52","5200000","289129","0.05560173076923077","6","9"
"10","10","5","15","15","47","4700000","263950","0.05615957446808511","7","10"
"8","10","5","15","15","108","10800000","527768","0.04886740740740741","5","8"
"9","10","5","15","15","53","5300000","291067","0.054918301886792455","6","10"
"10","10","5","15","15","48","4800000","265645","0.05534270833333333","7","11"
"8","10","5","15","15","109","10900000","529177","0.04854834862385321","5","5"
"9","10","5","15","15","54","5400000","292761","0.054215","6","9"
"9","10","5","15","15","55","5500000","294365","0.05352090909090909","6","9"
"10","10","5","15","15","49","4900000","267229","0.0545365306122449","6","8"
"8","10","5","15","15","110","11000000","530549","0.04823172727272727","5","7"
"9","10","5","15","15","56","5600000","296026","0.052861785714285715","6","6"
"10","10","5","15","15","50","5000000","268477","0.0536954","6","9"
"8","10","5","15","15","111","11100000","532012","0.04792900900900901","5","7"
"9","10","5","15","15","57","5700000","297596","0.05220982456140351","7","11"
"8","10","5","15","15","112","11200000","533314","0.047617321428571426","5","7"
"10","10","5","15","15","51","5100000","269546","0.052852156862745095","5","5"
"9","10","5","15","15","58","5800000","299105","0.051569827586206894","7","8"
"8","10","5","15","15","113","11300000","534463","0.04729761061946903","5","5"
"10","10","5","15","15","52","5200000","270629","0.05204403846153846","5","5"
"9","10","5","15","15","59","5900000","300409","0.05091677966101695","6","8"
"8","10","5","15","15","114","11400000","535558","0.04697877192982456","5","7"
"10","10","5","15","15","53","5300000","271688","0.05126188679245283","5","5"
"9","10","5","15","15","60","6000000","302043","0.0503405","7","14"
"8","10","5","15","15","115","11500000","536387","0.046642347826086956","5","5"
"10","10","5","15","15","54","5400000","272673","0.050495","5","7"
"9","10","5","15","15","61","6100000","303411","0.049739508196721315","7","9"
"8","10","5","15","15","116","11600000","537145","0.04630560344827586","5","6"
"10","10","5","15","15","55","5500000","273684","0.049760727272727276","5","5"
"9","10","5","15","15","62","6200000","304743","0.04915209677419355","7","11"
"8","10","5","15","15","117","11700000","538131","0.045994102564102565","5","5"
"10","10","5","15","15","56","5600000","274631","0.04904125","5","5"
"9","10","5","15","15","63","6300000","305878","0.048552063492063494","4","5"
"8","10","5","15","15","118","11800000","539089","0.045685508474576274","5","5"
"10","10","5","15","15","57","5700000","275727","0.04837315789473684","5","5"
"9","10","5","15","15","64","6400000","306241","0.04785015625","4","5"
"8","10","5","15","15","119","11900000","540027","0.045380420168067225","5","6"
"10","10","5","15","15","58","5800000","276703","0.04770741379310345","5","5"
"9","10","5","15","15","65","6500000","306585","0.04716692307692308","4","5"
"8","10","5","15","15","120","12000000","540617","0.04505141666666666","5","5"
"10","10","5","15","15","59","5900000","277600","0.04705084745762712","5","6"
"9","10","5","15","15","66","6600000","306847","0.0464919696969697","3","3"
"11","10","5","15","15","0","0","0","0","894","900"
"8","10","5","15","15","121","12100000","541176","0.04472528925619835","4","5"
"10","10","5","15","15","60","6000000","278548","0.04642466666666667","5","10"
"11","10","5","15","15","1","100000","8395","0.08395","496","516"
"8","10","5","15","15","122","12200000","541709","0.044402377049180326","4","5"
"10","10","5","15","15","61","6100000","279423","0.045807049180327866","5","5"
"8","10","5","15","15","123","12300000","542048","0.04406894308943089","4","5"
"11","10","5","15","15","2","200000","20447","0.102235","360","403"
"10","10","5","15","15","62","6200000","280314","0.045211935483870966","5","8"
"8","10","5","15","15","124","12400000","542313","0.04373491935483871","4","4"
"11","10","5","15","15","3","300000","33053","0.11017666666666667","274","337"
"10","10","5","15","15","63","6300000","281293","0.04464968253968254","5","5"
"8","10","5","15","15","125","12500000","542482","0.04339856","4","5"
"10","10","5","15","15","64","6400000","282151","0.04408609375","5","5"
"11","10","5","15","15","4","400000","45730","0.114325","214","273"
"8","10","5","15","15","126","12600000","542490","0.04305476190476191","3","3"
"12","10","5","15","15","0","0","0","0","896","900"
"10","10","5","15","15","65","6500000","283177","0.043565692307692305","5","11"
"11","10","5","15","15","5","500000","57339","0.114678","164","204"
"12","10","5","15","15","1","100000","8529","0.08529","451","474"
"10","10","5","15","15","66","6600000","284133","0.043050454545454545","5","8"
"11","10","5","15","15","6","600000","68680","0.11446666666666666","138","194"
"12","10","5","15","15","2","200000","19331","0.096655","322","371"
"10","10","5","15","15","67","6700000","285075","0.04254850746268657","5","5"
"11","10","5","15","15","7","700000","79794","0.11399142857142858","134","201"
"12","10","5","15","15","3","300000","31301","0.10433666666666666","253","298"
"10","10","5","15","15","68","6800000","285987","0.042056911764705884","5","8"
"11","10","5","15","15","8","800000","90750","0.1134375","92","154"
"12","10","5","15","15","4","400000","43057","0.1076425","211","269"
"10","10","5","15","15","69","6900000","287070","0.041604347826086956","5","5"
"11","10","5","15","15","9","900000","101133","0.11237","97","157"
"10","10","5","15","15","70","7000000","288094","0.041156285714285715","5","5"
"12","10","5","15","15","5","500000","54430","0.10886","164","222"
"11","10","5","15","15","10","1000000","110818","0.110818","95","145"
"10","10","5","15","15","71","7100000","289189","0.04073084507042254","5","5"
"12","10","5","15","15","6","600000","64941","0.108235","129","177"
"11","10","5","15","15","11","1100000","120186","0.10926","77","129"
"10","10","5","15","15","72","7200000","290279","0.04031652777777778","5","5"
"12","10","5","15","15","7","700000","75466","0.10780857142857143","118","178"
"11","10","5","15","15","12","1200000","129147","0.1076225","86","136"
"10","10","5","15","15","73","7300000","291299","0.03990397260273973","5","8"
"12","10","5","15","15","8","800000","85385","0.10673125","115","161"
"10","10","5","15","15","74","7400000","292271","0.03949608108108108","5","6"
"11","10","5","15","15","13","1300000","138091","0.10622384615384615","59","96"
"12","10","5","15","15","9","900000","95355","0.10595","102","145"
"10","10","5","15","15","75","7500000","293314","0.039108533333333334","5","7"
"11","10","5","15","15","14","1400000","146140","0.10438571428571429","63","95"
"12","10","5","15","15","10","1000000","104876","0.104876","91","141"
"10","10","5","15","15","76","7600000","294322","0.038726578947368424","5","7"
"11","10","5","15","15","15","1500000","154313","0.10287533333333333","52","84"
"12","10","5","15","15","11","1100000","113825","0.10347727272727272","95","149"
"10","10","5","15","15","77","7700000","295367","0.03835935064935065","5","6"
"11","10","5","15","15","16","1600000","161784","0.101115","43","77"
"12","10","5","15","15","12","1200000","122663","0.10221916666666667","77","115"
"10","10","5","15","15","78","7800000","296226","0.03797769230769231","5","6"
"11","10","5","15","15","17","1700000","168345","0.0990264705882353","27","53"
"12","10","5","15","15","13","1300000","130492","0.10037846153846154","74","116"
"10","10","5","15","15","79","7900000","297144","0.03761316455696202","5","5"
"11","10","5","15","15","18","1800000","174272","0.09681777777777778","27","59"
"10","10","5","15","15","80","8000000","298144","0.037268","5","5"
"12","10","5","15","15","14","1400000","138407","0.09886214285714286","69","102"
"11","10","5","15","15","19","1900000","180309","0.09489947368421052","24","47"
"10","10","5","15","15","81","8100000","299173","0.03693493827160494","5","5"
"12","10","5","15","15","15","1500000","145815","0.09721","56","93"
"11","10","5","15","15","20","2000000","186459","0.0932295","21","38"
"10","10","5","15","15","82","8200000","300095","0.036596951219512196","5","6"
"12","10","5","15","15","16","1600000","153115","0.095696875","60","100"
"11","10","5","15","15","21","2100000","192454","0.09164476190476191","23","45"
"10","10","5","15","15","83","8300000","301405","0.03631385542168675","5","8"
"12","10","5","15","15","17","1700000","159615","0.09389117647058824","51","82"
"11","10","5","15","15","22","2200000","197874","0.08994272727272727","24","57"
"10","10","5","15","15","84","8400000","302539","0.03601654761904762","5","5"
"12","10","5","15","15","18","1800000","166134","0.09229666666666667","43","69"
"11","10","5","15","15","23","2300000","202868","0.08820347826086956","16","35"
"10","10","5","15","15","85","8500000","303620","0.03572","5","7"
"12","10","5","15","15","19","1900000","172137","0.09059842105263158","40","59"
"11","10","5","15","15","24","2400000","207382","0.08640916666666666","17","31"
"10","10","5","15","15","86","8600000","304746","0.03543558139534884","5","7"
"12","10","5","15","15","20","2000000","177566","0.088783","37","59"
"11","10","5","15","15","25","2500000","212107","0.0848428","14","21"
"10","10","5","15","15","87","8700000","305714","0.03513954022988506","5","5"
"12","10","5","15","15","21","2100000","183252","0.08726285714285714","33","62"
"11","10","5","15","15","26","2600000","216714","0.08335153846153846","13","25"
"10","10","5","15","15","88","8800000","306882","0.03487295454545455","5","5"
"12","10","5","15","15","22","2200000","188982","0.0859009090909091","33","59"
"11","10","5","15","15","27","2700000","221121","0.08189666666666667","17","30"
"10","10","5","15","15","89","8900000","307886","0.03459393258426966","5","5"
"12","10","5","15","15","23","2300000","194643","0.08462739130434782","29","56"
"11","10","5","15","15","28","2800000","225877","0.08067035714285714","15","29"
"10","10","5","15","15","90","9000000","308898","0.034322","5","7"
"12","10","5","15","15","24","2400000","199448","0.08310333333333333","29","48"
"11","10","5","15","15","29","2900000","229847","0.07925758620689655","15","32"
"10","10","5","15","15","91","9100000","309823","0.03404648351648352","5","8"
"12","10","5","15","15","25","2500000","203897","0.0815588","27","51"
"11","10","5","15","15","30","3000000","233661","0.077887","14","29"
"10","10","5","15","15","92","9200000","310621","0.03376315217391304","5","7"
"12","10","5","15","15","26","2600000","207860","0.07994615384615385","21","37"
"10","10","5","15","15","93","9300000","311361","0.03347967741935484","5","5"
"11","10","5","15","15","31","3100000","237458","0.07659935483870968","13","24"
"12","10","5","15","15","27","2700000","211862","0.0784674074074074","20","39"
"10","10","5","15","15","94","9400000","312055","0.033197340425531914","5","5"
"11","10","5","15","15","32","3200000","240949","0.0752965625","13","32"
"12","10","5","15","15","28","2800000","215810","0.077075","19","24"
"10","10","5","15","15","95","9500000","312715","0.03291736842105263","5","5"
"11","10","5","15","15","33","3300000","244257","0.07401727272727272","11","26"
"12","10","5","15","15","29","2900000","219661","0.0757451724137931","22","36"
"10","10","5","15","15","96","9600000","313181","0.032623020833333335","5","6"
"11","10","5","15","15","34","3400000","247424","0.07277176470588236","12","29"
"10","10","5","15","15","97","9700000","313588","0.032328659793814433","5","6"
"12","10","5","15","15","30","3000000","223404","0.074468","23","32"
"11","10","5","15","15","35","3500000","250700","0.07162857142857143","13","28"
"10","10","5","15","15","98","9800000","313600","0.032","4","4"
"13","10","5","15","15","0","0","0","0","896","900"
"12","10","5","15","15","31","3100000","227025","0.07323387096774193","23","41"
"11","10","5","15","15","36","3600000","254217","0.07061583333333334","13","26"
"12","10","5","15","15","32","3200000","230469","0.0720215625","22","37"
"11","10","5","15","15","37","3700000","258014","0.06973351351351352","16","33"
"13","10","5","15","15","1","100000","8443","0.08443","427","443"
"12","10","5","15","15","33","3300000","233590","0.07078484848484848","20","26"
"11","10","5","15","15","38","3800000","261731","0.06887657894736843","14","41"
"13","10","5","15","15","2","200000","17959","0.089795","295","326"
"12","10","5","15","15","34","3400000","236199","0.06947029411764706","15","21"
"11","10","5","15","15","39","3900000","265316","0.06802974358974359","13","31"
"13","10","5","15","15","3","300000","27485","0.09161666666666667","239","271"
"12","10","5","15","15","35","3500000","238415","0.06811857142857143","11","15"
"11","10","5","15","15","40","4000000","268743","0.06718575","13","25"
"13","10","5","15","15","4","400000","37281","0.0932025","194","225"
"12","10","5","15","15","36","3600000","240558","0.06682166666666667","11","20"
"11","10","5","15","15","41","4100000","272206","0.06639170731707317","14","26"
"13","10","5","15","15","5","500000","46320","0.09264","148","188"
"12","10","5","15","15","37","3700000","242774","0.0656145945945946","10","14"
"11","10","5","15","15","42","4200000","275647","0.06563023809523809","13","28"
"13","10","5","15","15","6","600000","55157","0.09192833333333333","149","187"
"12","10","5","15","15","38","3800000","244007","0.06421236842105263","8","11"
"11","10","5","15","15","43","4300000","278780","0.06483255813953488","11","27"
"13","10","5","15","15","7","700000","63711","0.09101571428571428","143","183"
"12","10","5","15","15","39","3900000","245100","0.06284615384615384","8","8"
"11","10","5","15","15","44","4400000","282294","0.06415772727272727","12","22"
"13","10","5","15","15","8","800000","72436","0.090545","124","161"
"12","10","5","15","15","40","4000000","246133","0.06153325","8","8"
"11","10","5","15","15","45","4500000","285524","0.06344977777777777","14","31"
"13","10","5","15","15","9","900000","80842","0.08982444444444444","121","165"
"12","10","5","15","15","41","4100000","247341","0.06032707317073171","8","10"
"11","10","5","15","15","46","4600000","288883","0.06280065217391305","16","42"
"13","10","5","15","15","10","1000000","89626","0.089626","120","162"
"12","10","5","15","15","42","4200000","248110","0.05907380952380952","8","11"
"11","10","5","15","15","47","4700000","292143","0.06215808510638298","14","28"
"12","10","5","15","15","43","4300000","248710","0.05783953488372093","7","8"
"13","10","5","15","15","11","1100000","98823","0.08983909090909091","104","153"
"11","10","5","15","15","48","4800000","295083","0.061475625","11","23"
"12","10","5","15","15","44","4400000","249293","0.0566575","7","8"
"13","10","5","15","15","12","1200000","107558","0.08963166666666667","106","150"
"11","10","5","15","15","49","4900000","298180","0.060853061224489795","11","21"
"12","10","5","15","15","45","4500000","249953","0.055545111111111115","7","8"
"11","10","5","15","15","50","5000000","301589","0.0603178","11","21"
"13","10","5","15","15","13","1300000","115993","0.08922538461538461","86","117"
"12","10","5","15","15","46","4600000","250462","0.05444826086956522","7","7"
"11","10","5","15","15","51","5100000","304793","0.059763333333333335","9","20"
"13","10","5","15","15","14","1400000","124185","0.08870357142857142","90","128"
"12","10","5","15","15","47","4700000","250914","0.05338595744680851","7","8"
"11","10","5","15","15","52","5200000","307816","0.059195384615384615","9","17"
"13","10","5","15","15","15","1500000","132607","0.08840466666666667","84","139"
"12","10","5","15","15","48","4800000","251419","0.052378958333333336","7","7"
"11","10","5","15","15","53","5300000","310721","0.058626603773584904","10","21"
"13","10","5","15","15","16","1600000","141238","0.08827375","73","116"
"12","10","5","15","15","49","4900000","251911","0.05141040816326531","7","8"
"11","10","5","15","15","54","5400000","313818","0.05811444444444445","10","17"
"13","10","5","15","15","17","1700000","149859","0.08815235294117647","72","122"
"12","10","5","15","15","50","5000000","252293","0.0504586","7","9"
"11","10","5","15","15","55","5500000","316767","0.057594","7","12"
"12","10","5","15","15","51","5100000","252619","0.04953313725490196","7","7"
"13","10","5","15","15","18","1800000","158318","0.08795444444444445","74","126"
"11","10","5","15","15","56","5600000","319567","0.057065535714285714","7","10"
"12","10","5","15","15","52","5200000","252709","0.04859788461538461","6","6"
"14","10","5","15","15","0","0","0","0","897","900"
"13","10","5","15","15","19","1900000","166441","0.08760052631578948","61","117"
"11","10","5","15","15","57","5700000","322373","0.056556666666666665","6","11"
"14","10","5","15","15","1","100000","8804","0.08804","421","447"
"13","10","5","15","15","20","2000000","174036","0.087018","62","95"
"11","10","5","15","15","58","5800000","325098","0.056051379310344825","8","19"
"14","10","5","15","15","2","200000","19559","0.097795","326","368"
"13","10","5","15","15","21","2100000","181580","0.08646666666666666","53","109"
"11","10","5","15","15","59","5900000","327669","0.055537118644067796","7","11"
"14","10","5","15","15","3","300000","31447","0.10482333333333334","260","306"
"13","10","5","15","15","22","2200000","188780","0.0858090909090909","53","95"
"11","10","5","15","15","60","6000000","330145","0.055024166666666666","7","14"
"14","10","5","15","15","4","400000","42870","0.107175","192","249"
"13","10","5","15","15","23","2300000","196034","0.08523217391304348","44","80"
"11","10","5","15","15","61","6100000","332624","0.05452852459016393","7","11"
"14","10","5","15","15","5","500000","53535","0.10707","177","227"
"11","10","5","15","15","62","6200000","334699","0.053983709677419355","6","7"
"13","10","5","15","15","24","2400000","203188","0.08466166666666666","51","97"
"11","10","5","15","15","63","6300000","336546","0.05342","6","8"
"14","10","5","15","15","6","600000","64749","0.107915","156","206"
"13","10","5","15","15","25","2500000","210248","0.0840992","47","84"
"11","10","5","15","15","64","6400000","338492","0.052889375","5","9"
"13","10","5","15","15","26","2600000","216920","0.08343076923076923","46","83"
"14","10","5","15","15","7","700000","75273","0.10753285714285714","130","178"
"11","10","5","15","15","65","6500000","340010","0.05230923076923077","5","6"
"13","10","5","15","15","27","2700000","223243","0.0826825925925926","41","71"
"14","10","5","15","15","8","800000","85245","0.10655625","119","176"
"11","10","5","15","15","66","6600000","341268","0.05170727272727273","3","3"
"13","10","5","15","15","28","2800000","229502","0.081965","38","74"
"14","10","5","15","15","9","900000","94802","0.10533555555555556","119","175"
"11","10","5","15","15","67","6700000","342499","0.05111925373134328","3","5"
"13","10","5","15","15","29","2900000","235264","0.08112551724137931","38","59"
"14","10","5","15","15","10","1000000","104506","0.104506","104","145"
"11","10","5","15","15","68","6800000","343794","0.05055794117647059","3","5"
"13","10","5","15","15","30","3000000","240930","0.08031","31","56"
"14","10","5","15","15","11","1100000","114184","0.10380363636363636","85","135"
"11","10","5","15","15","69","6900000","345150","0.050021739130434784","3","6"
"13","10","5","15","15","31","3100000","245834","0.07930129032258064","29","48"
"14","10","5","15","15","12","1200000","123127","0.10260583333333333","90","140"
"11","10","5","15","15","70","7000000","346419","0.04948842857142857","3","7"
"13","10","5","15","15","32","3200000","250706","0.078345625","27","47"
"11","10","5","15","15","71","7100000","347695","0.04897112676056338","3","3"
"14","10","5","15","15","13","1300000","131244","0.10095692307692308","72","109"
"13","10","5","15","15","33","3300000","255209","0.0773360606060606","26","48"
"11","10","5","15","15","72","7200000","348942","0.04846416666666667","3","6"
"14","10","5","15","15","14","1400000","139720","0.0998","71","111"
"13","10","5","15","15","34","3400000","259525","0.07633088235294118","24","45"
"11","10","5","15","15","73","7300000","350106","0.04795972602739726","3","4"
"14","10","5","15","15","15","1500000","147326","0.09821733333333334","68","104"
"13","10","5","15","15","35","3500000","263774","0.075364","17","29"
"11","10","5","15","15","74","7400000","351197","0.04745905405405405","3","5"
"14","10","5","15","15","16","1600000","154931","0.096831875","68","109"
"13","10","5","15","15","36","3600000","267620","0.07433888888888888","19","29"
"11","10","5","15","15","75","7500000","352075","0.04694333333333333","2","3"
"14","10","5","15","15","17","1700000","162650","0.0956764705882353","65","102"
"13","10","5","15","15","37","3700000","271220","0.0733027027027027","19","34"
"11","10","5","15","15","76","7600000","352932","0.04643842105263158","2","2"
"14","10","5","15","15","18","1800000","170162","0.09453444444444445","56","86"
"11","10","5","15","15","77","7700000","353547","0.045915194805194806","2","2"
"13","10","5","15","15","38","3800000","274649","0.07227605263157895","19","30"
"14","10","5","15","15","19","1900000","177901","0.09363210526315789","71","109"
"11","10","5","15","15","78","7800000","354069","0.045393461538461535","2","3"
"13","10","5","15","15","39","3900000","277985","0.07127820512820512","19","24"
"14","10","5","15","15","20","2000000","185132","0.092566","68","103"
"11","10","5","15","15","79","7900000","354506","0.044874177215189874","2","2"
"13","10","5","15","15","40","4000000","281086","0.0702715","15","25"
"14","10","5","15","15","21","2100000","192090","0.09147142857142856","56","76"
"11","10","5","15","15","80","8000000","354820","0.0443525","2","3"
"13","10","5","15","15","41","4100000","284140","0.06930243902439025","14","24"
"11","10","5","15","15","81","8100000","355212","0.043853333333333334","2","2"
"14","10","5","15","15","22","2200000","199251","0.09056863636363637","61","98"
"13","10","5","15","15","42","4200000","287161","0.06837166666666666","11","13"
"11","10","5","15","15","82","8200000","355595","0.043365243902439024","2","2"
"14","10","5","15","15","23","2300000","206570","0.08981304347826087","64","95"
"13","10","5","15","15","43","4300000","289666","0.06736418604651163","11","15"
"11","10","5","15","15","83","8300000","356020","0.042893975903614455","2","3"
"14","10","5","15","15","24","2400000","213534","0.0889725","58","92"
"13","10","5","15","15","44","4400000","292262","0.06642318181818181","12","20"
"11","10","5","15","15","84","8400000","356417","0.04243059523809524","2","3"
"14","10","5","15","15","25","2500000","220122","0.0880488","44","76"
"13","10","5","15","15","45","4500000","294939","0.065542","12","17"
"11","10","5","15","15","85","8500000","356437","0.04193376470588235","1","1"
"15","10","5","15","15","0","0","0","0","896","900"
"13","10","5","15","15","46","4600000","297578","0.06469086956521738","12","15"
"14","10","5","15","15","26","2600000","226399","0.08707653846153846","62","83"
"15","10","5","15","15","1","100000","8717","0.08717","449","472"
"13","10","5","15","15","47","4700000","300468","0.06392936170212767","12","14"
"14","10","5","15","15","27","2700000","232739","0.08619962962962963","46","74"
"15","10","5","15","15","2","200000","19798","0.09899","320","363"
"13","10","5","15","15","48","4800000","302725","0.06306770833333333","11","13"
"14","10","5","15","15","28","2800000","238920","0.08532857142857143","49","80"
"15","10","5","15","15","3","300000","31010","0.10336666666666666","233","275"
"13","10","5","15","15","49","4900000","305053","0.06225571428571428","11","17"
"14","10","5","15","15","29","2900000","244894","0.08444620689655172","42","67"
"15","10","5","15","15","4","400000","41411","0.1035275","185","230"
"13","10","5","15","15","50","5000000","307177","0.0614354","10","11"
"14","10","5","15","15","30","3000000","250930","0.08364333333333333","42","74"
"13","10","5","15","15","51","5100000","309598","0.06070549019607843","10","15"
"15","10","5","15","15","5","500000","51616","0.103232","160","219"
"14","10","5","15","15","31","3100000","257377","0.08302483870967742","42","78"
"13","10","5","15","15","52","5200000","311800","0.05996153846153846","11","19"
"15","10","5","15","15","6","600000","61486","0.10247666666666666","116","158"
"14","10","5","15","15","32","3200000","263550","0.082359375","35","58"
"13","10","5","15","15","53","5300000","313957","0.05923716981132075","11","20"
"15","10","5","15","15","7","700000","70624","0.10089142857142858","121","168"
"14","10","5","15","15","33","3300000","269399","0.0816360606060606","34","55"
"13","10","5","15","15","54","5400000","316082","0.058533703703703706","10","11"
"15","10","5","15","15","8","800000","79399","0.09924875","94","147"
"14","10","5","15","15","34","3400000","275279","0.08096441176470588","34","51"
"13","10","5","15","15","55","5500000","318323","0.05787690909090909","11","16"
"15","10","5","15","15","9","900000","87170","0.09685555555555556","95","136"
"14","10","5","15","15","35","3500000","281099","0.080314","33","54"
"13","10","5","15","15","56","5600000","320409","0.057215892857142854","11","11"
"15","10","5","15","15","10","1000000","94766","0.094766","83","119"
"14","10","5","15","15","36","3600000","286801","0.07966694444444444","27","49"
"13","10","5","15","15","57","5700000","322627","0.05660122807017544","11","20"
"15","10","5","15","15","11","1100000","101799","0.09254454545454545","80","113"
"14","10","5","15","15","37","3700000","292062","0.07893567567567568","25","49"
"13","10","5","15","15","58","5800000","324626","0.05597","11","13"
"15","10","5","15","15","12","1200000","108552","0.09046","74","99"
"14","10","5","15","15","38","3800000","297392","0.07826105263157895","25","53"
"13","10","5","15","15","59","5900000","326822","0.0553935593220339","11","15"
"15","10","5","15","15","13","1300000","115083","0.08852538461538462","73","104"
"14","10","5","15","15","39","3900000","302154","0.07747538461538461","19","45"
"13","10","5","15","15","60","6000000","329023","0.054837166666666666","11","13"
"15","10","5","15","15","14","1400000","120930","0.08637857142857143","48","73"
"14","10","5","15","15","40","4000000","307037","0.07675925","27","43"
"13","10","5","15","15","61","6100000","331388","0.05432590163934426","11","19"
"15","10","5","15","15","15","1500000","126393","0.084262","55","80"
"14","10","5","15","15","41","4100000","312115","0.07612560975609756","24","42"
"13","10","5","15","15","62","6200000","333735","0.053828225806451614","11","13"
"15","10","5","15","15","16","1600000","131692","0.0823075","47","75"
"14","10","5","15","15","42","4200000","317519","0.0755997619047619","23","36"
"13","10","5","15","15","63","6300000","336267","0.05337571428571428","11","14"
"15","10","5","15","15","17","1700000","136829","0.08048764705882352","50","70"
"14","10","5","15","15","43","4300000","321884","0.07485674418604651","20","32"
"13","10","5","15","15","64","6400000","338526","0.0528946875","10","10"
"15","10","5","15","15","18","1800000","142141","0.07896722222222222","44","66"
"14","10","5","15","15","44","4400000","326107","0.07411522727272728","19","33"
"13","10","5","15","15","65","6500000","340665","0.05241","11","15"
"15","10","5","15","15","19","1900000","146984","0.07736","45","67"
"14","10","5","15","15","45","4500000","330420","0.07342666666666667","15","31"
"13","10","5","15","15","66","6600000","343015","0.0519719696969697","10","14"
"15","10","5","15","15","20","2000000","151678","0.075839","40","54"
"14","10","5","15","15","46","4600000","334811","0.072785","17","31"
"13","10","5","15","15","67","6700000","345036","0.0514979104477612","9","9"
"15","10","5","15","15","21","2100000","156536","0.07454095238095237","36","59"
"14","10","5","15","15","47","4700000","338650","0.0720531914893617","19","29"
"13","10","5","15","15","68","6800000","347064","0.05103882352941176","9","11"
"15","10","5","15","15","22","2200000","161114","0.07323363636363636","34","55"
"13","10","5","15","15","69","6900000","349018","0.05058231884057971","9","10"
"14","10","5","15","15","48","4800000","342052","0.07126083333333333","18","38"
"15","10","5","15","15","23","2300000","165931","0.07214391304347827","37","56"
"13","10","5","15","15","70","7000000","350774","0.05011057142857143","9","12"
"14","10","5","15","15","49","4900000","345500","0.07051020408163265","18","32"
"13","10","5","15","15","71","7100000","352806","0.04969098591549296","9","12"
"15","10","5","15","15","24","2400000","170353","0.07098041666666667","33","56"
"14","10","5","15","15","50","5000000","348960","0.069792","16","36"
"13","10","5","15","15","72","7200000","354928","0.04929555555555556","9","9"
"15","10","5","15","15","25","2500000","174862","0.0699448","32","53"
"14","10","5","15","15","51","5100000","352437","0.06910529411764706","16","34"
"13","10","5","15","15","73","7300000","357255","0.04893904109589041","10","12"
"14","10","5","15","15","52","5200000","356053","0.06847173076923077","13","21"
"15","10","5","15","15","26","2600000","179403","0.06900115384615385","29","55"
"13","10","5","15","15","74","7400000","359326","0.048557567567567565","9","12"
"14","10","5","15","15","53","5300000","359189","0.06777150943396226","16","28"
"15","10","5","15","15","27","2700000","183807","0.06807666666666666","29","44"
"13","10","5","15","15","75","7500000","361209","0.0481612","9","10"
"14","10","5","15","15","54","5400000","362497","0.06712907407407408","14","30"
"15","10","5","15","15","28","2800000","187677","0.0670275","29","43"
"13","10","5","15","15","76","7600000","363106","0.04777710526315789","9","10"
"14","10","5","15","15","55","5500000","365399","0.06643618181818182","11","21"
"15","10","5","15","15","29","2900000","191398","0.06599931034482759","26","39"
"13","10","5","15","15","77","7700000","365094","0.0474148051948052","9","11"
"14","10","5","15","15","56","5600000","368310","0.06576964285714286","12","20"
"15","10","5","15","15","30","3000000","195273","0.065091","33","48"
"13","10","5","15","15","78","7800000","367053","0.047058076923076925","9","11"
"14","10","5","15","15","57","5700000","371144","0.06511298245614035","12","17"
"15","10","5","15","15","31","3100000","198760","0.06411612903225807","31","55"
"13","10","5","15","15","79","7900000","368807","0.04668443037974684","9","10"
"14","10","5","15","15","58","5800000","373910","0.06446724137931034","12","22"
"15","10","5","15","15","32","3200000","202504","0.0632825","30","51"
"13","10","5","15","15","80","8000000","370452","0.0463065","9","10"
"14","10","5","15","15","59","5900000","376447","0.06380457627118644","10","13"
"15","10","5","15","15","33","3300000","205924","0.06240121212121212","26","39"
"13","10","5","15","15","81","8100000","371982","0.0459237037037037","9","13"
"14","10","5","15","15","60","6000000","378557","0.06309283333333333","10","13"
"15","10","5","15","15","34","3400000","209371","0.06157970588235294","28","41"
"13","10","5","15","15","82","8200000","373650","0.045567073170731706","9","10"
"14","10","5","15","15","61","6100000","380578","0.06238983606557377","10","16"
"15","10","5","15","15","35","3500000","212568","0.06073371428571429","27","40"
"13","10","5","15","15","83","8300000","375383","0.04522686746987952","9","10"
"14","10","5","15","15","62","6200000","382214","0.06164741935483871","8","12"
"15","10","5","15","15","36","3600000","216311","0.06008638888888889","31","46"
"13","10","5","15","15","84","8400000","376779","0.04485464285714286","9","11"
"14","10","5","15","15","63","6300000","383905","0.06093730158730159","8","11"
"15","10","5","15","15","37","3700000","219734","0.059387567567567565","25","36"
"13","10","5","15","15","85","8500000","378117","0.04448435294117647","9","13"
"14","10","5","15","15","64","6400000","385418","0.0602215625","8","10"
"15","10","5","15","15","38","3800000","223322","0.05876894736842105","26","39"
"13","10","5","15","15","86","8600000","379254","0.044099302325581395","9","11"
"14","10","5","15","15","65","6500000","386920","0.05952615384615385","8","9"
"15","10","5","15","15","39","3900000","226959","0.058194615384615386","27","37"
"13","10","5","15","15","87","8700000","380356","0.04371908045977012","9","15"
"14","10","5","15","15","66","6600000","388290","0.05883181818181818","8","8"
"15","10","5","15","15","40","4000000","230626","0.0576565","26","33"
"13","10","5","15","15","88","8800000","381019","0.043297613636363634","8","10"
"14","10","5","15","15","67","6700000","389764","0.05817373134328358","9","11"
"15","10","5","15","15","41","4100000","234113","0.057100731707317075","25","41"
"13","10","5","15","15","89","8900000","381440","0.042858426966292135","8","9"
"14","10","5","15","15","68","6800000","390947","0.05749220588235294","7","9"
"15","10","5","15","15","42","4200000","237381","0.056519285714285716","26","40"
"13","10","5","15","15","90","9000000","381468","0.04238533333333333","7","7"
"16","10","5","15","15","0","0","0","0","896","900"
"14","10","5","15","15","69","6900000","392154","0.05683391304347826","7","11"
"15","10","5","15","15","43","4300000","240550","0.05594186046511628","26","39"
"16","10","5","15","15","1","100000","8814","0.08814","439","465"
"14","10","5","15","15","70","7000000","393221","0.05617442857142857","7","7"
"15","10","5","15","15","44","4400000","244004","0.055455454545454544","28","39"
"14","10","5","15","15","71","7100000","394323","0.055538450704225355","7","9"
"16","10","5","15","15","2","200000","19640","0.0982","311","355"
"15","10","5","15","15","45","4500000","247330","0.054962222222222225","23","31"
"14","10","5","15","15","72","7200000","395438","0.05492194444444445","7","10"
"16","10","5","15","15","3","300000","31276","0.10425333333333334","274","334"
"15","10","5","15","15","46","4600000","250938","0.05455173913043478","25","37"
"14","10","5","15","15","73","7300000","396468","0.05431068493150685","7","8"
"16","10","5","15","15","4","400000","43562","0.108905","231","294"
"15","10","5","15","15","47","4700000","254274","0.05410085106382979","25","38"
"14","10","5","15","15","74","7400000","397444","0.053708648648648646","7","7"
"16","10","5","15","15","5","500000","55130","0.11026","172","225"
"15","10","5","15","15","48","4800000","257583","0.053663125","24","29"
"14","10","5","15","15","75","7500000","398472","0.0531296","7","7"
"15","10","5","15","15","49","4900000","260782","0.05322081632653061","22","29"
"16","10","5","15","15","6","600000","66133","0.11022166666666666","151","207"
"14","10","5","15","15","76","7600000","399466","0.052561315789473685","7","7"
"15","10","5","15","15","50","5000000","263572","0.0527144","22","26"
"16","10","5","15","15","7","700000","77332","0.11047428571428572","140","190"
"14","10","5","15","15","77","7700000","400381","0.05199753246753247","7","7"
"15","10","5","15","15","51","5100000","266113","0.05217901960784314","21","31"
"14","10","5","15","15","78","7800000","401364","0.051456923076923074","7","9"
"16","10","5","15","15","8","800000","87243","0.10905375","103","145"
"15","10","5","15","15","52","5200000","268912","0.05171384615384615","21","30"
"14","10","5","15","15","79","7900000","402290","0.05092278481012658","7","7"
"16","10","5","15","15","9","900000","95811","0.10645666666666667","82","118"
"15","10","5","15","15","53","5300000","271485","0.051223584905660376","21","25"
"14","10","5","15","15","80","8000000","403350","0.05041875","7","8"
"16","10","5","15","15","10","1000000","103996","0.103996","87","145"
"15","10","5","15","15","54","5400000","273800","0.0507037037037037","20","24"
"14","10","5","15","15","81","8100000","404467","0.0499341975308642","7","9"
"16","10","5","15","15","11","1100000","111598","0.10145272727272728","75","114"
"15","10","5","15","15","55","5500000","276052","0.05019127272727273","21","25"
"14","10","5","15","15","82","8200000","405507","0.049452073170731706","7","10"
"16","10","5","15","15","12","1200000","118512","0.09876","70","99"
"15","10","5","15","15","56","5600000","278247","0.049686964285714286","19","23"
"14","10","5","15","15","83","8300000","406492","0.04897493975903614","7","10"
"16","10","5","15","15","13","1300000","125252","0.0963476923076923","61","96"
"15","10","5","15","15","57","5700000","280272","0.04917052631578948","20","25"
"14","10","5","15","15","84","8400000","407660","0.04853095238095238","7","8"
"15","10","5","15","15","58","5800000","282230","0.04866034482758621","19","22"
"16","10","5","15","15","14","1400000","131624","0.09401714285714285","61","95"
"14","10","5","15","15","85","8500000","408679","0.048079882352941174","7","9"
"15","10","5","15","15","59","5900000","284097","0.04815203389830509","19","22"
"16","10","5","15","15","15","1500000","137612","0.09174133333333333","55","78"
"14","10","5","15","15","86","8600000","409806","0.047651860465116276","7","8"
"15","10","5","15","15","60","6000000","286074","0.047679","19","19"
"14","10","5","15","15","87","8700000","410936","0.04723402298850575","7","9"
"16","10","5","15","15","16","1600000","143494","0.08968375","65","91"
"15","10","5","15","15","61","6100000","287904","0.047197377049180325","19","24"
"14","10","5","15","15","88","8800000","411987","0.04681670454545454","7","8"
"16","10","5","15","15","17","1700000","149209","0.08777","52","82"
"15","10","5","15","15","62","6200000","289856","0.04675096774193548","19","21"
"14","10","5","15","15","89","8900000","413035","0.04640842696629213","7","9"
"16","10","5","15","15","18","1800000","155045","0.08613611111111111","48","80"
"15","10","5","15","15","63","6300000","291618","0.04628857142857143","18","21"
"14","10","5","15","15","90","9000000","414262","0.04602911111111111","7","8"
"16","10","5","15","15","19","1900000","159597","0.08399842105263158","30","49"
"15","10","5","15","15","64","6400000","293815","0.04590859375","18","23"
"14","10","5","15","15","91","9100000","415188","0.04562505494505494","7","8"
"16","10","5","15","15","20","2000000","163430","0.081715","35","61"
"15","10","5","15","15","65","6500000","296003","0.045538923076923074","18","24"
"14","10","5","15","15","92","9200000","416091","0.04522728260869565","7","7"
"16","10","5","15","15","21","2100000","168129","0.08006142857142858","31","50"
"15","10","5","15","15","66","6600000","297929","0.04514075757575758","28","36"
"14","10","5","15","15","93","9300000","417154","0.0448552688172043","7","8"
"16","10","5","15","15","22","2200000","172677","0.07848954545454545","35","61"
"15","10","5","15","15","67","6700000","299861","0.044755373134328355","19","21"
"14","10","5","15","15","94","9400000","418385","0.04450904255319149","7","10"
"16","10","5","15","15","23","2300000","177840","0.07732173913043479","43","71"
"15","10","5","15","15","68","6800000","301380","0.04432058823529412","17","21"
"14","10","5","15","15","95","9500000","419395","0.04414684210526316","7","7"
"16","10","5","15","15","24","2400000","183540","0.076475","52","68"
"15","10","5","15","15","69","6900000","302703","0.04387","17","18"
"14","10","5","15","15","96","9600000","420345","0.0437859375","7","10"
"15","10","5","15","15","70","7000000","303809","0.04340128571428571","15","16"
"16","10","5","15","15","25","2500000","188823","0.0755292","36","68"
"14","10","5","15","15","97","9700000","421270","0.04342989690721649","7","7"
"15","10","5","15","15","71","7100000","304905","0.0429443661971831","15","16"
"14","10","5","15","15","98","9800000","422333","0.04309520408163265","7","11"
"16","10","5","15","15","26","2600000","194059","0.07463807692307692","40","65"
"15","10","5","15","15","72","7200000","305994","0.042499166666666664","15","16"
"14","10","5","15","15","99","9900000","423391","0.042766767676767674","7","8"
"16","10","5","15","15","27","2700000","198975","0.07369444444444445","33","63"
"15","10","5","15","15","73","7300000","307176","0.04207890410958904","15","17"
"14","10","5","15","15","100","10000000","424411","0.0424411","7","7"
"16","10","5","15","15","28","2800000","203905","0.07282321428571428","37","60"
"15","10","5","15","15","74","7400000","308241","0.041654189189189186","15","17"
"14","10","5","15","15","101","10100000","425320","0.04211089108910891","7","8"
"16","10","5","15","15","29","2900000","208872","0.0720248275862069","45","70"
"15","10","5","15","15","75","7500000","309377","0.04125026666666667","15","18"
"14","10","5","15","15","102","10200000","426289","0.04179303921568627","7","8"
"16","10","5","15","15","30","3000000","213250","0.07108333333333333","38","64"
"15","10","5","15","15","76","7600000","310400","0.040842105263157895","15","19"
"14","10","5","15","15","103","10300000","427358","0.04149106796116505","7","9"
"16","10","5","15","15","31","3100000","218185","0.07038225806451613","44","63"
"15","10","5","15","15","77","7700000","311522","0.040457402597402596","15","16"
"14","10","5","15","15","104","10400000","428361","0.04118855769230769","7","8"
"16","10","5","15","15","32","3200000","223205","0.0697515625","43","62"
"15","10","5","15","15","78","7800000","312560","0.04007179487179487","15","15"
"14","10","5","15","15","105","10500000","429411","0.04089628571428571","7","8"
"16","10","5","15","15","33","3300000","228723","0.06931","44","70"
"15","10","5","15","15","79","7900000","313654","0.039703037974683546","15","16"
"14","10","5","15","15","106","10600000","430510","0.040614150943396224","7","8"
"15","10","5","15","15","80","8000000","314606","0.03932575","15","16"
"16","10","5","15","15","34","3400000","234754","0.06904529411764705","51","86"
"14","10","5","15","15","107","10700000","431684","0.04034429906542056","7","9"
"15","10","5","15","15","81","8100000","315620","0.038965432098765435","15","16"
"16","10","5","15","15","35","3500000","240459","0.06870257142857143","46","70"
"14","10","5","15","15","108","10800000","432907","0.040083981481481484","7","8"
"15","10","5","15","15","82","8200000","316595","0.03860914634146342","15","15"
"14","10","5","15","15","109","10900000","433926","0.0398097247706422","7","7"
"16","10","5","15","15","36","3600000","246018","0.06833833333333333","40","62"
"15","10","5","15","15","83","8300000","317638","0.03826963855421687","14","16"
"14","10","5","15","15","110","11000000","434849","0.039531727272727274","7","9"
"16","10","5","15","15","37","3700000","251118","0.06786972972972972","48","66"
"15","10","5","15","15","84","8400000","318360","0.0379","14","16"
"14","10","5","15","15","111","11100000","435927","0.0392727027027027","7","8"
"16","10","5","15","15","38","3800000","256452","0.06748736842105263","40","59"
"15","10","5","15","15","85","8500000","319139","0.037545764705882355","14","18"
"14","10","5","15","15","112","11200000","437045","0.039021875","7","9"
"16","10","5","15","15","39","3900000","261288","0.06699692307692308","41","50"
"15","10","5","15","15","86","8600000","320060","0.03721627906976744","14","16"
"14","10","5","15","15","113","11300000","438095","0.038769469026548674","7","9"
"16","10","5","15","15","40","4000000","265954","0.0664885","39","64"
"15","10","5","15","15","87","8700000","320997","0.03689620689655172","14","15"
"14","10","5","15","15","114","11400000","439258","0.03853140350877193","7","10"
"16","10","5","15","15","41","4100000","271081","0.06611731707317073","32","61"
"15","10","5","15","15","88","8800000","321835","0.03657215909090909","14","15"
"14","10","5","15","15","115","11500000","440307","0.0382875652173913","7","7"
"16","10","5","15","15","42","4200000","275842","0.06567666666666666","34","66"
"15","10","5","15","15","89","8900000","322728","0.03626157303370787","14","15"
"14","10","5","15","15","116","11600000","441364","0.03804862068965517","7","9"
"15","10","5","15","15","90","9000000","323452","0.03593911111111111","14","14"
"16","10","5","15","15","43","4300000","280672","0.06527255813953488","36","68"
"14","10","5","15","15","117","11700000","442380","0.03781025641025641","7","9"
"15","10","5","15","15","91","9100000","324251","0.035631978021978025","14","15"
"16","10","5","15","15","44","4400000","285512","0.06488909090909091","31","55"
"14","10","5","15","15","118","11800000","443378","0.037574406779661014","7","7"
"15","10","5","15","15","92","9200000","325010","0.03532717391304348","14","16"
"16","10","5","15","15","45","4500000","290256","0.06450133333333333","35","56"
"14","10","5","15","15","119","11900000","444248","0.037331764705882356","7","7"
"15","10","5","15","15","93","9300000","325796","0.035031827956989246","14","15"
"14","10","5","15","15","120","12000000","445187","0.03709891666666667","7","8"
"16","10","5","15","15","46","4600000","294249","0.06396717391304348","34","52"
"15","10","5","15","15","94","9400000","326657","0.03475074468085106","14","16"
"14","10","5","15","15","121","12100000","446189","0.03687512396694215","7","8"
"16","10","5","15","15","47","4700000","298048","0.06341446808510638","30","57"
"15","10","5","15","15","95","9500000","327488","0.034472421052631576","14","14"
"14","10","5","15","15","122","12200000","447642","0.036691967213114754","7","8"
"16","10","5","15","15","48","4800000","301940","0.06290416666666666","29","48"
"15","10","5","15","15","96","9600000","328293","0.0341971875","14","14"
"14","10","5","15","15","123","12300000","448748","0.036483577235772356","7","9"
"16","10","5","15","15","49","4900000","306221","0.06249408163265306","33","57"
"15","10","5","15","15","97","9700000","328945","0.033911855670103096","14","14"
"14","10","5","15","15","124","12400000","450043","0.03629379032258064","7","7"
"16","10","5","15","15","50","5000000","310498","0.0620996","30","52"
"15","10","5","15","15","98","9800000","329748","0.033647755102040815","14","15"
"14","10","5","15","15","125","12500000","451091","0.03608728","7","8"
"16","10","5","15","15","51","5100000","314846","0.06173450980392157","33","50"
"15","10","5","15","15","99","9900000","330456","0.03337939393939394","14","18"
"14","10","5","15","15","126","12600000","452159","0.03588563492063492","7","7"
"16","10","5","15","15","52","5200000","319300","0.061403846153846156","32","51"
"15","10","5","15","15","100","10000000","331256","0.0331256","14","15"
"14","10","5","15","15","127","12700000","453243","0.03568842519685039","7","9"
"16","10","5","15","15","53","5300000","323937","0.061120188679245284","29","55"
"15","10","5","15","15","101","10100000","332132","0.032884356435643566","14","14"
"14","10","5","15","15","128","12800000","454310","0.03549296875","7","7"
"16","10","5","15","15","54","5400000","328840","0.060896296296296296","31","58"
"15","10","5","15","15","102","10200000","333017","0.03264872549019608","14","14"
"14","10","5","15","15","129","12900000","455297","0.03529434108527132","7","9"
"15","10","5","15","15","103","10300000","333815","0.032409223300970874","14","15"
"16","10","5","15","15","55","5500000","333656","0.06066472727272727","27","47"
"14","10","5","15","15","130","13000000","456441","0.03511084615384615","7","9"
"15","10","5","15","15","104","10400000","334659","0.03217875","14","15"
"16","10","5","15","15","56","5600000","338086","0.0603725","24","50"
"14","10","5","15","15","131","13100000","457428","0.0349181679389313","7","9"
"15","10","5","15","15","105","10500000","335470","0.03194952380952381","14","14"
"16","10","5","15","15","57","5700000","342679","0.06011912280701755","24","39"
"14","10","5","15","15","132","13200000","458489","0.034734015151515155","7","8"
"15","10","5","15","15","106","10600000","336308","0.03172716981132075","14","21"
"16","10","5","15","15","58","5800000","346903","0.05981086206896552","24","36"
"14","10","5","15","15","133","13300000","459558","0.03455323308270677","7","7"
"15","10","5","15","15","107","10700000","337265","0.031520093457943925","14","15"
"14","10","5","15","15","134","13400000","460668","0.03437820895522388","7","7"
"16","10","5","15","15","59","5900000","351171","0.059520508474576274","22","43"
"15","10","5","15","15","108","10800000","338404","0.031333703703703704","14","17"
"14","10","5","15","15","135","13500000","461939","0.0342177037037037","7","7"
"16","10","5","15","15","60","6000000","355123","0.059187166666666666","22","37"
"15","10","5","15","15","109","10900000","339449","0.03114211009174312","14","18"
"14","10","5","15","15","136","13600000","463152","0.03405529411764706","7","9"
"16","10","5","15","15","61","6100000","359147","0.05887655737704918","24","42"
"15","10","5","15","15","110","11000000","340500","0.030954545454545453","14","17"
"14","10","5","15","15","137","13700000","464326","0.03389240875912409","7","8"
"16","10","5","15","15","62","6200000","363316","0.05859935483870968","22","39"
"15","10","5","15","15","111","11100000","341434","0.03075981981981982","13","16"
"14","10","5","15","15","138","13800000","465629","0.03374123188405797","7","7"
"16","10","5","15","15","63","6300000","366700","0.058206349206349206","18","29"
"15","10","5","15","15","112","11200000","342278","0.030560535714285714","13","15"
"14","10","5","15","15","139","13900000","466611","0.03356913669064748","7","7"
"16","10","5","15","15","64","6400000","369643","0.05775671875","16","31"
"15","10","5","15","15","113","11300000","342948","0.03034938053097345","13","17"
"14","10","5","15","15","140","14000000","467613","0.033400928571428574","7","9"
"16","10","5","15","15","65","6500000","372169","0.05725676923076923","14","24"
"15","10","5","15","15","114","11400000","343417","0.030124298245614037","13","14"
"14","10","5","15","15","141","14100000","468662","0.03323843971631206","7","7"
"16","10","5","15","15","66","6600000","374414","0.05672939393939394","15","25"
"15","10","5","15","15","115","11500000","343856","0.029900521739130433","13","13"
"14","10","5","15","15","142","14200000","469547","0.03306669014084507","7","7"
"15","10","5","15","15","116","11600000","344284","0.029679655172413794","13","13"
"16","10","5","15","15","67","6700000","376534","0.05619910447761194","15","22"
"14","10","5","15","15","143","14300000","470600","0.03290909090909091","7","8"
"15","10","5","15","15","117","11700000","344940","0.02948205128205128","13","16"
"16","10","5","15","15","68","6800000","378618","0.05567911764705882","11","17"
"14","10","5","15","15","144","14400000","471704","0.03275722222222222","7","9"
"15","10","5","15","15","118","11800000","345399","0.029271101694915255","13","13"
"16","10","5","15","15","69","6900000","380199","0.055101304347826084","11","14"
"14","10","5","15","15","145","14500000","472657","0.03259703448275862","7","8"
"15","10","5","15","15","119","11900000","345636","0.029045042016806723","13","13"
"16","10","5","15","15","70","7000000","381496","0.054499428571428574","9","10"
"14","10","5","15","15","146","14600000","473544","0.032434520547945205","7","10"
"15","10","5","15","15","120","12000000","345650","0.028804166666666665","12","12"
"17","10","5","15","15","0","0","0","0","896","900"
"16","10","5","15","15","71","7100000","382746","0.053907887323943665","10","11"
"14","10","5","15","15","147","14700000","474558","0.03228285714285714","7","9"
"17","10","5","15","15","1","100000","8095","0.08095","459","482"
"16","10","5","15","15","72","7200000","384031","0.053337638888888886","9","11"
"14","10","5","15","15","148","14800000","475618","0.03213635135135135","7","8"
"17","10","5","15","15","2","200000","18462","0.09231","345","378"
"16","10","5","15","15","73","7300000","385284","0.052778630136986304","9","13"
"14","10","5","15","15","149","14900000","476547","0.031983020134228185","7","8"
"16","10","5","15","15","74","7400000","386552","0.05223675675675676","10","18"
"17","10","5","15","15","3","300000","30281","0.10093666666666666","304","351"
"14","10","5","15","15","150","15000000","477629","0.031841933333333336","7","9"
"16","10","5","15","15","75","7500000","387748","0.05169973333333333","9","10"
"17","10","5","15","15","4","400000","43104","0.10776","234","290"
"14","10","5","15","15","151","15100000","478653","0.03169887417218543","7","8"
"16","10","5","15","15","76","7600000","388898","0.05117078947368421","9","15"
"14","10","5","15","15","152","15200000","479617","0.03155375","7","8"
"17","10","5","15","15","5","500000","54448","0.108896","174","226"
"16","10","5","15","15","77","7700000","390143","0.050667922077922076","10","12"
"14","10","5","15","15","153","15300000","480495","0.03140490196078431","7","10"
"17","10","5","15","15","6","600000","64280","0.10713333333333333","150","192"
"16","10","5","15","15","78","7800000","391107","0.05014192307692308","9","10"
"14","10","5","15","15","154","15400000","481325","0.03125487012987013","7","7"
"17","10","5","15","15","7","700000","73773","0.10539","135","184"
"16","10","5","15","15","79","7900000","391991","0.049619113924050634","9","9"
"14","10","5","15","15","155","15500000","482293","0.03111567741935484","7","8"
"17","10","5","15","15","8","800000","82686","0.1033575","122","171"
"16","10","5","15","15","80","8000000","393017","0.049127125","9","10"
"14","10","5","15","15","156","15600000","483200","0.030974358974358976","7","9"
"17","10","5","15","15","9","900000","91263","0.10140333333333333","114","160"
"16","10","5","15","15","81","8100000","393932","0.04863358024691358","9","10"
"14","10","5","15","15","157","15700000","484179","0.030839426751592357","7","7"
"17","10","5","15","15","10","1000000","99677","0.099677","99","138"
"14","10","5","15","15","158","15800000","485211","0.030709556962025316","7","9"
"16","10","5","15","15","82","8200000","394782","0.04814414634146341","8","11"
"17","10","5","15","15","11","1100000","107494","0.09772181818181819","78","109"
"14","10","5","15","15","159","15900000","486352","0.03058817610062893","7","8"
"16","10","5","15","15","83","8300000","395548","0.047656385542168674","8","8"
"17","10","5","15","15","12","1200000","115525","0.09627083333333333","75","113"
"14","10","5","15","15","160","16000000","487334","0.030458375","7","8"
"16","10","5","15","15","84","8400000","396286","0.04717690476190476","8","8"
"14","10","5","15","15","161","16100000","488360","0.030332919254658385","7","7"
"16","10","5","15","15","85","8500000","396992","0.04670494117647059","8","9"
"17","10","5","15","15","13","1300000","123220","0.09478461538461538","79","134"
"14","10","5","15","15","162","16200000","489364","0.030207654320987654","7","9"
"16","10","5","15","15","86","8600000","397809","0.046256860465116276","8","8"
"17","10","5","15","15","14","1400000","131535","0.09395357142857143","83","120"
"14","10","5","15","15","163","16300000","490346","0.030082576687116565","7","8"
"16","10","5","15","15","87","8700000","398571","0.045812758620689654","8","9"
"17","10","5","15","15","15","1500000","139201","0.09280066666666667","82","111"
"14","10","5","15","15","164","16400000","491577","0.02997420731707317","7","10"
"16","10","5","15","15","88","8800000","399379","0.04538397727272727","8","8"
"17","10","5","15","15","16","1600000","146635","0.091646875","69","100"
"14","10","5","15","15","165","16500000","492694","0.029860242424242425","7","7"
"16","10","5","15","15","89","8900000","400026","0.04494674157303371","8","9"
"17","10","5","15","15","17","1700000","153841","0.09049470588235294","64","90"
"14","10","5","15","15","166","16600000","493714","0.029741807228915663","7","8"
"16","10","5","15","15","90","9000000","400728","0.04452533333333333","8","8"
"17","10","5","15","15","18","1800000","160560","0.0892","54","80"
"14","10","5","15","15","167","16700000","494779","0.02962748502994012","7","9"
"16","10","5","15","15","91","9100000","401521","0.04412318681318681","8","8"
"17","10","5","15","15","19","1900000","166796","0.08778736842105263","54","89"
"14","10","5","15","15","168","16800000","495817","0.029512916666666666","7","7"
"16","10","5","15","15","92","9200000","402236","0.04372130434782609","8","8"
"17","10","5","15","15","20","2000000","172466","0.086233","43","59"
"14","10","5","15","15","169","16900000","496944","0.029404970414201183","7","7"
"16","10","5","15","15","93","9300000","403203","0.04335516129032258","8","8"
"17","10","5","15","15","21","2100000","178347","0.08492714285714285","47","74"
"14","10","5","15","15","170","17000000","498036","0.029296235294117647","7","9"
"16","10","5","15","15","94","9400000","404055","0.0429845744680851","8","10"
"17","10","5","15","15","22","2200000","184373","0.0838059090909091","48","79"
"14","10","5","15","15","171","17100000","499101","0.02918719298245614","7","8"
"16","10","5","15","15","95","9500000","404789","0.04260936842105263","8","8"
"14","10","5","15","15","172","17200000","500173","0.02907982558139535","7","9"
"17","10","5","15","15","23","2300000","189820","0.0825304347826087","38","58"
"16","10","5","15","15","96","9600000","405528","0.0422425","8","8"
"14","10","5","15","15","173","17300000","501300","0.028976878612716764","7","9"
"17","10","5","15","15","24","2400000","195144","0.08131","37","67"
"16","10","5","15","15","97","9700000","406201","0.04187639175257732","8","9"
"14","10","5","15","15","174","17400000","502416","0.02887448275862069","7","8"
"17","10","5","15","15","25","2500000","200345","0.080138","43","83"
"16","10","5","15","15","98","9800000","406901","0.04152051020408163","8","8"
"14","10","5","15","15","175","17500000","503747","0.028785542857142857","7","9"
"16","10","5","15","15","99","9900000","407737","0.04118555555555556","8","10"
"17","10","5","15","15","26","2600000","205809","0.0791573076923077","40","62"
"14","10","5","15","15","176","17600000","505179","0.028703352272727273","7","9"
"16","10","5","15","15","100","10000000","408441","0.0408441","8","9"
"17","10","5","15","15","27","2700000","210561","0.07798555555555556","26","51"
"14","10","5","15","15","177","17700000","506323","0.028605819209039547","7","8"
"16","10","5","15","15","101","10100000","409045","0.04049950495049505","8","8"
"17","10","5","15","15","28","2800000","215108","0.07682428571428572","27","55"
"14","10","5","15","15","178","17800000","507371","0.028503988764044943","7","7"
"16","10","5","15","15","102","10200000","409580","0.04015490196078431","8","8"
"17","10","5","15","15","29","2900000","219387","0.07565068965517241","25","46"
"14","10","5","15","15","179","17900000","508470","0.028406145251396647","7","9"
"16","10","5","15","15","103","10300000","410083","0.039813883495145634","8","9"
"17","10","5","15","15","30","3000000","223618","0.07453933333333333","22","35"
"14","10","5","15","15","180","18000000","509553","0.0283085","7","8"
"16","10","5","15","15","104","10400000","410571","0.03947798076923077","8","8"
"17","10","5","15","15","31","3100000","227658","0.07343806451612903","23","40"
"14","10","5","15","15","181","18100000","510758","0.02821867403314917","7","9"
"16","10","5","15","15","105","10500000","410849","0.03912847619047619","8","8"
"17","10","5","15","15","32","3200000","231823","0.0724446875","21","37"
"14","10","5","15","15","182","18200000","511874","0.028124945054945054","7","9"
"16","10","5","15","15","106","10600000","410851","0.038759528301886795","7","7"
"18","10","5","15","15","0","0","0","0","896","900"
"17","10","5","15","15","33","3300000","235537","0.07137484848484849","22","34"
"14","10","5","15","15","183","18300000","512941","0.028029562841530055","7","7"
"18","10","5","15","15","1","100000","8794","0.08794","446","463"
"17","10","5","15","15","34","3400000","239274","0.07037470588235294","23","32"
"14","10","5","15","15","184","18400000","513875","0.02792798913043478","7","7"
"18","10","5","15","15","2","200000","19338","0.09669","305","331"
"17","10","5","15","15","35","3500000","242457","0.06927342857142857","22","34"
"14","10","5","15","15","185","18500000","514957","0.027835513513513512","7","7"
"18","10","5","15","15","3","300000","29822","0.09940666666666667","241","277"
"17","10","5","15","15","36","3600000","245459","0.06818305555555555","20","26"
"14","10","5","15","15","186","18600000","515939","0.027738655913978495","7","7"
"17","10","5","15","15","37","3700000","248157","0.06706945945945945","18","29"
"18","10","5","15","15","4","400000","40754","0.101885","219","252"
"14","10","5","15","15","187","18700000","516877","0.02764048128342246","7","9"
"17","10","5","15","15","38","3800000","250574","0.06594052631578948","17","26"
"14","10","5","15","15","188","18800000","517703","0.027537393617021278","7","8"
"18","10","5","15","15","5","500000","51422","0.102844","171","207"
"17","10","5","15","15","39","3900000","252946","0.06485794871794871","17","27"
"14","10","5","15","15","189","18900000","518850","0.027452380952380954","7","10"
"18","10","5","15","15","6","600000","61496","0.10249333333333334","167","222"
"17","10","5","15","15","40","4000000","255397","0.06384925","16","28"
"14","10","5","15","15","190","19000000","519852","0.02736063157894737","7","7"
"18","10","5","15","15","7","700000","71261","0.10180142857142857","134","187"
"17","10","5","15","15","41","4100000","257709","0.06285585365853659","16","18"
"14","10","5","15","15","191","19100000","520800","0.027267015706806282","7","9"
"18","10","5","15","15","8","800000","80646","0.1008075","130","171"
"17","10","5","15","15","42","4200000","259970","0.06189761904761905","15","19"
"14","10","5","15","15","192","19200000","521694","0.0271715625","7","8"
"18","10","5","15","15","9","900000","90404","0.1004488888888889","117","177"
"14","10","5","15","15","193","19300000","522621","0.02707880829015544","7","9"
"17","10","5","15","15","43","4300000","262128","0.06096","14","17"
"18","10","5","15","15","10","1000000","99583","0.099583","111","157"
"14","10","5","15","15","194","19400000","523629","0.026991185567010308","7","10"
"17","10","5","15","15","44","4400000","264399","0.06009068181818182","14","21"
"18","10","5","15","15","11","1100000","108782","0.09889272727272727","104","157"
"14","10","5","15","15","195","19500000","524677","0.02690651282051282","7","7"
"17","10","5","15","15","45","4500000","266808","0.059290666666666665","14","19"
"14","10","5","15","15","196","19600000","525841","0.026828622448979593","7","8"
"17","10","5","15","15","46","4600000","268725","0.058418478260869565","14","14"
"18","10","5","15","15","12","1200000","118211","0.09850916666666666","119","165"
"14","10","5","15","15","197","19700000","526863","0.026744314720812182","7","7"
"17","10","5","15","15","47","4700000","270775","0.05761170212765957","14","18"
"18","10","5","15","15","13","1300000","127572","0.0981323076923077","104","143"
"14","10","5","15","15","198","19800000","527795","0.02665631313131313","7","8"
"17","10","5","15","15","48","4800000","272831","0.05683979166666667","14","22"
"18","10","5","15","15","14","1400000","136459","0.09747071428571429","73","115"
"14","10","5","15","15","199","19900000","528915","0.026578643216080403","7","7"
"17","10","5","15","15","49","4900000","274966","0.056115510204081634","14","23"
"18","10","5","15","15","15","1500000","145112","0.09674133333333333","69","107"
"14","10","5","15","15","200","20000000","529970","0.0264985","7","7"
"17","10","5","15","15","50","5000000","277009","0.0554018","14","17"
"18","10","5","15","15","16","1600000","152731","0.095456875","60","85"
"14","10","5","15","15","201","20100000","530979","0.026416865671641792","7","8"
"17","10","5","15","15","51","5100000","278869","0.05468019607843137","14","18"
"18","10","5","15","15","17","1700000","159279","0.0936935294117647","52","76"
"14","10","5","15","15","202","20200000","531946","0.026333960396039604","7","11"
"17","10","5","15","15","52","5200000","280568","0.05395538461538461","13","17"
"18","10","5","15","15","18","1800000","164857","0.09158722222222222","51","81"
"14","10","5","15","15","203","20300000","532951","0.026253743842364532","7","11"
"17","10","5","15","15","53","5300000","282055","0.05321792452830189","13","14"
"18","10","5","15","15","19","1900000","170903","0.08994894736842106","51","72"
"14","10","5","15","15","204","20400000","534123","0.0261825","7","8"
"17","10","5","15","15","54","5400000","283392","0.05248","12","13"
"14","10","5","15","15","205","20500000","535070","0.026100975609756098","7","7"
"18","10","5","15","15","20","2000000","176532","0.088266","46","72"
"17","10","5","15","15","55","5500000","284643","0.051753272727272724","13","14"
"14","10","5","15","15","206","20600000","536300","0.026033980582524274","7","8"
"18","10","5","15","15","21","2100000","181746","0.08654571428571428","44","74"
"17","10","5","15","15","56","5600000","286039","0.05107839285714286","12","12"
"14","10","5","15","15","207","20700000","537326","0.025957777777777778","7","8"
"18","10","5","15","15","22","2200000","186790","0.08490454545454545","38","54"
"17","10","5","15","15","57","5700000","287423","0.050425087719298246","13","14"
"14","10","5","15","15","208","20800000","538506","0.02588971153846154","7","8"
"17","10","5","15","15","58","5800000","288655","0.04976810344827586","12","13"
"18","10","5","15","15","23","2300000","192073","0.08351","35","72"
"14","10","5","15","15","209","20900000","539581","0.025817272727272727","7","7"
"17","10","5","15","15","59","5900000","289853","0.04912762711864407","11","14"
"18","10","5","15","15","24","2400000","197254","0.08218916666666666","35","51"
"14","10","5","15","15","210","21000000","540703","0.025747761904761905","7","8"
"17","10","5","15","15","60","6000000","290841","0.0484735","11","13"
"18","10","5","15","15","25","2500000","202105","0.080842","33","50"
"14","10","5","15","15","211","21100000","542013","0.02568781990521327","7","10"
"17","10","5","15","15","61","6100000","291846","0.04784360655737705","11","15"
"18","10","5","15","15","26","2600000","206705","0.07950192307692308","32","54"
"14","10","5","15","15","212","21200000","543186","0.02562198113207547","7","7"
"17","10","5","15","15","62","6200000","293036","0.047263870967741935","11","12"
"18","10","5","15","15","27","2700000","211060","0.07817037037037038","30","47"
"14","10","5","15","15","213","21300000","544155","0.02554718309859155","7","7"
"17","10","5","15","15","63","6300000","294161","0.046692222222222225","11","13"
"18","10","5","15","15","28","2800000","215077","0.07681321428571429","31","44"
"14","10","5","15","15","214","21400000","545246","0.02547878504672897","7","8"
"17","10","5","15","15","64","6400000","295245","0.04613203125","11","12"
"18","10","5","15","15","29","2900000","218907","0.0754851724137931","26","50"
"14","10","5","15","15","215","21500000","546330","0.025410697674418604","7","7"
"17","10","5","15","15","65","6500000","296333","0.04558969230769231","11","12"
"18","10","5","15","15","30","3000000","222759","0.074253","22","38"
"14","10","5","15","15","216","21600000","547401","0.02534263888888889","7","8"
"17","10","5","15","15","66","6600000","297418","0.04506333333333333","11","11"
"18","10","5","15","15","31","3100000","226738","0.07314129032258064","25","35"
"14","10","5","15","15","217","21700000","548388","0.025271336405529955","7","10"
"17","10","5","15","15","67","6700000","298403","0.04453776119402985","16","16"
"18","10","5","15","15","32","3200000","230740","0.07210625","26","43"
"14","10","5","15","15","218","21800000","549441","0.025203715596330275","7","8"
"17","10","5","15","15","68","6800000","299513","0.044046029411764706","11","12"
"18","10","5","15","15","33","3300000","234740","0.07113333333333334","26","44"
"14","10","5","15","15","219","21900000","550258","0.025125936073059362","7","7"
"17","10","5","15","15","69","6900000","300508","0.043551884057971016","10","10"
"18","10","5","15","15","34","3400000","238269","0.07007911764705882","24","44"
"14","10","5","15","15","220","22000000","551214","0.025055181818181817","7","8"
"17","10","5","15","15","70","7000000","301443","0.043063285714285714","10","11"
"14","10","5","15","15","221","22100000","552373","0.024994253393665157","7","7"
"18","10","5","15","15","35","3500000","242131","0.06918028571428571","26","46"
"17","10","5","15","15","71","7100000","302389","0.04259","9","10"
"14","10","5","15","15","222","22200000","553444","0.02492990990990991","7","11"
"18","10","5","15","15","36","3600000","246135","0.06837083333333334","23","43"
"17","10","5","15","15","72","7200000","303287","0.04212319444444444","9","11"
"14","10","5","15","15","223","22300000","554528","0.024866726457399103","7","7"
"18","10","5","15","15","37","3700000","250202","0.06762216216216216","23","41"
"17","10","5","15","15","73","7300000","304243","0.04167712328767123","9","9"
"14","10","5","15","15","224","22400000","555538","0.02480080357142857","7","9"
"18","10","5","15","15","38","3800000","254195","0.06689342105263157","25","37"
"17","10","5","15","15","74","7400000","305168","0.04123891891891892","9","9"
"14","10","5","15","15","225","22500000","556673","0.02474102222222222","7","10"
"18","10","5","15","15","39","3900000","258173","0.06619820512820512","22","38"
"17","10","5","15","15","75","7500000","306168","0.0408224","9","10"
"14","10","5","15","15","226","22600000","557908","0.024686194690265485","7","8"
"18","10","5","15","15","40","4000000","262044","0.065511","20","36"
"17","10","5","15","15","76","7600000","307238","0.040426052631578946","9","13"
"14","10","5","15","15","227","22700000","558993","0.0246252422907489","7","12"
"17","10","5","15","15","77","7700000","308446","0.04005792207792208","9","11"
"18","10","5","15","15","41","4100000","265989","0.06487536585365854","20","37"
"14","10","5","15","15","228","22800000","560017","0.024562149122807016","7","8"
"17","10","5","15","15","78","7800000","309830","0.03972179487179487","9","10"
"18","10","5","15","15","42","4200000","269731","0.06422166666666666","19","27"
"14","10","5","15","15","229","22900000","561002","0.024497903930131005","7","8"
"17","10","5","15","15","79","7900000","311076","0.039376708860759495","9","10"
"18","10","5","15","15","43","4300000","273553","0.06361697674418605","18","34"
"14","10","5","15","15","230","23000000","561882","0.024429652173913043","7","9"
"17","10","5","15","15","80","8000000","312177","0.039022125","9","13"
"18","10","5","15","15","44","4400000","277278","0.06301772727272727","18","26"
"14","10","5","15","15","231","23100000","562933","0.02436939393939394","7","7"
"17","10","5","15","15","81","8100000","313163","0.0386620987654321","9","10"
"18","10","5","15","15","45","4500000","280969","0.06243755555555556","16","26"
"14","10","5","15","15","232","23200000","564086","0.02431405172413793","7","8"
"17","10","5","15","15","82","8200000","314094","0.03830414634146342","9","10"
"18","10","5","15","15","46","4600000","284362","0.061817826086956525","16","24"
"14","10","5","15","15","233","23300000","565380","0.024265236051502145","7","9"
"17","10","5","15","15","83","8300000","315128","0.03796722891566265","9","10"
"18","10","5","15","15","47","4700000","287730","0.06121914893617021","17","30"
"14","10","5","15","15","234","23400000","566570","0.024212393162393164","7","9"
"17","10","5","15","15","84","8400000","316144","0.037636190476190476","9","11"
"18","10","5","15","15","48","4800000","290977","0.060620208333333335","15","29"
"14","10","5","15","15","235","23500000","567723","0.024158425531914895","7","8"
"17","10","5","15","15","85","8500000","317046","0.037299529411764704","9","9"
"18","10","5","15","15","49","4900000","294086","0.060017551020408164","14","21"
"14","10","5","15","15","236","23600000","568862","0.024104322033898305","7","9"
"17","10","5","15","15","86","8600000","317957","0.03697174418604651","9","10"
"18","10","5","15","15","50","5000000","296909","0.0593818","14","20"
"14","10","5","15","15","237","23700000","570134","0.024056286919831225","7","10"
"17","10","5","15","15","87","8700000","318984","0.0366648275862069","9","10"
"14","10","5","15","15","238","23800000","571297","0.0240040756302521","7","7"
"18","10","5","15","15","51","5100000","299885","0.058800980392156865","14","26"
"17","10","5","15","15","88","8800000","319938","0.03635659090909091","9","10"
"14","10","5","15","15","239","23900000","572387","0.023949246861924685","7","11"
"18","10","5","15","15","52","5200000","302878","0.05824576923076923","14","17"
"17","10","5","15","15","89","8900000","321069","0.036075168539325846","9","10"
"14","10","5","15","15","240","24000000","573344","0.023889333333333332","7","8"
"18","10","5","15","15","53","5300000","305705","0.057680188679245285","14","17"
"17","10","5","15","15","90","9000000","322032","0.03578133333333333","9","10"
"14","10","5","15","15","241","24100000","574337","0.023831410788381743","7","7"
"18","10","5","15","15","54","5400000","308830","0.05719074074074074","14","17"
"17","10","5","15","15","91","9100000","322939","0.0354878021978022","9","9"
"14","10","5","15","15","242","24200000","575204","0.023768760330578512","7","7"
"18","10","5","15","15","55","5500000","311636","0.05666109090909091","14","20"
"17","10","5","15","15","92","9200000","323896","0.03520608695652174","9","9"
"14","10","5","15","15","243","24300000","576140","0.02370946502057613","7","11"
"18","10","5","15","15","56","5600000","314577","0.056174464285714286","14","22"
"17","10","5","15","15","93","9300000","324943","0.034940107526881724","9","10"
"14","10","5","15","15","244","24400000","577084","0.023650983606557378","7","9"
"18","10","5","15","15","57","5700000","317085","0.055628947368421056","13","19"
"17","10","5","15","15","94","9400000","325941","0.034674574468085105","9","12"
"14","10","5","15","15","245","24500000","578039","0.02359342857142857","7","7"
"18","10","5","15","15","58","5800000","319438","0.05507551724137931","13","21"
"17","10","5","15","15","95","9500000","326934","0.03441410526315789","9","12"
"14","10","5","15","15","246","24600000","579182","0.023543983739837397","7","10"
"18","10","5","15","15","59","5900000","321719","0.05452864406779661","13","19"
"17","10","5","15","15","96","9600000","328146","0.034181875","9","9"
"14","10","5","15","15","247","24700000","580349","0.023495910931174088","7","9"
"17","10","5","15","15","97","9700000","329182","0.03393628865979381","9","12"
"18","10","5","15","15","60","6000000","323694","0.053949","12","15"
"14","10","5","15","15","248","24800000","581551","0.023449637096774195","7","10"
"17","10","5","15","15","98","9800000","330194","0.03369326530612245","9","9"
"18","10","5","15","15","61","6100000","325361","0.05333786885245902","11","15"
"14","10","5","15","15","249","24900000","582509","0.023393935742971887","7","8"
"17","10","5","15","15","99","9900000","331279","0.03346252525252525","9","12"
"18","10","5","15","15","62","6200000","326988","0.05274","11","13"
"14","10","5","15","15","250","25000000","583529","0.02334116","7","10"
"17","10","5","15","15","100","10000000","332369","0.0332369","9","10"
"18","10","5","15","15","63","6300000","328497","0.052142380952380954","11","14"
"14","10","5","15","15","251","25100000","584637","0.02329231075697211","7","8"
"17","10","5","15","15","101","10100000","333429","0.03301277227722772","9","12"
"18","10","5","15","15","64","6400000","329915","0.05154921875","11","12"
"14","10","5","15","15","252","25200000","585667","0.02324075396825397","7","7"
"17","10","5","15","15","102","10200000","334494","0.03279352941176471","9","10"
"18","10","5","15","15","65","6500000","331355","0.05097769230769231","11","17"
"14","10","5","15","15","253","25300000","586582","0.02318505928853755","7","8"
"17","10","5","15","15","103","10300000","335562","0.03257883495145631","9","11"
"18","10","5","15","15","66","6600000","332807","0.05042530303030303","11","12"
"14","10","5","15","15","254","25400000","587440","0.02312755905511811","7","7"
"17","10","5","15","15","104","10400000","336647","0.03236990384615385","9","10"
"18","10","5","15","15","67","6700000","333937","0.04984134328358209","11","13"
"14","10","5","15","15","255","25500000","588570","0.023081176470588237","7","8"
"17","10","5","15","15","105","10500000","337713","0.032163142857142855","9","10"
"18","10","5","15","15","68","6800000","335014","0.04926676470588235","11","15"
"14","10","5","15","15","256","25600000","589627","0.0230323046875","7","7"
"17","10","5","15","15","106","10600000","338706","0.0319533962264151","9","10"
"18","10","5","15","15","69","6900000","335887","0.04867927536231884","9","9"
"14","10","5","15","15","257","25700000","590531","0.02297785992217899","7","8"
"17","10","5","15","15","107","10700000","339651","0.03174308411214953","9","10"
"18","10","5","15","15","70","7000000","336715","0.04810214285714286","9","9"
"14","10","5","15","15","258","25800000","591668","0.022932868217054262","7","8"
"17","10","5","15","15","108","10800000","340707","0.03154694444444445","9","12"
"18","10","5","15","15","71","7100000","337493","0.04753422535211268","9","10"
"14","10","5","15","15","259","25900000","592734","0.022885482625482626","7","7"
"17","10","5","15","15","109","10900000","341821","0.0313597247706422","9","11"
"18","10","5","15","15","72","7200000","338257","0.04698013888888889","9","9"
"14","10","5","15","15","260","26000000","593879","0.0228415","7","7"
"17","10","5","15","15","110","11000000","342955","0.031177727272727274","9","9"
"18","10","5","15","15","73","7300000","338991","0.04643712328767123","9","12"
"14","10","5","15","15","261","26100000","594949","0.02279498084291188","7","7"
"17","10","5","15","15","111","11100000","343979","0.0309890990990991","9","11"
"18","10","5","15","15","74","7400000","339789","0.04591743243243243","9","9"
"14","10","5","15","15","262","26200000","596191","0.022755381679389314","7","8"
"17","10","5","15","15","112","11200000","344931","0.030797410714285715","9","10"
"18","10","5","15","15","75","7500000","340488","0.0453984","9","9"
"14","10","5","15","15","263","26300000","597386","0.02271429657794677","7","9"
"17","10","5","15","15","113","11300000","345967","0.03061654867256637","9","10"
"18","10","5","15","15","76","7600000","341261","0.04490276315789474","9","11"
"14","10","5","15","15","264","26400000","598499","0.022670416666666665","7","10"
"17","10","5","15","15","114","11400000","346950","0.03043421052631579","9","10"
"18","10","5","15","15","77","7700000","341806","0.04439038961038961","9","9"
"14","10","5","15","15","265","26500000","599413","0.02261935849056604","7","8"
"17","10","5","15","15","115","11500000","347850","0.03024782608695652","9","9"
"18","10","5","15","15","78","7800000","342265","0.043880128205128204","9","10"
"14","10","5","15","15","266","26600000","600439","0.022572894736842104","7","8"
"17","10","5","15","15","116","11600000","348914","0.030078793103448277","9","12"
"18","10","5","15","15","79","7900000","342679","0.043377088607594934","9","10"
"14","10","5","15","15","267","26700000","601312","0.022521048689138578","7","7"
"17","10","5","15","15","117","11700000","349825","0.02989957264957265","9","9"
"18","10","5","15","15","80","8000000","342909","0.042863625","8","8"
"19","10","5","15","15","0","0","0","0","892","900"
"14","10","5","15","15","268","26800000","602380","0.02247686567164179","7","9"
"17","10","5","15","15","118","11800000","350756","0.02972508474576271","9","9"
"19","10","5","15","15","1","100000","8625","0.08625","457","480"
"14","10","5","15","15","269","26900000","603528","0.022435985130111524","7","8"
"17","10","5","15","15","119","11900000","351724","0.029556638655462184","9","10"
"19","10","5","15","15","2","200000","19429","0.097145","340","376"
"14","10","5","15","15","270","27000000","604606","0.022392814814814813","7","7"
"17","10","5","15","15","120","12000000","352759","0.029396583333333334","9","11"
"14","10","5","15","15","271","27100000","605891","0.02235760147601476","7","7"
"19","10","5","15","15","3","300000","30613","0.10204333333333333","234","272"
"17","10","5","15","15","121","12100000","353812","0.029240661157024794","9","10"
"14","10","5","15","15","272","27200000","607058","0.022318308823529413","7","7"
"19","10","5","15","15","4","400000","41278","0.103195","227","265"
"17","10","5","15","15","122","12200000","354773","0.029079754098360656","9","9"
"14","10","5","15","15","273","27300000","608067","0.022273516483516484","7","7"
"19","10","5","15","15","5","500000","52297","0.104594","195","250"
"17","10","5","15","15","123","12300000","355834","0.02892959349593496","9","9"
"14","10","5","15","15","274","27400000","608963","0.02222492700729927","7","7"
"17","10","5","15","15","124","12400000","356897","0.028782016129032258","9","10"
"19","10","5","15","15","6","600000","63076","0.10512666666666666","156","201"
"14","10","5","15","15","275","27500000","609718","0.022171563636363637","7","8"
"17","10","5","15","15","125","12500000","357896","0.02863168","9","9"
"19","10","5","15","15","7","700000","72772","0.10396","120","167"
"14","10","5","15","15","276","27600000","610707","0.022127065217391304","7","9"
"17","10","5","15","15","126","12600000","358842","0.02847952380952381","9","9"
"19","10","5","15","15","8","800000","80980","0.101225","114","160"
"14","10","5","15","15","277","27700000","611599","0.022079386281588446","7","8"
"17","10","5","15","15","127","12700000","359731","0.02832527559055118","9","10"
"14","10","5","15","15","278","27800000","612624","0.0220368345323741","7","8"
"19","10","5","15","15","9","900000","89414","0.09934888888888889","93","131"
"17","10","5","15","15","128","12800000","360737","0.028182578125","9","11"
"14","10","5","15","15","279","27900000","613626","0.021993763440860216","7","7"
"19","10","5","15","15","10","1000000","97467","0.097467","80","115"
"17","10","5","15","15","129","12900000","361756","0.0280431007751938","9","9"
"14","10","5","15","15","280","28000000","614442","0.021944357142857144","7","7"
"19","10","5","15","15","11","1100000","105033","0.09548454545454546","78","105"
"17","10","5","15","15","130","13000000","362646","0.027895846153846153","9","9"
"14","10","5","15","15","281","28100000","615241","0.021894697508896797","7","8"
"19","10","5","15","15","12","1200000","112048","0.09337333333333334","66","108"
"17","10","5","15","15","131","13100000","363745","0.02776679389312977","9","9"
"14","10","5","15","15","282","28200000","616084","0.02184695035460993","7","9"
"17","10","5","15","15","132","13200000","364826","0.027638333333333334","9","10"
"19","10","5","15","15","13","1300000","118526","0.09117384615384615","59","94"
"14","10","5","15","15","283","28300000","617052","0.021803957597173147","7","8"
"17","10","5","15","15","133","13300000","365847","0.027507293233082708","9","10"
"19","10","5","15","15","14","1400000","124747","0.089105","57","102"
"14","10","5","15","15","284","28400000","617988","0.021760140845070424","7","8"
"17","10","5","15","15","134","13400000","366851","0.027376940298507464","9","9"
"19","10","5","15","15","15","1500000","131634","0.087756","46","78"
"14","10","5","15","15","285","28500000","618686","0.021708280701754387","7","7"
"17","10","5","15","15","135","13500000","368001","0.027259333333333333","9","10"
"19","10","5","15","15","16","1600000","138238","0.08639875","48","86"
"14","10","5","15","15","286","28600000","619350","0.021655594405594406","7","8"
"17","10","5","15","15","136","13600000","369191","0.02714639705882353","9","10"
"14","10","5","15","15","287","28700000","619930","0.02160034843205575","7","7"
"19","10","5","15","15","17","1700000","144662","0.08509529411764706","43","78"
"17","10","5","15","15","137","13700000","370193","0.02702138686131387","9","9"
"14","10","5","15","15","288","28800000","620370","0.021540625","7","7"
"19","10","5","15","15","18","1800000","150710","0.08372777777777778","43","68"
"17","10","5","15","15","138","13800000","371214","0.026899565217391303","9","11"
"14","10","5","15","15","289","28900000","620930","0.021485467128027683","7","9"
"19","10","5","15","15","19","1900000","156576","0.08240842105263158","50","86"
"17","10","5","15","15","139","13900000","372453","0.026795179856115108","9","12"
"14","10","5","15","15","290","29000000","621481","0.02143037931034483","7","7"
"19","10","5","15","15","20","2000000","162859","0.0814295","45","83"
"17","10","5","15","15","140","14000000","373504","0.026678857142857143","9","11"
"14","10","5","15","15","291","29100000","621932","0.021372233676975945","7","9"
"19","10","5","15","15","21","2100000","168438","0.08020857142857143","42","57"
"17","10","5","15","15","141","14100000","374510","0.02656099290780142","9","10"
"14","10","5","15","15","292","29200000","622237","0.021309486301369862","7","7"
"17","10","5","15","15","142","14200000","375618","0.026451971830985917","9","12"
"19","10","5","15","15","22","2200000","173689","0.07894954545454545","45","70"
"14","10","5","15","15","293","29300000","622443","0.021243788395904437","7","9"
"17","10","5","15","15","143","14300000","376705","0.02634300699300699","9","10"
"19","10","5","15","15","23","2300000","178941","0.0778004347826087","39","66"
"14","10","5","15","15","294","29400000","622456","0.021171972789115645","6","6"
"20","10","5","15","15","0","0","0","0","895","900"
"17","10","5","15","15","144","14400000","377929","0.026245069444444446","9","9"
"19","10","5","15","15","24","2400000","184508","0.07687833333333334","46","72"
"20","10","5","15","15","1","100000","7863","0.07863","441","466"
"17","10","5","15","15","145","14500000","379121","0.026146275862068965","9","10"
"19","10","5","15","15","25","2500000","190049","0.0760196","48","75"
"20","10","5","15","15","2","200000","17405","0.087025","332","368"
"17","10","5","15","15","146","14600000","380027","0.026029246575342467","9","9"
"19","10","5","15","15","26","2600000","195385","0.07514807692307693","58","85"
"20","10","5","15","15","3","300000","29155","0.09718333333333333","262","309"
"17","10","5","15","15","147","14700000","380730","0.0259","9","11"
"19","10","5","15","15","27","2700000","201035","0.0744574074074074","51","75"
"20","10","5","15","15","4","400000","40493","0.1012325","202","238"
"17","10","5","15","15","148","14800000","381459","0.025774256756756757","9","10"
"19","10","5","15","15","28","2800000","206937","0.07390607142857143","47","79"
"20","10","5","15","15","5","500000","51322","0.102644","172","242"
"17","10","5","15","15","149","14900000","382167","0.025648791946308726","9","10"
"19","10","5","15","15","29","2900000","212297","0.07320586206896551","40","65"
"17","10","5","15","15","150","15000000","383010","0.025534","9","10"
"20","10","5","15","15","6","600000","61874","0.10312333333333333","163","206"
"19","10","5","15","15","30","3000000","217092","0.072364","36","71"
"17","10","5","15","15","151","15100000","383652","0.025407417218543046","9","9"
"20","10","5","15","15","7","700000","72046","0.10292285714285715","126","162"
"19","10","5","15","15","31","3100000","221950","0.07159677419354839","35","56"
"17","10","5","15","15","152","15200000","384243","0.025279144736842105","9","9"
"20","10","5","15","15","8","800000","81663","0.10207875","131","180"
"19","10","5","15","15","32","3200000","226730","0.070853125","41","66"
"17","10","5","15","15","153","15300000","384603","0.02513745098039216","9","9"
"20","10","5","15","15","9","900000","91572","0.10174666666666667","111","170"
"17","10","5","15","15","154","15400000","384637","0.024976428571428573","8","8"
"21","10","5","15","15","0","0","0","0","898","900"
"19","10","5","15","15","33","3300000","232348","0.07040848484848485","44","74"
"20","10","5","15","15","10","1000000","101099","0.101099","93","132"
"21","10","5","15","15","1","100000","8616","0.08616","433","465"
"19","10","5","15","15","34","3400000","238286","0.07008411764705882","42","69"
"20","10","5","15","15","11","1100000","109732","0.09975636363636364","82","119"
"21","10","5","15","15","2","200000","20165","0.100825","328","359"
"19","10","5","15","15","35","3500000","243757","0.06964485714285715","41","60"
"20","10","5","15","15","12","1200000","117582","0.097985","77","120"
"19","10","5","15","15","36","3600000","249005","0.06916805555555555","35","54"
"21","10","5","15","15","3","300000","32137","0.10712333333333333","260","307"
"20","10","5","15","15","13","1300000","125601","0.09661615384615385","81","122"
"19","10","5","15","15","37","3700000","253562","0.06853027027027027","38","68"
"21","10","5","15","15","4","400000","44743","0.1118575","225","287"
"20","10","5","15","15","14","1400000","133396","0.09528285714285714","65","98"
"19","10","5","15","15","38","3800000","258700","0.06807894736842106","36","72"
"21","10","5","15","15","5","500000","56648","0.113296","192","246"
"20","10","5","15","15","15","1500000","141200","0.09413333333333333","58","92"
"19","10","5","15","15","39","3900000","263555","0.06757820512820513","30","50"
"21","10","5","15","15","6","600000","67512","0.11252","151","197"
"20","10","5","15","15","16","1600000","148306","0.09269125","47","90"
"19","10","5","15","15","40","4000000","268026","0.0670065","29","49"
"21","10","5","15","15","7","700000","77892","0.11127428571428571","134","176"
"20","10","5","15","15","17","1700000","154608","0.09094588235294118","37","66"
"19","10","5","15","15","41","4100000","272340","0.06642439024390244","27","48"
"21","10","5","15","15","8","800000","87387","0.10923375","124","191"
"20","10","5","15","15","18","1800000","161269","0.08959388888888889","40","80"
"19","10","5","15","15","42","4200000","276821","0.0659097619047619","27","50"
"21","10","5","15","15","9","900000","96742","0.1074911111111111","111","162"
"20","10","5","15","15","19","1900000","167443","0.0881278947368421","30","48"
"19","10","5","15","15","43","4300000","280972","0.06534232558139536","27","39"
"21","10","5","15","15","10","1000000","106350","0.10635","115","147"
"20","10","5","15","15","20","2000000","172800","0.0864","28","36"
"19","10","5","15","15","44","4400000","284888","0.06474727272727272","23","42"
"21","10","5","15","15","11","1100000","115733","0.10521181818181818","107","156"
"20","10","5","15","15","21","2100000","177661","0.08460047619047618","21","34"
"19","10","5","15","15","45","4500000","289031","0.06422911111111111","28","47"
"21","10","5","15","15","12","1200000","124779","0.1039825","89","140"
"20","10","5","15","15","22","2200000","182028","0.08274","21","34"
"19","10","5","15","15","46","4600000","293397","0.06378195652173912","26","47"
"20","10","5","15","15","23","2300000","186306","0.08100260869565218","18","38"
"21","10","5","15","15","13","1300000","133606","0.10277384615384616","87","129"
"19","10","5","15","15","47","4700000","297581","0.06331510638297873","26","52"
"20","10","5","15","15","24","2400000","190614","0.0794225","17","26"
"21","10","5","15","15","14","1400000","141865","0.10133214285714286","70","111"
"19","10","5","15","15","48","4800000","301664","0.06284666666666666","27","50"
"20","10","5","15","15","25","2500000","194948","0.0779792","19","35"
"21","10","5","15","15","15","1500000","149241","0.099494","62","88"
"19","10","5","15","15","49","4900000","304902","0.06222489795918367","22","38"
"20","10","5","15","15","26","2600000","198437","0.07632192307692308","20","37"
"21","10","5","15","15","16","1600000","156967","0.098104375","63","96"
"19","10","5","15","15","50","5000000","308029","0.0616058","20","35"
"20","10","5","15","15","27","2700000","202120","0.07485925925925926","21","36"
"21","10","5","15","15","17","1700000","164330","0.09666470588235294","61","98"
"19","10","5","15","15","51","5100000","310947","0.06097","18","32"
"20","10","5","15","15","28","2800000","205707","0.07346678571428572","16","24"
"21","10","5","15","15","18","1800000","171582","0.09532333333333333","53","84"
"19","10","5","15","15","52","5200000","313952","0.060375384615384615","16","32"
"20","10","5","15","15","29","2900000","208888","0.0720303448275862","12","25"
"21","10","5","15","15","19","1900000","178844","0.09412842105263158","45","74"
"19","10","5","15","15","53","5300000","316544","0.059725283018867925","14","29"
"20","10","5","15","15","30","3000000","212024","0.07067466666666666","18","30"
"21","10","5","15","15","20","2000000","185463","0.0927315","43","76"
"19","10","5","15","15","54","5400000","319240","0.05911851851851852","15","25"
"20","10","5","15","15","31","3100000","215403","0.06948483870967742","13","25"
"21","10","5","15","15","21","2100000","191923","0.09139190476190476","42","78"
"19","10","5","15","15","55","5500000","321957","0.05853763636363636","14","17"
"20","10","5","15","15","32","3200000","218562","0.068300625","12","21"
"21","10","5","15","15","22","2200000","198316","0.09014363636363637","42","81"
"19","10","5","15","15","56","5600000","324548","0.057955","12","21"
"20","10","5","15","15","33","3300000","221787","0.06720818181818182","12","23"
"21","10","5","15","15","23","2300000","204634","0.08897130434782609","36","72"
"19","10","5","15","15","57","5700000","327362","0.057431929824561405","13","18"
"20","10","5","15","15","34","3400000","224725","0.06609558823529411","10","13"
"19","10","5","15","15","58","5800000","330352","0.056957241379310346","13","22"
"21","10","5","15","15","24","2400000","209825","0.08742708333333334","35","62"
"20","10","5","15","15","35","3500000","227806","0.06508742857142857","9","17"
"19","10","5","15","15","59","5900000","333433","0.05651406779661017","12","24"
"21","10","5","15","15","25","2500000","215143","0.0860572","34","59"
"20","10","5","15","15","36","3600000","230515","0.06403194444444445","9","13"
"19","10","5","15","15","60","6000000","336408","0.056068","12","21"
"21","10","5","15","15","26","2600000","220706","0.08488692307692308","32","57"
"20","10","5","15","15","37","3700000","233114","0.06300378378378378","9","13"
"19","10","5","15","15","61","6100000","338962","0.055567540983606556","12","19"
"21","10","5","15","15","27","2700000","226267","0.0838025925925926","30","58"
"20","10","5","15","15","38","3800000","235630","0.0620078947368421","8","16"
"19","10","5","15","15","62","6200000","341706","0.05511387096774194","12","21"
"21","10","5","15","15","28","2800000","231809","0.08278892857142857","28","58"
"20","10","5","15","15","39","3900000","238062","0.06104153846153846","8","9"
"19","10","5","15","15","63","6300000","344629","0.054703015873015876","13","18"
"21","10","5","15","15","29","2900000","237464","0.08188413793103448","27","43"
"20","10","5","15","15","40","4000000","240396","0.060099","8","10"
"19","10","5","15","15","64","6400000","347386","0.0542790625","12","23"
"21","10","5","15","15","30","3000000","242424","0.080808","25","47"
"20","10","5","15","15","41","4100000","242887","0.05924073170731707","9","14"
"19","10","5","15","15","65","6500000","349752","0.053808","12","15"
"20","10","5","15","15","42","4200000","245278","0.05839952380952381","9","12"
"21","10","5","15","15","31","3100000","246992","0.07967483870967743","24","43"
"19","10","5","15","15","66","6600000","351834","0.05330818181818182","12","17"
"20","10","5","15","15","43","4300000","247457","0.05754813953488372","9","10"
"21","10","5","15","15","32","3200000","251318","0.078536875","24","43"
"19","10","5","15","15","67","6700000","353662","0.05278537313432836","12","17"
"20","10","5","15","15","44","4400000","249552","0.056716363636363634","8","9"
"21","10","5","15","15","33","3300000","255847","0.07752939393939394","27","43"
"19","10","5","15","15","68","6800000","355623","0.0522975","11","18"
"20","10","5","15","15","45","4500000","251685","0.05593","9","10"
"21","10","5","15","15","34","3400000","260096","0.07649882352941176","24","39"
"19","10","5","15","15","69","6900000","357403","0.05179753623188406","10","13"
"20","10","5","15","15","46","4600000","253888","0.05519304347826087","7","11"
"21","10","5","15","15","35","3500000","263771","0.07536314285714285","22","35"
"20","10","5","15","15","47","4700000","255488","0.054359148936170214","6","8"
"19","10","5","15","15","70","7000000","359007","0.05128671428571428","10","11"
"21","10","5","15","15","36","3600000","267298","0.07424944444444445","20","45"
"20","10","5","15","15","48","4800000","257101","0.053562708333333334","6","9"
"19","10","5","15","15","71","7100000","360958","0.05083915492957747","10","13"
"21","10","5","15","15","37","3700000","270645","0.0731472972972973","19","38"
"20","10","5","15","15","49","4900000","258635","0.05278265306122449","6","8"
"19","10","5","15","15","72","7200000","362338","0.05032472222222222","9","14"
"21","10","5","15","15","38","3800000","274309","0.07218657894736842","21","40"
"20","10","5","15","15","50","5000000","260092","0.0520184","6","8"
"19","10","5","15","15","73","7300000","363705","0.049822602739726024","9","14"
"21","10","5","15","15","39","3900000","277992","0.07128","16","36"
"20","10","5","15","15","51","5100000","261550","0.051284313725490194","6","7"
"19","10","5","15","15","74","7400000","365126","0.04934135135135135","9","10"
"21","10","5","15","15","40","4000000","281598","0.0703995","18","42"
"20","10","5","15","15","52","5200000","263071","0.050590576923076926","6","8"
"19","10","5","15","15","75","7500000","366324","0.0488432","9","11"
"21","10","5","15","15","41","4100000","285066","0.06952829268292683","17","33"
"20","10","5","15","15","53","5300000","264779","0.049958301886792456","6","9"
"19","10","5","15","15","76","7600000","367463","0.048350394736842106","9","11"
"21","10","5","15","15","42","4200000","288754","0.06875095238095238","17","33"
"20","10","5","15","15","54","5400000","266292","0.049313333333333334","6","6"
"19","10","5","15","15","77","7700000","368475","0.04785389610389611","9","12"
"21","10","5","15","15","43","4300000","292396","0.06799906976744186","19","35"
"20","10","5","15","15","55","5500000","267473","0.04863145454545455","6","10"
"19","10","5","15","15","78","7800000","369673","0.047393974358974356","9","13"
"21","10","5","15","15","44","4400000","295839","0.06723613636363636","18","32"
"20","10","5","15","15","56","5600000","268697","0.047981607142857145","6","8"
"19","10","5","15","15","79","7900000","370703","0.046924430379746834","9","11"
"21","10","5","15","15","45","4500000","299201","0.06648911111111111","17","31"
"20","10","5","15","15","57","5700000","269955","0.04736052631578947","6","7"
"19","10","5","15","15","80","8000000","371632","0.046454","8","10"
"21","10","5","15","15","46","4600000","302415","0.06574239130434782","15","26"
"20","10","5","15","15","58","5800000","271222","0.04676241379310345","6","8"
"19","10","5","15","15","81","8100000","372642","0.046005185185185184","7","8"
"21","10","5","15","15","47","4700000","305595","0.06502021276595744","15","27"
"20","10","5","15","15","59","5900000","272459","0.04617949152542373","6","8"
"19","10","5","15","15","82","8200000","373386","0.04553487804878049","7","10"
"21","10","5","15","15","48","4800000","309072","0.06439","16","24"
"20","10","5","15","15","60","6000000","273672","0.045612","6","6"
"19","10","5","15","15","83","8300000","373435","0.044992168674698796","6","6"
"22","10","5","15","15","0","0","0","0","897","900"
"21","10","5","15","15","49","4900000","312588","0.0637934693877551","15","25"
"20","10","5","15","15","61","6100000","274914","0.04506786885245902","6","6"
"22","10","5","15","15","1","100000","7934","0.07934","448","468"
"21","10","5","15","15","50","5000000","315752","0.0631504","16","25"
"20","10","5","15","15","62","6200000","276140","0.04453870967741935","6","11"
"22","10","5","15","15","2","200000","17745","0.088725","335","372"
"21","10","5","15","15","51","5100000","319210","0.06259019607843137","15","25"
"20","10","5","15","15","63","6300000","276973","0.043963968253968255","5","7"
"22","10","5","15","15","3","300000","27860","0.09286666666666667","260","300"
"20","10","5","15","15","64","6400000","277401","0.04334390625","5","6"
"21","10","5","15","15","52","5200000","323056","0.062126153846153845","17","31"
"20","10","5","15","15","65","6500000","277784","0.042736","5","6"
"22","10","5","15","15","4","400000","37603","0.0940075","203","245"
"21","10","5","15","15","53","5300000","326392","0.061583396226415094","14","31"
"20","10","5","15","15","66","6600000","278082","0.042133636363636366","5","5"
"21","10","5","15","15","54","5400000","329828","0.06107925925925926","15","24"
"22","10","5","15","15","5","500000","47001","0.094002","184","223"
"20","10","5","15","15","67","6700000","278264","0.041531940298507465","4","4"
"23","10","5","15","15","0","0","0","0","898","900"
"21","10","5","15","15","55","5500000","332587","0.060470363636363635","15","27"
"22","10","5","15","15","6","600000","56623","0.09437166666666667","170","227"
"23","10","5","15","15","1","100000","8784","0.08784","460","489"
"21","10","5","15","15","56","5600000","335423","0.05989696428571428","15","27"
"22","10","5","15","15","7","700000","66858","0.09551142857142857","149","193"
"21","10","5","15","15","57","5700000","338214","0.05933578947368421","14","30"
"23","10","5","15","15","2","200000","20321","0.101605","333","377"
"22","10","5","15","15","8","800000","76721","0.09590125","137","186"
"21","10","5","15","15","58","5800000","340995","0.05879224137931034","12","16"
"23","10","5","15","15","3","300000","32194","0.10731333333333333","260","318"
"22","10","5","15","15","9","900000","86111","0.09567888888888888","129","171"
"21","10","5","15","15","59","5900000","343634","0.05824305084745763","11","15"
"23","10","5","15","15","4","400000","43420","0.10855","180","234"
"22","10","5","15","15","10","1000000","94540","0.09454","112","167"
"21","10","5","15","15","60","6000000","345727","0.05762116666666667","11","15"
"23","10","5","15","15","5","500000","53229","0.106458","146","186"
"22","10","5","15","15","11","1100000","103172","0.09379272727272728","98","146"
"21","10","5","15","15","61","6100000","347908","0.05703409836065574","12","19"
"23","10","5","15","15","6","600000","63208","0.10534666666666667","139","189"
"22","10","5","15","15","12","1200000","111611","0.09300916666666667","98","139"
"21","10","5","15","15","62","6200000","350181","0.0564808064516129","11","19"
"23","10","5","15","15","7","700000","73321","0.10474428571428572","126","168"
"21","10","5","15","15","63","6300000","352151","0.05589698412698413","11","21"
"22","10","5","15","15","13","1300000","119631","0.09202384615384615","85","121"
"23","10","5","15","15","8","800000","82861","0.10357625","108","154"
"21","10","5","15","15","64","6400000","354353","0.05536765625","10","15"
"22","10","5","15","15","14","1400000","127740","0.09124285714285714","85","137"
"23","10","5","15","15","9","900000","91777","0.10197444444444445","99","170"
"21","10","5","15","15","65","6500000","356038","0.054775076923076926","10","15"
"22","10","5","15","15","15","1500000","135514","0.09034266666666667","78","120"
"21","10","5","15","15","66","6600000","357696","0.05419636363636364","10","12"
"23","10","5","15","15","10","1000000","100661","0.100661","92","149"
"22","10","5","15","15","16","1600000","143214","0.08950875","63","90"
"21","10","5","15","15","67","6700000","359151","0.05360462686567164","9","10"
"23","10","5","15","15","11","1100000","109929","0.09993545454545455","98","145"
"22","10","5","15","15","17","1700000","150528","0.08854588235294118","57","89"
"21","10","5","15","15","68","6800000","360675","0.05304044117647059","9","10"
"23","10","5","15","15","12","1200000","119488","0.09957333333333333","94","144"
"22","10","5","15","15","18","1800000","157721","0.08762277777777777","52","85"
"21","10","5","15","15","69","6900000","362198","0.05249246376811594","9","9"
"23","10","5","15","15","13","1300000","128649","0.09896076923076923","89","137"
"22","10","5","15","15","19","1900000","164563","0.08661210526315789","44","64"
"21","10","5","15","15","70","7000000","363517","0.051931","9","10"
"23","10","5","15","15","14","1400000","138412","0.09886571428571428","96","147"
"22","10","5","15","15","20","2000000","170518","0.085259","49","72"
"21","10","5","15","15","71","7100000","364447","0.05133056338028169","8","9"
"23","10","5","15","15","15","1500000","147351","0.098234","82","134"
"22","10","5","15","15","21","2100000","175998","0.08380857142857143","47","71"
"21","10","5","15","15","72","7200000","365506","0.050764722222222225","8","8"
"23","10","5","15","15","16","1600000","155639","0.097274375","68","100"
"21","10","5","15","15","73","7300000","366655","0.050226712328767124","8","10"
"22","10","5","15","15","22","2200000","181305","0.08241136363636363","41","61"
"23","10","5","15","15","17","1700000","163729","0.09631117647058823","55","89"
"21","10","5","15","15","74","7400000","367848","0.049709189189189186","8","10"
"22","10","5","15","15","23","2300000","186225","0.08096739130434782","37","58"
"21","10","5","15","15","75","7500000","369026","0.04920346666666667","8","10"
"23","10","5","15","15","18","1800000","171865","0.09548055555555555","56","101"
"22","10","5","15","15","24","2400000","191325","0.07971875","43","68"
"21","10","5","15","15","76","7600000","369907","0.04867197368421053","8","10"
"23","10","5","15","15","19","1900000","179651","0.09455315789473684","52","91"
"22","10","5","15","15","25","2500000","195711","0.0782844","34","60"
"21","10","5","15","15","77","7700000","370927","0.04817233766233766","8","8"
"23","10","5","15","15","20","2000000","186262","0.093131","44","71"
"22","10","5","15","15","26","2600000","199772","0.07683538461538461","29","49"
"21","10","5","15","15","78","7800000","371999","0.047692179487179485","8","10"
"22","10","5","15","15","27","2700000","203562","0.07539333333333334","30","46"
"23","10","5","15","15","21","2100000","192549","0.09169","38","62"
"21","10","5","15","15","79","7900000","373069","0.04722392405063291","8","10"
"22","10","5","15","15","28","2800000","206948","0.07391","26","40"
"23","10","5","15","15","22","2200000","199037","0.09047136363636364","46","69"
"21","10","5","15","15","80","8000000","374254","0.04678175","8","10"
"22","10","5","15","15","29","2900000","210658","0.07264068965517241","24","45"
"23","10","5","15","15","23","2300000","205830","0.08949130434782608","48","80"
"21","10","5","15","15","81","8100000","375289","0.04633197530864198","8","10"
"22","10","5","15","15","30","3000000","214248","0.071416","23","37"
"23","10","5","15","15","24","2400000","212384","0.08849333333333333","43","67"
"21","10","5","15","15","82","8200000","376410","0.045903658536585366","8","8"
"22","10","5","15","15","31","3100000","217562","0.07018129032258065","25","43"
"23","10","5","15","15","25","2500000","218855","0.087542","40","67"
"21","10","5","15","15","83","8300000","377302","0.045458072289156624","8","8"
"22","10","5","15","15","32","3200000","220894","0.069029375","24","35"
"23","10","5","15","15","26","2600000","225125","0.08658653846153846","44","80"
"21","10","5","15","15","84","8400000","378336","0.04504","8","8"
"22","10","5","15","15","33","3300000","224062","0.06789757575757575","25","39"
"21","10","5","15","15","85","8500000","379038","0.044592705882352944","8","8"
"23","10","5","15","15","27","2700000","231276","0.08565777777777778","40","69"
"22","10","5","15","15","34","3400000","227363","0.0668714705882353","23","34"
"21","10","5","15","15","86","8600000","379815","0.04416453488372093","8","10"
"23","10","5","15","15","28","2800000","236698","0.084535","39","61"
"22","10","5","15","15","35","3500000","230565","0.06587571428571429","28","46"
"21","10","5","15","15","87","8700000","380627","0.04375022988505747","8","11"
"23","10","5","15","15","29","2900000","241835","0.08339137931034482","37","59"
"22","10","5","15","15","36","3600000","233937","0.0649825","27","38"
"21","10","5","15","15","88","8800000","381419","0.043343068181818184","8","8"
"23","10","5","15","15","30","3000000","247265","0.08242166666666667","37","63"
"21","10","5","15","15","89","8900000","382204","0.04294426966292135","8","8"
"22","10","5","15","15","37","3700000","237426","0.0641691891891892","22","37"
"23","10","5","15","15","31","3100000","252362","0.08140709677419355","35","59"
"21","10","5","15","15","90","9000000","383056","0.042561777777777775","8","8"
"22","10","5","15","15","38","3800000","240489","0.06328657894736842","23","34"
"23","10","5","15","15","32","3200000","257171","0.0803659375","29","51"
"21","10","5","15","15","91","9100000","383847","0.04218098901098901","8","8"
"22","10","5","15","15","39","3900000","243748","0.06249948717948718","23","43"
"23","10","5","15","15","33","3300000","261905","0.07936515151515151","25","39"
"21","10","5","15","15","92","9200000","384763","0.041822065217391305","8","10"
"22","10","5","15","15","40","4000000","246957","0.06173925","23","38"
"23","10","5","15","15","34","3400000","266499","0.07838205882352942","30","60"
"21","10","5","15","15","93","9300000","385865","0.041490860215053764","8","8"
"22","10","5","15","15","41","4100000","249740","0.06091219512195122","21","29"
"23","10","5","15","15","35","3500000","271301","0.07751457142857143","32","55"
"21","10","5","15","15","94","9400000","386832","0.04115234042553192","8","9"
"22","10","5","15","15","42","4200000","252008","0.06000190476190476","20","31"
"23","10","5","15","15","36","3600000","275842","0.07662277777777778","35","52"
"21","10","5","15","15","95","9500000","387757","0.04081652631578948","8","9"
"22","10","5","15","15","43","4300000","254101","0.059093255813953485","19","27"
"23","10","5","15","15","37","3700000","280143","0.07571432432432433","30","45"
"21","10","5","15","15","96","9600000","388677","0.0404871875","8","8"
"22","10","5","15","15","44","4400000","256178","0.05822227272727273","19","23"
"23","10","5","15","15","38","3800000","283644","0.07464315789473684","25","43"
"21","10","5","15","15","97","9700000","389596","0.04016453608247423","8","8"
"22","10","5","15","15","45","4500000","258370","0.05741555555555555","19","31"
"23","10","5","15","15","39","3900000","286992","0.07358769230769231","24","38"
"21","10","5","15","15","98","9800000","390542","0.03985122448979592","7","7"
"22","10","5","15","15","46","4600000","260040","0.0565304347826087","17","19"
"21","10","5","15","15","99","9900000","391383","0.03953363636363636","6","8"
"23","10","5","15","15","40","4000000","290677","0.07266925","25","48"
"22","10","5","15","15","47","4700000","261639","0.055667872340425535","17","22"
"21","10","5","15","15","100","10000000","392172","0.0392172","6","6"
"23","10","5","15","15","41","4100000","294516","0.07183317073170732","25","39"
"22","10","5","15","15","48","4800000","263224","0.054838333333333336","16","21"
"21","10","5","15","15","101","10100000","393131","0.03892386138613861","6","8"
"23","10","5","15","15","42","4200000","298437","0.07105642857142858","24","35"
"22","10","5","15","15","49","4900000","264655","0.054011224489795916","16","19"
"21","10","5","15","15","102","10200000","394161","0.038643235294117645","6","7"
"23","10","5","15","15","43","4300000","301884","0.07020558139534884","16","32"
"22","10","5","15","15","50","5000000","265989","0.0531978","17","21"
"21","10","5","15","15","103","10300000","394946","0.038344271844660195","6","9"
"23","10","5","15","15","44","4400000","305069","0.06933386363636364","17","30"
"22","10","5","15","15","51","5100000","267507","0.05245235294117647","17","21"
"21","10","5","15","15","104","10400000","395638","0.03804211538461538","6","8"
"23","10","5","15","15","45","4500000","308239","0.06849755555555556","18","29"
"22","10","5","15","15","52","5200000","268933","0.05171788461538462","16","22"
"21","10","5","15","15","105","10500000","396353","0.03774790476190476","6","7"
"23","10","5","15","15","46","4600000","312031","0.06783282608695652","20","38"
"22","10","5","15","15","53","5300000","270194","0.05098","16","19"
"21","10","5","15","15","106","10600000","396841","0.037437830188679244","6","6"
"23","10","5","15","15","47","4700000","315852","0.06720255319148936","23","53"
"22","10","5","15","15","54","5400000","271358","0.05025148148148148","16","16"
"21","10","5","15","15","107","10700000","397064","0.03710878504672897","5","5"
"24","10","5","15","15","0","0","0","0","896","900"
"23","10","5","15","15","48","4800000","319175","0.06649479166666666","20","33"
"22","10","5","15","15","55","5500000","272464","0.04953890909090909","15","15"
"24","10","5","15","15","1","100000","9263","0.09263","452","475"
"23","10","5","15","15","49","4900000","323053","0.0659291836734694","26","48"
"22","10","5","15","15","56","5600000","273377","0.048817321428571425","15","17"
"24","10","5","15","15","2","200000","20683","0.103415","321","354"
"23","10","5","15","15","50","5000000","326821","0.0653642","24","49"
"22","10","5","15","15","57","5700000","274242","0.048112631578947365","15","16"
"24","10","5","15","15","3","300000","32336","0.10778666666666667","256","324"
"23","10","5","15","15","51","5100000","330420","0.06478823529411765","27","40"
"22","10","5","15","15","58","5800000","275181","0.047445","14","17"
"22","10","5","15","15","59","5900000","276157","0.04680627118644068","14","16"
"24","10","5","15","15","4","400000","43809","0.1095225","206","256"
"23","10","5","15","15","52","5200000","333734","0.06417961538461539","26","45"
"22","10","5","15","15","60","6000000","276935","0.04615583333333333","14","15"
"23","10","5","15","15","53","5300000","337175","0.06361792452830188","22","36"
"24","10","5","15","15","5","500000","54922","0.109844","155","219"
"22","10","5","15","15","61","6100000","277551","0.04550016393442623","14","16"
"23","10","5","15","15","54","5400000","339888","0.06294222222222222","19","29"
"24","10","5","15","15","6","600000","65269","0.10878166666666667","123","154"
"22","10","5","15","15","62","6200000","278027","0.04484306451612903","14","14"
"23","10","5","15","15","55","5500000","342401","0.062254727272727274","16","30"
"24","10","5","15","15","7","700000","74233","0.10604714285714285","110","145"
"22","10","5","15","15","63","6300000","278474","0.04420222222222222","14","14"
"23","10","5","15","15","56","5600000","344663","0.06154696428571429","16","29"
"24","10","5","15","15","8","800000","83324","0.104155","102","151"
"22","10","5","15","15","64","6400000","278844","0.043569375","14","14"
"23","10","5","15","15","57","5700000","347425","0.06095175438596491","16","30"
"24","10","5","15","15","9","900000","92753","0.1030588888888889","110","166"
"22","10","5","15","15","65","6500000","279145","0.042945384615384614","14","15"
"23","10","5","15","15","58","5800000","350390","0.06041206896551724","14","28"
"24","10","5","15","15","10","1000000","101761","0.101761","106","150"
"22","10","5","15","15","66","6600000","279150","0.042295454545454546","13","13"
"25","10","5","15","15","0","0","0","0","896","900"
"23","10","5","15","15","59","5900000","353211","0.05986627118644068","13","29"
"24","10","5","15","15","11","1100000","110571","0.1005190909090909","98","133"
"25","10","5","15","15","1","100000","8528","0.08528","442","463"
"23","10","5","15","15","60","6000000","355914","0.059319","13","23"
"24","10","5","15","15","12","1200000","119430","0.099525","89","145"
"23","10","5","15","15","61","6100000","358666","0.05879770491803279","12","33"
"25","10","5","15","15","2","200000","19744","0.09872","313","351"
"24","10","5","15","15","13","1300000","128080","0.09852307692307692","81","135"
"23","10","5","15","15","62","6200000","361337","0.05828016129032258","10","20"
"25","10","5","15","15","3","300000","31010","0.10336666666666666","242","281"
"24","10","5","15","15","14","1400000","136016","0.09715428571428572","63","112"
"23","10","5","15","15","63","6300000","364278","0.05782190476190476","12","25"
"25","10","5","15","15","4","400000","42139","0.1053475","201","248"
"24","10","5","15","15","15","1500000","143461","0.09564066666666667","61","93"
"23","10","5","15","15","64","6400000","366960","0.0573375","10","21"
"25","10","5","15","15","5","500000","52786","0.105572","170","218"
"23","10","5","15","15","65","6500000","369614","0.05686369230769231","7","17"
"24","10","5","15","15","16","1600000","150375","0.093984375","49","79"
"25","10","5","15","15","6","600000","62813","0.10468833333333333","139","187"
"23","10","5","15","15","66","6600000","372116","0.056381212121212124","6","9"
"24","10","5","15","15","17","1700000","157350","0.09255882352941176","47","85"
"25","10","5","15","15","7","700000","72141","0.10305857142857143","118","162"
"23","10","5","15","15","67","6700000","374539","0.05590134328358209","6","9"
"24","10","5","15","15","18","1800000","164183","0.09121277777777778","51","85"
"25","10","5","15","15","8","800000","80838","0.1010475","101","159"
"23","10","5","15","15","68","6800000","376731","0.05540161764705882","5","8"
"24","10","5","15","15","19","1900000","171129","0.09006789473684211","54","91"
"25","10","5","15","15","9","900000","89351","0.09927888888888889","107","148"
"23","10","5","15","15","69","6900000","378648","0.054876521739130435","5","9"
"24","10","5","15","15","20","2000000","177753","0.0888765","44","70"
"25","10","5","15","15","10","1000000","97766","0.097766","110","150"
"23","10","5","15","15","70","7000000","380692","0.05438457142857143","5","9"
"24","10","5","15","15","21","2100000","184015","0.08762619047619048","56","97"
"23","10","5","15","15","71","7100000","382590","0.053885915492957744","5","8"
"25","10","5","15","15","11","1100000","105426","0.09584181818181818","88","122"
"24","10","5","15","15","22","2200000","190050","0.08638636363636364","47","82"
"23","10","5","15","15","72","7200000","384386","0.053386944444444445","5","12"
"25","10","5","15","15","12","1200000","112636","0.09386333333333333","75","108"
"24","10","5","15","15","23","2300000","196108","0.08526434782608695","45","90"
"23","10","5","15","15","73","7300000","386227","0.05290780821917808","5","6"
"25","10","5","15","15","13","1300000","119313","0.09177923076923077","73","109"
"24","10","5","15","15","24","2400000","201763","0.08406791666666667","38","75"
"23","10","5","15","15","74","7400000","387765","0.052400675675675676","5","8"
"25","10","5","15","15","14","1400000","126699","0.09049928571428571","82","109"
"24","10","5","15","15","25","2500000","207230","0.082892","35","48"
"23","10","5","15","15","75","7500000","389290","0.05190533333333333","5","5"
"25","10","5","15","15","15","1500000","134372","0.08958133333333333","70","117"
"24","10","5","15","15","26","2600000","212838","0.08186076923076924","38","68"
"23","10","5","15","15","76","7600000","390997","0.05144697368421053","5","10"
"25","10","5","15","15","16","1600000","141851","0.088656875","70","98"
"24","10","5","15","15","27","2700000","218191","0.08081148148148148","31","60"
"23","10","5","15","15","77","7700000","392750","0.05100649350649351","5","6"
"24","10","5","15","15","28","2800000","223164","0.07970142857142858","28","48"
"25","10","5","15","15","17","1700000","148810","0.08753529411764706","63","96"
"23","10","5","15","15","78","7800000","394169","0.05053448717948718","5","7"
"24","10","5","15","15","29","2900000","227473","0.07843896551724137","30","43"
"25","10","5","15","15","18","1800000","155723","0.08651277777777777","62","91"
"23","10","5","15","15","79","7900000","395400","0.050050632911392404","4","6"
"24","10","5","15","15","30","3000000","231909","0.077303","32","54"
"23","10","5","15","15","80","8000000","396543","0.049567875","4","6"
"25","10","5","15","15","19","1900000","162188","0.08536210526315789","54","93"
"24","10","5","15","15","31","3100000","236514","0.07629483870967742","26","51"
"23","10","5","15","15","81","8100000","397820","0.04911358024691358","4","4"
"25","10","5","15","15","20","2000000","168584","0.084292","53","81"
"24","10","5","15","15","32","3200000","241019","0.0753184375","25","45"
"23","10","5","15","15","82","8200000","398947","0.04865207317073171","4","7"
"25","10","5","15","15","21","2100000","174949","0.08330904761904762","54","76"
"24","10","5","15","15","33","3300000","245239","0.07431484848484848","25","45"
"23","10","5","15","15","83","8300000","399897","0.04818036144578313","4","6"
"25","10","5","15","15","22","2200000","180947","0.08224863636363636","50","82"
"23","10","5","15","15","84","8400000","400883","0.047724166666666665","4","4"
"24","10","5","15","15","34","3400000","249378","0.07334647058823529","23","39"
"25","10","5","15","15","23","2300000","186914","0.08126695652173913","49","75"
"23","10","5","15","15","85","8500000","401931","0.047286","4","5"
"24","10","5","15","15","35","3500000","253231","0.07235171428571428","27","48"
"25","10","5","15","15","24","2400000","192965","0.08040208333333333","47","76"
"23","10","5","15","15","86","8600000","402934","0.04685279069767442","4","5"
"24","10","5","15","15","36","3600000","256845","0.07134583333333333","28","50"
"25","10","5","15","15","25","2500000","198622","0.0794488","42","75"
"23","10","5","15","15","87","8700000","403826","0.0464167816091954","4","5"
"24","10","5","15","15","37","3700000","260206","0.07032594594594595","21","41"
"25","10","5","15","15","26","2600000","204127","0.07851038461538462","42","53"
"23","10","5","15","15","88","8800000","404775","0.04599715909090909","4","5"
"24","10","5","15","15","38","3800000","263705","0.06939605263157894","24","50"
"25","10","5","15","15","27","2700000","209742","0.07768222222222222","45","75"
"23","10","5","15","15","89","8900000","405749","0.04558977528089888","4","6"
"24","10","5","15","15","39","3900000","267327","0.06854538461538462","18","41"
"23","10","5","15","15","90","9000000","406618","0.04517977777777778","4","4"
"25","10","5","15","15","28","2800000","215229","0.0768675","42","62"
"24","10","5","15","15","40","4000000","270612","0.067653","18","27"
"23","10","5","15","15","91","9100000","407555","0.04478626373626374","4","4"
"25","10","5","15","15","29","2900000","220715","0.07610862068965517","38","64"
"24","10","5","15","15","41","4100000","273542","0.06671756097560975","19","43"
"23","10","5","15","15","92","9200000","408571","0.044409891304347825","4","7"
"25","10","5","15","15","30","3000000","226554","0.075518","47","80"
"24","10","5","15","15","42","4200000","276387","0.06580642857142857","18","45"
"23","10","5","15","15","93","9300000","409662","0.04404967741935484","4","4"
"25","10","5","15","15","31","3100000","232243","0.07491709677419355","40","65"
"24","10","5","15","15","43","4300000","279293","0.06495186046511628","15","23"
"23","10","5","15","15","94","9400000","410992","0.04372255319148936","4","5"
"25","10","5","15","15","32","3200000","238018","0.074380625","46","76"
"24","10","5","15","15","44","4400000","282085","0.06411022727272728","14","26"
"23","10","5","15","15","95","9500000","412075","0.043376315789473686","4","6"
"24","10","5","15","15","45","4500000","284551","0.06323355555555556","14","25"
"25","10","5","15","15","33","3300000","243988","0.07393575757575757","45","82"
"23","10","5","15","15","96","9600000","413061","0.0430271875","4","5"
"24","10","5","15","15","46","4600000","286838","0.06235608695652174","13","21"
"25","10","5","15","15","34","3400000","250083","0.07355382352941177","37","68"
"23","10","5","15","15","97","9700000","413924","0.04267257731958763","4","4"
"24","10","5","15","15","47","4700000","288850","0.06145744680851064","13","16"
"25","10","5","15","15","35","3500000","256186","0.073196","45","80"
"23","10","5","15","15","98","9800000","414808","0.04232734693877551","4","4"
"24","10","5","15","15","48","4800000","291174","0.06066125","13","19"
"25","10","5","15","15","36","3600000","261998","0.07277722222222222","35","58"
"23","10","5","15","15","99","9900000","415958","0.04201595959595959","4","6"
"24","10","5","15","15","49","4900000","293306","0.05985836734693878","13","17"
"25","10","5","15","15","37","3700000","267255","0.07223108108108107","36","60"
"23","10","5","15","15","100","10000000","417229","0.0417229","4","4"
"24","10","5","15","15","50","5000000","295516","0.0591032","13","21"
"23","10","5","15","15","101","10100000","418151","0.04140108910891089","4","7"
"25","10","5","15","15","38","3800000","272101","0.07160552631578948","36","60"
"24","10","5","15","15","51","5100000","297405","0.05831470588235294","13","19"
"23","10","5","15","15","102","10200000","419136","0.041091764705882355","4","5"
"25","10","5","15","15","39","3900000","276679","0.07094333333333333","40","60"
"24","10","5","15","15","52","5200000","299062","0.05751192307692308","14","18"
"23","10","5","15","15","103","10300000","420107","0.04078708737864078","4","5"
"25","10","5","15","15","40","4000000","281067","0.07026675","34","63"
"24","10","5","15","15","53","5300000","300735","0.05674245283018868","11","12"
"23","10","5","15","15","104","10400000","421056","0.040486153846153845","4","4"
"25","10","5","15","15","41","4100000","285427","0.06961634146341464","36","58"
"24","10","5","15","15","54","5400000","302107","0.05594574074074074","10","12"
"23","10","5","15","15","105","10500000","421963","0.04018695238095238","4","6"
"25","10","5","15","15","42","4200000","289278","0.06887571428571429","37","54"
"24","10","5","15","15","55","5500000","303040","0.05509818181818182","10","13"
"23","10","5","15","15","106","10600000","422981","0.039903867924528304","4","5"
"25","10","5","15","15","43","4300000","293279","0.06820441860465117","38","55"
"24","10","5","15","15","56","5600000","304086","0.05430107142857143","8","8"
"23","10","5","15","15","107","10700000","423972","0.039623551401869156","4","4"
"25","10","5","15","15","44","4400000","297210","0.06754772727272727","33","45"
"24","10","5","15","15","57","5700000","304736","0.053462456140350875","8","9"
"23","10","5","15","15","108","10800000","425096","0.03936074074074074","4","7"
"24","10","5","15","15","58","5800000","305403","0.052655689655172415","8","9"
"25","10","5","15","15","45","4500000","301488","0.06699733333333334","33","61"
"23","10","5","15","15","109","10900000","426325","0.039112385321100916","4","6"
"24","10","5","15","15","59","5900000","306196","0.05189762711864407","8","8"
"25","10","5","15","15","46","4600000","306198","0.06656478260869565","31","52"
"23","10","5","15","15","110","11000000","427326","0.038847818181818185","4","6"
"24","10","5","15","15","60","6000000","306913","0.051152166666666665","8","8"
"25","10","5","15","15","47","4700000","311098","0.06619106382978723","36","62"
"23","10","5","15","15","111","11100000","428549","0.03860801801801802","4","6"
"24","10","5","15","15","61","6100000","307643","0.05043327868852459","8","10"
"25","10","5","15","15","48","4800000","316052","0.06584416666666666","33","56"
"23","10","5","15","15","112","11200000","430079","0.038399910714285716","4","5"
"24","10","5","15","15","62","6200000","308532","0.049763225806451615","8","8"
"25","10","5","15","15","49","4900000","321052","0.06552081632653062","34","62"
"23","10","5","15","15","113","11300000","431349","0.0381724778761062","4","6"
"24","10","5","15","15","63","6300000","309411","0.049112857142857146","8","9"
"23","10","5","15","15","114","11400000","432262","0.03791771929824561","4","6"
"25","10","5","15","15","50","5000000","325817","0.0651634","34","50"
"24","10","5","15","15","64","6400000","310139","0.04845921875","8","9"
"23","10","5","15","15","115","11500000","433255","0.03767434782608696","4","6"
"25","10","5","15","15","51","5100000","330193","0.06474372549019608","26","52"
"24","10","5","15","15","65","6500000","310906","0.047831692307692304","8","9"
"23","10","5","15","15","116","11600000","434277","0.0374376724137931","4","5"
"25","10","5","15","15","52","5200000","334720","0.06436923076923078","27","54"
"24","10","5","15","15","66","6600000","311688","0.04722545454545454","8","10"
"23","10","5","15","15","117","11700000","435416","0.03721504273504273","4","4"
"25","10","5","15","15","53","5300000","339423","0.06404207547169811","31","48"
"24","10","5","15","15","67","6700000","312495","0.046641044776119404","8","9"
"23","10","5","15","15","118","11800000","436652","0.03700440677966102","4","8"
"24","10","5","15","15","68","6800000","313294","0.04607264705882353","8","10"
"25","10","5","15","15","54","5400000","343889","0.06368314814814814","26","54"
"23","10","5","15","15","119","11900000","437677","0.03677957983193277","4","4"
"24","10","5","15","15","69","6900000","314143","0.045527971014492755","8","10"
"25","10","5","15","15","55","5500000","348918","0.06343963636363636","30","53"
"23","10","5","15","15","120","12000000","438829","0.036569083333333335","4","4"
"24","10","5","15","15","70","7000000","314836","0.04497657142857143","8","9"
"25","10","5","15","15","56","5600000","353487","0.06312267857142857","26","54"
"23","10","5","15","15","121","12100000","439910","0.03635619834710744","4","6"
"24","10","5","15","15","71","7100000","315652","0.044458028169014084","8","11"
"25","10","5","15","15","57","5700000","358279","0.0628559649122807","28","57"
"23","10","5","15","15","122","12200000","440934","0.03614213114754098","4","5"
"24","10","5","15","15","72","7200000","316378","0.04394138888888889","8","11"
"25","10","5","15","15","58","5800000","362846","0.0625596551724138","24","55"
"23","10","5","15","15","123","12300000","441921","0.03592853658536586","4","6"
"24","10","5","15","15","73","7300000","317209","0.043453287671232875","8","11"
"25","10","5","15","15","59","5900000","367470","0.062283050847457624","22","54"
"23","10","5","15","15","124","12400000","442889","0.03571685483870968","4","5"
"24","10","5","15","15","74","7400000","317803","0.04294635135135135","8","8"
"25","10","5","15","15","60","6000000","371914","0.06198566666666667","26","53"
"23","10","5","15","15","125","12500000","443975","0.035518","4","5"
"24","10","5","15","15","75","7500000","318088","0.04241173333333333","8","8"
"25","10","5","15","15","61","6100000","376102","0.06165606557377049","16","36"
"23","10","5","15","15","126","12600000","445075","0.0353234126984127","4","5"
"24","10","5","15","15","76","7600000","318346","0.04188763157894737","8","8"
"25","10","5","15","15","62","6200000","380203","0.06132306451612903","22","47"
"23","10","5","15","15","127","12700000","446064","0.03512314960629921","4","5"
"24","10","5","15","15","77","7700000","318442","0.0413561038961039","8","8"
"23","10","5","15","15","128","12800000","447184","0.03493625","4","5"
"25","10","5","15","15","63","6300000","384351","0.061008095238095236","18","47"
"24","10","5","15","15","78","7800000","318499","0.04083320512820513","7","7"
"26","10","5","15","15","0","0","0","0","895","900"
"23","10","5","15","15","129","12900000","448312","0.03475286821705426","4","4"
"25","10","5","15","15","64","6400000","388200","0.06065625","16","32"
"26","10","5","15","15","1","100000","9229","0.09229","430","454"
"23","10","5","15","15","130","13000000","449422","0.034570923076923075","4","6"
"25","10","5","15","15","65","6500000","391701","0.06026169230769231","15","35"
"26","10","5","15","15","2","200000","20027","0.100135","298","344"
"23","10","5","15","15","131","13100000","450478","0.03438763358778626","4","5"
"25","10","5","15","15","66","6600000","395130","0.05986818181818182","16","34"
"26","10","5","15","15","3","300000","30857","0.10285666666666667","218","267"
"23","10","5","15","15","132","13200000","451415","0.03419810606060606","4","5"
"25","10","5","15","15","67","6700000","398242","0.05943910447761194","15","36"
"26","10","5","15","15","4","400000","41223","0.1030575","192","241"
"23","10","5","15","15","133","13300000","452731","0.034039924812030074","4","7"
"25","10","5","15","15","68","6800000","401564","0.059053529411764706","15","34"
"26","10","5","15","15","5","500000","51789","0.103578","146","195"
"23","10","5","15","15","134","13400000","453693","0.03385768656716418","4","6"
"25","10","5","15","15","69","6900000","404736","0.05865739130434783","12","30"
"26","10","5","15","15","6","600000","62892","0.10482","132","186"
"23","10","5","15","15","135","13500000","454797","0.033688666666666665","4","6"
"25","10","5","15","15","70","7000000","407960","0.05828","16","31"
"26","10","5","15","15","7","700000","73376","0.10482285714285715","130","170"
"23","10","5","15","15","136","13600000","455795","0.033514338235294115","4","5"
"25","10","5","15","15","71","7100000","411275","0.05792605633802817","17","36"
"23","10","5","15","15","137","13700000","457005","0.033358029197080294","4","6"
"26","10","5","15","15","8","800000","82974","0.1037175","99","146"
"25","10","5","15","15","72","7200000","414954","0.0576325","15","37"
"23","10","5","15","15","138","13800000","458118","0.03319695652173913","4","5"
"26","10","5","15","15","9","900000","91493","0.10165888888888888","74","98"
"25","10","5","15","15","73","7300000","418683","0.05735383561643836","18","36"
"23","10","5","15","15","139","13900000","459193","0.03303546762589928","4","4"
"26","10","5","15","15","10","1000000","99210","0.09921","74","108"
"25","10","5","15","15","74","7400000","422350","0.05707432432432433","16","29"
"23","10","5","15","15","140","14000000","460393","0.03288521428571429","4","5"
"26","10","5","15","15","11","1100000","106337","0.09667","60","95"
"25","10","5","15","15","75","7500000","425995","0.056799333333333334","15","29"
"23","10","5","15","15","141","14100000","461545","0.03273368794326241","4","6"
"26","10","5","15","15","12","1200000","112743","0.0939525","58","97"
"25","10","5","15","15","76","7600000","429352","0.056493684210526314","15","32"
"23","10","5","15","15","142","14200000","462673","0.032582605633802816","4","5"
"26","10","5","15","15","13","1300000","119001","0.09153923076923078","60","90"
"25","10","5","15","15","77","7700000","432886","0.05621896103896104","15","31"
"23","10","5","15","15","143","14300000","463549","0.032416013986013986","4","4"
"26","10","5","15","15","14","1400000","125316","0.08951142857142858","54","83"
"23","10","5","15","15","144","14400000","464416","0.03225111111111111","4","4"
"25","10","5","15","15","78","7800000","436367","0.055944487179487176","19","46"
"26","10","5","15","15","15","1500000","131330","0.08755333333333333","59","92"
"23","10","5","15","15","145","14500000","465418","0.03209779310344828","4","5"
"25","10","5","15","15","79","7900000","439729","0.05566189873417721","16","34"
"26","10","5","15","15","16","1600000","137595","0.085996875","54","86"
"23","10","5","15","15","146","14600000","466455","0.031948972602739725","4","5"
"25","10","5","15","15","80","8000000","443206","0.05540075","18","33"
"26","10","5","15","15","17","1700000","143725","0.08454411764705883","49","89"
"23","10","5","15","15","147","14700000","467294","0.0317887074829932","4","9"
"25","10","5","15","15","81","8100000","446265","0.055094444444444446","19","32"
"26","10","5","15","15","18","1800000","149955","0.08330833333333333","42","69"
"23","10","5","15","15","148","14800000","468046","0.03162472972972973","4","5"
"25","10","5","15","15","82","8200000","449381","0.05480256097560975","17","34"
"23","10","5","15","15","149","14900000","468905","0.03147013422818792","4","4"
"26","10","5","15","15","19","1900000","156469","0.0823521052631579","46","71"
"25","10","5","15","15","83","8300000","451867","0.054441807228915666","19","35"
"23","10","5","15","15","150","15000000","469747","0.03131646666666667","4","4"
"26","10","5","15","15","20","2000000","162912","0.081456","43","74"
"25","10","5","15","15","84","8400000","454310","0.05408452380952381","18","40"
"23","10","5","15","15","151","15100000","470611","0.031166291390728476","4","5"
"26","10","5","15","15","21","2100000","169142","0.08054380952380952","47","86"
"25","10","5","15","15","85","8500000","457276","0.05379717647058824","18","32"
"23","10","5","15","15","152","15200000","471632","0.03102842105263158","4","6"
"26","10","5","15","15","22","2200000","175305","0.07968409090909091","43","67"
"25","10","5","15","15","86","8600000","460098","0.05349976744186047","18","30"
"23","10","5","15","15","153","15300000","472448","0.030878954248366012","4","5"
"26","10","5","15","15","23","2300000","181296","0.07882434782608695","44","61"
"25","10","5","15","15","87","8700000","462797","0.053195057471264365","16","25"
"23","10","5","15","15","154","15400000","472912","0.03070857142857143","4","4"
"26","10","5","15","15","24","2400000","187321","0.07805041666666666","44","66"
"25","10","5","15","15","88","8800000","465206","0.05286431818181818","16","30"
"23","10","5","15","15","155","15500000","473404","0.0305421935483871","4","5"
"25","10","5","15","15","89","8900000","467955","0.052579213483146064","18","39"
"26","10","5","15","15","25","2500000","193742","0.0774968","37","78"
"23","10","5","15","15","156","15600000","473877","0.03037673076923077","4","4"
"25","10","5","15","15","90","9000000","470954","0.05232822222222222","17","36"
"26","10","5","15","15","26","2600000","199433","0.076705","43","64"
"23","10","5","15","15","157","15700000","474361","0.030214076433121018","4","5"
"25","10","5","15","15","91","9100000","473863","0.05207285714285714","16","32"
"26","10","5","15","15","27","2700000","205328","0.07604740740740741","38","49"
"23","10","5","15","15","158","15800000","475039","0.030065759493670886","4","6"
"25","10","5","15","15","92","9200000","476915","0.051838586956521736","12","29"
"26","10","5","15","15","28","2800000","210524","0.07518714285714286","36","55"
"23","10","5","15","15","159","15900000","475537","0.029907987421383647","4","4"
"25","10","5","15","15","93","9300000","479952","0.05160774193548387","12","26"
"23","10","5","15","15","160","16000000","475611","0.0297256875","3","3"
"27","10","5","15","15","0","0","0","0","899","900"
"26","10","5","15","15","29","2900000","215678","0.07437172413793103","45","68"
"25","10","5","15","15","94","9400000","482936","0.051376170212765956","12","32"
"26","10","5","15","15","30","3000000","220985","0.07366166666666667","44","63"
"27","10","5","15","15","1","100000","9162","0.09162","411","436"
"25","10","5","15","15","95","9500000","486310","0.05119052631578947","12","31"
"26","10","5","15","15","31","3100000","226424","0.07304","35","55"
"27","10","5","15","15","2","200000","19342","0.09671","302","334"
"25","10","5","15","15","96","9600000","489574","0.050997291666666666","12","25"
"26","10","5","15","15","32","3200000","231739","0.0724184375","34","62"
"27","10","5","15","15","3","300000","30968","0.10322666666666666","261","306"
"25","10","5","15","15","97","9700000","492807","0.05080484536082474","12","27"
"26","10","5","15","15","33","3300000","236744","0.07174060606060606","40","63"
"27","10","5","15","15","4","400000","42340","0.10585","233","292"
"25","10","5","15","15","98","9800000","495755","0.05058724489795918","12","33"
"26","10","5","15","15","34","3400000","241641","0.07107088235294118","37","54"
"27","10","5","15","15","5","500000","54066","0.108132","184","223"
"25","10","5","15","15","99","9900000","498488","0.050352323232323234","12","24"
"26","10","5","15","15","35","3500000","246513","0.07043228571428571","34","53"
"27","10","5","15","15","6","600000","65442","0.10907","159","216"
"25","10","5","15","15","100","10000000","501025","0.0501025","12","28"
"26","10","5","15","15","36","3600000","251070","0.06974166666666666","34","43"
"27","10","5","15","15","7","700000","76407","0.10915285714285715","141","198"
"25","10","5","15","15","101","10100000","503544","0.049855841584158414","12","25"
"26","10","5","15","15","37","3700000","255649","0.06909432432432433","30","58"
"27","10","5","15","15","8","800000","86665","0.10833125","115","156"
"25","10","5","15","15","102","10200000","505730","0.049581372549019606","10","16"
"26","10","5","15","15","38","3800000","259867","0.06838605263157894","24","44"
"27","10","5","15","15","9","900000","96009","0.10667666666666667","101","146"
"25","10","5","15","15","103","10300000","507774","0.04929844660194175","11","19"
"26","10","5","15","15","39","3900000","264118","0.06772256410256411","27","38"
"27","10","5","15","15","10","1000000","105849","0.105849","90","149"
"25","10","5","15","15","104","10400000","509972","0.04903576923076923","10","16"
"26","10","5","15","15","40","4000000","268131","0.06703275","29","52"
"25","10","5","15","15","105","10500000","511948","0.04875695238095238","9","17"
"27","10","5","15","15","11","1100000","115239","0.10476272727272727","80","137"
"26","10","5","15","15","41","4100000","272230","0.06639756097560975","26","38"
"25","10","5","15","15","106","10600000","513739","0.04846594339622642","9","14"
"27","10","5","15","15","12","1200000","123930","0.103275","56","100"
"26","10","5","15","15","42","4200000","276313","0.06578880952380953","25","38"
"25","10","5","15","15","107","10700000","515541","0.048181401869158876","9","20"
"27","10","5","15","15","13","1300000","131427","0.1010976923076923","46","77"
"26","10","5","15","15","43","4300000","280532","0.06524","25","46"
"25","10","5","15","15","108","10800000","517233","0.047891944444444445","9","14"
"26","10","5","15","15","44","4400000","284929","0.0647565909090909","25","45"
"27","10","5","15","15","14","1400000","138379","0.09884214285714285","36","66"
"25","10","5","15","15","109","10900000","518926","0.04760788990825688","9","13"
"26","10","5","15","15","45","4500000","288889","0.06419755555555555","28","47"
"27","10","5","15","15","15","1500000","144943","0.09662866666666667","34","62"
"25","10","5","15","15","110","11000000","520499","0.04731809090909091","9","18"
"26","10","5","15","15","46","4600000","293095","0.06371630434782609","28","40"
"27","10","5","15","15","16","1600000","151647","0.094779375","33","59"
"25","10","5","15","15","111","11100000","522112","0.04703711711711712","9","18"
"26","10","5","15","15","47","4700000","297022","0.06319617021276595","22","44"
"27","10","5","15","15","17","1700000","158052","0.09297176470588235","37","73"
"25","10","5","15","15","112","11200000","523933","0.04677973214285714","9","17"
"26","10","5","15","15","48","4800000","301175","0.06274479166666666","22","43"
"27","10","5","15","15","18","1800000","164296","0.09127555555555555","36","73"
"25","10","5","15","15","113","11300000","525579","0.04651141592920354","9","13"
"26","10","5","15","15","49","4900000","304790","0.06220204081632653","20","38"
"27","10","5","15","15","19","1900000","170361","0.08966368421052631","35","54"
"25","10","5","15","15","114","11400000","527283","0.046252894736842104","8","12"
"26","10","5","15","15","50","5000000","308232","0.0616464","18","26"
"27","10","5","15","15","20","2000000","175917","0.0879585","24","37"
"25","10","5","15","15","115","11500000","529177","0.04601539130434783","9","19"
"26","10","5","15","15","51","5100000","311670","0.06111176470588235","18","26"
"27","10","5","15","15","21","2100000","181055","0.08621666666666666","23","48"
"25","10","5","15","15","116","11600000","531155","0.04578922413793103","9","15"
"26","10","5","15","15","52","5200000","314509","0.0604825","18","26"
"27","10","5","15","15","22","2200000","185480","0.0843090909090909","23","49"
"25","10","5","15","15","117","11700000","532753","0.04553444444444445","8","10"
"26","10","5","15","15","53","5300000","316985","0.059808490566037736","15","21"
"27","10","5","15","15","23","2300000","189538","0.08240782608695651","21","35"
"25","10","5","15","15","118","11800000","534629","0.04530754237288136","8","10"
"26","10","5","15","15","54","5400000","319263","0.05912277777777778","15","20"
"27","10","5","15","15","24","2400000","193380","0.080575","13","37"
"25","10","5","15","15","119","11900000","536450","0.04507983193277311","9","13"
"26","10","5","15","15","55","5500000","321667","0.058484909090909094","15","22"
"27","10","5","15","15","25","2500000","197129","0.0788516","17","33"
"25","10","5","15","15","120","12000000","538372","0.04486433333333333","8","14"
"26","10","5","15","15","56","5600000","324119","0.05787839285714286","15","24"
"27","10","5","15","15","26","2600000","200345","0.07705576923076923","14","24"
"25","10","5","15","15","121","12100000","540343","0.04465644628099173","8","15"
"26","10","5","15","15","57","5700000","326530","0.057285964912280704","15","18"
"27","10","5","15","15","27","2700000","203342","0.07531185185185185","10","19"
"25","10","5","15","15","122","12200000","542353","0.04445516393442623","8","10"
"26","10","5","15","15","58","5800000","328855","0.05669913793103448","14","20"
"27","10","5","15","15","28","2800000","206249","0.07366035714285714","9","16"
"25","10","5","15","15","123","12300000","544409","0.04426089430894309","8","10"
"26","10","5","15","15","59","5900000","330865","0.05607881355932203","13","18"
"27","10","5","15","15","29","2900000","209161","0.07212448275862068","9","23"
"25","10","5","15","15","124","12400000","546478","0.044070806451612904","8","9"
"26","10","5","15","15","60","6000000","332539","0.05542316666666667","13","16"
"27","10","5","15","15","30","3000000","212204","0.07073466666666667","11","19"
"25","10","5","15","15","125","12500000","548635","0.0438908","8","12"
"26","10","5","15","15","61","6100000","334266","0.054797704918032784","13","15"
"27","10","5","15","15","31","3100000","215154","0.06940451612903226","11","22"
"25","10","5","15","15","126","12600000","550497","0.043690238095238094","8","11"
"26","10","5","15","15","62","6200000","336056","0.05420258064516129","13","14"
"27","10","5","15","15","32","3200000","217990","0.068121875","12","32"
"25","10","5","15","15","127","12700000","552415","0.043497244094488186","8","14"
"26","10","5","15","15","63","6300000","337856","0.053627936507936506","13","14"
"25","10","5","15","15","128","12800000","554382","0.04331109375","8","10"
"27","10","5","15","15","33","3300000","220455","0.06680454545454545","9","17"
"26","10","5","15","15","64","6400000","339590","0.0530609375","13","14"
"25","10","5","15","15","129","12900000","556447","0.043135426356589145","8","10"
"27","10","5","15","15","34","3400000","223224","0.06565411764705882","10","27"
"26","10","5","15","15","65","6500000","341175","0.05248846153846154","13","15"
"25","10","5","15","15","130","13000000","558234","0.04294107692307692","8","12"
"27","10","5","15","15","35","3500000","225876","0.064536","8","22"
"26","10","5","15","15","66","6600000","342700","0.05192424242424242","13","15"
"25","10","5","15","15","131","13100000","559960","0.04274503816793893","8","14"
"27","10","5","15","15","36","3600000","228427","0.06345194444444445","9","30"
"26","10","5","15","15","67","6700000","344212","0.05137492537313433","13","14"
"25","10","5","15","15","132","13200000","561798","0.04256045454545455","8","10"
"27","10","5","15","15","37","3700000","231148","0.06247243243243243","9","18"
"26","10","5","15","15","68","6800000","345504","0.05080941176470588","12","13"
"25","10","5","15","15","133","13300000","563606","0.04237639097744361","8","12"
"27","10","5","15","15","38","3800000","233793","0.061524473684210525","9","17"
"26","10","5","15","15","69","6900000","346820","0.05026376811594203","12","16"
"25","10","5","15","15","134","13400000","565445","0.04219738805970149","8","10"
"27","10","5","15","15","39","3900000","236327","0.06059666666666667","9","16"
"26","10","5","15","15","70","7000000","348049","0.04972128571428571","12","14"
"25","10","5","15","15","135","13500000","567264","0.04201955555555555","8","11"
"27","10","5","15","15","40","4000000","239127","0.05978175","9","17"
"26","10","5","15","15","71","7100000","349342","0.049203098591549296","12","13"
"25","10","5","15","15","136","13600000","569091","0.04184492647058823","8","10"
"27","10","5","15","15","41","4100000","241735","0.058959756097560975","8","17"
"26","10","5","15","15","72","7200000","350519","0.048683194444444446","12","14"
"25","10","5","15","15","137","13700000","570985","0.04167773722627737","8","12"
"27","10","5","15","15","42","4200000","244582","0.05823380952380952","9","21"
"26","10","5","15","15","73","7300000","351656","0.048172054794520545","12","12"
"25","10","5","15","15","138","13800000","572894","0.04151405797101449","8","11"
"27","10","5","15","15","43","4300000","246930","0.05742558139534884","7","15"
"26","10","5","15","15","74","7400000","352813","0.047677432432432436","12","13"
"25","10","5","15","15","139","13900000","575024","0.04136863309352518","8","11"
"27","10","5","15","15","44","4400000","248909","0.05657022727272727","6","9"
"26","10","5","15","15","75","7500000","353938","0.04719173333333333","12","13"
"25","10","5","15","15","140","14000000","577125","0.04122321428571429","8","9"
"27","10","5","15","15","45","4500000","250438","0.05565288888888889","5","7"
"26","10","5","15","15","76","7600000","354835","0.04668881578947368","12","12"
"25","10","5","15","15","141","14100000","579019","0.04106517730496454","8","8"
"27","10","5","15","15","46","4600000","251715","0.054720652173913045","6","7"
"26","10","5","15","15","77","7700000","355755","0.04620194805194805","12","14"
"25","10","5","15","15","142","14200000","580865","0.04090598591549296","8","8"
"27","10","5","15","15","47","4700000","253107","0.053852553191489363","5","6"
"26","10","5","15","15","78","7800000","356627","0.04572141025641026","12","15"
"25","10","5","15","15","143","14300000","582608","0.040741818181818185","8","9"
"27","10","5","15","15","48","4800000","254147","0.05294729166666667","4","5"
"26","10","5","15","15","79","7900000","357474","0.04524987341772152","11","14"
"27","10","5","15","15","49","4900000","254707","0.05198102040816326","3","7"
"26","10","5","15","15","80","8000000","358082","0.04476025","11","12"
"25","10","5","15","15","144","14400000","584182","0.04056819444444444","8","9"
"26","10","5","15","15","81","8100000","358718","0.04428617283950617","11","11"
"27","10","5","15","15","50","5000000","255249","0.0510498","3","3"
"25","10","5","15","15","145","14500000","585232","0.0403608275862069","7","10"
"26","10","5","15","15","82","8200000","359307","0.04381792682926829","11","12"
"27","10","5","15","15","51","5100000","255876","0.05017176470588235","3","3"
"25","10","5","15","15","146","14600000","586353","0.04016116438356165","7","8"
"26","10","5","15","15","83","8300000","359838","0.04335397590361446","11","13"
"27","10","5","15","15","52","5200000","256361","0.04930019230769231","3","3"
"25","10","5","15","15","147","14700000","587345","0.03995544217687075","7","10"
"26","10","5","15","15","84","8400000","360580","0.04292619047619048","11","12"
"27","10","5","15","15","53","5300000","256765","0.04844622641509434","3","3"
"25","10","5","15","15","148","14800000","588570","0.03976824324324324","7","11"
"26","10","5","15","15","85","8500000","361360","0.04251294117647059","11","11"
"27","10","5","15","15","54","5400000","257115","0.047613888888888886","3","3"
"25","10","5","15","15","149","14900000","589487","0.03956288590604027","7","9"
"26","10","5","15","15","86","8600000","361934","0.042085348837209303","11","11"
"27","10","5","15","15","55","5500000","257510","0.04682","3","4"
"25","10","5","15","15","150","15000000","590475","0.039365","7","8"
"26","10","5","15","15","87","8700000","362559","0.04167344827586207","11","11"
"27","10","5","15","15","56","5600000","257752","0.04602714285714286","3","3"
"25","10","5","15","15","151","15100000","591569","0.03917675496688742","7","8"
"27","10","5","15","15","57","5700000","257908","0.04524701754385965","2","2"
"26","10","5","15","15","88","8800000","363192","0.04127181818181818","11","12"
"28","10","5","15","15","0","0","0","0","899","900"
"25","10","5","15","15","152","15200000","592765","0.038997697368421055","7","9"
"26","10","5","15","15","89","8900000","363882","0.04088561797752809","11","11"
"28","10","5","15","15","1","100000","8518","0.08518","445","468"
"25","10","5","15","15","153","15300000","594057","0.03882725490196078","7","11"
"26","10","5","15","15","90","9000000","364534","0.04050377777777778","11","11"
"25","10","5","15","15","154","15400000","595030","0.03863831168831169","7","8"
"28","10","5","15","15","2","200000","19266","0.09633","310","355"
"26","10","5","15","15","91","9100000","365160","0.04012747252747253","11","12"
"25","10","5","15","15","155","15500000","596049","0.03845477419354839","7","10"
"28","10","5","15","15","3","300000","30512","0.10170666666666667","240","308"
"26","10","5","15","15","92","9200000","365917","0.039773586956521736","11","12"
"25","10","5","15","15","156","15600000","596912","0.038263589743589746","7","9"
"28","10","5","15","15","4","400000","41614","0.104035","206","254"
"26","10","5","15","15","93","9300000","366780","0.03943870967741935","11","11"
"25","10","5","15","15","157","15700000","597772","0.03807464968152866","7","9"
"28","10","5","15","15","5","500000","52489","0.104978","193","224"
"26","10","5","15","15","94","9400000","367487","0.03909436170212766","11","12"
"25","10","5","15","15","158","15800000","598674","0.037890759493670885","7","8"
"28","10","5","15","15","6","600000","62957","0.10492833333333333","160","205"
"26","10","5","15","15","95","9500000","368159","0.038753578947368424","11","11"
"25","10","5","15","15","159","15900000","599621","0.03771201257861635","7","7"
"28","10","5","15","15","7","700000","73586","0.10512285714285714","148","195"
"26","10","5","15","15","96","9600000","368994","0.038436875","11","11"
"25","10","5","15","15","160","16000000","600662","0.037541375","7","9"
"26","10","5","15","15","97","9700000","369687","0.0381120618556701","11","11"
"28","10","5","15","15","8","800000","84039","0.10504875","128","181"
"25","10","5","15","15","161","16100000","601656","0.037369937888198757","7","8"
"26","10","5","15","15","98","9800000","370451","0.03780112244897959","11","12"
"28","10","5","15","15","9","900000","93688","0.10409777777777778","126","176"
"25","10","5","15","15","162","16200000","602569","0.03719561728395062","7","8"
"26","10","5","15","15","99","9900000","371253","0.03750030303030303","11","15"
"28","10","5","15","15","10","1000000","103388","0.103388","116","163"
"25","10","5","15","15","163","16300000","603618","0.037031779141104296","7","7"
"26","10","5","15","15","100","10000000","372274","0.0372274","11","12"
"28","10","5","15","15","11","1100000","112076","0.10188727272727273","101","154"
"25","10","5","15","15","164","16400000","604789","0.03687737804878049","7","8"
"26","10","5","15","15","101","10100000","373270","0.036957425742574254","11","13"
"25","10","5","15","15","165","16500000","605852","0.03671830303030303","7","8"
"28","10","5","15","15","12","1200000","119827","0.09985583333333334","81","126"
"26","10","5","15","15","102","10200000","374137","0.03668009803921569","11","11"
"25","10","5","15","15","166","16600000","606629","0.036543915662650604","7","10"
"28","10","5","15","15","13","1300000","126781","0.09752384615384616","68","102"
"26","10","5","15","15","103","10300000","374926","0.03640058252427184","11","12"
"25","10","5","15","15","167","16700000","607350","0.03636826347305389","7","8"
"28","10","5","15","15","14","1400000","133600","0.09542857142857143","76","108"
"26","10","5","15","15","104","10400000","375725","0.036127403846153844","11","11"
"25","10","5","15","15","168","16800000","607920","0.036185714285714286","7","8"
"28","10","5","15","15","15","1500000","139603","0.09306866666666666","59","84"
"26","10","5","15","15","105","10500000","376456","0.03585295238095238","11","11"
"25","10","5","15","15","169","16900000","608431","0.036001834319526624","7","8"
"28","10","5","15","15","16","1600000","145208","0.090755","62","86"
"26","10","5","15","15","106","10600000","377279","0.03559235849056604","11","12"
"25","10","5","15","15","170","17000000","608939","0.03581994117647059","7","9"
"28","10","5","15","15","17","1700000","151363","0.08903705882352941","59","89"
"26","10","5","15","15","107","10700000","378057","0.035332429906542055","11","11"
"25","10","5","15","15","171","17100000","609443","0.03563994152046784","7","7"
"26","10","5","15","15","108","10800000","378733","0.03506787037037037","11","11"
"28","10","5","15","15","18","1800000","156961","0.08720055555555556","53","74"
"25","10","5","15","15","172","17200000","609884","0.03545837209302326","7","7"
"26","10","5","15","15","109","10900000","379450","0.034811926605504584","11","11"
"28","10","5","15","15","19","1900000","162073","0.08530157894736842","45","65"
"25","10","5","15","15","173","17300000","610244","0.035274219653179194","7","7"
"26","10","5","15","15","110","11000000","380192","0.03456290909090909","11","11"
"28","10","5","15","15","20","2000000","167234","0.083617","46","68"
"25","10","5","15","15","174","17400000","610529","0.035087873563218394","7","7"
"26","10","5","15","15","111","11100000","380957","0.03432045045045045","11","11"
"28","10","5","15","15","21","2100000","172928","0.08234666666666667","43","63"
"25","10","5","15","15","175","17500000","610860","0.034906285714285716","7","7"
"26","10","5","15","15","112","11200000","381863","0.03409491071428571","11","12"
"28","10","5","15","15","22","2200000","177965","0.08089318181818182","37","59"
"25","10","5","15","15","176","17600000","611107","0.03472198863636364","7","7"
"26","10","5","15","15","113","11300000","382663","0.03386398230088496","11","11"
"28","10","5","15","15","23","2300000","182728","0.07944695652173914","37","71"
"25","10","5","15","15","177","17700000","611343","0.03453915254237288","7","7"
"26","10","5","15","15","114","11400000","383509","0.033641140350877195","11","11"
"28","10","5","15","15","24","2400000","188193","0.07841375","45","74"
"25","10","5","15","15","178","17800000","611612","0.03436022471910112","7","7"
"26","10","5","15","15","115","11500000","384597","0.03344321739130435","11","12"
"28","10","5","15","15","25","2500000","193725","0.07749","36","73"
"25","10","5","15","15","179","17900000","611920","0.03418547486033519","7","7"
"26","10","5","15","15","116","11600000","385570","0.03323879310344827","11","11"
"25","10","5","15","15","180","18000000","611983","0.03399905555555555","6","6"
"28","10","5","15","15","26","2600000","198566","0.07637153846153846","35","50"
"29","10","5","15","15","0","0","0","0","897","900"
"26","10","5","15","15","117","11700000","386576","0.03304068376068376","11","13"
"28","10","5","15","15","27","2700000","202773","0.0751011111111111","30","47"
"29","10","5","15","15","1","100000","8768","0.08768","440","465"
"26","10","5","15","15","118","11800000","387756","0.032860677966101697","11","15"
"28","10","5","15","15","28","2800000","207160","0.07398571428571428","31","46"
"29","10","5","15","15","2","200000","19493","0.097465","334","373"
"26","10","5","15","15","119","11900000","388810","0.03267310924369748","11","13"
"28","10","5","15","15","29","2900000","211889","0.07306517241379311","26","43"
"26","10","5","15","15","120","12000000","389914","0.03249283333333333","11","15"
"29","10","5","15","15","3","300000","31105","0.10368333333333334","269","311"
"28","10","5","15","15","30","3000000","216402","0.072134","28","48"
"26","10","5","15","15","121","12100000","391225","0.03233264462809917","11","14"
"29","10","5","15","15","4","400000","42400","0.106","220","271"
"28","10","5","15","15","31","3100000","220827","0.07123451612903225","25","40"
"26","10","5","15","15","122","12200000","392630","0.0321827868852459","11","11"
"29","10","5","15","15","5","500000","53650","0.1073","193","251"
"28","10","5","15","15","32","3200000","225285","0.0704015625","27","47"
"26","10","5","15","15","123","12300000","393919","0.03202593495934959","11","15"
"29","10","5","15","15","6","600000","64236","0.10706","149","196"
"26","10","5","15","15","124","12400000","395120","0.03186451612903226","11","13"
"28","10","5","15","15","33","3300000","229284","0.06948","23","36"
"29","10","5","15","15","7","700000","74995","0.10713571428571429","121","190"
"26","10","5","15","15","125","12500000","396520","0.0317216","11","12"
"28","10","5","15","15","34","3400000","232945","0.06851323529411765","24","39"
"29","10","5","15","15","8","800000","84824","0.10603","104","154"
"26","10","5","15","15","126","12600000","397882","0.031577936507936506","11","11"
"28","10","5","15","15","35","3500000","236446","0.067556","19","31"
"29","10","5","15","15","9","900000","94030","0.10447777777777778","98","139"
"26","10","5","15","15","127","12700000","399147","0.03142889763779527","11","11"
"28","10","5","15","15","36","3600000","239332","0.06648111111111112","17","19"
"26","10","5","15","15","128","12800000","400271","0.031271171875","11","13"
"28","10","5","15","15","37","3700000","242271","0.06547864864864865","18","23"
"29","10","5","15","15","10","1000000","102256","0.102256","74","105"
"26","10","5","15","15","129","12900000","401305","0.03110891472868217","11","12"
"28","10","5","15","15","38","3800000","244391","0.06431342105263158","13","17"
"29","10","5","15","15","11","1100000","109326","0.09938727272727273","73","107"
"26","10","5","15","15","130","13000000","402491","0.030960846153846155","11","11"
"28","10","5","15","15","39","3900000","246185","0.06312435897435897","11","14"
"29","10","5","15","15","12","1200000","116078","0.09673166666666666","69","96"
"26","10","5","15","15","131","13100000","403623","0.03081091603053435","11","12"
"28","10","5","15","15","40","4000000","247657","0.06191425","11","13"
"29","10","5","15","15","13","1300000","122754","0.09442615384615384","68","102"
"26","10","5","15","15","132","13200000","404853","0.03067068181818182","11","13"
"28","10","5","15","15","41","4100000","249152","0.06076878048780488","11","12"
"29","10","5","15","15","14","1400000","129502","0.09250142857142857","55","79"
"26","10","5","15","15","133","13300000","405865","0.030516165413533834","11","13"
"28","10","5","15","15","42","4200000","250572","0.05966","10","10"
"29","10","5","15","15","15","1500000","135287","0.09019133333333333","57","79"
"26","10","5","15","15","134","13400000","406950","0.030369402985074626","11","11"
"28","10","5","15","15","43","4300000","251404","0.05846604651162791","10","11"
"29","10","5","15","15","16","1600000","140512","0.08782","53","75"
"26","10","5","15","15","135","13500000","408066","0.03022711111111111","11","13"
"28","10","5","15","15","44","4400000","252341","0.057350227272727275","10","10"
"29","10","5","15","15","17","1700000","145487","0.08558058823529412","56","76"
"26","10","5","15","15","136","13600000","408990","0.03007279411764706","11","11"
"28","10","5","15","15","45","4500000","253167","0.056259333333333335","10","10"
"26","10","5","15","15","137","13700000","409893","0.029919197080291973","11","11"
"29","10","5","15","15","18","1800000","150014","0.08334111111111112","41","55"
"28","10","5","15","15","46","4600000","254054","0.05522913043478261","10","11"
"26","10","5","15","15","138","13800000","410649","0.02975717391304348","11","12"
"28","10","5","15","15","47","4700000","255088","0.05427404255319149","10","10"
"29","10","5","15","15","19","1900000","154681","0.08141105263157895","40","62"
"26","10","5","15","15","139","13900000","411358","0.02959410071942446","11","11"
"28","10","5","15","15","48","4800000","256119","0.053358125","10","11"
"29","10","5","15","15","20","2000000","159127","0.0795635","42","61"
"26","10","5","15","15","140","14000000","412004","0.029428857142857142","11","12"
"28","10","5","15","15","49","4900000","257180","0.05248571428571429","10","13"
"29","10","5","15","15","21","2100000","163487","0.07785095238095238","42","66"
"26","10","5","15","15","141","14100000","412641","0.02926531914893617","11","12"
"28","10","5","15","15","50","5000000","258145","0.051629","10","12"
"29","10","5","15","15","22","2200000","167452","0.07611454545454545","42","63"
"26","10","5","15","15","142","14200000","413441","0.02911556338028169","11","12"
"28","10","5","15","15","51","5100000","259218","0.05082705882352941","10","12"
"29","10","5","15","15","23","2300000","171226","0.07444608695652175","40","68"
"26","10","5","15","15","143","14300000","414124","0.02895972027972028","11","12"
"28","10","5","15","15","52","5200000","260126","0.05002423076923077","10","14"
"29","10","5","15","15","24","2400000","175059","0.07294125","35","54"
"26","10","5","15","15","144","14400000","414865","0.028810069444444444","11","13"
"28","10","5","15","15","53","5300000","261141","0.04927188679245283","10","13"
"29","10","5","15","15","25","2500000","179250","0.0717","36","51"
"26","10","5","15","15","145","14500000","415536","0.028657655172413792","11","11"
"28","10","5","15","15","54","5400000","262099","0.04853685185185185","10","10"
"29","10","5","15","15","26","2600000","183921","0.07073884615384615","33","54"
"26","10","5","15","15","146","14600000","416116","0.028501095890410957","11","12"
"28","10","5","15","15","55","5500000","263051","0.04782745454545455","10","10"
"29","10","5","15","15","27","2700000","188714","0.06989407407407408","37","60"
"26","10","5","15","15","147","14700000","416617","0.028341292517006803","11","11"
"28","10","5","15","15","56","5600000","264062","0.04715392857142857","10","10"
"29","10","5","15","15","28","2800000","193459","0.0690925","33","58"
"26","10","5","15","15","148","14800000","417214","0.028190135135135134","11","12"
"28","10","5","15","15","57","5700000","265104","0.046509473684210524","10","11"
"26","10","5","15","15","149","14900000","417599","0.028026778523489934","11","12"
"29","10","5","15","15","29","2900000","198105","0.06831206896551724","34","51"
"28","10","5","15","15","58","5800000","266178","0.04589275862068966","10","11"
"26","10","5","15","15","150","15000000","417946","0.027863066666666665","11","12"
"28","10","5","15","15","59","5900000","267198","0.04528779661016949","10","11"
"29","10","5","15","15","30","3000000","202781","0.06759366666666666","37","51"
"26","10","5","15","15","151","15100000","417995","0.0276817880794702","10","10"
"30","10","5","15","15","0","0","0","0","897","900"
"28","10","5","15","15","60","6000000","268163","0.044693833333333335","10","14"
"29","10","5","15","15","31","3100000","207672","0.06699096774193548","39","61"
"28","10","5","15","15","61","6100000","269122","0.0441183606557377","10","10"
"30","10","5","15","15","1","100000","8496","0.08496","447","470"
"29","10","5","15","15","32","3200000","212629","0.0664465625","38","59"
"28","10","5","15","15","62","6200000","270255","0.04358951612903226","10","12"
"30","10","5","15","15","2","200000","19260","0.0963","335","383"
"29","10","5","15","15","33","3300000","217423","0.06588575757575757","38","59"
"28","10","5","15","15","63","6300000","271178","0.04304412698412698","10","10"
"30","10","5","15","15","3","300000","30269","0.10089666666666666","259","299"
"29","10","5","15","15","34","3400000","221757","0.06522264705882352","39","50"
"28","10","5","15","15","64","6400000","272229","0.04253578125","10","11"
"30","10","5","15","15","4","400000","40801","0.1020025","213","260"
"29","10","5","15","15","35","3500000","225756","0.06450171428571429","36","53"
"28","10","5","15","15","65","6500000","272986","0.041997846153846156","10","11"
"30","10","5","15","15","5","500000","51454","0.102908","177","236"
"29","10","5","15","15","36","3600000","229993","0.06388694444444444","44","55"
"28","10","5","15","15","66","6600000","273944","0.041506666666666664","10","11"
"30","10","5","15","15","6","600000","62706","0.10451","174","229"
"29","10","5","15","15","37","3700000","233899","0.06321594594594594","29","49"
"28","10","5","15","15","67","6700000","274856","0.04102328358208955","10","10"
"29","10","5","15","15","38","3800000","237430","0.06248157894736842","28","38"
"30","10","5","15","15","7","700000","73281","0.10468714285714285","135","194"
"28","10","5","15","15","68","6800000","275884","0.040571176470588236","10","11"
"29","10","5","15","15","39","3900000","240811","0.061746410256410256","35","44"
"30","10","5","15","15","8","800000","83188","0.103985","111","164"
"28","10","5","15","15","69","6900000","276794","0.040115072463768116","10","11"
"28","10","5","15","15","70","7000000","277733","0.039676142857142854","10","11"
"29","10","5","15","15","40","4000000","244275","0.06106875","30","45"
"30","10","5","15","15","9","900000","92124","0.10236","97","144"
"28","10","5","15","15","71","7100000","278628","0.03924338028169014","10","14"
"29","10","5","15","15","41","4100000","247683","0.06041048780487805","33","44"
"30","10","5","15","15","10","1000000","100792","0.100792","96","134"
"28","10","5","15","15","72","7200000","279862","0.03886972222222222","10","15"
"29","10","5","15","15","42","4200000","251129","0.059792619047619046","31","36"
"30","10","5","15","15","11","1100000","109792","0.09981090909090909","88","137"
"28","10","5","15","15","73","7300000","281159","0.038514931506849315","10","11"
"29","10","5","15","15","43","4300000","254231","0.059123488372093025","19","29"
"30","10","5","15","15","12","1200000","117353","0.09779416666666667","61","99"
"28","10","5","15","15","74","7400000","282363","0.03815716216216216","10","12"
"29","10","5","15","15","44","4400000","256557","0.05830840909090909","19","25"
"30","10","5","15","15","13","1300000","124742","0.09595538461538461","72","125"
"28","10","5","15","15","75","7500000","283665","0.037822","10","12"
"29","10","5","15","15","45","4500000","258661","0.057480222222222224","20","26"
"30","10","5","15","15","14","1400000","132109","0.09436357142857142","69","107"
"28","10","5","15","15","76","7600000","284984","0.037497894736842105","10","12"
"29","10","5","15","15","46","4600000","260451","0.05661978260869565","19","24"
"30","10","5","15","15","15","1500000","138639","0.092426","50","84"
"28","10","5","15","15","77","7700000","286204","0.037169350649350646","10","11"
"29","10","5","15","15","47","4700000","262443","0.055838936170212766","19","23"
"30","10","5","15","15","16","1600000","144765","0.090478125","51","84"
"28","10","5","15","15","78","7800000","287511","0.036860384615384614","10","10"
"29","10","5","15","15","48","4800000","264301","0.055062708333333335","20","25"
"30","10","5","15","15","17","1700000","151224","0.08895529411764706","48","81"
"28","10","5","15","15","79","7900000","288765","0.03655253164556962","10","11"
"29","10","5","15","15","49","4900000","265989","0.0542834693877551","20","31"
"30","10","5","15","15","18","1800000","157501","0.08750055555555555","39","62"
"28","10","5","15","15","80","8000000","289796","0.0362245","10","10"
"29","10","5","15","15","50","5000000","267795","0.053559","18","23"
"28","10","5","15","15","81","8100000","290998","0.03592567901234568","10","11"
"30","10","5","15","15","19","1900000","163612","0.08611157894736843","41","58"
"29","10","5","15","15","51","5100000","269699","0.0528821568627451","18","21"
"28","10","5","15","15","82","8200000","292193","0.03563329268292683","10","11"
"30","10","5","15","15","20","2000000","169278","0.084639","43","74"
"29","10","5","15","15","52","5200000","271720","0.05225384615384615","18","25"
"28","10","5","15","15","83","8300000","293273","0.03533409638554217","10","10"
"30","10","5","15","15","21","2100000","174551","0.08311952380952381","41","63"
"29","10","5","15","15","53","5300000","273792","0.051658867924528305","18","22"
"28","10","5","15","15","84","8400000","294217","0.03502583333333333","10","12"
"30","10","5","15","15","22","2200000","179706","0.08168454545454545","34","50"
"29","10","5","15","15","54","5400000","275545","0.05102685185185185","19","26"
"28","10","5","15","15","85","8500000","295340","0.034745882352941175","10","11"
"30","10","5","15","15","23","2300000","183946","0.07997652173913043","33","50"
"29","10","5","15","15","55","5500000","276835","0.050333636363636365","16","18"
"28","10","5","15","15","86","8600000","296511","0.03447802325581396","10","10"
"30","10","5","15","15","24","2400000","188497","0.07854041666666667","36","63"
"29","10","5","15","15","56","5600000","277913","0.04962732142857143","15","16"
"28","10","5","15","15","87","8700000","297512","0.034196781609195405","10","13"
"30","10","5","15","15","25","2500000","193491","0.0773964","33","45"
"29","10","5","15","15","57","5700000","279062","0.04895824561403509","15","17"
"28","10","5","15","15","88","8800000","298445","0.033914204545454546","10","11"
"30","10","5","15","15","26","2600000","198589","0.07638038461538461","32","48"
"29","10","5","15","15","58","5800000","280030","0.04828103448275862","15","15"
"28","10","5","15","15","89","8900000","299501","0.033651797752808986","10","11"
"30","10","5","15","15","27","2700000","203637","0.0754211111111111","32","55"
"29","10","5","15","15","59","5900000","281160","0.047654237288135594","15","17"
"28","10","5","15","15","90","9000000","300099","0.03334433333333333","10","11"
"30","10","5","15","15","28","2800000","208983","0.07463678571428571","33","45"
"29","10","5","15","15","60","6000000","282418","0.04706966666666667","15","17"
"28","10","5","15","15","91","9100000","300769","0.03305153846153846","10","11"
"30","10","5","15","15","29","2900000","213481","0.07361413793103448","36","68"
"29","10","5","15","15","61","6100000","283395","0.046458196721311476","15","16"
"28","10","5","15","15","92","9200000","301483","0.03276989130434783","10","10"
"30","10","5","15","15","30","3000000","218176","0.07272533333333334","33","53"
"29","10","5","15","15","62","6200000","284432","0.045876129032258066","15","17"
"28","10","5","15","15","93","9300000","302036","0.03247698924731183","10","11"
"30","10","5","15","15","31","3100000","221828","0.07155741935483871","28","51"
"29","10","5","15","15","63","6300000","285434","0.045306984126984126","15","15"
"28","10","5","15","15","94","9400000","302352","0.032165106382978724","10","10"
"30","10","5","15","15","32","3200000","225502","0.070469375","28","46"
"29","10","5","15","15","64","6400000","286520","0.04476875","15","17"
"28","10","5","15","15","95","9500000","302637","0.031856526315789474","10","10"
"30","10","5","15","15","33","3300000","228790","0.06933030303030303","22","31"
"29","10","5","15","15","65","6500000","287648","0.04425353846153846","15","15"
"28","10","5","15","15","96","9600000","302880","0.03155","10","11"
"30","10","5","15","15","34","3400000","231926","0.0682135294117647","30","43"
"28","10","5","15","15","97","9700000","302899","0.031226701030927836","9","9"
"29","10","5","15","15","66","6600000","288714","0.04374454545454545","15","17"
"30","10","5","15","15","35","3500000","235301","0.06722885714285715","30","55"
"29","10","5","15","15","67","6700000","289685","0.043236567164179104","14","15"
"30","10","5","15","15","36","3600000","238619","0.06628305555555555","26","41"
"29","10","5","15","15","68","6800000","290557","0.04272897058823529","14","16"
"30","10","5","15","15","37","3700000","241595","0.06529594594594594","32","51"
"29","10","5","15","15","69","6900000","291302","0.04221768115942029","14","16"
"30","10","5","15","15","38","3800000","244522","0.0643478947368421","30","37"
"29","10","5","15","15","70","7000000","291988","0.041712571428571425","14","14"
"30","10","5","15","15","39","3900000","247359","0.06342538461538462","32","39"
"29","10","5","15","15","71","7100000","292816","0.04124169014084507","14","14"
"30","10","5","15","15","40","4000000","250573","0.06264325","27","39"
"29","10","5","15","15","72","7200000","293489","0.04076236111111111","14","14"
"30","10","5","15","15","41","4100000","253539","0.061838780487804876","29","41"
"29","10","5","15","15","73","7300000","294050","0.04028082191780822","14","14"
"30","10","5","15","15","42","4200000","256470","0.06106428571428572","23","32"
"29","10","5","15","15","74","7400000","294670","0.03982027027027027","14","16"
"30","10","5","15","15","43","4300000","259364","0.060317209302325585","21","40"
"29","10","5","15","15","75","7500000","295180","0.039357333333333334","14","14"
"30","10","5","15","15","44","4400000","262194","0.05958954545454546","25","41"
"29","10","5","15","15","76","7600000","295674","0.038904473684210523","14","15"
"30","10","5","15","15","45","4500000","265420","0.05898222222222222","29","45"
"29","10","5","15","15","77","7700000","296184","0.038465454545454546","14","14"
"30","10","5","15","15","46","4600000","268554","0.05838130434782609","27","45"
"29","10","5","15","15","78","7800000","296705","0.03803910256410256","14","15"
"30","10","5","15","15","47","4700000","271420","0.05774893617021277","25","33"
"29","10","5","15","15","79","7900000","297135","0.037612025316455695","14","14"
"30","10","5","15","15","48","4800000","274073","0.05709854166666667","25","40"
"29","10","5","15","15","80","8000000","297568","0.037196","14","16"
"30","10","5","15","15","49","4900000","276988","0.056528163265306124","27","46"
"29","10","5","15","15","81","8100000","298009","0.03679123456790123","14","15"
"30","10","5","15","15","50","5000000","280127","0.0560254","24","40"
"29","10","5","15","15","82","8200000","298585","0.03641280487804878","14","14"
"30","10","5","15","15","51","5100000","282974","0.05548509803921568","26","41"
"29","10","5","15","15","83","8300000","299239","0.03605289156626506","14","15"
"30","10","5","15","15","52","5200000","285811","0.05496365384615385","28","43"
"29","10","5","15","15","84","8400000","299883","0.035700357142857145","14","14"
"30","10","5","15","15","53","5300000","288250","0.054386792452830186","23","33"
"29","10","5","15","15","85","8500000","300353","0.03533564705882353","14","14"
"30","10","5","15","15","54","5400000","290090","0.05372037037037037","21","31"
"29","10","5","15","15","86","8600000","300836","0.03498093023255814","14","14"
"30","10","5","15","15","55","5500000","291653","0.05302781818181818","20","25"
"29","10","5","15","15","87","8700000","301267","0.0346283908045977","14","14"
"30","10","5","15","15","56","5600000","293478","0.05240678571428571","21","30"
"29","10","5","15","15","88","8800000","301794","0.03429477272727273","14","16"
"30","10","5","15","15","57","5700000","295278","0.05180315789473684","19","23"
"29","10","5","15","15","89","8900000","302170","0.03395168539325843","14","15"
"30","10","5","15","15","58","5800000","297066","0.051218275862068965","21","29"
"29","10","5","15","15","90","9000000","302676","0.03363066666666667","14","14"
"30","10","5","15","15","59","5900000","299344","0.050736271186440675","20","34"
"29","10","5","15","15","91","9100000","303075","0.03330494505494506","14","17"
"30","10","5","15","15","60","6000000","301586","0.050264333333333334","20","34"
"29","10","5","15","15","92","9200000","303521","0.03299141304347826","14","14"
"30","10","5","15","15","61","6100000","303884","0.049817049180327866","18","26"
"29","10","5","15","15","93","9300000","304044","0.03269290322580645","14","14"
"30","10","5","15","15","62","6200000","306315","0.04940564516129032","21","28"
"29","10","5","15","15","94","9400000","304540","0.03239787234042553","14","16"
"30","10","5","15","15","63","6300000","308425","0.048956349206349205","20","29"
"29","10","5","15","15","95","9500000","305076","0.032113263157894735","14","14"
"30","10","5","15","15","64","6400000","310517","0.04851828125","20","31"
"29","10","5","15","15","96","9600000","305468","0.03181958333333333","14","14"
"30","10","5","15","15","65","6500000","312634","0.04809753846153846","18","27"
"29","10","5","15","15","97","9700000","305844","0.031530309278350516","14","14"
"30","10","5","15","15","66","6600000","314476","0.04764787878787879","17","23"
"29","10","5","15","15","98","9800000","306265","0.0312515306122449","14","15"
"30","10","5","15","15","67","6700000","316464","0.0472334328358209","20","32"
"29","10","5","15","15","99","9900000","306692","0.0309789898989899","14","17"
"30","10","5","15","15","68","6800000","318493","0.04683720588235294","20","24"
"29","10","5","15","15","100","10000000","307154","0.0307154","14","14"
"30","10","5","15","15","69","6900000","320252","0.046413333333333334","22","32"
"29","10","5","15","15","101","10100000","307538","0.03044930693069307","14","14"
"30","10","5","15","15","70","7000000","321966","0.04599514285714286","23","24"
"29","10","5","15","15","102","10200000","307917","0.030187941176470588","14","14"
"30","10","5","15","15","71","7100000","323521","0.045566338028169014","22","29"
"29","10","5","15","15","103","10300000","308166","0.02991902912621359","14","14"
"30","10","5","15","15","72","7200000","325263","0.04517541666666667","23","36"
"29","10","5","15","15","104","10400000","308211","0.029635673076923077","13","13"
"30","10","5","15","15","73","7300000","327037","0.04479958904109589","25","34"
"30","10","5","15","15","74","7400000","328818","0.044434864864864865","23","34"
"30","10","5","15","15","75","7500000","330443","0.04405906666666667","20","23"
"30","10","5","15","15","76","7600000","331629","0.0436353947368421","15","20"
"30","10","5","15","15","77","7700000","332619","0.04319727272727273","14","21"
"30","10","5","15","15","78","7800000","333266","0.042726410256410254","10","11"
"30","10","5","15","15","79","7900000","333806","0.04225392405063291","9","9"
"30","10","5","15","15","80","8000000","333905","0.041738125","7","7"
