"BehaviorSpace results (NetLogo 7.0.3)","Table version 2.0"
"week3.nlogox"
"experiment5"
"03/14/2026 10:20:54:841 +0530"
"min-pxcor","max-pxcor","min-pycor","max-pycor"
"-14","15","-14","15"
"[run number]","Q","F","world-width","world-height","[step]","event-count","interaction-count","interaction-rate","unique-cultures","number-of-regions"
"1","10","5","20","20","0","0","0","0","894","900"
"3","10","5","20","20","0","0","0","0","894","900"
"2","10","5","20","20","0","0","0","0","897","900"
"3","10","5","20","20","1","100000","8334","0.08334","429","455"
"2","10","5","20","20","1","100000","8581","0.08581","475","503"
"1","10","5","20","20","1","100000","7944","0.07944","441","459"
"3","10","5","20","20","2","200000","18025","0.090125","313","336"
"2","10","5","20","20","2","200000","19769","0.098845","370","413"
"1","10","5","20","20","2","200000","17806","0.08903","337","380"
"3","10","5","20","20","3","300000","28509","0.09503","257","296"
"2","10","5","20","20","3","300000","32116","0.10705333333333333","286","328"
"1","10","5","20","20","3","300000","28775","0.09591666666666666","267","318"
"3","10","5","20","20","4","400000","39716","0.09929","232","270"
"2","10","5","20","20","4","400000","43869","0.1096725","207","256"
"1","10","5","20","20","4","400000","39962","0.099905","190","243"
"3","10","5","20","20","5","500000","51108","0.102216","189","244"
"2","10","5","20","20","5","500000","55516","0.111032","180","239"
"1","10","5","20","20","5","500000","49847","0.099694","149","189"
"3","10","5","20","20","6","600000","62602","0.10433666666666666","151","212"
"2","10","5","20","20","6","600000","66408","0.11068","156","203"
"1","10","5","20","20","6","600000","58735","0.09789166666666667","116","153"
"3","10","5","20","20","7","700000","72344","0.10334857142857143","117","166"
"2","10","5","20","20","7","700000","76857","0.10979571428571429","125","171"
"1","10","5","20","20","7","700000","67117","0.09588142857142858","125","177"
"3","10","5","20","20","8","800000","81087","0.10135875","110","147"
"2","10","5","20","20","8","800000","87049","0.10881125","118","166"
"1","10","5","20","20","8","800000","76211","0.09526375","110","159"
"3","10","5","20","20","9","900000","88961","0.09884555555555556","97","147"
"2","10","5","20","20","9","900000","96532","0.10725777777777777","102","135"
"1","10","5","20","20","9","900000","85053","0.09450333333333333","97","138"
"3","10","5","20","20","10","1000000","96686","0.096686","75","113"
"2","10","5","20","20","10","1000000","105623","0.105623","93","147"
"1","10","5","20","20","10","1000000","93882","0.093882","102","148"
"3","10","5","20","20","11","1100000","103977","0.09452454545454546","69","98"
"2","10","5","20","20","11","1100000","114245","0.10385909090909091","73","113"
"1","10","5","20","20","11","1100000","102847","0.09349727272727272","89","129"
"3","10","5","20","20","12","1200000","110713","0.09226083333333333","68","97"
"2","10","5","20","20","12","1200000","122493","0.1020775","76","125"
"1","10","5","20","20","12","1200000","111038","0.09253166666666666","72","116"
"3","10","5","20","20","13","1300000","116874","0.08990307692307692","66","100"
"2","10","5","20","20","13","1300000","130732","0.10056307692307692","73","116"
"1","10","5","20","20","13","1300000","118459","0.0911223076923077","66","106"
"3","10","5","20","20","14","1400000","122858","0.08775571428571428","57","83"
"2","10","5","20","20","14","1400000","138914","0.09922428571428571","72","111"
"1","10","5","20","20","14","1400000","125754","0.08982428571428572","55","84"
"3","10","5","20","20","15","1500000","128007","0.085338","40","51"
"2","10","5","20","20","15","1500000","146436","0.097624","67","98"
"1","10","5","20","20","15","1500000","132747","0.088498","50","83"
"3","10","5","20","20","16","1600000","132637","0.082898125","39","64"
"2","10","5","20","20","16","1600000","154156","0.0963475","61","93"
"1","10","5","20","20","16","1600000","139636","0.0872725","52","90"
"3","10","5","20","20","17","1700000","136985","0.08057941176470589","45","60"
"2","10","5","20","20","17","1700000","161659","0.0950935294117647","63","105"
"1","10","5","20","20","17","1700000","146650","0.08626470588235294","56","91"
"3","10","5","20","20","18","1800000","141407","0.07855944444444445","49","66"
"2","10","5","20","20","18","1800000","168899","0.09383277777777778","70","119"
"1","10","5","20","20","18","1800000","153253","0.08514055555555555","53","89"
"3","10","5","20","20","19","1900000","145346","0.07649789473684211","44","66"
"2","10","5","20","20","19","1900000","176331","0.09280578947368422","70","104"
"1","10","5","20","20","19","1900000","159748","0.0840778947368421","49","85"
"3","10","5","20","20","20","2000000","149004","0.074502","36","62"
"2","10","5","20","20","20","2000000","183425","0.0917125","59","92"
"1","10","5","20","20","20","2000000","166138","0.083069","50","79"
"3","10","5","20","20","21","2100000","153055","0.07288333333333333","32","56"
"2","10","5","20","20","21","2100000","190240","0.0905904761904762","53","87"
"1","10","5","20","20","21","2100000","172600","0.08219047619047619","44","69"
"3","10","5","20","20","22","2200000","157001","0.0713640909090909","37","53"
"2","10","5","20","20","22","2200000","197631","0.08983227272727273","47","79"
"1","10","5","20","20","22","2200000","178700","0.08122727272727273","41","72"
"3","10","5","20","20","23","2300000","160500","0.06978260869565217","34","55"
"2","10","5","20","20","23","2300000","204500","0.08891304347826087","51","88"
"1","10","5","20","20","23","2300000","184831","0.08036130434782608","34","63"
"3","10","5","20","20","24","2400000","163560","0.06815","22","33"
"2","10","5","20","20","24","2400000","211191","0.08799625","46","83"
"1","10","5","20","20","24","2400000","191069","0.07961208333333333","36","65"
"3","10","5","20","20","25","2500000","166334","0.0665336","20","36"
"2","10","5","20","20","25","2500000","218197","0.0872788","44","79"
"3","10","5","20","20","26","2600000","169141","0.06505423076923077","22","32"
"1","10","5","20","20","25","2500000","197038","0.0788152","33","57"
"2","10","5","20","20","26","2600000","224887","0.086495","46","69"
"3","10","5","20","20","27","2700000","171614","0.06356074074074074","18","23"
"1","10","5","20","20","26","2600000","202786","0.07799461538461538","31","54"
"2","10","5","20","20","27","2700000","231757","0.08583592592592593","55","90"
"3","10","5","20","20","28","2800000","173849","0.06208892857142857","14","17"
"1","10","5","20","20","27","2700000","208356","0.07716888888888888","31","57"
"3","10","5","20","20","29","2900000","175047","0.06036103448275862","10","13"
"2","10","5","20","20","28","2800000","238833","0.0852975","46","81"
"1","10","5","20","20","28","2800000","213817","0.07636321428571428","33","61"
"3","10","5","20","20","30","3000000","176065","0.058688333333333335","10","11"
"2","10","5","20","20","29","2900000","245117","0.08452310344827586","40","67"
"1","10","5","20","20","29","2900000","218849","0.07546517241379311","28","47"
"3","10","5","20","20","31","3100000","176947","0.05707967741935484","10","11"
"2","10","5","20","20","30","3000000","250973","0.08365766666666667","40","63"
"1","10","5","20","20","30","3000000","223822","0.07460733333333333","29","52"
"3","10","5","20","20","32","3200000","177812","0.05556625","10","10"
"2","10","5","20","20","31","3100000","257179","0.08296096774193548","36","71"
"1","10","5","20","20","31","3100000","228459","0.07369645161290322","29","41"
"3","10","5","20","20","33","3300000","178772","0.05417333333333333","10","12"
"2","10","5","20","20","32","3200000","263334","0.082291875","37","54"
"1","10","5","20","20","32","3200000","233031","0.0728221875","25","39"
"3","10","5","20","20","34","3400000","179809","0.052885","10","11"
"2","10","5","20","20","33","3300000","269439","0.08164818181818181","35","68"
"1","10","5","20","20","33","3300000","237120","0.07185454545454545","21","46"
"3","10","5","20","20","35","3500000","180758","0.051645142857142855","10","13"
"2","10","5","20","20","34","3400000","275273","0.08096264705882353","41","68"
"1","10","5","20","20","34","3400000","240942","0.07086529411764705","21","41"
"3","10","5","20","20","36","3600000","182037","0.05056583333333333","9","10"
"2","10","5","20","20","35","3500000","280696","0.08019885714285714","35","59"
"1","10","5","20","20","35","3500000","244843","0.06995514285714285","18","34"
"3","10","5","20","20","37","3700000","183170","0.049505405405405406","9","9"
"2","10","5","20","20","36","3600000","286112","0.07947555555555555","31","48"
"1","10","5","20","20","36","3600000","248872","0.06913111111111112","19","40"
"3","10","5","20","20","38","3800000","184209","0.04847605263157895","9","11"
"2","10","5","20","20","37","3700000","291826","0.0788718918918919","35","54"
"1","10","5","20","20","37","3700000","252800","0.06832432432432432","19","32"
"3","10","5","20","20","39","3900000","185241","0.04749769230769231","9","9"
"2","10","5","20","20","38","3800000","297346","0.07824894736842106","34","70"
"1","10","5","20","20","38","3800000","256435","0.0674828947368421","19","26"
"3","10","5","20","20","40","4000000","186131","0.04653275","9","10"
"2","10","5","20","20","39","3900000","302699","0.07761512820512821","33","55"
"1","10","5","20","20","39","3900000","260057","0.06668128205128206","24","37"
"3","10","5","20","20","41","4100000","187343","0.04569341463414634","9","12"
"2","10","5","20","20","40","4000000","307762","0.0769405","32","70"
"1","10","5","20","20","40","4000000","263207","0.06580175","19","34"
"3","10","5","20","20","42","4200000","188533","0.044888809523809525","9","12"
"2","10","5","20","20","41","4100000","313420","0.0764439024390244","27","53"
"3","10","5","20","20","43","4300000","190084","0.04420558139534884","9","10"
"1","10","5","20","20","41","4100000","266263","0.06494219512195122","18","26"
"3","10","5","20","20","44","4400000","191480","0.04351818181818182","9","9"
"2","10","5","20","20","42","4200000","318616","0.07586095238095238","26","52"
"1","10","5","20","20","42","4200000","269491","0.06416452380952381","13","25"
"3","10","5","20","20","45","4500000","192830","0.04285111111111111","10","10"
"1","10","5","20","20","43","4300000","272393","0.06334720930232558","14","26"
"2","10","5","20","20","43","4300000","323655","0.0752686046511628","32","56"
"3","10","5","20","20","46","4600000","194089","0.042193260869565215","8","12"
"1","10","5","20","20","44","4400000","275201","0.06254568181818182","12","13"
"2","10","5","20","20","44","4400000","328602","0.07468227272727272","30","47"
"3","10","5","20","20","47","4700000","195227","0.04153765957446808","8","9"
"1","10","5","20","20","45","4500000","277658","0.06170177777777778","13","20"
"2","10","5","20","20","45","4500000","333438","0.07409733333333333","32","56"
"3","10","5","20","20","48","4800000","196032","0.04084","8","9"
"1","10","5","20","20","46","4600000","279822","0.06083086956521739","9","11"
"2","10","5","20","20","46","4600000","338257","0.0735341304347826","30","53"
"3","10","5","20","20","49","4900000","197128","0.04023020408163265","8","9"
"1","10","5","20","20","47","4700000","281904","0.059979574468085106","8","11"
"2","10","5","20","20","47","4700000","343254","0.0730327659574468","27","47"
"3","10","5","20","20","50","5000000","197995","0.039599","8","9"
"1","10","5","20","20","48","4800000","283590","0.05908125","8","10"
"2","10","5","20","20","48","4800000","348265","0.07255520833333333","27","43"
"3","10","5","20","20","51","5100000","198880","0.03899607843137255","8","9"
"1","10","5","20","20","49","4900000","285193","0.05820265306122449","8","9"
"2","10","5","20","20","49","4900000","353222","0.07208612244897959","25","44"
"3","10","5","20","20","52","5200000","199841","0.03843096153846154","8","10"
"1","10","5","20","20","50","5000000","286570","0.057314","7","7"
"2","10","5","20","20","50","5000000","357902","0.0715804","23","38"
"3","10","5","20","20","53","5300000","200803","0.037887358490566035","8","9"
"1","10","5","20","20","51","5100000","287449","0.05636254901960784","7","7"
"2","10","5","20","20","51","5100000","362405","0.07105980392156863","23","39"
"3","10","5","20","20","54","5400000","201845","0.037378703703703706","8","11"
"1","10","5","20","20","52","5200000","288353","0.0554525","7","9"
"2","10","5","20","20","52","5200000","366869","0.07055173076923077","19","32"
"3","10","5","20","20","55","5500000","202904","0.03689163636363636","8","9"
"1","10","5","20","20","53","5300000","289321","0.0545888679245283","7","7"
"2","10","5","20","20","53","5300000","371377","0.07007113207547169","22","38"
"3","10","5","20","20","56","5600000","204038","0.036435357142857144","8","9"
"1","10","5","20","20","54","5400000","290372","0.053772592592592594","7","7"
"2","10","5","20","20","54","5400000","375774","0.06958777777777778","18","34"
"3","10","5","20","20","57","5700000","205153","0.035991754385964914","8","8"
"1","10","5","20","20","55","5500000","291396","0.05298109090909091","7","7"
"2","10","5","20","20","55","5500000","380179","0.06912345454545454","20","43"
"3","10","5","20","20","58","5800000","206152","0.03554344827586207","8","10"
"1","10","5","20","20","56","5600000","292324","0.05220071428571429","7","10"
"2","10","5","20","20","56","5600000","384680","0.06869285714285714","16","35"
"3","10","5","20","20","59","5900000","207162","0.03511220338983051","8","10"
"1","10","5","20","20","57","5700000","293523","0.05149526315789474","7","10"
"2","10","5","20","20","57","5700000","389007","0.06824684210526316","17","27"
"3","10","5","20","20","60","6000000","208163","0.03469383333333333","8","8"
"1","10","5","20","20","58","5800000","294533","0.05078155172413793","7","7"
"2","10","5","20","20","58","5800000","393062","0.06776931034482758","17","32"
"3","10","5","20","20","61","6100000","209136","0.034284590163934425","8","10"
"1","10","5","20","20","59","5900000","295511","0.05008661016949153","7","9"
"2","10","5","20","20","59","5900000","397061","0.06729847457627118","17","28"
"3","10","5","20","20","62","6200000","210168","0.033898064516129034","8","10"
"1","10","5","20","20","60","6000000","296675","0.049445833333333335","7","8"
"3","10","5","20","20","63","6300000","210909","0.03347761904761905","8","9"
"2","10","5","20","20","60","6000000","401304","0.066884","17","28"
"1","10","5","20","20","61","6100000","297670","0.048798360655737706","7","9"
"3","10","5","20","20","64","6400000","211619","0.03306546875","8","9"
"2","10","5","20","20","61","6100000","405243","0.0664332786885246","18","28"
"1","10","5","20","20","62","6200000","298683","0.04817467741935484","7","7"
"3","10","5","20","20","65","6500000","212467","0.03268723076923077","8","9"
"2","10","5","20","20","62","6200000","408902","0.06595193548387097","16","26"
"1","10","5","20","20","63","6300000","299734","0.047576825396825395","7","7"
"3","10","5","20","20","66","6600000","213284","0.032315757575757574","8","9"
"2","10","5","20","20","63","6300000","412654","0.06550063492063492","16","28"
"1","10","5","20","20","64","6400000","300909","0.04701703125","7","9"
"3","10","5","20","20","67","6700000","214259","0.0319789552238806","8","10"
"2","10","5","20","20","64","6400000","416164","0.065025625","20","42"
"1","10","5","20","20","65","6500000","302202","0.04649261538461538","7","7"
"3","10","5","20","20","68","6800000","215126","0.03163617647058824","8","8"
"2","10","5","20","20","65","6500000","419752","0.06457723076923078","17","31"
"1","10","5","20","20","66","6600000","303624","0.046003636363636365","7","8"
"3","10","5","20","20","69","6900000","215967","0.03129956521739131","8","9"
"2","10","5","20","20","66","6600000","423506","0.06416757575757576","14","34"
"1","10","5","20","20","67","6700000","304753","0.0454855223880597","7","8"
"3","10","5","20","20","70","7000000","216758","0.03096542857142857","8","10"
"2","10","5","20","20","67","6700000","426920","0.06371940298507463","13","21"
"1","10","5","20","20","68","6800000","305830","0.044975","7","7"
"3","10","5","20","20","71","7100000","217473","0.03063","8","11"
"2","10","5","20","20","68","6800000","430559","0.0633175","13","23"
"1","10","5","20","20","69","6900000","307031","0.04449724637681159","7","10"
"3","10","5","20","20","72","7200000","218236","0.030310555555555556","8","9"
"2","10","5","20","20","69","6900000","434123","0.0629163768115942","13","29"
"1","10","5","20","20","70","7000000","308001","0.044000142857142856","7","8"
"3","10","5","20","20","73","7300000","218900","0.029986301369863015","8","11"
"2","10","5","20","20","70","7000000","437525","0.06250357142857142","13","20"
"1","10","5","20","20","71","7100000","308877","0.04350380281690141","7","8"
"3","10","5","20","20","74","7400000","219504","0.029662702702702704","8","8"
"2","10","5","20","20","71","7100000","440574","0.062052676056338026","14","27"
"1","10","5","20","20","72","7200000","310101","0.043069583333333335","7","9"
"3","10","5","20","20","75","7500000","220221","0.0293628","8","8"
"2","10","5","20","20","72","7200000","443735","0.061629861111111114","12","24"
"1","10","5","20","20","73","7300000","311326","0.04264739726027397","7","10"
"3","10","5","20","20","76","7600000","220771","0.029048815789473683","8","8"
"1","10","5","20","20","74","7400000","312523","0.042232837837837836","7","8"
"2","10","5","20","20","73","7300000","446708","0.061192876712328766","11","17"
"3","10","5","20","20","77","7700000","221349","0.028746623376623377","8","8"
"1","10","5","20","20","75","7500000","313740","0.041832","7","7"
"2","10","5","20","20","74","7400000","449937","0.060802297297297296","11","18"
"3","10","5","20","20","78","7800000","222038","0.028466410256410255","8","8"
"1","10","5","20","20","76","7600000","314916","0.04143631578947368","7","10"
"2","10","5","20","20","75","7500000","453373","0.06044973333333333","10","22"
"3","10","5","20","20","79","7900000","222670","0.02818607594936709","8","8"
"1","10","5","20","20","77","7700000","316190","0.041063636363636365","7","9"
"2","10","5","20","20","76","7600000","456669","0.060088026315789474","10","16"
"3","10","5","20","20","80","8000000","223193","0.027899125","8","8"
"1","10","5","20","20","78","7800000","317336","0.04068410256410256","7","9"
"2","10","5","20","20","77","7700000","459710","0.0597025974025974","10","14"
"3","10","5","20","20","81","8100000","223673","0.02761395061728395","8","11"
"1","10","5","20","20","79","7900000","318653","0.04033582278481013","7","9"
"2","10","5","20","20","78","7800000","462689","0.05931910256410256","9","17"
"3","10","5","20","20","82","8200000","223736","0.02728487804878049","7","7"
"4","10","5","20","20","0","0","0","0","899","900"
"1","10","5","20","20","80","8000000","319481","0.039935125","7","8"
"2","10","5","20","20","79","7900000","465174","0.058882784810126584","9","17"
"4","10","5","20","20","1","100000","8747","0.08747","459","481"
"1","10","5","20","20","81","8100000","320218","0.03953308641975309","7","8"
"2","10","5","20","20","80","8000000","467442","0.05843025","9","16"
"4","10","5","20","20","2","200000","19381","0.096905","341","395"
"1","10","5","20","20","82","8200000","321064","0.039154146341463414","7","7"
"2","10","5","20","20","81","8100000","469498","0.05796271604938272","8","11"
"4","10","5","20","20","3","300000","31073","0.10357666666666666","254","291"
"1","10","5","20","20","83","8300000","321743","0.03876421686746988","7","8"
"2","10","5","20","20","82","8200000","471338","0.05748024390243903","7","11"
"1","10","5","20","20","84","8400000","322523","0.038395595238095236","7","7"
"4","10","5","20","20","4","400000","42454","0.106135","226","277"
"2","10","5","20","20","83","8300000","473134","0.05700409638554217","7","10"
"1","10","5","20","20","85","8500000","323303","0.03803564705882353","7","9"
"2","10","5","20","20","84","8400000","474692","0.056510952380952384","6","6"
"4","10","5","20","20","5","500000","53490","0.10698","188","245"
"1","10","5","20","20","86","8600000","324091","0.037685","7","7"
"2","10","5","20","20","85","8500000","476051","0.056006","4","5"
"4","10","5","20","20","6","600000","65080","0.10846666666666667","170","234"
"1","10","5","20","20","87","8700000","324859","0.037340114942528736","7","7"
"2","10","5","20","20","86","8600000","477156","0.05548325581395349","4","6"
"4","10","5","20","20","7","700000","75638","0.10805428571428571","134","190"
"1","10","5","20","20","88","8800000","325580","0.03699772727272727","7","7"
"2","10","5","20","20","87","8700000","478288","0.054975632183908045","4","6"
"4","10","5","20","20","8","800000","85823","0.10727875","134","187"
"1","10","5","20","20","89","8900000","326248","0.036657078651685396","7","8"
"2","10","5","20","20","88","8800000","479423","0.05447988636363636","4","6"
"4","10","5","20","20","9","900000","95950","0.10661111111111111","118","171"
"1","10","5","20","20","90","9000000","327149","0.03634988888888889","7","8"
"2","10","5","20","20","89","8900000","480278","0.0539638202247191","4","4"
"1","10","5","20","20","91","9100000","327832","0.036025494505494506","7","8"
"4","10","5","20","20","10","1000000","105745","0.105745","118","164"
"2","10","5","20","20","90","9000000","480962","0.05344022222222222","4","6"
"1","10","5","20","20","92","9200000","328510","0.03570760869565218","7","9"
"2","10","5","20","20","91","9100000","481852","0.05295076923076923","4","7"
"4","10","5","20","20","11","1100000","114522","0.10411090909090909","92","124"
"1","10","5","20","20","93","9300000","329210","0.03539892473118279","7","8"
"2","10","5","20","20","92","9200000","482448","0.05244","4","4"
"4","10","5","20","20","12","1200000","122864","0.10238666666666667","98","151"
"1","10","5","20","20","94","9400000","329749","0.03507968085106383","7","7"
"2","10","5","20","20","93","9300000","483123","0.05194870967741935","4","4"
"4","10","5","20","20","13","1300000","130384","0.10029538461538462","70","95"
"1","10","5","20","20","95","9500000","330406","0.03477957894736842","7","8"
"2","10","5","20","20","94","9400000","483927","0.05148159574468085","4","4"
"4","10","5","20","20","14","1400000","137992","0.09856571428571428","87","134"
"1","10","5","20","20","96","9600000","330978","0.034476875","7","7"
"2","10","5","20","20","95","9500000","484686","0.05101957894736842","4","5"
"4","10","5","20","20","15","1500000","145221","0.096814","79","111"
"1","10","5","20","20","97","9700000","331712","0.03419711340206186","7","7"
"2","10","5","20","20","96","9600000","485497","0.05057260416666667","4","5"
"4","10","5","20","20","16","1600000","152671","0.095419375","83","130"
"1","10","5","20","20","98","9800000","332352","0.0339134693877551","7","7"
"2","10","5","20","20","97","9700000","486188","0.050122474226804124","4","5"
"1","10","5","20","20","99","9900000","332896","0.033625858585858585","7","7"
"2","10","5","20","20","98","9800000","486982","0.049692040816326534","4","5"
"4","10","5","20","20","17","1700000","160460","0.09438823529411765","82","135"
"1","10","5","20","20","100","10000000","333483","0.0333483","7","7"
"2","10","5","20","20","99","9900000","487674","0.04926","4","5"
"4","10","5","20","20","18","1800000","168711","0.09372833333333333","73","118"
"2","10","5","20","20","100","10000000","488021","0.0488021","4","4"
"1","10","5","20","20","101","10100000","334152","0.033084356435643565","7","8"
"4","10","5","20","20","19","1900000","176586","0.09294","59","100"
"2","10","5","20","20","101","10100000","488436","0.04836","4","4"
"1","10","5","20","20","102","10200000","334862","0.03282960784313726","7","8"
"4","10","5","20","20","20","2000000","183661","0.0918305","67","122"
"2","10","5","20","20","102","10200000","488788","0.047920392156862744","4","5"
"1","10","5","20","20","103","10300000","335451","0.03256805825242719","7","8"
"4","10","5","20","20","21","2100000","190995","0.09095","59","102"
"2","10","5","20","20","103","10300000","488875","0.04746359223300971","3","3"
"5","10","5","20","20","0","0","0","0","894","900"
"1","10","5","20","20","104","10400000","335996","0.03230730769230769","7","8"
"4","10","5","20","20","22","2200000","198314","0.09014272727272728","60","89"
"1","10","5","20","20","105","10500000","336397","0.032037809523809524","7","7"
"5","10","5","20","20","1","100000","9047","0.09047","403","429"
"4","10","5","20","20","23","2300000","205656","0.08941565217391305","65","110"
"1","10","5","20","20","106","10600000","336698","0.031763962264150944","7","7"
"5","10","5","20","20","2","200000","19564","0.09782","296","336"
"1","10","5","20","20","107","10700000","337083","0.03150308411214953","7","8"
"4","10","5","20","20","24","2400000","212555","0.08856458333333334","56","94"
"5","10","5","20","20","3","300000","30710","0.10236666666666666","240","280"
"1","10","5","20","20","108","10800000","337349","0.031236018518518517","7","7"
"4","10","5","20","20","25","2500000","219291","0.0877164","55","90"
"5","10","5","20","20","4","400000","41781","0.1044525","192","253"
"1","10","5","20","20","109","10900000","337453","0.030958990825688072","6","6"
"6","10","5","20","20","0","0","0","0","897","900"
"4","10","5","20","20","26","2600000","225675","0.08679807692307692","57","95"
"5","10","5","20","20","5","500000","51969","0.103938","159","208"
"6","10","5","20","20","1","100000","8611","0.08611","426","450"
"4","10","5","20","20","27","2700000","232183","0.0859937037037037","51","80"
"5","10","5","20","20","6","600000","62363","0.10393833333333333","166","214"
"6","10","5","20","20","2","200000","19436","0.09718","318","353"
"4","10","5","20","20","28","2800000","238518","0.085185","55","82"
"5","10","5","20","20","7","700000","73200","0.10457142857142857","144","192"
"6","10","5","20","20","3","300000","31092","0.10364","231","280"
"4","10","5","20","20","29","2900000","245117","0.08452310344827586","54","91"
"5","10","5","20","20","8","800000","83591","0.10448875","118","170"
"6","10","5","20","20","4","400000","42091","0.1052275","196","242"
"4","10","5","20","20","30","3000000","251562","0.083854","51","75"
"5","10","5","20","20","9","900000","93043","0.1033811111111111","94","139"
"6","10","5","20","20","5","500000","53020","0.10604","167","212"
"4","10","5","20","20","31","3100000","257664","0.08311741935483871","53","79"
"5","10","5","20","20","10","1000000","102068","0.102068","89","123"
"6","10","5","20","20","6","600000","63049","0.10508166666666667","145","188"
"4","10","5","20","20","32","3200000","263686","0.082401875","52","82"
"5","10","5","20","20","11","1100000","111353","0.10123","85","136"
"6","10","5","20","20","7","700000","72218","0.10316857142857143","111","150"
"4","10","5","20","20","33","3300000","269513","0.08167060606060605","58","81"
"5","10","5","20","20","12","1200000","119359","0.09946583333333334","70","102"
"4","10","5","20","20","34","3400000","275918","0.08115235294117647","52","86"
"6","10","5","20","20","8","800000","81775","0.10221875","120","158"
"5","10","5","20","20","13","1300000","126727","0.09748230769230769","59","100"
"4","10","5","20","20","35","3500000","282299","0.08065685714285714","45","73"
"6","10","5","20","20","9","900000","91382","0.10153555555555556","103","148"
"5","10","5","20","20","14","1400000","133818","0.09558428571428572","71","116"
"4","10","5","20","20","36","3600000","287950","0.0799861111111111","47","74"
"6","10","5","20","20","10","1000000","100210","0.10021","96","140"
"5","10","5","20","20","15","1500000","141081","0.094054","58","99"
"4","10","5","20","20","37","3700000","293939","0.07944297297297297","41","79"
"6","10","5","20","20","11","1100000","108096","0.0982690909090909","70","105"
"5","10","5","20","20","16","1600000","148206","0.09262875","60","90"
"4","10","5","20","20","38","3800000","299674","0.07886157894736842","42","75"
"6","10","5","20","20","12","1200000","115116","0.09593","80","118"
"5","10","5","20","20","17","1700000","154787","0.09105117647058823","56","81"
"4","10","5","20","20","39","3900000","305116","0.07823487179487179","43","66"
"6","10","5","20","20","13","1300000","122446","0.09418923076923078","68","98"
"5","10","5","20","20","18","1800000","160942","0.08941222222222223","52","87"
"4","10","5","20","20","40","4000000","311013","0.07775325","44","67"
"6","10","5","20","20","14","1400000","129475","0.09248214285714286","63","98"
"5","10","5","20","20","19","1900000","167340","0.08807368421052632","55","82"
"4","10","5","20","20","41","4100000","316798","0.07726780487804878","39","57"
"6","10","5","20","20","15","1500000","136267","0.09084466666666667","62","106"
"5","10","5","20","20","20","2000000","174142","0.087071","46","76"
"4","10","5","20","20","42","4200000","322358","0.07675190476190476","36","60"
"6","10","5","20","20","16","1600000","143139","0.089461875","56","89"
"5","10","5","20","20","21","2100000","180434","0.08592095238095238","46","80"
"4","10","5","20","20","43","4300000","327277","0.07611093023255813","35","60"
"6","10","5","20","20","17","1700000","150135","0.08831470588235295","64","106"
"5","10","5","20","20","22","2200000","186721","0.08487318181818182","47","78"
"4","10","5","20","20","44","4400000","332108","0.07547909090909091","32","51"
"6","10","5","20","20","18","1800000","156840","0.08713333333333333","54","84"
"4","10","5","20","20","45","4500000","336450","0.07476666666666666","28","45"
"5","10","5","20","20","23","2300000","192839","0.08384304347826087","35","61"
"6","10","5","20","20","19","1900000","163237","0.08591421052631579","51","85"
"4","10","5","20","20","46","4600000","340817","0.07409065217391304","31","42"
"5","10","5","20","20","24","2400000","199006","0.08291916666666667","43","72"
"6","10","5","20","20","20","2000000","169392","0.084696","45","75"
"4","10","5","20","20","47","4700000","345230","0.0734531914893617","33","51"
"5","10","5","20","20","25","2500000","204852","0.0819408","28","49"
"6","10","5","20","20","21","2100000","175008","0.08333714285714286","39","67"
"4","10","5","20","20","48","4800000","349557","0.072824375","28","51"
"5","10","5","20","20","26","2600000","210149","0.08082653846153846","28","53"
"6","10","5","20","20","22","2200000","180455","0.082025","36","56"
"4","10","5","20","20","49","4900000","353926","0.07222979591836735","27","45"
"5","10","5","20","20","27","2700000","215445","0.07979444444444445","25","40"
"6","10","5","20","20","23","2300000","185725","0.08075","41","63"
"4","10","5","20","20","50","5000000","358489","0.0716978","25","41"
"5","10","5","20","20","28","2800000","220497","0.07874892857142857","32","66"
"6","10","5","20","20","24","2400000","190457","0.07935708333333333","42","62"
"4","10","5","20","20","51","5100000","362719","0.07112137254901961","26","50"
"5","10","5","20","20","29","2900000","225507","0.07776103448275862","23","44"
"6","10","5","20","20","25","2500000","195440","0.078176","40","65"
"4","10","5","20","20","52","5200000","367190","0.07061346153846154","24","39"
"5","10","5","20","20","30","3000000","230022","0.076674","23","48"
"6","10","5","20","20","26","2600000","200421","0.077085","39","55"
"4","10","5","20","20","53","5300000","371831","0.07015679245283019","25","36"
"5","10","5","20","20","31","3100000","234456","0.07563096774193548","21","45"
"6","10","5","20","20","27","2700000","204993","0.07592333333333333","39","64"
"4","10","5","20","20","54","5400000","376186","0.06966407407407407","24","42"
"5","10","5","20","20","32","3200000","239254","0.074766875","23","37"
"6","10","5","20","20","28","2800000","209807","0.07493107142857143","31","48"
"4","10","5","20","20","55","5500000","380446","0.069172","27","42"
"5","10","5","20","20","33","3300000","243765","0.07386818181818182","21","45"
"6","10","5","20","20","29","2900000","215043","0.07415275862068965","34","59"
"4","10","5","20","20","56","5600000","384738","0.06870321428571428","26","34"
"5","10","5","20","20","34","3400000","248736","0.07315764705882354","19","35"
"6","10","5","20","20","30","3000000","220079","0.07335966666666667","33","60"
"4","10","5","20","20","57","5700000","388899","0.0682278947368421","25","43"
"5","10","5","20","20","35","3500000","253680","0.07248","18","35"
"6","10","5","20","20","31","3100000","224930","0.07255806451612903","35","59"
"4","10","5","20","20","58","5800000","393262","0.06780379310344828","22","31"
"5","10","5","20","20","36","3600000","258411","0.07178083333333334","19","36"
"6","10","5","20","20","32","3200000","229829","0.0718215625","36","57"
"4","10","5","20","20","59","5900000","397471","0.06736796610169492","22","42"
"5","10","5","20","20","37","3700000","262904","0.07105513513513513","18","40"
"6","10","5","20","20","33","3300000","234775","0.0711439393939394","37","70"
"4","10","5","20","20","60","6000000","401503","0.06691716666666667","24","42"
"5","10","5","20","20","38","3800000","267465","0.07038552631578947","19","28"
"6","10","5","20","20","34","3400000","239562","0.07045941176470588","35","57"
"4","10","5","20","20","61","6100000","405845","0.06653196721311476","20","38"
"5","10","5","20","20","39","3900000","272251","0.06980794871794872","19","33"
"6","10","5","20","20","35","3500000","244574","0.06987828571428571","31","58"
"4","10","5","20","20","62","6200000","409847","0.06610435483870968","19","35"
"5","10","5","20","20","40","4000000","276563","0.06914075","16","21"
"6","10","5","20","20","36","3600000","249385","0.0692736111111111","34","53"
"4","10","5","20","20","63","6300000","413942","0.06570507936507937","19","30"
"5","10","5","20","20","41","4100000","280634","0.06844731707317073","17","35"
"6","10","5","20","20","37","3700000","253853","0.06860891891891892","32","47"
"4","10","5","20","20","64","6400000","417668","0.065260625","21","39"
"5","10","5","20","20","42","4200000","284427","0.06772071428571429","17","29"
"6","10","5","20","20","38","3800000","258498","0.0680257894736842","32","55"
"4","10","5","20","20","65","6500000","421249","0.06480753846153846","17","24"
"5","10","5","20","20","43","4300000","288079","0.06699511627906976","13","22"
"6","10","5","20","20","39","3900000","263366","0.06752974358974359","33","56"
"4","10","5","20","20","66","6600000","424681","0.06434560606060606","17","23"
"5","10","5","20","20","44","4400000","291609","0.06627477272727272","14","25"
"6","10","5","20","20","40","4000000","268080","0.06702","33","61"
"4","10","5","20","20","67","6700000","427855","0.0638589552238806","14","18"
"5","10","5","20","20","45","4500000","295212","0.06560266666666667","13","21"
"6","10","5","20","20","41","4100000","272447","0.06645048780487806","35","46"
"4","10","5","20","20","68","6800000","431309","0.06342779411764705","15","23"
"5","10","5","20","20","46","4600000","298888","0.06497565217391305","12","27"
"6","10","5","20","20","42","4200000","276473","0.06582690476190477","32","49"
"4","10","5","20","20","69","6900000","434190","0.06292608695652174","15","24"
"5","10","5","20","20","47","4700000","302687","0.06440148936170213","12","19"
"4","10","5","20","20","70","7000000","437293","0.06247042857142857","16","25"
"6","10","5","20","20","43","4300000","280410","0.06521162790697674","28","54"
"5","10","5","20","20","48","4800000","305964","0.0637425","12","19"
"4","10","5","20","20","71","7100000","440245","0.06200633802816902","15","21"
"6","10","5","20","20","44","4400000","284115","0.06457159090909091","26","40"
"5","10","5","20","20","49","4900000","308945","0.06305","10","15"
"4","10","5","20","20","72","7200000","443033","0.061532361111111114","13","16"
"6","10","5","20","20","45","4500000","287532","0.063896","28","35"
"5","10","5","20","20","50","5000000","311694","0.0623388","10","19"
"4","10","5","20","20","73","7300000","445946","0.06108849315068493","14","26"
"6","10","5","20","20","46","4600000","290550","0.06316304347826086","20","36"
"5","10","5","20","20","51","5100000","314629","0.06169196078431372","10","19"
"4","10","5","20","20","74","7400000","448593","0.060620675675675674","15","21"
"6","10","5","20","20","47","4700000","293213","0.06238574468085106","17","27"
"5","10","5","20","20","52","5200000","317164","0.06099307692307692","9","19"
"4","10","5","20","20","75","7500000","451333","0.06017773333333333","16","31"
"6","10","5","20","20","48","4800000","295333","0.061527708333333334","17","27"
"5","10","5","20","20","53","5300000","320029","0.060382830188679244","8","13"
"6","10","5","20","20","49","4900000","297142","0.06064122448979592","18","27"
"4","10","5","20","20","76","7600000","454144","0.059755789473684214","15","32"
"5","10","5","20","20","54","5400000","322583","0.05973759259259259","9","12"
"6","10","5","20","20","50","5000000","298908","0.0597816","15","23"
"4","10","5","20","20","77","7700000","457125","0.05936688311688312","15","25"
"5","10","5","20","20","55","5500000","325361","0.059156545454545455","8","9"
"6","10","5","20","20","51","5100000","300825","0.05898529411764706","17","26"
"4","10","5","20","20","78","7800000","460086","0.05898538461538461","15","30"
"5","10","5","20","20","56","5600000","328133","0.05859517857142857","9","15"
"6","10","5","20","20","52","5200000","302964","0.05826230769230769","16","22"
"4","10","5","20","20","79","7900000","462728","0.05857316455696202","14","23"
"5","10","5","20","20","57","5700000","330636","0.058006315789473684","9","21"
"6","10","5","20","20","53","5300000","304695","0.05748962264150943","17","26"
"4","10","5","20","20","80","8000000","465269","0.058158625","15","25"
"5","10","5","20","20","58","5800000","332835","0.057385344827586206","9","21"
"6","10","5","20","20","54","5400000","306523","0.05676351851851852","16","19"
"4","10","5","20","20","81","8100000","467752","0.05774716049382716","14","31"
"5","10","5","20","20","59","5900000","335328","0.056835254237288135","8","10"
"6","10","5","20","20","55","5500000","308057","0.056010363636363636","15","19"
"4","10","5","20","20","82","8200000","470003","0.057317439024390245","12","17"
"5","10","5","20","20","60","6000000","337873","0.05631216666666667","9","17"
"6","10","5","20","20","56","5600000","309732","0.055309285714285714","14","20"
"4","10","5","20","20","83","8300000","471753","0.056837710843373496","9","17"
"5","10","5","20","20","61","6100000","340163","0.055764426229508196","7","8"
"6","10","5","20","20","57","5700000","311489","0.05464719298245614","14","24"
"4","10","5","20","20","84","8400000","473386","0.05635547619047619","9","13"
"5","10","5","20","20","62","6200000","342018","0.0551641935483871","6","6"
"6","10","5","20","20","58","5800000","313235","0.05400603448275862","13","25"
"4","10","5","20","20","85","8500000","474843","0.05586388235294118","9","14"
"5","10","5","20","20","63","6300000","343658","0.05454888888888889","6","7"
"6","10","5","20","20","59","5900000","314853","0.05336491525423729","13","17"
"4","10","5","20","20","86","8600000","476377","0.055392674418604654","9","11"
"5","10","5","20","20","64","6400000","344819","0.05387796875","5","6"
"6","10","5","20","20","60","6000000","316362","0.052727","13","19"
"4","10","5","20","20","87","8700000","477911","0.05493229885057471","9","10"
"5","10","5","20","20","65","6500000","346048","0.053238153846153845","5","6"
"6","10","5","20","20","61","6100000","317665","0.05207622950819672","12","20"
"4","10","5","20","20","88","8800000","479315","0.05446761363636363","8","12"
"5","10","5","20","20","66","6600000","347295","0.05262045454545455","5","7"
"4","10","5","20","20","89","8900000","480908","0.05403460674157303","8","10"
"6","10","5","20","20","62","6200000","319132","0.05147290322580645","12","20"
"5","10","5","20","20","67","6700000","348568","0.052025074626865675","5","9"
"6","10","5","20","20","63","6300000","320531","0.05087793650793651","12","20"
"4","10","5","20","20","90","9000000","482482","0.053609111111111114","8","13"
"5","10","5","20","20","68","6800000","349807","0.05144220588235294","5","6"
"6","10","5","20","20","64","6400000","322084","0.050325625","12","16"
"4","10","5","20","20","91","9100000","484279","0.053217472527472526","8","10"
"5","10","5","20","20","69","6900000","351011","0.05087115942028986","5","6"
"6","10","5","20","20","65","6500000","323670","0.049795384615384616","12","21"
"4","10","5","20","20","92","9200000","486074","0.052834130434782606","8","11"
"5","10","5","20","20","70","7000000","352431","0.05034728571428571","5","5"
"4","10","5","20","20","93","9300000","487472","0.052416344086021506","8","8"
"6","10","5","20","20","66","6600000","325165","0.049267424242424245","12","17"
"5","10","5","20","20","71","7100000","353827","0.049834788732394365","5","8"
"4","10","5","20","20","94","9400000","488501","0.0519681914893617","7","7"
"6","10","5","20","20","67","6700000","326726","0.04876507462686567","12","18"
"5","10","5","20","20","72","7200000","355217","0.049335694444444446","5","9"
"4","10","5","20","20","95","9500000","489654","0.051542526315789476","7","7"
"6","10","5","20","20","68","6800000","328328","0.048283529411764704","12","18"
"5","10","5","20","20","73","7300000","356401","0.04882205479452055","5","8"
"4","10","5","20","20","96","9600000","490488","0.0510925","7","7"
"6","10","5","20","20","69","6900000","329740","0.047788405797101446","12","18"
"5","10","5","20","20","74","7400000","357660","0.04833243243243243","5","6"
"4","10","5","20","20","97","9700000","491495","0.05066958762886598","7","10"
"6","10","5","20","20","70","7000000","331155","0.047307857142857145","12","20"
"5","10","5","20","20","75","7500000","358878","0.0478504","5","7"
"4","10","5","20","20","98","9800000","492356","0.050240408163265304","7","7"
"6","10","5","20","20","71","7100000","332619","0.04684774647887324","11","17"
"4","10","5","20","20","99","9900000","493367","0.04983505050505051","7","8"
"5","10","5","20","20","76","7600000","359866","0.04735078947368421","4","5"
"6","10","5","20","20","72","7200000","334046","0.04639527777777778","12","15"
"4","10","5","20","20","100","10000000","494343","0.0494343","7","8"
"5","10","5","20","20","77","7700000","360710","0.046845454545454544","4","6"
"6","10","5","20","20","73","7300000","335527","0.04596260273972603","11","16"
"4","10","5","20","20","101","10100000","495226","0.04903227722772277","7","11"
"5","10","5","20","20","78","7800000","361565","0.04635448717948718","4","6"
"6","10","5","20","20","74","7400000","337047","0.04554689189189189","12","14"
"4","10","5","20","20","102","10200000","496217","0.048648725490196075","7","11"
"5","10","5","20","20","79","7900000","362452","0.04588","4","5"
"6","10","5","20","20","75","7500000","338411","0.045121466666666665","11","13"
"4","10","5","20","20","103","10300000","497084","0.048260582524271844","7","7"
"5","10","5","20","20","80","8000000","363176","0.045397","4","6"
"6","10","5","20","20","76","7600000","339641","0.04468960526315789","12","17"
"4","10","5","20","20","104","10400000","497969","0.04788163461538462","7","7"
"5","10","5","20","20","81","8100000","364005","0.04493888888888889","4","4"
"6","10","5","20","20","77","7700000","340939","0.04427779220779221","12","15"
"4","10","5","20","20","105","10500000","498737","0.047498761904761905","7","7"
"5","10","5","20","20","82","8200000","364685","0.04447378048780488","4","5"
"6","10","5","20","20","78","7800000","342206","0.043872564102564106","12","14"
"4","10","5","20","20","106","10600000","499514","0.04712396226415094","7","8"
"5","10","5","20","20","83","8300000","365466","0.04403204819277108","4","6"
"6","10","5","20","20","79","7900000","343417","0.04347050632911392","12","17"
"4","10","5","20","20","107","10700000","500340","0.0467607476635514","7","11"
"5","10","5","20","20","84","8400000","366154","0.0435897619047619","4","4"
"6","10","5","20","20","80","8000000","344546","0.04306825","12","13"
"4","10","5","20","20","108","10800000","501298","0.04641648148148148","7","8"
"5","10","5","20","20","85","8500000","366544","0.04312282352941176","4","4"
"6","10","5","20","20","81","8100000","345802","0.04269160493827161","12","19"
"4","10","5","20","20","109","10900000","502217","0.046074954128440364","7","8"
"5","10","5","20","20","86","8600000","366571","0.04262453488372093","3","3"
"7","10","5","20","20","0","0","0","0","898","900"
"6","10","5","20","20","82","8200000","347080","0.04232682926829268","12","22"
"4","10","5","20","20","110","11000000","503200","0.04574545454545455","7","7"
"6","10","5","20","20","83","8300000","348073","0.04193650602409638","12","15"
"7","10","5","20","20","1","100000","8193","0.08193","413","433"
"4","10","5","20","20","111","11100000","504023","0.045407477477477476","7","7"
"6","10","5","20","20","84","8400000","348912","0.041537142857142856","12","21"
"7","10","5","20","20","2","200000","17784","0.08892","281","310"
"4","10","5","20","20","112","11200000","504882","0.04507875","7","10"
"6","10","5","20","20","85","8500000","349839","0.041157529411764704","12","12"
"7","10","5","20","20","3","300000","28085","0.09361666666666667","231","270"
"4","10","5","20","20","113","11300000","505710","0.04475309734513274","7","8"
"6","10","5","20","20","86","8600000","350818","0.04079279069767442","12","14"
"7","10","5","20","20","4","400000","37910","0.094775","184","223"
"4","10","5","20","20","114","11400000","506624","0.04444070175438596","7","10"
"6","10","5","20","20","87","8700000","351533","0.04040609195402299","12","15"
"7","10","5","20","20","5","500000","47239","0.094478","155","196"
"4","10","5","20","20","115","11500000","507715","0.04414913043478261","7","8"
"6","10","5","20","20","88","8800000","352117","0.040013295454545454","12","18"
"7","10","5","20","20","6","600000","57011","0.09501833333333333","137","198"
"4","10","5","20","20","116","11600000","508689","0.0438525","7","7"
"6","10","5","20","20","89","8900000","352700","0.03962921348314607","12","18"
"7","10","5","20","20","7","700000","66663","0.09523285714285715","146","194"
"4","10","5","20","20","117","11700000","509740","0.043567521367521365","7","8"
"6","10","5","20","20","90","9000000","353446","0.03927177777777778","11","13"
"4","10","5","20","20","118","11800000","510772","0.043285762711864406","7","8"
"7","10","5","20","20","8","800000","76581","0.09572625","137","198"
"6","10","5","20","20","91","9100000","353938","0.038894285714285715","11","12"
"4","10","5","20","20","119","11900000","511805","0.043008823529411766","7","7"
"6","10","5","20","20","92","9200000","354371","0.03851858695652174","12","15"
"7","10","5","20","20","9","900000","86666","0.09629555555555555","132","183"
"4","10","5","20","20","120","12000000","512763","0.04273025","7","9"
"6","10","5","20","20","93","9300000","354872","0.03815827956989247","11","12"
"7","10","5","20","20","10","1000000","96526","0.096526","118","165"
"4","10","5","20","20","121","12100000","513874","0.04246892561983471","7","12"
"6","10","5","20","20","94","9400000","355364","0.03780468085106383","11","13"
"7","10","5","20","20","11","1100000","106311","0.09664636363636364","105","157"
"4","10","5","20","20","122","12200000","514897","0.04220467213114754","7","8"
"6","10","5","20","20","95","9500000","355646","0.03743642105263158","10","10"
"7","10","5","20","20","12","1200000","115872","0.09656","104","167"
"4","10","5","20","20","123","12300000","515768","0.041932357723577236","7","9"
"6","10","5","20","20","96","9600000","355888","0.03707166666666667","10","10"
"7","10","5","20","20","13","1300000","124925","0.09609615384615385","81","116"
"4","10","5","20","20","124","12400000","516519","0.04165475806451613","7","10"
"6","10","5","20","20","97","9700000","356198","0.03672144329896907","10","10"
"7","10","5","20","20","14","1400000","133266","0.09519","66","108"
"4","10","5","20","20","125","12500000","517264","0.04138112","7","10"
"6","10","5","20","20","98","9800000","356368","0.03636408163265306","9","9"
"8","10","5","20","20","0","0","0","0","896","900"
"4","10","5","20","20","126","12600000","518057","0.04111563492063492","7","8"
"7","10","5","20","20","15","1500000","141008","0.09400533333333333","63","89"
"8","10","5","20","20","1","100000","7792","0.07792","432","456"
"4","10","5","20","20","127","12700000","518901","0.040858346456692916","7","8"
"7","10","5","20","20","16","1600000","148088","0.092555","62","96"
"8","10","5","20","20","2","200000","17824","0.08912","311","350"
"4","10","5","20","20","128","12800000","519754","0.04060578125","7","8"
"7","10","5","20","20","17","1700000","155363","0.09139","63","95"
"8","10","5","20","20","3","300000","27962","0.09320666666666666","248","287"
"4","10","5","20","20","129","12900000","520748","0.04036806201550388","7","8"
"7","10","5","20","20","18","1800000","162588","0.09032666666666667","51","71"
"8","10","5","20","20","4","400000","37944","0.09486","214","263"
"4","10","5","20","20","130","13000000","521565","0.04012038461538461","7","7"
"7","10","5","20","20","19","1900000","168946","0.08891894736842106","46","69"
"8","10","5","20","20","5","500000","48403","0.096806","180","221"
"4","10","5","20","20","131","13100000","522540","0.03988854961832061","7","9"
"7","10","5","20","20","20","2000000","174848","0.087424","50","86"
"4","10","5","20","20","132","13200000","523366","0.039648939393939396","7","7"
"8","10","5","20","20","6","600000","58632","0.09772","160","201"
"7","10","5","20","20","21","2100000","180126","0.08577428571428572","34","57"
"4","10","5","20","20","133","13300000","524395","0.039428195488721805","7","9"
"8","10","5","20","20","7","700000","68356","0.09765142857142857","132","184"
"7","10","5","20","20","22","2200000","185055","0.08411590909090909","36","56"
"4","10","5","20","20","134","13400000","525181","0.03919261194029851","7","7"
"8","10","5","20","20","8","800000","77786","0.0972325","123","162"
"7","10","5","20","20","23","2300000","190391","0.08277869565217391","35","47"
"4","10","5","20","20","135","13500000","526046","0.03896637037037037","7","7"
"8","10","5","20","20","9","900000","86614","0.09623777777777778","97","146"
"7","10","5","20","20","24","2400000","195486","0.0814525","37","62"
"4","10","5","20","20","136","13600000","526865","0.038740073529411764","7","8"
"8","10","5","20","20","10","1000000","95001","0.095001","81","119"
"7","10","5","20","20","25","2500000","200265","0.080106","33","56"
"4","10","5","20","20","137","13700000","527800","0.03852554744525547","7","8"
"8","10","5","20","20","11","1100000","102864","0.09351272727272728","71","107"
"4","10","5","20","20","138","13800000","528631","0.03830659420289855","7","7"
"7","10","5","20","20","26","2600000","205055","0.0788673076923077","31","54"
"8","10","5","20","20","12","1200000","110681","0.09223416666666667","55","97"
"4","10","5","20","20","139","13900000","529490","0.038092805755395684","7","10"
"7","10","5","20","20","27","2700000","209676","0.07765777777777778","31","48"
"8","10","5","20","20","13","1300000","117870","0.09066923076923077","58","88"
"4","10","5","20","20","140","14000000","530316","0.03787971428571429","7","9"
"7","10","5","20","20","28","2800000","213802","0.07635785714285714","29","54"
"4","10","5","20","20","141","14100000","531255","0.037677659574468086","7","11"
"8","10","5","20","20","14","1400000","124578","0.08898428571428571","54","81"
"7","10","5","20","20","29","2900000","217688","0.0750648275862069","28","46"
"4","10","5","20","20","142","14200000","532172","0.037476901408450704","7","9"
"8","10","5","20","20","15","1500000","131429","0.08761933333333333","45","72"
"7","10","5","20","20","30","3000000","221603","0.07386766666666666","30","42"
"4","10","5","20","20","143","14300000","533337","0.037296293706293705","7","10"
"8","10","5","20","20","16","1600000","137607","0.086004375","41","62"
"7","10","5","20","20","31","3100000","225848","0.0728541935483871","22","32"
"4","10","5","20","20","144","14400000","534602","0.03712513888888889","7","9"
"8","10","5","20","20","17","1700000","143618","0.08448117647058824","33","65"
"7","10","5","20","20","32","3200000","229872","0.071835","21","32"
"4","10","5","20","20","145","14500000","535580","0.03693655172413793","7","8"
"7","10","5","20","20","33","3300000","233650","0.0708030303030303","19","35"
"8","10","5","20","20","18","1800000","149508","0.08306","33","54"
"4","10","5","20","20","146","14600000","536571","0.03675143835616438","7","7"
"7","10","5","20","20","34","3400000","237186","0.06976058823529412","19","32"
"8","10","5","20","20","19","1900000","155233","0.08170157894736842","30","47"
"4","10","5","20","20","147","14700000","537591","0.036570816326530614","7","7"
"7","10","5","20","20","35","3500000","240841","0.06881171428571428","21","38"
"8","10","5","20","20","20","2000000","160601","0.0803005","27","61"
"4","10","5","20","20","148","14800000","538462","0.03638256756756757","7","8"
"7","10","5","20","20","36","3600000","244189","0.06783027777777778","19","30"
"8","10","5","20","20","21","2100000","165627","0.07887","22","44"
"4","10","5","20","20","149","14900000","539318","0.0361958389261745","7","8"
"7","10","5","20","20","37","3700000","247398","0.06686432432432432","18","24"
"8","10","5","20","20","22","2200000","170375","0.07744318181818181","23","40"
"4","10","5","20","20","150","15000000","540274","0.036018266666666666","7","7"
"7","10","5","20","20","38","3800000","250800","0.066","18","37"
"8","10","5","20","20","23","2300000","174887","0.07603782608695653","22","36"
"4","10","5","20","20","151","15100000","541094","0.03583403973509934","7","8"
"7","10","5","20","20","39","3900000","254404","0.06523179487179487","16","29"
"8","10","5","20","20","24","2400000","179165","0.07465208333333333","20","26"
"4","10","5","20","20","152","15200000","541902","0.03565144736842105","7","11"
"7","10","5","20","20","40","4000000","257664","0.064416","16","20"
"8","10","5","20","20","25","2500000","182795","0.073118","18","24"
"4","10","5","20","20","153","15300000","542740","0.035473202614379085","7","9"
"7","10","5","20","20","41","4100000","260582","0.06355658536585365","13","13"
"8","10","5","20","20","26","2600000","185519","0.07135346153846153","13","21"
"4","10","5","20","20","154","15400000","543741","0.03530785714285714","7","8"
"7","10","5","20","20","42","4200000","263536","0.06274666666666667","13","21"
"4","10","5","20","20","155","15500000","544622","0.035136903225806454","7","7"
"8","10","5","20","20","27","2700000","187461","0.06943","12","14"
"7","10","5","20","20","43","4300000","266512","0.06197953488372093","13","17"
"4","10","5","20","20","156","15600000","545536","0.03497025641025641","7","9"
"8","10","5","20","20","28","2800000","189199","0.06757107142857142","11","14"
"7","10","5","20","20","44","4400000","269276","0.06119909090909091","13","16"
"4","10","5","20","20","157","15700000","546420","0.034803821656050955","7","10"
"8","10","5","20","20","29","2900000","190872","0.06581793103448276","11","13"
"7","10","5","20","20","45","4500000","271565","0.06034777777777778","13","18"
"4","10","5","20","20","158","15800000","547291","0.03463867088607595","7","7"
"8","10","5","20","20","30","3000000","192409","0.06413633333333334","11","17"
"4","10","5","20","20","159","15900000","548134","0.03447383647798742","7","10"
"7","10","5","20","20","46","4600000","273469","0.05944978260869565","13","22"
"8","10","5","20","20","31","3100000","193886","0.06254387096774193","10","11"
"4","10","5","20","20","160","16000000","548994","0.034312125","7","9"
"7","10","5","20","20","47","4700000","275181","0.05854914893617021","14","23"
"8","10","5","20","20","32","3200000","195102","0.060969375","9","15"
"4","10","5","20","20","161","16100000","549902","0.034155403726708077","7","8"
"7","10","5","20","20","48","4800000","276988","0.05770583333333333","13","21"
"8","10","5","20","20","33","3300000","196114","0.05942848484848485","9","10"
"4","10","5","20","20","162","16200000","550809","0.034000555555555555","7","8"
"7","10","5","20","20","49","4900000","278855","0.056909183673469386","14","17"
"8","10","5","20","20","34","3400000","197123","0.05797735294117647","9","11"
"4","10","5","20","20","163","16300000","551711","0.03384730061349693","7","8"
"8","10","5","20","20","35","3500000","198073","0.05659228571428571","9","9"
"7","10","5","20","20","50","5000000","280364","0.0560728","14","19"
"4","10","5","20","20","164","16400000","552301","0.03367689024390244","7","7"
"8","10","5","20","20","36","3600000","199088","0.055302222222222225","9","9"
"7","10","5","20","20","51","5100000","282006","0.05529529411764706","14","17"
"4","10","5","20","20","165","16500000","552815","0.03350393939393939","7","7"
"8","10","5","20","20","37","3700000","200097","0.05408027027027027","9","9"
"7","10","5","20","20","52","5200000","283385","0.05449711538461539","12","16"
"4","10","5","20","20","166","16600000","553287","0.0333305421686747","7","7"
"8","10","5","20","20","38","3800000","201153","0.052935","9","14"
"7","10","5","20","20","53","5300000","284762","0.05372867924528302","12","17"
"4","10","5","20","20","167","16700000","553697","0.033155508982035925","7","7"
"8","10","5","20","20","39","3900000","202132","0.05182871794871795","9","10"
"7","10","5","20","20","54","5400000","286252","0.05300962962962963","11","11"
"4","10","5","20","20","168","16800000","554148","0.032985","7","7"
"8","10","5","20","20","40","4000000","203269","0.05081725","9","9"
"7","10","5","20","20","55","5500000","287459","0.05226527272727273","10","10"
"4","10","5","20","20","169","16900000","554506","0.03281100591715976","7","9"
"8","10","5","20","20","41","4100000","204444","0.04986439024390244","9","12"
"7","10","5","20","20","56","5600000","288458","0.05151035714285714","10","13"
"4","10","5","20","20","170","17000000","554847","0.03263805882352941","7","8"
"8","10","5","20","20","42","4200000","205547","0.0489397619047619","9","9"
"7","10","5","20","20","57","5700000","289495","0.05078859649122807","10","10"
"4","10","5","20","20","171","17100000","555305","0.032473976608187134","7","7"
"8","10","5","20","20","43","4300000","206682","0.04806558139534884","9","9"
"7","10","5","20","20","58","5800000","290557","0.05009603448275862","10","10"
"4","10","5","20","20","172","17200000","555668","0.03230627906976744","7","7"
"8","10","5","20","20","44","4400000","207763","0.047218863636363635","9","11"
"7","10","5","20","20","59","5900000","291701","0.04944084745762712","10","11"
"4","10","5","20","20","173","17300000","556095","0.03214421965317919","7","8"
"8","10","5","20","20","45","4500000","209318","0.04651511111111111","9","12"
"7","10","5","20","20","60","6000000","292681","0.048780166666666666","10","11"
"4","10","5","20","20","174","17400000","556552","0.03198574712643678","7","7"
"7","10","5","20","20","61","6100000","293698","0.048147213114754096","10","12"
"8","10","5","20","20","46","4600000","210692","0.045802608695652176","9","11"
"4","10","5","20","20","175","17500000","556838","0.03181931428571429","7","7"
"7","10","5","20","20","62","6200000","294746","0.04753967741935484","10","11"
"8","10","5","20","20","47","4700000","211955","0.0450968085106383","9","11"
"4","10","5","20","20","176","17600000","557094","0.031653068181818185","7","8"
"7","10","5","20","20","63","6300000","295704","0.04693714285714286","10","11"
"8","10","5","20","20","48","4800000","212921","0.04435854166666667","9","9"
"4","10","5","20","20","177","17700000","557518","0.03149819209039548","7","8"
"7","10","5","20","20","64","6400000","296650","0.0463515625","10","11"
"8","10","5","20","20","49","4900000","213813","0.04363530612244898","9","9"
"4","10","5","20","20","178","17800000","557821","0.03133825842696629","7","7"
"7","10","5","20","20","65","6500000","297558","0.04577815384615384","10","14"
"8","10","5","20","20","50","5000000","214838","0.0429676","9","11"
"4","10","5","20","20","179","17900000","557835","0.031163966480446927","6","6"
"9","10","5","20","20","0","0","0","0","894","900"
"7","10","5","20","20","66","6600000","298461","0.045221363636363636","10","10"
"8","10","5","20","20","51","5100000","215666","0.042287450980392154","9","9"
"9","10","5","20","20","1","100000","7784","0.07784","440","455"
"7","10","5","20","20","67","6700000","299404","0.044687164179104476","10","11"
"8","10","5","20","20","52","5200000","216570","0.04164807692307692","9","9"
"9","10","5","20","20","2","200000","17450","0.08725","342","384"
"7","10","5","20","20","68","6800000","300337","0.04416720588235294","10","11"
"8","10","5","20","20","53","5300000","217477","0.041033396226415095","9","9"
"7","10","5","20","20","69","6900000","301151","0.043645072463768114","10","11"
"9","10","5","20","20","3","300000","28387","0.09462333333333334","236","277"
"8","10","5","20","20","54","5400000","218194","0.040406296296296294","9","9"
"7","10","5","20","20","70","7000000","302012","0.04314457142857143","10","11"
"8","10","5","20","20","55","5500000","218882","0.039796727272727275","8","8"
"9","10","5","20","20","4","400000","38776","0.09694","213","261"
"7","10","5","20","20","71","7100000","303131","0.04269450704225352","10","14"
"8","10","5","20","20","56","5600000","219730","0.0392375","8","8"
"9","10","5","20","20","5","500000","48253","0.096506","170","202"
"7","10","5","20","20","72","7200000","304144","0.04224222222222222","10","10"
"8","10","5","20","20","57","5700000","220413","0.03866894736842105","8","10"
"9","10","5","20","20","6","600000","57121","0.09520166666666667","138","178"
"7","10","5","20","20","73","7300000","305120","0.041797260273972604","10","10"
"8","10","5","20","20","58","5800000","221030","0.03810862068965517","8","9"
"9","10","5","20","20","7","700000","66370","0.09481428571428571","143","192"
"7","10","5","20","20","74","7400000","306208","0.04137945945945946","10","11"
"8","10","5","20","20","59","5900000","221784","0.03759050847457627","8","8"
"9","10","5","20","20","8","800000","75929","0.09491125","148","182"
"7","10","5","20","20","75","7500000","307171","0.04095613333333333","10","12"
"8","10","5","20","20","60","6000000","222464","0.03707733333333333","8","8"
"9","10","5","20","20","9","900000","84925","0.09436111111111112","111","142"
"7","10","5","20","20","76","7600000","308225","0.04055592105263158","10","11"
"8","10","5","20","20","61","6100000","223038","0.036563606557377046","8","9"
"9","10","5","20","20","10","1000000","93347","0.093347","106","146"
"7","10","5","20","20","77","7700000","309070","0.04013896103896104","10","11"
"8","10","5","20","20","62","6200000","223666","0.03607516129032258","8","8"
"9","10","5","20","20","11","1100000","101787","0.09253363636363636","102","147"
"7","10","5","20","20","78","7800000","309786","0.039716153846153845","10","11"
"8","10","5","20","20","63","6300000","224281","0.03560015873015873","8","9"
"7","10","5","20","20","79","7900000","310556","0.03931088607594937","10","10"
"9","10","5","20","20","12","1200000","109778","0.09148166666666667","95","133"
"8","10","5","20","20","64","6400000","224693","0.03510828125","8","9"
"7","10","5","20","20","80","8000000","311165","0.038895625","10","10"
"8","10","5","20","20","65","6500000","224818","0.03458738461538462","7","7"
"10","10","5","20","20","0","0","0","0","895","900"
"9","10","5","20","20","13","1300000","116491","0.08960846153846154","83","110"
"7","10","5","20","20","81","8100000","311743","0.03848679012345679","10","11"
"9","10","5","20","20","14","1400000","123216","0.08801142857142857","85","113"
"10","10","5","20","20","1","100000","8457","0.08457","431","449"
"7","10","5","20","20","82","8200000","312340","0.03809024390243902","10","11"
"9","10","5","20","20","15","1500000","129741","0.086494","81","124"
"10","10","5","20","20","2","200000","19027","0.095135","322","363"
"7","10","5","20","20","83","8300000","312847","0.03769240963855422","10","10"
"9","10","5","20","20","16","1600000","136836","0.0855225","81","123"
"10","10","5","20","20","3","300000","30366","0.10122","255","301"
"7","10","5","20","20","84","8400000","313325","0.03730059523809524","10","10"
"9","10","5","20","20","17","1700000","144349","0.08491117647058824","76","119"
"10","10","5","20","20","4","400000","41762","0.104405","197","244"
"7","10","5","20","20","85","8500000","313565","0.03689","10","10"
"9","10","5","20","20","18","1800000","151733","0.08429611111111111","79","120"
"10","10","5","20","20","5","500000","53338","0.106676","208","262"
"7","10","5","20","20","86","8600000","313794","0.03648767441860465","10","10"
"9","10","5","20","20","19","1900000","158821","0.08359","72","115"
"7","10","5","20","20","87","8700000","313969","0.0360883908045977","9","9"
"11","10","5","20","20","0","0","0","0","896","900"
"10","10","5","20","20","6","600000","64235","0.10705833333333334","145","192"
"9","10","5","20","20","20","2000000","166114","0.083057","64","93"
"11","10","5","20","20","1","100000","8594","0.08594","479","497"
"10","10","5","20","20","7","700000","73875","0.10553571428571429","134","186"
"9","10","5","20","20","21","2100000","173106","0.08243142857142857","60","93"
"11","10","5","20","20","2","200000","19241","0.096205","315","353"
"10","10","5","20","20","8","800000","83345","0.10418125","122","160"
"9","10","5","20","20","22","2200000","179571","0.08162318181818182","57","95"
"11","10","5","20","20","3","300000","29961","0.09987","248","282"
"10","10","5","20","20","9","900000","92040","0.10226666666666667","116","169"
"9","10","5","20","20","23","2300000","185474","0.08064086956521739","48","80"
"11","10","5","20","20","4","400000","40537","0.1013425","194","223"
"10","10","5","20","20","10","1000000","100923","0.100923","105","147"
"9","10","5","20","20","24","2400000","191133","0.07963875","45","65"
"11","10","5","20","20","5","500000","50946","0.101892","189","238"
"10","10","5","20","20","11","1100000","109610","0.09964545454545455","104","158"
"9","10","5","20","20","25","2500000","196426","0.0785704","43","67"
"11","10","5","20","20","6","600000","61318","0.10219666666666667","139","182"
"10","10","5","20","20","12","1200000","118404","0.09867","116","171"
"9","10","5","20","20","26","2600000","202068","0.07771846153846154","39","71"
"11","10","5","20","20","7","700000","71199","0.10171285714285715","129","184"
"10","10","5","20","20","13","1300000","127237","0.09787461538461538","98","142"
"9","10","5","20","20","27","2700000","207782","0.0769562962962963","42","76"
"11","10","5","20","20","8","800000","81211","0.10151375","116","162"
"10","10","5","20","20","14","1400000","135677","0.09691214285714286","81","125"
"9","10","5","20","20","28","2800000","213044","0.07608714285714285","40","63"
"11","10","5","20","20","9","900000","89745","0.09971666666666666","86","123"
"10","10","5","20","20","15","1500000","143551","0.09570066666666667","72","116"
"9","10","5","20","20","29","2900000","218282","0.0752696551724138","42","69"
"11","10","5","20","20","10","1000000","97453","0.097453","68","99"
"10","10","5","20","20","16","1600000","151284","0.0945525","75","137"
"9","10","5","20","20","30","3000000","223612","0.07453733333333333","41","67"
"11","10","5","20","20","11","1100000","104247","0.09477","50","87"
"10","10","5","20","20","17","1700000","158774","0.09339647058823529","64","103"
"9","10","5","20","20","31","3100000","228986","0.07386645161290323","46","73"
"11","10","5","20","20","12","1200000","110255","0.09187916666666666","42","64"
"10","10","5","20","20","18","1800000","165642","0.09202333333333333","52","71"
"9","10","5","20","20","32","3200000","234259","0.0732059375","42","71"
"11","10","5","20","20","13","1300000","115280","0.08867692307692308","28","40"
"10","10","5","20","20","19","1900000","171785","0.09041315789473685","51","87"
"9","10","5","20","20","33","3300000","239307","0.07251727272727272","45","68"
"11","10","5","20","20","14","1400000","119293","0.08520928571428571","24","41"
"10","10","5","20","20","20","2000000","178249","0.0891245","51","91"
"9","10","5","20","20","34","3400000","244394","0.07188058823529411","44","68"
"11","10","5","20","20","15","1500000","123081","0.082054","22","45"
"10","10","5","20","20","21","2100000","184930","0.08806190476190476","47","89"
"9","10","5","20","20","35","3500000","249139","0.07118257142857143","44","71"
"11","10","5","20","20","16","1600000","126819","0.079261875","20","32"
"10","10","5","20","20","22","2200000","191781","0.08717318181818182","44","77"
"9","10","5","20","20","36","3600000","254267","0.07062972222222222","45","78"
"11","10","5","20","20","17","1700000","130038","0.07649294117647058","19","29"
"10","10","5","20","20","23","2300000","198472","0.08629217391304347","39","77"
"9","10","5","20","20","37","3700000","258952","0.06998702702702703","37","63"
"11","10","5","20","20","18","1800000","133275","0.07404166666666667","19","33"
"10","10","5","20","20","24","2400000","204886","0.08536916666666666","38","67"
"9","10","5","20","20","38","3800000","263730","0.06940263157894737","29","42"
"11","10","5","20","20","19","1900000","136412","0.07179578947368422","19","32"
"10","10","5","20","20","25","2500000","211672","0.0846688","41","89"
"9","10","5","20","20","39","3900000","268714","0.06890102564102564","30","54"
"11","10","5","20","20","20","2000000","139593","0.0697965","19","31"
"10","10","5","20","20","26","2600000","218043","0.0838626923076923","36","62"
"9","10","5","20","20","40","4000000","273709","0.06842725","30","55"
"11","10","5","20","20","21","2100000","142817","0.06800809523809524","20","27"
"10","10","5","20","20","27","2700000","224274","0.08306444444444444","42","73"
"9","10","5","20","20","41","4100000","278752","0.06798829268292683","26","47"
"11","10","5","20","20","22","2200000","145974","0.06635181818181818","20","32"
"10","10","5","20","20","28","2800000","230924","0.08247285714285714","38","77"
"9","10","5","20","20","42","4200000","283515","0.06750357142857143","24","44"
"11","10","5","20","20","23","2300000","148873","0.06472739130434782","22","36"
"10","10","5","20","20","29","2900000","236725","0.08162931034482758","30","59"
"9","10","5","20","20","43","4300000","288286","0.06704325581395348","25","42"
"11","10","5","20","20","24","2400000","151777","0.06324041666666666","20","30"
"10","10","5","20","20","30","3000000","242496","0.080832","30","52"
"9","10","5","20","20","44","4400000","292821","0.06655022727272727","20","35"
"11","10","5","20","20","25","2500000","154160","0.061664","21","33"
"10","10","5","20","20","31","3100000","248162","0.08005225806451613","31","57"
"9","10","5","20","20","45","4500000","297943","0.06620955555555555","19","44"
"11","10","5","20","20","26","2600000","156316","0.06012153846153846","20","33"
"10","10","5","20","20","32","3200000","253452","0.07920375","31","53"
"11","10","5","20","20","27","2700000","158482","0.058697037037037034","19","24"
"9","10","5","20","20","46","4600000","302781","0.06582195652173913","20","36"
"10","10","5","20","20","33","3300000","258359","0.07829060606060606","26","47"
"11","10","5","20","20","28","2800000","160638","0.05737071428571429","19","27"
"9","10","5","20","20","47","4700000","307013","0.06532191489361702","20","33"
"11","10","5","20","20","29","2900000","162695","0.05610172413793103","17","25"
"10","10","5","20","20","34","3400000","263134","0.07739235294117647","26","40"
"9","10","5","20","20","48","4800000","311269","0.06484770833333334","18","35"
"11","10","5","20","20","30","3000000","165096","0.055032","17","25"
"10","10","5","20","20","35","3500000","267522","0.07643485714285714","20","25"
"9","10","5","20","20","49","4900000","315568","0.06440163265306123","19","35"
"11","10","5","20","20","31","3100000","167401","0.05400032258064516","17","30"
"10","10","5","20","20","36","3600000","271162","0.07532277777777778","19","26"
"9","10","5","20","20","50","5000000","319722","0.0639444","17","40"
"11","10","5","20","20","32","3200000","169644","0.05301375","17","27"
"10","10","5","20","20","37","3700000","275257","0.07439378378378378","21","40"
"9","10","5","20","20","51","5100000","323570","0.06344509803921569","17","26"
"11","10","5","20","20","33","3300000","171683","0.05202515151515152","17","27"
"10","10","5","20","20","38","3800000","279253","0.07348763157894737","20","34"
"9","10","5","20","20","52","5200000","327549","0.0629901923076923","17","31"
"11","10","5","20","20","34","3400000","173792","0.05111529411764706","17","28"
"10","10","5","20","20","39","3900000","283215","0.07261923076923077","17","27"
"9","10","5","20","20","53","5300000","331267","0.06250320754716981","18","32"
"11","10","5","20","20","35","3500000","176045","0.05029857142857143","17","23"
"10","10","5","20","20","40","4000000","287007","0.07175175","18","29"
"9","10","5","20","20","54","5400000","335038","0.06204407407407407","17","40"
"11","10","5","20","20","36","3600000","178300","0.049527777777777775","15","23"
"10","10","5","20","20","41","4100000","290815","0.07093048780487805","18","30"
"9","10","5","20","20","55","5500000","338884","0.06161527272727273","16","25"
"11","10","5","20","20","37","3700000","180692","0.04883567567567568","16","28"
"10","10","5","20","20","42","4200000","294409","0.07009738095238095","17","28"
"9","10","5","20","20","56","5600000","342882","0.06122892857142857","15","32"
"11","10","5","20","20","38","3800000","182791","0.04810289473684211","16","25"
"10","10","5","20","20","43","4300000","297892","0.06927720930232559","17","26"
"9","10","5","20","20","57","5700000","346861","0.06085280701754386","15","35"
"11","10","5","20","20","39","3900000","184891","0.04740794871794872","15","23"
"10","10","5","20","20","44","4400000","301245","0.06846477272727272","17","26"
"9","10","5","20","20","58","5800000","350587","0.06044603448275862","14","36"
"11","10","5","20","20","40","4000000","186903","0.04672575","14","22"
"10","10","5","20","20","45","4500000","304410","0.06764666666666666","15","24"
"9","10","5","20","20","59","5900000","353738","0.059955593220338985","12","21"
"11","10","5","20","20","41","4100000","189160","0.04613658536585366","15","23"
"10","10","5","20","20","46","4600000","307607","0.06687108695652173","15","22"
"9","10","5","20","20","60","6000000","356943","0.0594905","12","19"
"11","10","5","20","20","42","4200000","191303","0.045548333333333337","15","22"
"10","10","5","20","20","47","4700000","310785","0.06612446808510639","15","20"
"9","10","5","20","20","61","6100000","360220","0.059052459016393444","13","28"
"11","10","5","20","20","43","4300000","193539","0.04500906976744186","15","20"
"10","10","5","20","20","48","4800000","313873","0.06539020833333334","15","22"
"9","10","5","20","20","62","6200000","363321","0.05860016129032258","13","28"
"11","10","5","20","20","44","4400000","195582","0.04445045454545454","15","22"
"10","10","5","20","20","49","4900000","317063","0.06470673469387755","14","18"
"9","10","5","20","20","63","6300000","366068","0.058106031746031746","9","13"
"11","10","5","20","20","45","4500000","197258","0.04383511111111111","15","18"
"10","10","5","20","20","50","5000000","319743","0.0639486","13","20"
"9","10","5","20","20","64","6400000","369026","0.0576603125","10","19"
"11","10","5","20","20","46","4600000","198778","0.043212608695652174","14","24"
"10","10","5","20","20","51","5100000","322262","0.06318862745098039","12","16"
"9","10","5","20","20","65","6500000","372050","0.05723846153846154","10","16"
"11","10","5","20","20","47","4700000","200455","0.04265","13","21"
"10","10","5","20","20","52","5200000","324618","0.062426538461538464","12","13"
"9","10","5","20","20","66","6600000","374923","0.05680651515151515","10","20"
"11","10","5","20","20","48","4800000","202081","0.04210020833333333","14","17"
"10","10","5","20","20","53","5300000","326974","0.06169320754716981","12","16"
"9","10","5","20","20","67","6700000","378201","0.05644791044776119","10","20"
"11","10","5","20","20","49","4900000","203456","0.041521632653061226","13","19"
"10","10","5","20","20","54","5400000","329206","0.06096407407407407","12","16"
"9","10","5","20","20","68","6800000","380933","0.05601955882352941","10","18"
"11","10","5","20","20","50","5000000","204968","0.0409936","13","16"
"10","10","5","20","20","55","5500000","331444","0.06026254545454546","12","18"
"9","10","5","20","20","69","6900000","383613","0.05559608695652174","12","26"
"11","10","5","20","20","51","5100000","206468","0.04048392156862745","13","19"
"10","10","5","20","20","56","5600000","333890","0.059623214285714286","12","14"
"9","10","5","20","20","70","7000000","386210","0.05517285714285714","12","25"
"11","10","5","20","20","52","5200000","208097","0.04001865384615384","13","18"
"10","10","5","20","20","57","5700000","336077","0.05896087719298246","12","16"
"9","10","5","20","20","71","7100000","388833","0.05476521126760563","12","24"
"11","10","5","20","20","53","5300000","209558","0.039539245283018866","12","14"
"10","10","5","20","20","58","5800000","338313","0.058329827586206896","11","18"
"9","10","5","20","20","72","7200000","391318","0.05434972222222222","12","24"
"11","10","5","20","20","54","5400000","210884","0.03905259259259259","12","13"
"10","10","5","20","20","59","5900000","340137","0.057650338983050844","11","14"
"9","10","5","20","20","73","7300000","393718","0.05393397260273972","12","29"
"11","10","5","20","20","55","5500000","212303","0.03860054545454546","13","18"
"10","10","5","20","20","60","6000000","341998","0.056999666666666664","11","14"
"9","10","5","20","20","74","7400000","396034","0.05351810810810811","12","21"
"11","10","5","20","20","56","5600000","213718","0.03816392857142857","12","13"
"10","10","5","20","20","61","6100000","343755","0.05635327868852459","11","16"
"9","10","5","20","20","75","7500000","398466","0.0531288","9","15"
"11","10","5","20","20","57","5700000","215242","0.037761754385964914","13","14"
"10","10","5","20","20","62","6200000","345687","0.05575596774193548","11","20"
"9","10","5","20","20","76","7600000","400805","0.0527375","9","16"
"11","10","5","20","20","58","5800000","216790","0.03737758620689655","13","14"
"10","10","5","20","20","63","6300000","347336","0.05513269841269841","11","13"
"9","10","5","20","20","77","7700000","403659","0.052423246753246756","10","16"
"11","10","5","20","20","59","5900000","218388","0.037014915254237286","12","16"
"10","10","5","20","20","64","6400000","349206","0.0545634375","11","17"
"11","10","5","20","20","60","6000000","220155","0.0366925","12","17"
"9","10","5","20","20","78","7800000","406235","0.052081410256410256","9","13"
"10","10","5","20","20","65","6500000","351094","0.05401446153846154","11","16"
"11","10","5","20","20","61","6100000","221618","0.03633081967213115","13","16"
"9","10","5","20","20","79","7900000","408637","0.05172620253164557","10","19"
"10","10","5","20","20","66","6600000","353042","0.05349121212121212","11","17"
"11","10","5","20","20","62","6200000","223170","0.03599516129032258","13","17"
"9","10","5","20","20","80","8000000","410982","0.05137275","10","13"
"10","10","5","20","20","67","6700000","354871","0.05296582089552239","10","15"
"11","10","5","20","20","63","6300000","224827","0.0356868253968254","13","14"
"9","10","5","20","20","81","8100000","413247","0.051018148148148146","9","15"
"10","10","5","20","20","68","6800000","356228","0.05238647058823529","10","11"
"11","10","5","20","20","64","6400000","226481","0.03538765625","12","12"
"9","10","5","20","20","82","8200000","415547","0.050676463414634144","9","13"
"10","10","5","20","20","69","6900000","357515","0.05181376811594203","10","10"
"11","10","5","20","20","65","6500000","227943","0.035068153846153846","12","14"
"9","10","5","20","20","83","8300000","417732","0.05032915662650603","9","15"
"10","10","5","20","20","70","7000000","358586","0.05122657142857143","9","12"
"11","10","5","20","20","66","6600000","229302","0.03474272727272727","13","20"
"9","10","5","20","20","84","8400000","419898","0.04998785714285714","9","17"
"10","10","5","20","20","71","7100000","359421","0.05062267605633803","9","10"
"11","10","5","20","20","67","6700000","230695","0.03443208955223881","13","17"
"9","10","5","20","20","85","8500000","421868","0.049631529411764706","8","13"
"10","10","5","20","20","72","7200000","360438","0.05006083333333333","9","9"
"11","10","5","20","20","68","6800000","232235","0.03415220588235294","13","14"
"9","10","5","20","20","86","8600000","423697","0.04926709302325581","8","13"
"10","10","5","20","20","73","7300000","361455","0.04951438356164384","9","10"
"11","10","5","20","20","69","6900000","233543","0.0338468115942029","12","17"
"9","10","5","20","20","87","8700000","425387","0.048895057471264367","7","8"
"10","10","5","20","20","74","7400000","362401","0.04897310810810811","9","10"
"11","10","5","20","20","70","7000000","234618","0.03351685714285714","10","11"
"9","10","5","20","20","88","8800000","426888","0.04851","7","11"
"10","10","5","20","20","75","7500000","363389","0.04845186666666667","9","11"
"11","10","5","20","20","71","7100000","235615","0.03318521126760563","10","12"
"9","10","5","20","20","89","8900000","428425","0.048137640449438204","7","9"
"10","10","5","20","20","76","7600000","364256","0.04792842105263158","9","10"
"11","10","5","20","20","72","7200000","236558","0.032855277777777775","10","11"
"9","10","5","20","20","90","9000000","429930","0.04777","7","8"
"10","10","5","20","20","77","7700000","365207","0.04742948051948052","9","10"
"11","10","5","20","20","73","7300000","237407","0.03252150684931507","10","10"
"9","10","5","20","20","91","9100000","431065","0.04736978021978022","6","7"
"10","10","5","20","20","78","7800000","366397","0.04697397435897436","9","10"
"11","10","5","20","20","74","7400000","238131","0.03217986486486486","10","10"
"9","10","5","20","20","92","9200000","432106","0.04696804347826087","6","7"
"10","10","5","20","20","79","7900000","367102","0.046468607594936706","9","11"
"11","10","5","20","20","75","7500000","238774","0.03183653333333333","10","11"
"9","10","5","20","20","93","9300000","433103","0.04657021505376344","6","7"
"10","10","5","20","20","80","8000000","367887","0.045985875","9","9"
"11","10","5","20","20","76","7600000","239419","0.0315025","10","11"
"9","10","5","20","20","94","9400000","434056","0.04617617021276596","6","9"
"10","10","5","20","20","81","8100000","368551","0.04550012345679012","9","9"
"11","10","5","20","20","77","7700000","239893","0.031154935064935066","10","11"
"9","10","5","20","20","95","9500000","435298","0.04582084210526316","6","7"
"10","10","5","20","20","82","8200000","368984","0.044998048780487805","9","11"
"11","10","5","20","20","78","7800000","240438","0.030825384615384616","10","11"
"9","10","5","20","20","96","9600000","436944","0.045515","6","7"
"10","10","5","20","20","83","8300000","369368","0.0445021686746988","9","10"
"11","10","5","20","20","79","7900000","240855","0.030487974683544306","10","10"
"9","10","5","20","20","97","9700000","437975","0.045152061855670104","6","7"
"10","10","5","20","20","84","8400000","369560","0.043995238095238094","8","8"
"12","10","5","20","20","0","0","0","0","896","900"
"11","10","5","20","20","80","8000000","241419","0.030177375","10","10"
"9","10","5","20","20","98","9800000","439345","0.04483112244897959","6","8"
"12","10","5","20","20","1","100000","8571","0.08571","449","471"
"11","10","5","20","20","81","8100000","241990","0.02987530864197531","10","12"
"9","10","5","20","20","99","9900000","440326","0.04447737373737374","6","7"
"12","10","5","20","20","2","200000","18886","0.09443","327","362"
"11","10","5","20","20","82","8200000","242484","0.029571219512195122","10","10"
"9","10","5","20","20","100","10000000","441492","0.0441492","6","7"
"11","10","5","20","20","83","8300000","242485","0.029215060240963854","9","9"
"13","10","5","20","20","0","0","0","0","893","900"
"12","10","5","20","20","3","300000","29967","0.09989","277","327"
"9","10","5","20","20","101","10100000","442494","0.04381128712871287","6","9"
"13","10","5","20","20","1","100000","8285","0.08285","439","464"
"12","10","5","20","20","4","400000","41870","0.104675","198","254"
"9","10","5","20","20","102","10200000","443495","0.043479901960784315","6","6"
"13","10","5","20","20","2","200000","18769","0.093845","329","362"
"12","10","5","20","20","5","500000","53113","0.106226","193","244"
"9","10","5","20","20","103","10300000","444441","0.043149611650485434","6","6"
"13","10","5","20","20","3","300000","30131","0.10043666666666666","250","290"
"9","10","5","20","20","104","10400000","445334","0.042820576923076926","6","6"
"12","10","5","20","20","6","600000","64059","0.106765","163","201"
"9","10","5","20","20","105","10500000","446138","0.04248933333333333","6","6"
"13","10","5","20","20","4","400000","40935","0.1023375","214","255"
"12","10","5","20","20","7","700000","74063","0.10580428571428571","118","167"
"9","10","5","20","20","106","10600000","446946","0.042164716981132076","6","8"
"13","10","5","20","20","5","500000","51033","0.102066","175","229"
"12","10","5","20","20","8","800000","83569","0.10446125","101","158"
"9","10","5","20","20","107","10700000","447792","0.04184971962616822","6","9"
"13","10","5","20","20","6","600000","60349","0.10058166666666667","145","184"
"12","10","5","20","20","9","900000","92666","0.10296222222222222","112","149"
"9","10","5","20","20","108","10800000","448711","0.041547314814814815","6","7"
"13","10","5","20","20","7","700000","69917","0.09988142857142857","131","186"
"12","10","5","20","20","10","1000000","101499","0.101499","106","147"
"9","10","5","20","20","109","10900000","449701","0.04125697247706422","6","6"
"13","10","5","20","20","8","800000","79410","0.0992625","109","166"
"12","10","5","20","20","11","1100000","110253","0.10023","92","132"
"9","10","5","20","20","110","11000000","450452","0.040950181818181816","6","6"
"13","10","5","20","20","9","900000","88197","0.09799666666666666","97","138"
"12","10","5","20","20","12","1200000","118466","0.09872166666666667","81","133"
"9","10","5","20","20","111","11100000","451207","0.04064927927927928","6","6"
"13","10","5","20","20","10","1000000","96175","0.096175","79","105"
"9","10","5","20","20","112","11200000","451910","0.040349107142857145","6","7"
"12","10","5","20","20","13","1300000","126946","0.09765076923076924","74","112"
"13","10","5","20","20","11","1100000","103624","0.09420363636363636","85","140"
"9","10","5","20","20","113","11300000","452518","0.0400458407079646","6","7"
"12","10","5","20","20","14","1400000","135033","0.09645214285714286","72","106"
"13","10","5","20","20","12","1200000","111479","0.09289916666666667","82","122"
"9","10","5","20","20","114","11400000","453131","0.03974833333333333","6","6"
"12","10","5","20","20","15","1500000","142723","0.09514866666666667","68","110"
"9","10","5","20","20","115","11500000","453688","0.03945113043478261","6","7"
"13","10","5","20","20","13","1300000","119164","0.09166461538461539","78","122"
"12","10","5","20","20","16","1600000","151073","0.094420625","64","104"
"9","10","5","20","20","116","11600000","454283","0.0391623275862069","6","7"
"13","10","5","20","20","14","1400000","125986","0.08999","73","106"
"12","10","5","20","20","17","1700000","158927","0.0934864705882353","61","106"
"9","10","5","20","20","117","11700000","454830","0.03887435897435897","6","10"
"13","10","5","20","20","15","1500000","133126","0.08875066666666667","74","103"
"12","10","5","20","20","18","1800000","166867","0.09270388888888889","58","99"
"9","10","5","20","20","118","11800000","455501","0.03860177966101695","6","6"
"13","10","5","20","20","16","1600000","139824","0.08739","70","104"
"12","10","5","20","20","19","1900000","174381","0.09177947368421052","54","88"
"9","10","5","20","20","119","11900000","456070","0.03832521008403361","6","7"
"13","10","5","20","20","17","1700000","146485","0.08616764705882353","62","92"
"12","10","5","20","20","20","2000000","181321","0.0906605","46","72"
"9","10","5","20","20","120","12000000","456545","0.038045416666666665","6","6"
"13","10","5","20","20","18","1800000","152189","0.08454944444444444","60","88"
"9","10","5","20","20","121","12100000","457045","0.03777231404958677","6","6"
"12","10","5","20","20","21","2100000","187958","0.08950380952380953","45","79"
"13","10","5","20","20","19","1900000","157483","0.0828857894736842","52","76"
"9","10","5","20","20","122","12200000","457250","0.037479508196721315","5","5"
"14","10","5","20","20","0","0","0","0","893","900"
"12","10","5","20","20","22","2200000","194773","0.08853318181818182","45","70"
"13","10","5","20","20","20","2000000","162890","0.081445","48","66"
"14","10","5","20","20","1","100000","8553","0.08553","473","498"
"12","10","5","20","20","23","2300000","201593","0.0876491304347826","44","83"
"13","10","5","20","20","21","2100000","167674","0.0798447619047619","48","80"
"14","10","5","20","20","2","200000","19030","0.09515","322","349"
"12","10","5","20","20","24","2400000","208082","0.08670083333333334","46","89"
"13","10","5","20","20","22","2200000","172266","0.07830272727272727","41","61"
"14","10","5","20","20","3","300000","30599","0.10199666666666667","270","319"
"12","10","5","20","20","25","2500000","214742","0.0858968","41","75"
"13","10","5","20","20","23","2300000","176993","0.07695347826086957","40","65"
"14","10","5","20","20","4","400000","42511","0.1062775","214","268"
"12","10","5","20","20","26","2600000","221517","0.08519884615384615","36","72"
"13","10","5","20","20","24","2400000","182094","0.0758725","45","65"
"12","10","5","20","20","27","2700000","227750","0.08435185185185186","32","64"
"14","10","5","20","20","5","500000","53313","0.106626","175","223"
"13","10","5","20","20","25","2500000","187130","0.074852","41","61"
"12","10","5","20","20","28","2800000","233567","0.08341678571428572","28","53"
"14","10","5","20","20","6","600000","63892","0.10648666666666666","165","211"
"13","10","5","20","20","26","2600000","192369","0.07398807692307692","37","56"
"12","10","5","20","20","29","2900000","239102","0.08244896551724137","25","63"
"14","10","5","20","20","7","700000","74225","0.10603571428571429","152","203"
"13","10","5","20","20","27","2700000","197527","0.07315814814814815","35","57"
"12","10","5","20","20","30","3000000","244580","0.08152666666666666","28","52"
"14","10","5","20","20","8","800000","85233","0.10654125","131","177"
"13","10","5","20","20","28","2800000","202679","0.07238535714285714","37","57"
"12","10","5","20","20","31","3100000","249559","0.08050290322580646","25","51"
"14","10","5","20","20","9","900000","95873","0.10652555555555555","134","182"
"13","10","5","20","20","29","2900000","207777","0.07164724137931035","35","53"
"12","10","5","20","20","32","3200000","254542","0.079544375","27","61"
"13","10","5","20","20","30","3000000","212690","0.07089666666666666","34","54"
"14","10","5","20","20","10","1000000","106041","0.106041","108","157"
"12","10","5","20","20","33","3300000","259387","0.0786021212121212","21","45"
"13","10","5","20","20","31","3100000","217000","0.07","33","49"
"14","10","5","20","20","11","1100000","115463","0.10496636363636364","86","134"
"12","10","5","20","20","34","3400000","263907","0.07761970588235294","20","43"
"13","10","5","20","20","32","3200000","221135","0.0691046875","30","45"
"14","10","5","20","20","12","1200000","124518","0.103765","90","139"
"12","10","5","20","20","35","3500000","268623","0.07674942857142857","20","36"
"13","10","5","20","20","33","3300000","225344","0.0682860606060606","30","43"
"14","10","5","20","20","13","1300000","133112","0.10239384615384615","92","140"
"12","10","5","20","20","36","3600000","272939","0.07581638888888889","16","28"
"13","10","5","20","20","34","3400000","229550","0.06751470588235294","31","41"
"14","10","5","20","20","14","1400000","141382","0.10098714285714286","81","127"
"12","10","5","20","20","37","3700000","276791","0.07480837837837838","16","22"
"13","10","5","20","20","35","3500000","233817","0.06680485714285714","32","49"
"14","10","5","20","20","15","1500000","148737","0.099158","81","123"
"12","10","5","20","20","38","3800000","280589","0.07383921052631578","14","18"
"13","10","5","20","20","36","3600000","237717","0.0660325","30","49"
"14","10","5","20","20","16","1600000","156435","0.097771875","75","114"
"12","10","5","20","20","39","3900000","284134","0.0728548717948718","12","19"
"13","10","5","20","20","37","3700000","241850","0.06536486486486487","34","56"
"12","10","5","20","20","40","4000000","287470","0.0718675","12","18"
"14","10","5","20","20","17","1700000","164100","0.09652941176470588","74","118"
"13","10","5","20","20","38","3800000","245922","0.06471631578947368","32","50"
"12","10","5","20","20","41","4100000","290188","0.07077756097560976","12","14"
"14","10","5","20","20","18","1800000","172061","0.09558944444444445","86","122"
"13","10","5","20","20","39","3900000","249944","0.06408820512820512","29","54"
"12","10","5","20","20","42","4200000","292718","0.0696947619047619","10","11"
"14","10","5","20","20","19","1900000","180324","0.09490736842105263","75","109"
"13","10","5","20","20","40","4000000","254066","0.0635165","34","56"
"12","10","5","20","20","43","4300000","294855","0.06857093023255814","10","12"
"14","10","5","20","20","20","2000000","188603","0.0943015","76","114"
"13","10","5","20","20","41","4100000","257996","0.06292585365853659","36","65"
"12","10","5","20","20","44","4400000","296921","0.06748204545454546","9","11"
"14","10","5","20","20","21","2100000","196352","0.09350095238095238","62","100"
"13","10","5","20","20","42","4200000","262081","0.06240023809523809","31","54"
"12","10","5","20","20","45","4500000","299220","0.06649333333333333","9","11"
"14","10","5","20","20","22","2200000","203574","0.09253363636363636","53","78"
"13","10","5","20","20","43","4300000","266031","0.06186767441860465","28","45"
"12","10","5","20","20","46","4600000","301264","0.06549217391304347","9","10"
"13","10","5","20","20","44","4400000","269906","0.061342272727272724","33","61"
"14","10","5","20","20","23","2300000","210494","0.0915191304347826","47","79"
"12","10","5","20","20","47","4700000","303458","0.06456553191489361","9","14"
"13","10","5","20","20","45","4500000","274309","0.060957555555555556","33","44"
"14","10","5","20","20","24","2400000","217522","0.09063416666666667","50","83"
"12","10","5","20","20","48","4800000","305444","0.06363416666666667","9","11"
"13","10","5","20","20","46","4600000","278912","0.06063304347826087","35","51"
"14","10","5","20","20","25","2500000","224103","0.0896412","44","76"
"12","10","5","20","20","49","4900000","307355","0.06272551020408164","9","10"
"13","10","5","20","20","47","4700000","283513","0.06032191489361702","36","54"
"14","10","5","20","20","26","2600000","230603","0.08869346153846154","49","69"
"12","10","5","20","20","50","5000000","309273","0.0618546","9","11"
"13","10","5","20","20","48","4800000","287597","0.05991604166666667","33","58"
"12","10","5","20","20","51","5100000","311118","0.061003529411764706","9","14"
"14","10","5","20","20","27","2700000","237563","0.0879862962962963","46","72"
"13","10","5","20","20","49","4900000","291640","0.05951836734693878","31","49"
"12","10","5","20","20","52","5200000","313022","0.06019653846153846","9","11"
"14","10","5","20","20","28","2800000","244340","0.08726428571428571","38","64"
"13","10","5","20","20","50","5000000","296073","0.0592146","32","52"
"12","10","5","20","20","53","5300000","314704","0.05937811320754717","9","12"
"14","10","5","20","20","29","2900000","251214","0.0866255172413793","44","76"
"13","10","5","20","20","51","5100000","300274","0.05887725490196079","33","53"
"12","10","5","20","20","54","5400000","316456","0.05860296296296296","9","11"
"14","10","5","20","20","30","3000000","258194","0.08606466666666666","37","63"
"13","10","5","20","20","52","5200000","304400","0.05853846153846154","30","47"
"12","10","5","20","20","55","5500000","318057","0.05782854545454545","9","10"
"14","10","5","20","20","31","3100000","264435","0.08530161290322581","34","54"
"13","10","5","20","20","53","5300000","308635","0.05823301886792453","29","49"
"12","10","5","20","20","56","5600000","319258","0.05701035714285714","9","9"
"14","10","5","20","20","32","3200000","270879","0.0846496875","37","59"
"12","10","5","20","20","57","5700000","320710","0.056264912280701754","9","11"
"13","10","5","20","20","54","5400000","312925","0.057949074074074076","28","51"
"14","10","5","20","20","33","3300000","276969","0.08393","36","75"
"12","10","5","20","20","58","5800000","321807","0.05548396551724138","8","8"
"13","10","5","20","20","55","5500000","317619","0.057748909090909094","30","51"
"14","10","5","20","20","34","3400000","283497","0.08338147058823529","32","56"
"12","10","5","20","20","59","5900000","322799","0.05471169491525424","8","12"
"13","10","5","20","20","56","5600000","322247","0.05754410714285714","27","53"
"14","10","5","20","20","35","3500000","289475","0.08270714285714285","32","60"
"12","10","5","20","20","60","6000000","323624","0.05393733333333333","8","8"
"13","10","5","20","20","57","5700000","326730","0.057321052631578946","30","55"
"14","10","5","20","20","36","3600000","295601","0.08211138888888889","36","72"
"12","10","5","20","20","61","6100000","324589","0.053211311475409834","8","11"
"13","10","5","20","20","58","5800000","330912","0.057053793103448276","25","48"
"12","10","5","20","20","62","6200000","325502","0.05250032258064516","8","9"
"14","10","5","20","20","37","3700000","301800","0.08156756756756757","34","60"
"13","10","5","20","20","59","5900000","334587","0.05670966101694915","24","40"
"12","10","5","20","20","63","6300000","326646","0.05184857142857143","8","10"
"14","10","5","20","20","38","3800000","307904","0.08102736842105263","34","71"
"13","10","5","20","20","60","6000000","338343","0.0563905","26","45"
"12","10","5","20","20","64","6400000","327689","0.05120140625","8","10"
"14","10","5","20","20","39","3900000","313861","0.08047717948717949","34","53"
"13","10","5","20","20","61","6100000","342072","0.05607737704918033","25","34"
"12","10","5","20","20","65","6500000","328832","0.050589538461538464","8","8"
"14","10","5","20","20","40","4000000","319844","0.079961","28","50"
"13","10","5","20","20","62","6200000","345595","0.055741129032258065","27","49"
"12","10","5","20","20","66","6600000","329933","0.049989848484848484","8","10"
"14","10","5","20","20","41","4100000","325459","0.07938024390243903","30","51"
"13","10","5","20","20","63","6300000","349095","0.05541190476190476","24","33"
"12","10","5","20","20","67","6700000","330909","0.049389402985074625","8","8"
"13","10","5","20","20","64","6400000","352906","0.0551415625","23","39"
"14","10","5","20","20","42","4200000","331045","0.0788202380952381","28","60"
"12","10","5","20","20","68","6800000","331879","0.04880573529411765","8","8"
"13","10","5","20","20","65","6500000","356265","0.05481","24","34"
"14","10","5","20","20","43","4300000","336175","0.07818023255813954","27","55"
"12","10","5","20","20","69","6900000","332984","0.04825855072463768","8","8"
"13","10","5","20","20","66","6600000","359445","0.054461363636363634","24","34"
"14","10","5","20","20","44","4400000","341787","0.07767886363636364","26","52"
"12","10","5","20","20","70","7000000","334133","0.047733285714285714","8","10"
"13","10","5","20","20","67","6700000","362626","0.05412328358208955","24","32"
"14","10","5","20","20","45","4500000","347319","0.077182","26","50"
"12","10","5","20","20","71","7100000","335309","0.04722661971830986","8","11"
"13","10","5","20","20","68","6800000","366042","0.05382970588235294","23","36"
"14","10","5","20","20","46","4600000","352655","0.07666413043478261","22","35"
"12","10","5","20","20","72","7200000","336431","0.04672652777777778","8","8"
"13","10","5","20","20","69","6900000","369585","0.05356304347826087","24","38"
"12","10","5","20","20","73","7300000","337689","0.04625876712328767","8","9"
"14","10","5","20","20","47","4700000","357425","0.07604787234042554","22","38"
"13","10","5","20","20","70","7000000","373016","0.053288","23","36"
"12","10","5","20","20","74","7400000","338870","0.04579324324324324","8","8"
"14","10","5","20","20","48","4800000","362042","0.07542541666666666","26","48"
"13","10","5","20","20","71","7100000","375962","0.052952394366197184","23","32"
"12","10","5","20","20","75","7500000","339920","0.045322666666666664","8","8"
"14","10","5","20","20","49","4900000","367065","0.07491122448979592","23","44"
"13","10","5","20","20","72","7200000","378936","0.05263","23","38"
"12","10","5","20","20","76","7600000","340961","0.04486328947368421","8","8"
"14","10","5","20","20","50","5000000","371558","0.0743116","23","40"
"13","10","5","20","20","73","7300000","382061","0.05233712328767123","23","35"
"12","10","5","20","20","77","7700000","341943","0.04440818181818182","8","9"
"14","10","5","20","20","51","5100000","375673","0.07366137254901961","21","39"
"13","10","5","20","20","74","7400000","384866","0.05200891891891892","25","35"
"12","10","5","20","20","78","7800000","342816","0.04395076923076923","8","9"
"14","10","5","20","20","52","5200000","379573","0.07299480769230769","20","31"
"13","10","5","20","20","75","7500000","387506","0.05166746666666667","21","32"
"12","10","5","20","20","79","7900000","343836","0.04352354430379747","8","9"
"14","10","5","20","20","53","5300000","383535","0.07236509433962264","15","26"
"12","10","5","20","20","80","8000000","344637","0.043079625","8","9"
"13","10","5","20","20","76","7600000","390376","0.05136526315789474","23","36"
"14","10","5","20","20","54","5400000","387045","0.071675","13","18"
"12","10","5","20","20","81","8100000","345437","0.04264654320987654","8","9"
"13","10","5","20","20","77","7700000","393581","0.05111441558441558","22","36"
"14","10","5","20","20","55","5500000","390176","0.07094109090909091","13","17"
"12","10","5","20","20","82","8200000","346250","0.042225609756097564","8","8"
"13","10","5","20","20","78","7800000","397044","0.050903076923076926","20","28"
"14","10","5","20","20","56","5600000","393216","0.07021714285714285","14","20"
"12","10","5","20","20","83","8300000","347043","0.04181240963855422","8","8"
"13","10","5","20","20","79","7900000","400079","0.050642911392405066","18","23"
"14","10","5","20","20","57","5700000","396353","0.06953561403508772","14","23"
"12","10","5","20","20","84","8400000","347886","0.041415","8","11"
"13","10","5","20","20","80","8000000","402804","0.0503505","17","22"
"14","10","5","20","20","58","5800000","399479","0.06887568965517242","13","25"
"12","10","5","20","20","85","8500000","348637","0.04101611764705882","8","11"
"13","10","5","20","20","81","8100000","405483","0.05005962962962963","17","25"
"14","10","5","20","20","59","5900000","402871","0.06828322033898306","14","24"
"12","10","5","20","20","86","8600000","349364","0.04062372093023256","8","9"
"13","10","5","20","20","82","8200000","407967","0.04975207317073171","17","29"
"14","10","5","20","20","60","6000000","406130","0.06768833333333334","12","18"
"12","10","5","20","20","87","8700000","350072","0.04023816091954023","8","8"
"13","10","5","20","20","83","8300000","410316","0.04943566265060241","17","20"
"14","10","5","20","20","61","6100000","408914","0.06703508196721311","10","16"
"12","10","5","20","20","88","8800000","350779","0.03986125","8","8"
"13","10","5","20","20","84","8400000","412458","0.04910214285714286","17","19"
"12","10","5","20","20","89","8900000","351371","0.039479887640449435","8","10"
"14","10","5","20","20","62","6200000","411763","0.06641338709677419","10","16"
"13","10","5","20","20","85","8500000","414725","0.048791176470588234","17","22"
"12","10","5","20","20","90","9000000","351842","0.039093555555555555","8","8"
"14","10","5","20","20","63","6300000","414514","0.06579587301587302","10","17"
"13","10","5","20","20","86","8600000","416897","0.04847639534883721","16","20"
"12","10","5","20","20","91","9100000","352244","0.038708131868131865","8","8"
"14","10","5","20","20","64","6400000","417077","0.06516828125","9","18"
"13","10","5","20","20","87","8700000","419053","0.04816701149425287","16","19"
"12","10","5","20","20","92","9200000","352593","0.038325326086956525","8","8"
"14","10","5","20","20","65","6500000","419630","0.06455846153846154","9","14"
"13","10","5","20","20","88","8800000","421151","0.04785806818181818","16","19"
"12","10","5","20","20","93","9300000","352972","0.037953978494623654","8","8"
"14","10","5","20","20","66","6600000","422269","0.06398015151515152","9","15"
"13","10","5","20","20","89","8900000","422819","0.047507752808988765","16","18"
"12","10","5","20","20","94","9400000","353173","0.03757159574468085","7","7"
"15","10","5","20","20","0","0","0","0","899","900"
"14","10","5","20","20","67","6700000","424872","0.06341373134328358","9","19"
"13","10","5","20","20","90","9000000","424507","0.04716744444444444","15","20"
"15","10","5","20","20","1","100000","8291","0.08291","415","434"
"14","10","5","20","20","68","6800000","427385","0.06285073529411765","8","11"
"13","10","5","20","20","91","9100000","425896","0.046801758241758244","15","19"
"15","10","5","20","20","2","200000","18650","0.09325","318","358"
"14","10","5","20","20","69","6900000","429677","0.062272028985507245","8","12"
"13","10","5","20","20","92","9200000","426895","0.04640163043478261","14","17"
"15","10","5","20","20","3","300000","29963","0.09987666666666667","219","261"
"14","10","5","20","20","70","7000000","431733","0.06167614285714286","8","11"
"13","10","5","20","20","93","9300000","427828","0.04600301075268817","14","15"
"14","10","5","20","20","71","7100000","433612","0.06107211267605634","8","13"
"13","10","5","20","20","94","9400000","428883","0.04562585106382979","14","15"
"15","10","5","20","20","4","400000","41414","0.103535","187","235"
"13","10","5","20","20","95","9500000","429923","0.045255052631578946","14","15"
"14","10","5","20","20","72","7200000","435368","0.06046777777777778","8","9"
"15","10","5","20","20","5","500000","52341","0.104682","165","211"
"13","10","5","20","20","96","9600000","431012","0.04489708333333333","14","14"
"14","10","5","20","20","73","7300000","437136","0.059881643835616435","8","8"
"15","10","5","20","20","6","600000","62757","0.104595","158","205"
"13","10","5","20","20","97","9700000","432134","0.044549896907216495","14","17"
"14","10","5","20","20","74","7400000","438869","0.05930662162162162","8","14"
"15","10","5","20","20","7","700000","72957","0.10422428571428571","115","166"
"13","10","5","20","20","98","9800000","433452","0.04422979591836735","14","16"
"14","10","5","20","20","75","7500000","440502","0.0587336","7","9"
"15","10","5","20","20","8","800000","83286","0.1041075","108","166"
"13","10","5","20","20","99","9900000","434408","0.04387959595959596","14","18"
"14","10","5","20","20","76","7600000","441947","0.05815092105263158","7","10"
"15","10","5","20","20","9","900000","92497","0.10277444444444445","102","146"
"13","10","5","20","20","100","10000000","435337","0.0435337","14","15"
"14","10","5","20","20","77","7700000","443267","0.05756714285714286","6","6"
"15","10","5","20","20","10","1000000","101704","0.101704","87","121"
"13","10","5","20","20","101","10100000","436353","0.04320326732673267","14","14"
"14","10","5","20","20","78","7800000","444655","0.05700705128205128","5","5"
"13","10","5","20","20","102","10200000","437793","0.04292088235294118","14","16"
"15","10","5","20","20","11","1100000","111103","0.10100272727272727","82","151"
"14","10","5","20","20","79","7900000","445760","0.0564253164556962","5","7"
"13","10","5","20","20","103","10300000","439169","0.04263776699029126","14","14"
"14","10","5","20","20","80","8000000","446882","0.05586025","5","5"
"15","10","5","20","20","12","1200000","120069","0.1000575","68","104"
"13","10","5","20","20","104","10400000","440030","0.04231057692307692","14","15"
"14","10","5","20","20","81","8100000","447892","0.05529530864197531","5","7"
"15","10","5","20","20","13","1300000","128668","0.09897538461538462","64","104"
"13","10","5","20","20","105","10500000","441034","0.042003238095238093","14","14"
"14","10","5","20","20","82","8200000","448999","0.0547559756097561","5","5"
"15","10","5","20","20","14","1400000","136434","0.09745285714285715","41","71"
"13","10","5","20","20","106","10600000","442042","0.041702075471698116","14","17"
"14","10","5","20","20","83","8300000","450058","0.05422385542168675","5","8"
"15","10","5","20","20","15","1500000","143126","0.09541733333333334","39","73"
"13","10","5","20","20","107","10700000","443281","0.04142813084112149","14","16"
"14","10","5","20","20","84","8400000","451205","0.05371488095238095","5","5"
"15","10","5","20","20","16","1600000","149745","0.093590625","38","72"
"13","10","5","20","20","108","10800000","444343","0.04114287037037037","14","15"
"14","10","5","20","20","85","8500000","452325","0.05321470588235294","5","6"
"15","10","5","20","20","17","1700000","155832","0.09166588235294118","39","64"
"13","10","5","20","20","109","10900000","445432","0.04086532110091743","14","17"
"14","10","5","20","20","86","8600000","453348","0.05271488372093023","5","7"
"15","10","5","20","20","18","1800000","161729","0.08984944444444444","39","63"
"13","10","5","20","20","110","11000000","446630","0.04060272727272727","14","15"
"14","10","5","20","20","87","8700000","454373","0.0522267816091954","5","6"
"15","10","5","20","20","19","1900000","167526","0.08817157894736842","36","66"
"13","10","5","20","20","111","11100000","447729","0.040335945945945945","14","16"
"14","10","5","20","20","88","8800000","455376","0.051747272727272725","5","6"
"15","10","5","20","20","20","2000000","172937","0.0864685","30","57"
"13","10","5","20","20","112","11200000","448614","0.040054821428571426","14","15"
"14","10","5","20","20","89","8900000","456397","0.05128056179775281","5","5"
"13","10","5","20","20","113","11300000","449592","0.03978690265486726","14","15"
"15","10","5","20","20","21","2100000","178311","0.08491","30","58"
"14","10","5","20","20","90","9000000","457505","0.05083388888888889","5","5"
"13","10","5","20","20","114","11400000","450638","0.039529649122807015","14","17"
"15","10","5","20","20","22","2200000","183729","0.08351318181818182","31","56"
"14","10","5","20","20","91","9100000","458487","0.05038318681318681","5","5"
"13","10","5","20","20","115","11500000","451650","0.03927391304347826","14","15"
"15","10","5","20","20","23","2300000","188653","0.08202304347826087","33","59"
"14","10","5","20","20","92","9200000","459439","0.04993902173913044","5","6"
"13","10","5","20","20","116","11600000","452653","0.03902181034482759","14","16"
"15","10","5","20","20","24","2400000","193492","0.08062166666666666","30","55"
"14","10","5","20","20","93","9300000","460687","0.04953623655913979","5","7"
"13","10","5","20","20","117","11700000","453630","0.03877179487179487","14","17"
"15","10","5","20","20","25","2500000","197654","0.0790616","29","42"
"14","10","5","20","20","94","9400000","461684","0.04911531914893617","5","6"
"13","10","5","20","20","118","11800000","454652","0.038529830508474576","14","15"
"15","10","5","20","20","26","2600000","201226","0.07739461538461538","24","36"
"14","10","5","20","20","95","9500000","462614","0.048696210526315786","5","5"
"13","10","5","20","20","119","11900000","455645","0.03828949579831933","14","15"
"15","10","5","20","20","27","2700000","205016","0.07593185185185185","25","44"
"14","10","5","20","20","96","9600000","463675","0.048299479166666666","5","7"
"13","10","5","20","20","120","12000000","456642","0.0380535","14","16"
"14","10","5","20","20","97","9700000","464755","0.047912886597938145","5","6"
"15","10","5","20","20","28","2800000","208774","0.07456214285714285","18","39"
"13","10","5","20","20","121","12100000","457487","0.03780884297520661","14","16"
"14","10","5","20","20","98","9800000","465775","0.0475280612244898","5","7"
"15","10","5","20","20","29","2900000","212669","0.07333413793103448","20","32"
"13","10","5","20","20","122","12200000","458529","0.03758434426229508","14","14"
"14","10","5","20","20","99","9900000","466803","0.047151818181818184","5","6"
"15","10","5","20","20","30","3000000","216827","0.07227566666666667","18","29"
"13","10","5","20","20","123","12300000","459427","0.03735178861788618","14","15"
"14","10","5","20","20","100","10000000","467854","0.0467854","5","5"
"15","10","5","20","20","31","3100000","220930","0.07126774193548387","18","44"
"13","10","5","20","20","124","12400000","460329","0.0371233064516129","14","15"
"14","10","5","20","20","101","10100000","468891","0.046424851485148515","5","6"
"15","10","5","20","20","32","3200000","225380","0.07043125","15","34"
"13","10","5","20","20","125","12500000","461318","0.03690544","14","17"
"14","10","5","20","20","102","10200000","470082","0.04608647058823529","5","11"
"15","10","5","20","20","33","3300000","230038","0.06970848484848485","18","37"
"13","10","5","20","20","126","12600000","462526","0.0367084126984127","14","16"
"14","10","5","20","20","103","10300000","471067","0.045734660194174756","5","5"
"15","10","5","20","20","34","3400000","234793","0.06905676470588236","16","35"
"13","10","5","20","20","127","12700000","463586","0.036502834645669294","14","15"
"14","10","5","20","20","104","10400000","472062","0.04539057692307692","5","5"
"15","10","5","20","20","35","3500000","239470","0.06842","16","41"
"13","10","5","20","20","128","12800000","464486","0.03628796875","14","17"
"14","10","5","20","20","105","10500000","473115","0.04505857142857143","5","5"
"15","10","5","20","20","36","3600000","243878","0.0677438888888889","17","41"
"13","10","5","20","20","129","12900000","465495","0.03608488372093023","14","16"
"14","10","5","20","20","106","10600000","474138","0.04473","5","7"
"13","10","5","20","20","130","13000000","466384","0.03587569230769231","14","17"
"15","10","5","20","20","37","3700000","248150","0.06706756756756757","17","40"
"14","10","5","20","20","107","10700000","475102","0.044402056074766355","5","5"
"13","10","5","20","20","131","13100000","467192","0.03566351145038168","14","14"
"15","10","5","20","20","38","3800000","252462","0.06643736842105263","18","31"
"14","10","5","20","20","108","10800000","476120","0.044085185185185186","5","7"
"13","10","5","20","20","132","13200000","468154","0.03546621212121212","14","17"
"15","10","5","20","20","39","3900000","256120","0.06567179487179488","12","31"
"14","10","5","20","20","109","10900000","477178","0.04377779816513761","5","6"
"13","10","5","20","20","133","13300000","469123","0.035272406015037595","14","14"
"15","10","5","20","20","40","4000000","259388","0.064847","13","30"
"14","10","5","20","20","110","11000000","478326","0.04348418181818182","5","5"
"13","10","5","20","20","134","13400000","470143","0.035085298507462684","14","14"
"15","10","5","20","20","41","4100000","262809","0.06409975609756098","13","34"
"14","10","5","20","20","111","11100000","479310","0.04318108108108108","5","5"
"13","10","5","20","20","135","13500000","471111","0.03489711111111111","14","14"
"15","10","5","20","20","42","4200000","266244","0.06339142857142857","10","22"
"14","10","5","20","20","112","11200000","480171","0.042872410714285714","5","5"
"13","10","5","20","20","136","13600000","472144","0.03471647058823529","14","15"
"15","10","5","20","20","43","4300000","269322","0.06263302325581395","10","16"
"14","10","5","20","20","113","11300000","481230","0.042586725663716817","5","5"
"13","10","5","20","20","137","13700000","473140","0.034535766423357664","14","14"
"15","10","5","20","20","44","4400000","272344","0.06189636363636364","9","28"
"14","10","5","20","20","114","11400000","482435","0.042318859649122804","5","8"
"13","10","5","20","20","138","13800000","474114","0.03435608695652174","14","14"
"15","10","5","20","20","45","4500000","275588","0.06124177777777778","9","21"
"14","10","5","20","20","115","11500000","483641","0.04205573913043478","5","7"
"13","10","5","20","20","139","13900000","475176","0.0341853237410072","14","15"
"15","10","5","20","20","46","4600000","278650","0.06057608695652174","10","23"
"14","10","5","20","20","116","11600000","484913","0.04180284482758621","5","9"
"13","10","5","20","20","140","14000000","475976","0.03399828571428572","14","15"
"15","10","5","20","20","47","4700000","281766","0.059950212765957446","9","18"
"14","10","5","20","20","117","11700000","486073","0.041544700854700856","5","5"
"13","10","5","20","20","141","14100000","476881","0.0338213475177305","14","14"
"15","10","5","20","20","48","4800000","284802","0.05933375","10","16"
"14","10","5","20","20","118","11800000","487025","0.04127330508474576","5","5"
"13","10","5","20","20","142","14200000","477816","0.033649014084507045","14","15"
"15","10","5","20","20","49","4900000","288107","0.05879734693877551","9","21"
"14","10","5","20","20","119","11900000","488002","0.04100857142857143","5","6"
"13","10","5","20","20","143","14300000","478710","0.03347622377622378","14","15"
"15","10","5","20","20","50","5000000","290875","0.058175","9","17"
"14","10","5","20","20","120","12000000","489011","0.040750916666666664","5","7"
"13","10","5","20","20","144","14400000","479779","0.033317986111111114","14","16"
"15","10","5","20","20","51","5100000","293761","0.05760019607843137","9","13"
"14","10","5","20","20","121","12100000","489922","0.0404894214876033","5","5"
"13","10","5","20","20","145","14500000","481000","0.03317241379310345","14","18"
"15","10","5","20","20","52","5200000","296718","0.057061153846153845","8","24"
"14","10","5","20","20","122","12200000","490984","0.040244590163934425","5","5"
"13","10","5","20","20","146","14600000","482072","0.033018630136986304","14","17"
"15","10","5","20","20","53","5300000","299993","0.05660245283018868","8","17"
"14","10","5","20","20","123","12300000","492188","0.04001528455284553","5","7"
"13","10","5","20","20","147","14700000","483094","0.03286353741496598","14","14"
"15","10","5","20","20","54","5400000","302892","0.05609111111111111","8","22"
"14","10","5","20","20","124","12400000","493459","0.03979508064516129","5","6"
"13","10","5","20","20","148","14800000","484018","0.03270391891891892","14","17"
"15","10","5","20","20","55","5500000","305887","0.05561581818181818","8","17"
"14","10","5","20","20","125","12500000","494535","0.0395628","5","7"
"13","10","5","20","20","149","14900000","485026","0.032552080536912754","14","15"
"15","10","5","20","20","56","5600000","308565","0.055100892857142855","8","14"
"13","10","5","20","20","150","15000000","486026","0.032401733333333335","14","14"
"14","10","5","20","20","126","12600000","495545","0.039328968253968255","5","6"
"15","10","5","20","20","57","5700000","311600","0.05466666666666667","8","19"
"13","10","5","20","20","151","15100000","486995","0.03225132450331126","14","15"
"14","10","5","20","20","127","12700000","496578","0.039100629921259844","5","5"
"15","10","5","20","20","58","5800000","314384","0.054204137931034485","8","17"
"13","10","5","20","20","152","15200000","488052","0.03210868421052632","14","15"
"14","10","5","20","20","128","12800000","497621","0.038876640625","5","5"
"15","10","5","20","20","59","5900000","316971","0.05372389830508475","8","19"
"13","10","5","20","20","153","15300000","489048","0.03196392156862745","14","15"
"14","10","5","20","20","129","12900000","498622","0.03865286821705426","5","5"
"15","10","5","20","20","60","6000000","319663","0.05327716666666667","8","21"
"13","10","5","20","20","154","15400000","489880","0.03181038961038961","14","16"
"14","10","5","20","20","130","13000000","499710","0.03843923076923077","5","7"
"15","10","5","20","20","61","6100000","322342","0.05284295081967213","7","12"
"13","10","5","20","20","155","15500000","491024","0.03167896774193548","14","15"
"14","10","5","20","20","131","13100000","500715","0.03822251908396947","5","6"
"15","10","5","20","20","62","6200000","324952","0.05241161290322581","7","13"
"13","10","5","20","20","156","15600000","491975","0.031536858974358976","14","15"
"14","10","5","20","20","132","13200000","501705","0.038007954545454546","5","7"
"15","10","5","20","20","63","6300000","327571","0.05199539682539683","7","11"
"13","10","5","20","20","157","15700000","492883","0.03139382165605095","14","16"
"14","10","5","20","20","133","13300000","502799","0.03780443609022557","5","6"
"13","10","5","20","20","158","15800000","493848","0.03125620253164557","14","14"
"15","10","5","20","20","64","6400000","330027","0.05156671875","7","12"
"14","10","5","20","20","134","13400000","503687","0.037588582089552236","5","6"
"13","10","5","20","20","159","15900000","494747","0.031116163522012578","14","14"
"15","10","5","20","20","65","6500000","332281","0.05112015384615384","6","8"
"14","10","5","20","20","135","13500000","504776","0.037390814814814814","5","6"
"13","10","5","20","20","160","16000000","495704","0.0309815","14","17"
"15","10","5","20","20","66","6600000","334512","0.05068363636363636","6","11"
"14","10","5","20","20","136","13600000","505859","0.03719551470588235","5","6"
"13","10","5","20","20","161","16100000","496816","0.030858136645962733","14","16"
"15","10","5","20","20","67","6700000","336600","0.05023880597014926","6","8"
"14","10","5","20","20","137","13700000","506742","0.036988467153284674","5","6"
"13","10","5","20","20","162","16200000","497890","0.03073395061728395","14","15"
"15","10","5","20","20","68","6800000","338799","0.049823382352941176","6","11"
"14","10","5","20","20","138","13800000","507608","0.0367831884057971","5","8"
"13","10","5","20","20","163","16300000","498939","0.030609754601226995","14","15"
"15","10","5","20","20","69","6900000","340853","0.049398985507246376","6","9"
"14","10","5","20","20","139","13900000","508602","0.03659007194244605","5","8"
"13","10","5","20","20","164","16400000","499890","0.03048109756097561","14","15"
"15","10","5","20","20","70","7000000","342929","0.04898985714285714","6","8"
"14","10","5","20","20","140","14000000","509530","0.036395","5","5"
"13","10","5","20","20","165","16500000","500854","0.03035478787878788","14","15"
"15","10","5","20","20","71","7100000","344910","0.04857887323943662","6","10"
"14","10","5","20","20","141","14100000","510455","0.036202482269503546","5","5"
"13","10","5","20","20","166","16600000","501708","0.030223373493975903","14","15"
"15","10","5","20","20","72","7200000","347051","0.04820152777777778","5","9"
"14","10","5","20","20","142","14200000","511495","0.036020774647887326","5","5"
"13","10","5","20","20","167","16700000","502592","0.030095329341317364","14","14"
"15","10","5","20","20","73","7300000","349251","0.04784260273972603","5","6"
"14","10","5","20","20","143","14300000","512615","0.0358472027972028","5","6"
"13","10","5","20","20","168","16800000","503540","0.029972619047619047","14","14"
"15","10","5","20","20","74","7400000","351374","0.04748297297297297","5","9"
"14","10","5","20","20","144","14400000","513613","0.03566756944444444","5","7"
"13","10","5","20","20","169","16900000","504411","0.029846804733727812","14","15"
"15","10","5","20","20","75","7500000","353319","0.0471092","5","7"
"14","10","5","20","20","145","14500000","514685","0.03549551724137931","5","5"
"13","10","5","20","20","170","17000000","505341","0.029725941176470587","14","15"
"15","10","5","20","20","76","7600000","355113","0.046725394736842105","5","10"
"14","10","5","20","20","146","14600000","515716","0.03532301369863014","5","6"
"13","10","5","20","20","171","17100000","506327","0.029609766081871346","14","16"
"15","10","5","20","20","77","7700000","357170","0.04638571428571429","5","11"
"14","10","5","20","20","147","14700000","516849","0.03515979591836735","5","5"
"13","10","5","20","20","172","17200000","507611","0.029512267441860467","14","14"
"15","10","5","20","20","78","7800000","358812","0.04600153846153846","5","8"
"14","10","5","20","20","148","14800000","517856","0.03499027027027027","5","6"
"13","10","5","20","20","173","17300000","508601","0.029398901734104047","14","15"
"15","10","5","20","20","79","7900000","360552","0.04563949367088608","4","7"
"14","10","5","20","20","149","14900000","518775","0.03481711409395973","5","5"
"13","10","5","20","20","174","17400000","509589","0.029286724137931035","14","16"
"15","10","5","20","20","80","8000000","361840","0.04523","4","6"
"14","10","5","20","20","150","15000000","519696","0.0346464","5","5"
"13","10","5","20","20","175","17500000","510516","0.029172342857142857","14","15"
"15","10","5","20","20","81","8100000","362997","0.04481444444444444","4","4"
"14","10","5","20","20","151","15100000","520764","0.0344876821192053","5","5"
"13","10","5","20","20","176","17600000","511423","0.029058125","14","15"
"15","10","5","20","20","82","8200000","364050","0.04439634146341463","4","7"
"14","10","5","20","20","152","15200000","521921","0.03433690789473684","5","6"
"13","10","5","20","20","177","17700000","512514","0.02895559322033898","14","15"
"15","10","5","20","20","83","8300000","365485","0.04403433734939759","4","5"
"14","10","5","20","20","153","15300000","523019","0.034184248366013074","5","8"
"13","10","5","20","20","178","17800000","513495","0.028848033707865168","14","14"
"15","10","5","20","20","84","8400000","366611","0.043644166666666664","4","8"
"14","10","5","20","20","154","15400000","524140","0.03403506493506493","5","7"
"13","10","5","20","20","179","17900000","514409","0.028737932960893855","14","15"
"15","10","5","20","20","85","8500000","367759","0.04326576470588235","4","5"
"14","10","5","20","20","155","15500000","525304","0.03389058064516129","5","6"
"13","10","5","20","20","180","18000000","515263","0.028625722222222223","14","16"
"15","10","5","20","20","86","8600000","368762","0.042879302325581396","4","5"
"14","10","5","20","20","156","15600000","526251","0.03373403846153846","5","5"
"13","10","5","20","20","181","18100000","516307","0.02852524861878453","14","14"
"15","10","5","20","20","87","8700000","369768","0.04250206896551724","4","8"
"14","10","5","20","20","157","15700000","527204","0.033579872611464966","5","7"
"13","10","5","20","20","182","18200000","517092","0.02841164835164835","14","15"
"15","10","5","20","20","88","8800000","370543","0.04210715909090909","4","4"
"14","10","5","20","20","158","15800000","528381","0.03344183544303798","5","5"
"13","10","5","20","20","183","18300000","517992","0.028305573770491803","14","15"
"15","10","5","20","20","89","8900000","371358","0.04172561797752809","4","6"
"14","10","5","20","20","159","15900000","529464","0.03329962264150944","5","6"
"13","10","5","20","20","184","18400000","518981","0.02820548913043478","14","14"
"15","10","5","20","20","90","9000000","372201","0.041355666666666666","4","5"
"14","10","5","20","20","160","16000000","530514","0.033157125","5","6"
"13","10","5","20","20","185","18500000","520008","0.02810854054054054","14","15"
"15","10","5","20","20","91","9100000","373184","0.04100923076923077","4","5"
"14","10","5","20","20","161","16100000","531487","0.0330116149068323","5","5"
"13","10","5","20","20","186","18600000","520858","0.028003118279569892","14","17"
"15","10","5","20","20","92","9200000","374045","0.040657065217391306","3","4"
"14","10","5","20","20","162","16200000","532692","0.03288222222222222","5","5"
"13","10","5","20","20","187","18700000","521802","0.02790385026737968","14","17"
"15","10","5","20","20","93","9300000","374676","0.04028774193548387","3","4"
"14","10","5","20","20","163","16300000","533915","0.032755521472392635","5","8"
"13","10","5","20","20","188","18800000","522654","0.027800744680851065","14","14"
"15","10","5","20","20","94","9400000","375303","0.03992585106382979","3","4"
"14","10","5","20","20","164","16400000","535252","0.03263731707317073","5","6"
"13","10","5","20","20","189","18900000","523590","0.027703174603174605","14","16"
"15","10","5","20","20","95","9500000","376056","0.03958484210526316","3","4"
"14","10","5","20","20","165","16500000","536195","0.03249666666666667","5","5"
"13","10","5","20","20","190","19000000","524694","0.027615473684210527","14","20"
"15","10","5","20","20","96","9600000","376836","0.03925375","3","5"
"14","10","5","20","20","166","16600000","537175","0.032359939759036144","5","7"
"13","10","5","20","20","191","19100000","525626","0.027519685863874346","14","16"
"15","10","5","20","20","97","9700000","377591","0.03892690721649485","3","3"
"14","10","5","20","20","167","16700000","538214","0.032228383233532935","5","6"
"13","10","5","20","20","192","19200000","526570","0.027425520833333335","14","16"
"15","10","5","20","20","98","9800000","378275","0.03859948979591837","3","5"
"14","10","5","20","20","168","16800000","539166","0.03209321428571429","5","5"
"13","10","5","20","20","193","19300000","527598","0.027336683937823833","14","14"
"15","10","5","20","20","99","9900000","378730","0.03825555555555556","3","4"
"14","10","5","20","20","169","16900000","540393","0.03197591715976331","5","7"
"13","10","5","20","20","194","19400000","528485","0.027241494845360825","14","14"
"15","10","5","20","20","100","10000000","378746","0.0378746","2","2"
"16","10","5","20","20","0","0","0","0","894","900"
"14","10","5","20","20","170","17000000","541771","0.03186888235294118","5","8"
"13","10","5","20","20","195","19500000","529483","0.02715297435897436","14","15"
"16","10","5","20","20","1","100000","8540","0.0854","477","503"
"14","10","5","20","20","171","17100000","542854","0.031745847953216375","5","6"
"13","10","5","20","20","196","19600000","530612","0.02707204081632653","14","15"
"16","10","5","20","20","2","200000","19411","0.097055","303","350"
"14","10","5","20","20","172","17200000","543904","0.03162232558139535","5","6"
"13","10","5","20","20","197","19700000","531649","0.02698725888324873","14","14"
"16","10","5","20","20","3","300000","30699","0.10233","245","287"
"14","10","5","20","20","173","17300000","544845","0.03149393063583815","5","8"
"13","10","5","20","20","198","19800000","532626","0.02690030303030303","14","15"
"16","10","5","20","20","4","400000","40967","0.1024175","188","235"
"14","10","5","20","20","174","17400000","545797","0.03136764367816092","5","6"
"13","10","5","20","20","199","19900000","533647","0.02681643216080402","14","15"
"14","10","5","20","20","175","17500000","546715","0.031240857142857143","5","5"
"16","10","5","20","20","5","500000","51072","0.102144","176","224"
"13","10","5","20","20","200","20000000","534550","0.0267275","14","16"
"14","10","5","20","20","176","17600000","547816","0.03112590909090909","5","8"
"13","10","5","20","20","201","20100000","535495","0.026641542288557214","14","18"
"16","10","5","20","20","6","600000","60995","0.10165833333333334","142","171"
"14","10","5","20","20","177","17700000","548731","0.03100175141242938","5","7"
"13","10","5","20","20","202","20200000","536524","0.026560594059405942","14","16"
"16","10","5","20","20","7","700000","71322","0.10188857142857143","145","195"
"14","10","5","20","20","178","17800000","549518","0.030871797752808988","5","7"
"13","10","5","20","20","203","20300000","537369","0.026471379310344826","14","14"
"16","10","5","20","20","8","800000","81159","0.10144875","131","189"
"14","10","5","20","20","179","17900000","550214","0.030738212290502793","5","7"
"13","10","5","20","20","204","20400000","538224","0.026383529411764705","14","15"
"16","10","5","20","20","9","900000","91222","0.10135777777777778","125","175"
"14","10","5","20","20","180","18000000","550289","0.030571611111111112","4","4"
"17","10","5","20","20","0","0","0","0","894","900"
"13","10","5","20","20","205","20500000","539268","0.026305756097560976","14","14"
"16","10","5","20","20","10","1000000","100945","0.100945","128","168"
"13","10","5","20","20","206","20600000","540218","0.026224174757281553","14","14"
"17","10","5","20","20","1","100000","8466","0.08466","479","510"
"16","10","5","20","20","11","1100000","110669","0.10060818181818182","119","174"
"13","10","5","20","20","207","20700000","540833","0.02612719806763285","14","14"
"17","10","5","20","20","2","200000","18554","0.09277","329","360"
"13","10","5","20","20","208","20800000","541321","0.026025048076923078","14","15"
"16","10","5","20","20","12","1200000","120517","0.10043083333333333","97","164"
"17","10","5","20","20","3","300000","29146","0.09715333333333333","251","292"
"13","10","5","20","20","209","20900000","541679","0.025917655502392344","14","15"
"16","10","5","20","20","13","1300000","129853","0.09988692307692308","107","148"
"17","10","5","20","20","4","400000","38956","0.09739","197","229"
"13","10","5","20","20","210","21000000","541839","0.025801857142857144","14","15"
"16","10","5","20","20","14","1400000","139368","0.09954857142857143","91","140"
"17","10","5","20","20","5","500000","47808","0.095616","166","210"
"13","10","5","20","20","211","21100000","541917","0.025683270142180095","14","15"
"16","10","5","20","20","15","1500000","147770","0.09851333333333333","84","128"
"17","10","5","20","20","6","600000","56921","0.09486833333333333","154","189"
"13","10","5","20","20","212","21200000","541960","0.025564150943396226","13","13"
"18","10","5","20","20","0","0","0","0","895","900"
"16","10","5","20","20","16","1600000","155760","0.09735","73","114"
"17","10","5","20","20","7","700000","65934","0.09419142857142856","145","187"
"18","10","5","20","20","1","100000","8700","0.087","477","502"
"17","10","5","20","20","8","800000","74793","0.09349125","141","175"
"16","10","5","20","20","17","1700000","163772","0.09633647058823529","78","120"
"18","10","5","20","20","2","200000","20047","0.100235","335","366"
"17","10","5","20","20","9","900000","83867","0.09318555555555555","130","173"
"16","10","5","20","20","18","1800000","171539","0.09529944444444445","73","111"
"18","10","5","20","20","3","300000","31654","0.10551333333333333","233","284"
"17","10","5","20","20","10","1000000","92870","0.09287","127","181"
"16","10","5","20","20","19","1900000","178922","0.09416947368421053","57","90"
"18","10","5","20","20","4","400000","42512","0.10628","211","261"
"17","10","5","20","20","11","1100000","101688","0.09244363636363637","88","135"
"16","10","5","20","20","20","2000000","185788","0.092894","58","93"
"18","10","5","20","20","5","500000","53458","0.106916","185","233"
"17","10","5","20","20","12","1200000","109667","0.09138916666666666","91","128"
"16","10","5","20","20","21","2100000","192556","0.09169333333333334","51","97"
"18","10","5","20","20","6","600000","64987","0.10831166666666667","160","235"
"17","10","5","20","20","13","1300000","117892","0.09068615384615385","92","136"
"16","10","5","20","20","22","2200000","199123","0.09051045454545455","55","94"
"18","10","5","20","20","7","700000","75657","0.10808142857142858","133","192"
"17","10","5","20","20","14","1400000","126378","0.09027","87","126"
"16","10","5","20","20","23","2300000","205381","0.08929608695652173","59","100"
"18","10","5","20","20","8","800000","84537","0.10567125","89","121"
"17","10","5","20","20","15","1500000","133732","0.08915466666666666","89","128"
"16","10","5","20","20","24","2400000","211624","0.08817666666666667","53","82"
"18","10","5","20","20","9","900000","93224","0.10358222222222223","95","135"
"17","10","5","20","20","16","1600000","141073","0.088170625","66","103"
"16","10","5","20","20","25","2500000","217661","0.0870644","53","94"
"18","10","5","20","20","10","1000000","101069","0.101069","98","143"
"17","10","5","20","20","17","1700000","148324","0.08724941176470588","71","100"
"16","10","5","20","20","26","2600000","223858","0.08609923076923078","56","84"
"18","10","5","20","20","11","1100000","109043","0.09913","109","141"
"17","10","5","20","20","18","1800000","155397","0.08633166666666667","78","108"
"16","10","5","20","20","27","2700000","230154","0.08524222222222222","48","82"
"18","10","5","20","20","12","1200000","116651","0.09720916666666667","94","135"
"17","10","5","20","20","19","1900000","161986","0.08525578947368422","65","87"
"16","10","5","20","20","28","2800000","236790","0.08456785714285714","48","80"
"18","10","5","20","20","13","1300000","124316","0.0956276923076923","74","107"
"17","10","5","20","20","20","2000000","168085","0.0840425","57","94"
"16","10","5","20","20","29","2900000","243111","0.08383137931034483","49","77"
"18","10","5","20","20","14","1400000","131654","0.09403857142857143","71","105"
"17","10","5","20","20","21","2100000","173095","0.08242619047619047","58","81"
"16","10","5","20","20","30","3000000","249735","0.083245","55","94"
"18","10","5","20","20","15","1500000","138540","0.09236","68","92"
"17","10","5","20","20","22","2200000","177918","0.08087181818181818","54","78"
"16","10","5","20","20","31","3100000","257023","0.08291064516129032","52","69"
"18","10","5","20","20","16","1600000","145305","0.090815625","62","92"
"17","10","5","20","20","23","2300000","183012","0.0795704347826087","48","70"
"16","10","5","20","20","32","3200000","263892","0.08246625","57","92"
"18","10","5","20","20","17","1700000","152564","0.08974352941176471","59","109"
"17","10","5","20","20","24","2400000","187681","0.07820041666666666","33","56"
"16","10","5","20","20","33","3300000","270325","0.08191666666666667","44","70"
"18","10","5","20","20","18","1800000","159351","0.08852833333333333","51","84"
"17","10","5","20","20","25","2500000","192110","0.076844","42","72"
"16","10","5","20","20","34","3400000","276680","0.0813764705882353","52","79"
"18","10","5","20","20","19","1900000","165335","0.08701842105263158","52","84"
"17","10","5","20","20","26","2600000","196879","0.07572269230769231","48","73"
"16","10","5","20","20","35","3500000","282665","0.08076142857142857","44","69"
"18","10","5","20","20","20","2000000","171754","0.085877","51","89"
"17","10","5","20","20","27","2700000","201634","0.07467925925925926","38","67"
"16","10","5","20","20","36","3600000","288634","0.08017611111111111","39","62"
"18","10","5","20","20","21","2100000","178622","0.08505809523809524","50","78"
"17","10","5","20","20","28","2800000","206393","0.07371178571428572","41","68"
"16","10","5","20","20","37","3700000","294455","0.07958243243243243","42","61"
"18","10","5","20","20","22","2200000","184915","0.08405227272727273","48","85"
"17","10","5","20","20","29","2900000","210936","0.07273655172413793","41","62"
"16","10","5","20","20","38","3800000","299979","0.07894184210526316","42","57"
"18","10","5","20","20","23","2300000","190921","0.08300913043478261","44","68"
"17","10","5","20","20","30","3000000","215640","0.07188","48","79"
"16","10","5","20","20","39","3900000","305315","0.07828589743589744","44","60"
"18","10","5","20","20","24","2400000","196063","0.08169291666666667","37","58"
"17","10","5","20","20","31","3100000","220086","0.07099548387096774","54","75"
"16","10","5","20","20","40","4000000","310253","0.07756325","47","77"
"18","10","5","20","20","25","2500000","201079","0.0804316","44","75"
"17","10","5","20","20","32","3200000","224762","0.070238125","43","68"
"16","10","5","20","20","41","4100000","315365","0.07691829268292683","37","64"
"18","10","5","20","20","26","2600000","206291","0.07934269230769231","42","76"
"17","10","5","20","20","33","3300000","229520","0.06955151515151516","38","58"
"16","10","5","20","20","42","4200000","320225","0.07624404761904761","42","66"
"18","10","5","20","20","27","2700000","211261","0.07824481481481481","49","77"
"17","10","5","20","20","34","3400000","233749","0.06874970588235294","43","57"
"16","10","5","20","20","43","4300000","325153","0.07561697674418605","49","71"
"18","10","5","20","20","28","2800000","216948","0.07748142857142858","45","77"
"17","10","5","20","20","35","3500000","238557","0.06815914285714286","33","66"
"16","10","5","20","20","44","4400000","329817","0.07495840909090909","36","58"
"17","10","5","20","20","36","3600000","242724","0.06742333333333334","33","49"
"18","10","5","20","20","29","2900000","222991","0.07689344827586207","40","75"
"16","10","5","20","20","45","4500000","334744","0.07438755555555555","43","64"
"17","10","5","20","20","37","3700000","246803","0.06670351351351352","33","54"
"18","10","5","20","20","30","3000000","229002","0.076334","37","70"
"16","10","5","20","20","46","4600000","339576","0.0738208695652174","39","62"
"17","10","5","20","20","38","3800000","250781","0.065995","28","49"
"18","10","5","20","20","31","3100000","234657","0.0756958064516129","41","79"
"16","10","5","20","20","47","4700000","344681","0.0733363829787234","41","64"
"17","10","5","20","20","39","3900000","254932","0.06536717948717949","29","60"
"18","10","5","20","20","32","3200000","240406","0.075126875","42","64"
"16","10","5","20","20","48","4800000","350471","0.07301479166666666","42","74"
"17","10","5","20","20","40","4000000","259158","0.0647895","25","47"
"18","10","5","20","20","33","3300000","245919","0.0745209090909091","42","68"
"16","10","5","20","20","49","4900000","355293","0.07250877551020408","40","58"
"17","10","5","20","20","41","4100000","263163","0.06418609756097561","27","56"
"18","10","5","20","20","34","3400000","251149","0.07386735294117647","38","64"
"16","10","5","20","20","50","5000000","359664","0.0719328","38","56"
"17","10","5","20","20","42","4200000","267186","0.06361571428571429","22","41"
"18","10","5","20","20","35","3500000","256025","0.07315","36","53"
"16","10","5","20","20","51","5100000","364138","0.07139960784313726","35","54"
"17","10","5","20","20","43","4300000","271262","0.06308418604651163","22","48"
"18","10","5","20","20","36","3600000","260726","0.07242388888888888","34","60"
"16","10","5","20","20","52","5200000","368785","0.07092019230769231","38","57"
"17","10","5","20","20","44","4400000","275392","0.06258909090909091","22","45"
"18","10","5","20","20","37","3700000","265551","0.07177054054054054","35","55"
"16","10","5","20","20","53","5300000","372912","0.07036075471698114","32","52"
"17","10","5","20","20","45","4500000","279811","0.06218022222222222","20","47"
"18","10","5","20","20","38","3800000","270024","0.07105894736842105","28","51"
"16","10","5","20","20","54","5400000","377132","0.06983925925925925","30","45"
"17","10","5","20","20","46","4600000","284119","0.061765","18","38"
"18","10","5","20","20","39","3900000","274759","0.07045102564102564","27","71"
"16","10","5","20","20","55","5500000","381353","0.06933690909090909","31","52"
"17","10","5","20","20","47","4700000","288073","0.061292127659574466","17","36"
"18","10","5","20","20","40","4000000","279580","0.069895","36","66"
"17","10","5","20","20","48","4800000","291828","0.0607975","14","29"
"16","10","5","20","20","56","5600000","385678","0.06887107142857143","35","53"
"18","10","5","20","20","41","4100000","283971","0.06926121951219512","33","54"
"17","10","5","20","20","49","4900000","295594","0.06032530612244898","17","32"
"16","10","5","20","20","57","5700000","390391","0.06848964912280701","31","57"
"18","10","5","20","20","42","4200000","288424","0.06867238095238096","28","46"
"17","10","5","20","20","50","5000000","299120","0.059824","15","30"
"16","10","5","20","20","58","5800000","395013","0.06810568965517241","33","52"
"18","10","5","20","20","43","4300000","292970","0.06813255813953488","28","59"
"17","10","5","20","20","51","5100000","302376","0.05928941176470588","16","21"
"16","10","5","20","20","59","5900000","399660","0.06773898305084745","29","46"
"18","10","5","20","20","44","4400000","297852","0.06769363636363636","30","63"
"17","10","5","20","20","52","5200000","305823","0.058812115384615386","17","36"
"16","10","5","20","20","60","6000000","403630","0.06727166666666666","38","59"
"18","10","5","20","20","45","4500000","302799","0.06728866666666666","29","55"
"17","10","5","20","20","53","5300000","309015","0.05830471698113208","16","30"
"16","10","5","20","20","61","6100000","407907","0.06687","33","54"
"18","10","5","20","20","46","4600000","307748","0.06690173913043478","32","54"
"17","10","5","20","20","54","5400000","312187","0.05781240740740741","16","25"
"16","10","5","20","20","62","6200000","412380","0.06651290322580646","30","56"
"18","10","5","20","20","47","4700000","312755","0.06654361702127659","29","56"
"17","10","5","20","20","55","5500000","314779","0.05723254545454545","13","17"
"16","10","5","20","20","63","6300000","416493","0.06611","29","47"
"18","10","5","20","20","48","4800000","317666","0.06618041666666667","26","49"
"17","10","5","20","20","56","5600000","317323","0.056664821428571426","14","22"
"16","10","5","20","20","64","6400000","420354","0.0656803125","33","52"
"18","10","5","20","20","49","4900000","322653","0.06584755102040817","28","56"
"17","10","5","20","20","57","5700000","319552","0.05606175438596491","11","18"
"16","10","5","20","20","65","6500000","424326","0.06528092307692308","30","43"
"18","10","5","20","20","50","5000000","327579","0.0655158","28","60"
"17","10","5","20","20","58","5800000","321340","0.05540344827586207","9","10"
"16","10","5","20","20","66","6600000","427800","0.06481818181818182","28","43"
"18","10","5","20","20","51","5100000","332309","0.06515862745098039","31","46"
"17","10","5","20","20","59","5900000","323244","0.054787118644067795","8","12"
"16","10","5","20","20","67","6700000","431089","0.06434164179104478","26","38"
"18","10","5","20","20","52","5200000","336939","0.06479596153846154","32","53"
"17","10","5","20","20","60","6000000","325041","0.0541735","8","9"
"16","10","5","20","20","68","6800000","434609","0.06391308823529412","33","48"
"18","10","5","20","20","53","5300000","341392","0.06441358490566038","31","49"
"17","10","5","20","20","61","6100000","326812","0.05357573770491803","8","12"
"16","10","5","20","20","69","6900000","437780","0.06344637681159421","28","40"
"18","10","5","20","20","54","5400000","345800","0.06403703703703703","29","45"
"17","10","5","20","20","62","6200000","328817","0.053035","9","13"
"16","10","5","20","20","70","7000000","440779","0.06296842857142858","30","51"
"18","10","5","20","20","55","5500000","350540","0.06373454545454546","34","55"
"17","10","5","20","20","63","6300000","330751","0.05250015873015873","9","15"
"16","10","5","20","20","71","7100000","443793","0.06250605633802817","28","46"
"18","10","5","20","20","56","5600000","354847","0.06336553571428571","29","49"
"17","10","5","20","20","64","6400000","332431","0.05194234375","8","9"
"16","10","5","20","20","72","7200000","447193","0.06211013888888889","22","31"
"18","10","5","20","20","57","5700000","359450","0.06306140350877193","27","53"
"17","10","5","20","20","65","6500000","334127","0.05140415384615385","8","16"
"16","10","5","20","20","73","7300000","449848","0.06162301369863014","19","26"
"18","10","5","20","20","58","5800000","364119","0.06277913793103448","28","60"
"17","10","5","20","20","66","6600000","335909","0.050895303030303034","9","14"
"16","10","5","20","20","74","7400000","452140","0.0611","18","25"
"18","10","5","20","20","59","5900000","368703","0.062492033898305085","27","48"
"17","10","5","20","20","67","6700000","337796","0.05041731343283582","9","19"
"16","10","5","20","20","75","7500000","454117","0.06054893333333333","16","23"
"17","10","5","20","20","68","6800000","339596","0.04994058823529412","8","10"
"18","10","5","20","20","60","6000000","372811","0.062135166666666665","23","42"
"16","10","5","20","20","76","7600000","455888","0.059985263157894736","14","19"
"17","10","5","20","20","69","6900000","341299","0.049463623188405796","8","10"
"18","10","5","20","20","61","6100000","376716","0.06175672131147541","22","35"
"16","10","5","20","20","77","7700000","457594","0.05942779220779221","15","22"
"17","10","5","20","20","70","7000000","343078","0.04901114285714286","8","10"
"18","10","5","20","20","62","6200000","380364","0.06134903225806452","20","30"
"16","10","5","20","20","78","7800000","459042","0.05885153846153846","13","15"
"17","10","5","20","20","71","7100000","344865","0.04857253521126761","8","14"
"18","10","5","20","20","63","6300000","384133","0.06097349206349206","23","40"
"16","10","5","20","20","79","7900000","460194","0.058252405063291136","13","14"
"17","10","5","20","20","72","7200000","346872","0.048176666666666666","8","11"
"18","10","5","20","20","64","6400000","387997","0.06062453125","21","33"
"16","10","5","20","20","80","8000000","461308","0.0576635","12","13"
"17","10","5","20","20","73","7300000","348619","0.04775602739726027","8","11"
"18","10","5","20","20","65","6500000","391928","0.060296615384615386","24","38"
"16","10","5","20","20","81","8100000","462066","0.057045185185185185","12","13"
"17","10","5","20","20","74","7400000","350506","0.04736567567567568","8","11"
"18","10","5","20","20","66","6600000","395775","0.05996590909090909","23","44"
"16","10","5","20","20","82","8200000","462665","0.056422560975609756","11","11"
"17","10","5","20","20","75","7500000","352762","0.047034933333333334","8","13"
"18","10","5","20","20","67","6700000","399544","0.0596334328358209","18","34"
"16","10","5","20","20","83","8300000","463069","0.05579144578313253","11","14"
"17","10","5","20","20","76","7600000","354714","0.04667289473684211","8","10"
"18","10","5","20","20","68","6800000","403337","0.05931426470588235","19","27"
"16","10","5","20","20","84","8400000","463210","0.05514404761904762","10","10"
"19","10","5","20","20","0","0","0","0","892","900"
"17","10","5","20","20","77","7700000","356480","0.0462961038961039","8","9"
"18","10","5","20","20","69","6900000","407024","0.05898898550724638","20","30"
"19","10","5","20","20","1","100000","8504","0.08504","437","459"
"17","10","5","20","20","78","7800000","358372","0.04594512820512821","8","12"
"18","10","5","20","20","70","7000000","410599","0.058657","20","34"
"19","10","5","20","20","2","200000","19737","0.098685","328","368"
"17","10","5","20","20","79","7900000","360241","0.04560012658227848","8","14"
"18","10","5","20","20","71","7100000","414245","0.0583443661971831","19","29"
"17","10","5","20","20","80","8000000","361912","0.045239","9","14"
"19","10","5","20","20","3","300000","31455","0.10485","253","296"
"18","10","5","20","20","72","7200000","417936","0.05804666666666667","21","41"
"17","10","5","20","20","81","8100000","363426","0.044867407407407404","9","12"
"19","10","5","20","20","4","400000","42955","0.1073875","219","268"
"18","10","5","20","20","73","7300000","421653","0.05776068493150685","21","29"
"17","10","5","20","20","82","8200000","365005","0.04451280487804878","9","13"
"19","10","5","20","20","5","500000","54223","0.108446","188","238"
"18","10","5","20","20","74","7400000","425424","0.05748972972972973","21","34"
"17","10","5","20","20","83","8300000","366422","0.044147228915662654","9","14"
"18","10","5","20","20","75","7500000","428905","0.05718733333333333","21","37"
"19","10","5","20","20","6","600000","64541","0.10756833333333334","154","200"
"17","10","5","20","20","84","8400000","367648","0.04376761904761905","9","12"
"18","10","5","20","20","76","7600000","432443","0.05690039473684211","19","33"
"19","10","5","20","20","7","700000","75089","0.10727","162","230"
"17","10","5","20","20","85","8500000","369230","0.043438823529411766","9","12"
"18","10","5","20","20","77","7700000","435784","0.056595324675324674","19","29"
"19","10","5","20","20","8","800000","85733","0.10716625","106","158"
"17","10","5","20","20","86","8600000","370853","0.04312244186046511","9","11"
"18","10","5","20","20","78","7800000","439175","0.05630448717948718","18","32"
"17","10","5","20","20","87","8700000","372414","0.04280620689655172","9","12"
"19","10","5","20","20","9","900000","95682","0.10631333333333333","110","166"
"18","10","5","20","20","79","7900000","442036","0.05595392405063291","21","28"
"17","10","5","20","20","88","8800000","373652","0.042460454545454544","9","10"
"19","10","5","20","20","10","1000000","104673","0.104673","94","149"
"18","10","5","20","20","80","8000000","444924","0.0556155","17","37"
"17","10","5","20","20","89","8900000","375163","0.04215314606741573","9","14"
"19","10","5","20","20","11","1100000","112915","0.10265","94","136"
"18","10","5","20","20","81","8100000","447771","0.05528037037037037","17","26"
"17","10","5","20","20","90","9000000","376464","0.041829333333333336","8","12"
"19","10","5","20","20","12","1200000","121261","0.10105083333333334","88","131"
"18","10","5","20","20","82","8200000","450323","0.054917439024390245","17","28"
"17","10","5","20","20","91","9100000","377814","0.04151802197802198","9","9"
"19","10","5","20","20","13","1300000","129974","0.09998","78","123"
"18","10","5","20","20","83","8300000","452559","0.054525180722891566","16","28"
"17","10","5","20","20","92","9200000","378941","0.041189239130434784","8","12"
"19","10","5","20","20","14","1400000","138170","0.09869285714285714","80","116"
"18","10","5","20","20","84","8400000","455282","0.05420023809523809","19","28"
"17","10","5","20","20","93","9300000","380108","0.040871827956989244","8","8"
"19","10","5","20","20","15","1500000","145610","0.09707333333333333","79","116"
"18","10","5","20","20","85","8500000","458141","0.05389894117647059","17","26"
"17","10","5","20","20","94","9400000","381116","0.04054425531914894","8","10"
"19","10","5","20","20","16","1600000","153203","0.095751875","77","117"
"18","10","5","20","20","86","8600000","460687","0.05356825581395349","19","30"
"17","10","5","20","20","95","9500000","382202","0.040231789473684214","9","10"
"18","10","5","20","20","87","8700000","463084","0.053228045977011494","14","21"
"17","10","5","20","20","96","9600000","383035","0.03989947916666667","8","8"
"19","10","5","20","20","17","1700000","161675","0.09510294117647058","69","105"
"18","10","5","20","20","88","8800000","465317","0.052876931818181816","15","27"
"17","10","5","20","20","97","9700000","383764","0.039563298969072166","8","8"
"19","10","5","20","20","18","1800000","169980","0.09443333333333333","80","118"
"18","10","5","20","20","89","8900000","467033","0.05247561797752809","11","12"
"17","10","5","20","20","98","9800000","384352","0.039219591836734694","7","7"
"19","10","5","20","20","19","1900000","178044","0.09370736842105264","69","106"
"17","10","5","20","20","99","9900000","384769","0.038865555555555556","7","10"
"18","10","5","20","20","90","9000000","468632","0.05207022222222222","9","13"
"19","10","5","20","20","20","2000000","185623","0.0928115","66","97"
"17","10","5","20","20","100","10000000","385087","0.0385087","7","7"
"18","10","5","20","20","91","9100000","469768","0.051622857142857144","8","10"
"19","10","5","20","20","21","2100000","193036","0.09192190476190476","57","87"
"17","10","5","20","20","101","10100000","385374","0.03815584158415842","7","7"
"18","10","5","20","20","92","9200000","470729","0.05116619565217391","7","7"
"19","10","5","20","20","22","2200000","200098","0.09095363636363636","57","90"
"17","10","5","20","20","102","10200000","385660","0.03780980392156863","7","9"
"18","10","5","20","20","93","9300000","471548","0.050704086021505376","7","9"
"19","10","5","20","20","23","2300000","207517","0.09022478260869565","58","96"
"17","10","5","20","20","103","10300000","385767","0.037453106796116506","5","5"
"20","10","5","20","20","0","0","0","0","897","900"
"18","10","5","20","20","94","9400000","472379","0.05025308510638298","7","12"
"19","10","5","20","20","24","2400000","214793","0.08949708333333334","55","83"
"18","10","5","20","20","95","9500000","473296","0.049820631578947366","7","9"
"20","10","5","20","20","1","100000","8128","0.08128","449","471"
"19","10","5","20","20","25","2500000","221990","0.088796","50","87"
"18","10","5","20","20","96","9600000","474180","0.04939375","7","11"
"20","10","5","20","20","2","200000","18080","0.0904","298","336"
"18","10","5","20","20","97","9700000","474945","0.04896340206185567","7","9"
"19","10","5","20","20","26","2600000","228543","0.08790115384615385","51","88"
"20","10","5","20","20","3","300000","29502","0.09834","265","314"
"18","10","5","20","20","98","9800000","475773","0.04854826530612245","7","7"
"19","10","5","20","20","27","2700000","234743","0.08694185185185185","47","80"
"20","10","5","20","20","4","400000","40441","0.1011025","207","244"
"18","10","5","20","20","99","9900000","476826","0.04816424242424242","7","8"
"19","10","5","20","20","28","2800000","241369","0.08620321428571429","50","80"
"20","10","5","20","20","5","500000","51330","0.10266","154","205"
"18","10","5","20","20","100","10000000","477756","0.0477756","7","8"
"19","10","5","20","20","29","2900000","248405","0.08565689655172413","46","74"
"20","10","5","20","20","6","600000","62076","0.10346","132","187"
"18","10","5","20","20","101","10100000","478556","0.04738178217821782","7","7"
"19","10","5","20","20","30","3000000","255358","0.08511933333333334","50","74"
"20","10","5","20","20","7","700000","72347","0.10335285714285715","134","185"
"18","10","5","20","20","102","10200000","479394","0.04699941176470588","7","9"
"19","10","5","20","20","31","3100000","262596","0.0847083870967742","53","84"
"18","10","5","20","20","103","10300000","480116","0.046613203883495144","7","8"
"20","10","5","20","20","8","800000","81485","0.10185625","95","153"
"19","10","5","20","20","32","3200000","269711","0.0842846875","46","84"
"18","10","5","20","20","104","10400000","480799","0.04623067307692308","7","9"
"20","10","5","20","20","9","900000","90079","0.10008777777777778","95","136"
"19","10","5","20","20","33","3300000","276531","0.08379727272727273","47","83"
"18","10","5","20","20","105","10500000","481508","0.04585790476190476","7","10"
"20","10","5","20","20","10","1000000","98272","0.098272","72","98"
"19","10","5","20","20","34","3400000","283441","0.083365","55","90"
"18","10","5","20","20","106","10600000","482251","0.04549537735849057","7","9"
"20","10","5","20","20","11","1100000","105727","0.09611545454545455","74","106"
"19","10","5","20","20","35","3500000","290000","0.08285714285714285","44","75"
"18","10","5","20","20","107","10700000","482974","0.045137757009345796","7","9"
"20","10","5","20","20","12","1200000","113379","0.0944825","77","107"
"18","10","5","20","20","108","10800000","483659","0.04478324074074074","7","7"
"19","10","5","20","20","36","3600000","295608","0.08211333333333333","41","72"
"20","10","5","20","20","13","1300000","121453","0.09342538461538462","71","111"
"18","10","5","20","20","109","10900000","484305","0.04443165137614679","7","8"
"19","10","5","20","20","37","3700000","301352","0.08144648648648649","43","68"
"20","10","5","20","20","14","1400000","128502","0.09178714285714286","58","81"
"18","10","5","20","20","110","11000000","484869","0.044079","7","7"
"19","10","5","20","20","38","3800000","307498","0.08092052631578947","48","77"
"20","10","5","20","20","15","1500000","135254","0.09016933333333334","61","97"
"18","10","5","20","20","111","11100000","485439","0.04373324324324324","7","8"
"19","10","5","20","20","39","3900000","313729","0.08044333333333334","47","75"
"18","10","5","20","20","112","11200000","486034","0.043395892857142855","7","9"
"20","10","5","20","20","16","1600000","142758","0.08922375","60","96"
"19","10","5","20","20","40","4000000","319708","0.079927","51","89"
"18","10","5","20","20","113","11300000","486559","0.0430583185840708","7","9"
"20","10","5","20","20","17","1700000","149629","0.0880170588235294","59","96"
"19","10","5","20","20","41","4100000","325850","0.07947560975609756","48","81"
"18","10","5","20","20","114","11400000","486969","0.04271657894736842","7","8"
"20","10","5","20","20","18","1800000","155820","0.08656666666666667","53","85"
"19","10","5","20","20","42","4200000","331601","0.07895261904761905","44","76"
"18","10","5","20","20","115","11500000","487266","0.04237095652173913","7","7"
"20","10","5","20","20","19","1900000","161090","0.0847842105263158","46","82"
"19","10","5","20","20","43","4300000","337551","0.07850023255813954","44","75"
"18","10","5","20","20","116","11600000","487539","0.04202922413793103","7","7"
"20","10","5","20","20","20","2000000","166129","0.0830645","37","68"
"19","10","5","20","20","44","4400000","343080","0.07797272727272728","40","67"
"18","10","5","20","20","117","11700000","487616","0.0416765811965812","6","6"
"21","10","5","20","20","0","0","0","0","898","900"
"20","10","5","20","20","21","2100000","171203","0.0815252380952381","39","81"
"19","10","5","20","20","45","4500000","348337","0.07740822222222223","41","62"
"21","10","5","20","20","1","100000","8210","0.0821","431","454"
"20","10","5","20","20","22","2200000","176414","0.08018818181818183","30","54"
"19","10","5","20","20","46","4600000","353356","0.07681652173913044","39","61"
"21","10","5","20","20","2","200000","19369","0.096845","340","380"
"20","10","5","20","20","23","2300000","181481","0.07890478260869566","34","50"
"19","10","5","20","20","47","4700000","358588","0.07629531914893617","35","62"
"21","10","5","20","20","3","300000","31372","0.10457333333333334","263","315"
"20","10","5","20","20","24","2400000","186003","0.07750125","37","68"
"19","10","5","20","20","48","4800000","364350","0.07590625","39","70"
"21","10","5","20","20","4","400000","43798","0.109495","237","299"
"20","10","5","20","20","25","2500000","190340","0.076136","31","60"
"19","10","5","20","20","49","4900000","370248","0.07556081632653061","41","62"
"21","10","5","20","20","5","500000","55039","0.110078","165","204"
"20","10","5","20","20","26","2600000","194320","0.07473846153846155","23","45"
"19","10","5","20","20","50","5000000","376066","0.0752132","42","68"
"21","10","5","20","20","6","600000","65028","0.10838","148","196"
"20","10","5","20","20","27","2700000","198230","0.07341851851851852","22","47"
"19","10","5","20","20","51","5100000","381971","0.07489627450980392","31","62"
"21","10","5","20","20","7","700000","75134","0.10733428571428572","122","166"
"20","10","5","20","20","28","2800000","201384","0.07192285714285715","13","31"
"19","10","5","20","20","52","5200000","387363","0.07449288461538461","27","42"
"21","10","5","20","20","8","800000","83412","0.104265","82","105"
"20","10","5","20","20","29","2900000","204086","0.0703744827586207","10","22"
"19","10","5","20","20","53","5300000","392863","0.07412509433962264","35","59"
"21","10","5","20","20","9","900000","90999","0.10111","86","129"
"20","10","5","20","20","30","3000000","206780","0.06892666666666666","10","30"
"19","10","5","20","20","54","5400000","398228","0.07374592592592592","33","56"
"20","10","5","20","20","31","3100000","209105","0.06745322580645162","10","31"
"21","10","5","20","20","10","1000000","98346","0.098346","66","99"
"19","10","5","20","20","55","5500000","403738","0.07340690909090909","31","58"
"20","10","5","20","20","32","3200000","211463","0.0660821875","10","32"
"21","10","5","20","20","11","1100000","105215","0.09565","68","103"
"19","10","5","20","20","56","5600000","409049","0.07304446428571429","26","45"
"20","10","5","20","20","33","3300000","213979","0.06484212121212121","10","23"
"21","10","5","20","20","12","1200000","111892","0.09324333333333333","74","111"
"19","10","5","20","20","57","5700000","414744","0.07276210526315789","30","46"
"20","10","5","20","20","34","3400000","216164","0.06357764705882353","10","24"
"21","10","5","20","20","13","1300000","118770","0.09136153846153847","69","104"
"19","10","5","20","20","58","5800000","420005","0.0724146551724138","27","49"
"20","10","5","20","20","35","3500000","218354","0.06238685714285714","10","22"
"21","10","5","20","20","14","1400000","125257","0.08946928571428571","66","117"
"19","10","5","20","20","59","5900000","424767","0.07199440677966101","21","33"
"20","10","5","20","20","36","3600000","220640","0.061288888888888886","10","24"
"21","10","5","20","20","15","1500000","131641","0.08776066666666667","62","96"
"19","10","5","20","20","60","6000000","429149","0.07152483333333333","19","28"
"20","10","5","20","20","37","3700000","223202","0.060324864864864866","7","16"
"21","10","5","20","20","16","1600000","137975","0.086234375","54","80"
"19","10","5","20","20","61","6100000","433331","0.07103786885245901","18","28"
"20","10","5","20","20","38","3800000","225933","0.059456052631578944","8","29"
"21","10","5","20","20","17","1700000","144506","0.0850035294117647","50","77"
"19","10","5","20","20","62","6200000","437551","0.07057274193548387","17","32"
"20","10","5","20","20","39","3900000","228805","0.05866794871794872","7","15"
"21","10","5","20","20","18","1800000","150742","0.08374555555555556","49","77"
"19","10","5","20","20","63","6300000","441316","0.07005015873015873","15","29"
"20","10","5","20","20","40","4000000","231725","0.05793125","7","15"
"21","10","5","20","20","19","1900000","156969","0.08261526315789473","45","68"
"19","10","5","20","20","64","6400000","444787","0.06949796875","15","22"
"20","10","5","20","20","41","4100000","234717","0.0572480487804878","7","22"
"21","10","5","20","20","20","2000000","162517","0.0812585","44","66"
"19","10","5","20","20","65","6500000","448089","0.06893676923076923","15","22"
"20","10","5","20","20","42","4200000","237680","0.05659047619047619","7","15"
"19","10","5","20","20","66","6600000","450997","0.06833287878787879","11","15"
"21","10","5","20","20","21","2100000","168125","0.0800595238095238","37","62"
"20","10","5","20","20","43","4300000","240619","0.05595790697674419","7","15"
"19","10","5","20","20","67","6700000","453481","0.06768373134328358","10","11"
"21","10","5","20","20","22","2200000","173871","0.07903227272727273","37","73"
"20","10","5","20","20","44","4400000","243570","0.05535681818181818","7","17"
"19","10","5","20","20","68","6800000","455815","0.06703161764705882","9","17"
"21","10","5","20","20","23","2300000","179342","0.07797478260869566","33","62"
"20","10","5","20","20","45","4500000","246455","0.054767777777777776","7","14"
"19","10","5","20","20","69","6900000","457934","0.0663672463768116","8","12"
"21","10","5","20","20","24","2400000","184126","0.07671916666666667","32","49"
"20","10","5","20","20","46","4600000","249025","0.05413586956521739","7","12"
"19","10","5","20","20","70","7000000","459781","0.065683","8","12"
"21","10","5","20","20","25","2500000","188240","0.075296","29","41"
"20","10","5","20","20","47","4700000","251835","0.05358191489361702","7","27"
"19","10","5","20","20","71","7100000","461587","0.06501225352112676","8","11"
"21","10","5","20","20","26","2600000","192059","0.07386884615384616","30","48"
"20","10","5","20","20","48","4800000","254639","0.053049791666666665","7","12"
"19","10","5","20","20","72","7200000","463557","0.06438291666666666","8","9"
"21","10","5","20","20","27","2700000","195935","0.07256851851851852","29","49"
"20","10","5","20","20","49","4900000","257670","0.052585714285714284","7","14"
"19","10","5","20","20","73","7300000","465306","0.06374054794520548","8","9"
"21","10","5","20","20","28","2800000","199557","0.07127035714285715","28","39"
"20","10","5","20","20","50","5000000","260309","0.0520618","7","23"
"19","10","5","20","20","74","7400000","467169","0.06313094594594594","8","10"
"21","10","5","20","20","29","2900000","202631","0.06987275862068966","19","36"
"20","10","5","20","20","51","5100000","263060","0.05158039215686275","7","24"
"19","10","5","20","20","75","7500000","468972","0.0625296","8","12"
"21","10","5","20","20","30","3000000","205704","0.068568","24","29"
"20","10","5","20","20","52","5200000","265926","0.05113961538461539","8","19"
"19","10","5","20","20","76","7600000","470846","0.06195342105263158","8","10"
"21","10","5","20","20","31","3100000","208468","0.06724774193548387","22","34"
"20","10","5","20","20","53","5300000","268934","0.0507422641509434","7","23"
"19","10","5","20","20","77","7700000","472699","0.06138948051948052","8","9"
"21","10","5","20","20","32","3200000","211314","0.066035625","23","29"
"20","10","5","20","20","54","5400000","271807","0.05033462962962963","7","18"
"19","10","5","20","20","78","7800000","474577","0.06084320512820513","8","11"
"21","10","5","20","20","33","3300000","214027","0.06485666666666667","22","30"
"20","10","5","20","20","55","5500000","274926","0.04998654545454546","7","17"
"19","10","5","20","20","79","7900000","476472","0.060312911392405064","8","9"
"21","10","5","20","20","34","3400000","216892","0.06379176470588235","22","41"
"20","10","5","20","20","56","5600000","277862","0.049618214285714286","7","20"
"19","10","5","20","20","80","8000000","478235","0.059779375","8","11"
"21","10","5","20","20","35","3500000","219943","0.06284085714285714","21","36"
"20","10","5","20","20","57","5700000","280841","0.04927035087719298","9","17"
"19","10","5","20","20","81","8100000","480021","0.05926185185185185","8","11"
"21","10","5","20","20","36","3600000","222886","0.061912777777777775","21","27"
"19","10","5","20","20","82","8200000","481790","0.05875487804878049","8","11"
"20","10","5","20","20","58","5800000","283626","0.04890103448275862","10","20"
"21","10","5","20","20","37","3700000","225724","0.06100648648648649","20","31"
"19","10","5","20","20","83","8300000","483702","0.05827734939759036","8","11"
"20","10","5","20","20","59","5900000","286437","0.04854864406779661","8","19"
"21","10","5","20","20","38","3800000","228271","0.06007131578947368","19","27"
"19","10","5","20","20","84","8400000","485466","0.05779357142857143","8","8"
"20","10","5","20","20","60","6000000","289295","0.04821583333333333","7","15"
"21","10","5","20","20","39","3900000","230827","0.059186410256410256","20","29"
"19","10","5","20","20","85","8500000","487315","0.05733117647058823","8","10"
"20","10","5","20","20","61","6100000","292223","0.047905409836065574","9","23"
"21","10","5","20","20","40","4000000","233529","0.05838225","18","24"
"19","10","5","20","20","86","8600000","489178","0.05688116279069767","8","9"
"20","10","5","20","20","62","6200000","295236","0.04761870967741935","8","20"
"21","10","5","20","20","41","4100000","235853","0.05752512195121951","18","29"
"19","10","5","20","20","87","8700000","491313","0.05647275862068966","8","11"
"20","10","5","20","20","63","6300000","297855","0.04727857142857143","9","20"
"21","10","5","20","20","42","4200000","238043","0.05667690476190476","18","29"
"19","10","5","20","20","88","8800000","493127","0.05603715909090909","8","13"
"20","10","5","20","20","64","6400000","300527","0.04695734375","10","22"
"21","10","5","20","20","43","4300000","240390","0.0559046511627907","18","29"
"19","10","5","20","20","89","8900000","495197","0.05564011235955056","8","10"
"20","10","5","20","20","65","6500000","303294","0.046660615384615384","9","15"
"21","10","5","20","20","44","4400000","242532","0.05512090909090909","19","25"
"19","10","5","20","20","90","9000000","497382","0.05526466666666666","8","19"
"20","10","5","20","20","66","6600000","305838","0.046339090909090906","7","10"
"21","10","5","20","20","45","4500000","244720","0.05438222222222222","17","22"
"19","10","5","20","20","91","9100000","499654","0.05490703296703297","8","11"
"20","10","5","20","20","67","6700000","308346","0.04602179104477612","9","23"
"21","10","5","20","20","46","4600000","246847","0.05366239130434783","18","29"
"19","10","5","20","20","92","9200000","501536","0.054514782608695654","8","9"
"20","10","5","20","20","68","6800000","311083","0.0457475","10","22"
"21","10","5","20","20","47","4700000","249229","0.05302744680851064","18","20"
"19","10","5","20","20","93","9300000","503490","0.05413870967741936","8","12"
"20","10","5","20","20","69","6900000","313347","0.045412608695652175","8","20"
"21","10","5","20","20","48","4800000","251650","0.05242708333333333","18","29"
"19","10","5","20","20","94","9400000","504989","0.05372223404255319","7","9"
"20","10","5","20","20","70","7000000","315644","0.045092","7","22"
"21","10","5","20","20","49","4900000","253764","0.05178857142857143","17","27"
"19","10","5","20","20","95","9500000","506407","0.053306","7","9"
"20","10","5","20","20","71","7100000","318060","0.04479718309859155","7","15"
"21","10","5","20","20","50","5000000","255473","0.0510946","17","20"
"19","10","5","20","20","96","9600000","507885","0.0529046875","8","11"
"20","10","5","20","20","72","7200000","320441","0.044505694444444445","7","11"
"21","10","5","20","20","51","5100000","257327","0.050456274509803924","17","30"
"19","10","5","20","20","97","9700000","509353","0.05251061855670103","6","9"
"20","10","5","20","20","73","7300000","322703","0.044205890410958903","6","12"
"21","10","5","20","20","52","5200000","258848","0.049778461538461535","16","24"
"19","10","5","20","20","98","9800000","510641","0.05210622448979592","6","6"
"20","10","5","20","20","74","7400000","324746","0.043884594594594595","6","17"
"21","10","5","20","20","53","5300000","259946","0.04904641509433962","15","18"
"19","10","5","20","20","99","9900000","511977","0.05171484848484848","6","8"
"20","10","5","20","20","75","7500000","326733","0.0435644","6","15"
"21","10","5","20","20","54","5400000","261105","0.04835277777777778","14","19"
"19","10","5","20","20","100","10000000","513324","0.0513324","6","9"
"20","10","5","20","20","76","7600000","328633","0.043241184210526314","6","10"
"21","10","5","20","20","55","5500000","262327","0.04769581818181818","15","21"
"19","10","5","20","20","101","10100000","514652","0.05095564356435644","6","7"
"20","10","5","20","20","77","7700000","330350","0.0429025974025974","6","11"
"21","10","5","20","20","56","5600000","263518","0.04705678571428572","14","18"
"19","10","5","20","20","102","10200000","515876","0.05057607843137255","4","4"
"20","10","5","20","20","78","7800000","332291","0.04260141025641025","6","10"
"21","10","5","20","20","57","5700000","264534","0.04640947368421053","13","14"
"19","10","5","20","20","103","10300000","516949","0.05018922330097087","4","4"
"20","10","5","20","20","79","7900000","334270","0.042312658227848104","6","16"
"21","10","5","20","20","58","5800000","265475","0.04577155172413793","13","13"
"19","10","5","20","20","104","10400000","518055","0.04981298076923077","4","7"
"20","10","5","20","20","80","8000000","336034","0.04200425","6","13"
"21","10","5","20","20","59","5900000","266020","0.04508813559322034","12","12"
"19","10","5","20","20","105","10500000","519159","0.049443714285714285","4","6"
"20","10","5","20","20","81","8100000","337876","0.04171308641975309","6","16"
"21","10","5","20","20","60","6000000","266308","0.04438466666666667","12","13"
"19","10","5","20","20","106","10600000","519924","0.049049433962264154","4","4"
"21","10","5","20","20","61","6100000","266626","0.04370918032786885","12","12"
"20","10","5","20","20","82","8200000","339957","0.041458170731707315","6","12"
"19","10","5","20","20","107","10700000","519983","0.04859654205607477","3","3"
"22","10","5","20","20","0","0","0","0","896","900"
"21","10","5","20","20","62","6200000","267018","0.04306741935483871","12","12"
"20","10","5","20","20","83","8300000","341730","0.041172289156626504","6","13"
"22","10","5","20","20","1","100000","8678","0.08678","444","457"
"21","10","5","20","20","63","6300000","267376","0.04244063492063492","12","12"
"20","10","5","20","20","84","8400000","343740","0.040921428571428574","6","11"
"22","10","5","20","20","2","200000","19270","0.09635","302","345"
"21","10","5","20","20","64","6400000","267725","0.04183203125","12","12"
"20","10","5","20","20","85","8500000","345427","0.0406384705882353","6","13"
"22","10","5","20","20","3","300000","30535","0.10178333333333334","219","259"
"21","10","5","20","20","65","6500000","268036","0.04123630769230769","12","13"
"20","10","5","20","20","86","8600000","347181","0.040369883720930234","6","16"
"21","10","5","20","20","66","6600000","268178","0.0406330303030303","11","11"
"23","10","5","20","20","0","0","0","0","896","900"
"22","10","5","20","20","4","400000","40556","0.10139","176","240"
"20","10","5","20","20","87","8700000","348849","0.04009758620689655","6","15"
"23","10","5","20","20","1","100000","8566","0.08566","448","471"
"22","10","5","20","20","5","500000","49946","0.099892","151","186"
"20","10","5","20","20","88","8800000","350496","0.03982909090909091","6","12"
"23","10","5","20","20","2","200000","20251","0.101255","347","388"
"20","10","5","20","20","89","8900000","352401","0.03959561797752809","6","20"
"22","10","5","20","20","6","600000","58823","0.09803833333333334","122","154"
"20","10","5","20","20","90","9000000","354061","0.03934011111111111","6","22"
"23","10","5","20","20","3","300000","32347","0.10782333333333333","277","330"
"22","10","5","20","20","7","700000","67524","0.09646285714285714","123","177"
"20","10","5","20","20","91","9100000","356066","0.03912813186813187","6","15"
"22","10","5","20","20","8","800000","75821","0.09477625","99","138"
"23","10","5","20","20","4","400000","44384","0.11096","222","269"
"20","10","5","20","20","92","9200000","357794","0.03889065217391304","6","11"
"22","10","5","20","20","9","900000","82954","0.0921711111111111","86","116"
"23","10","5","20","20","5","500000","56473","0.112946","184","259"
"20","10","5","20","20","93","9300000","359402","0.03864537634408602","6","10"
"22","10","5","20","20","10","1000000","89850","0.08985","76","102"
"23","10","5","20","20","6","600000","67767","0.112945","162","216"
"20","10","5","20","20","94","9400000","360984","0.038402553191489365","6","9"
"22","10","5","20","20","11","1100000","96585","0.08780454545454545","74","106"
"23","10","5","20","20","7","700000","79375","0.11339285714285714","154","209"
"20","10","5","20","20","95","9500000","361991","0.03810431578947369","6","6"
"22","10","5","20","20","12","1200000","103621","0.08635083333333333","65","99"
"23","10","5","20","20","8","800000","89870","0.1123375","126","177"
"20","10","5","20","20","96","9600000","362765","0.03778802083333333","4","5"
"22","10","5","20","20","13","1300000","110271","0.08482384615384615","66","99"
"23","10","5","20","20","9","900000","100069","0.11118777777777777","117","166"
"20","10","5","20","20","97","9700000","363077","0.03743061855670103","4","4"
"22","10","5","20","20","14","1400000","116858","0.08347","52","86"
"20","10","5","20","20","98","9800000","363181","0.03705928571428571","3","3"
"24","10","5","20","20","0","0","0","0","899","900"
"23","10","5","20","20","10","1000000","109567","0.109567","100","154"
"22","10","5","20","20","15","1500000","123087","0.082058","52","85"
"24","10","5","20","20","1","100000","8879","0.08879","472","490"
"23","10","5","20","20","11","1100000","119291","0.10844636363636363","99","164"
"22","10","5","20","20","16","1600000","129011","0.080631875","52","87"
"24","10","5","20","20","2","200000","19522","0.09761","323","371"
"23","10","5","20","20","12","1200000","128588","0.10715666666666666","95","139"
"22","10","5","20","20","17","1700000","134791","0.07928882352941176","50","82"
"24","10","5","20","20","3","300000","30257","0.10085666666666666","243","278"
"23","10","5","20","20","13","1300000","137854","0.10604153846153846","75","130"
"22","10","5","20","20","18","1800000","140090","0.07782777777777777","43","67"
"24","10","5","20","20","4","400000","40433","0.1010825","210","267"
"23","10","5","20","20","14","1400000","146457","0.10461214285714286","77","126"
"22","10","5","20","20","19","1900000","144833","0.0762278947368421","41","63"
"24","10","5","20","20","5","500000","50992","0.101984","179","237"
"23","10","5","20","20","15","1500000","154223","0.10281533333333333","66","94"
"22","10","5","20","20","20","2000000","148899","0.0744495","36","62"
"24","10","5","20","20","6","600000","60757","0.10126166666666667","155","193"
"23","10","5","20","20","16","1600000","161381","0.100863125","60","96"
"22","10","5","20","20","21","2100000","152823","0.07277285714285714","37","55"
"24","10","5","20","20","7","700000","70335","0.10047857142857143","130","177"
"23","10","5","20","20","17","1700000","167937","0.0987864705882353","63","92"
"22","10","5","20","20","22","2200000","156639","0.07119954545454546","33","47"
"23","10","5","20","20","18","1800000","174054","0.09669666666666667","57","87"
"24","10","5","20","20","8","800000","79856","0.09982","129","173"
"22","10","5","20","20","23","2300000","160072","0.06959652173913043","33","50"
"23","10","5","20","20","19","1900000","180108","0.09479368421052632","51","91"
"24","10","5","20","20","9","900000","88744","0.09860444444444444","118","159"
"22","10","5","20","20","24","2400000","163242","0.0680175","29","46"
"23","10","5","20","20","20","2000000","186206","0.093103","42","63"
"24","10","5","20","20","10","1000000","97328","0.097328","91","133"
"22","10","5","20","20","25","2500000","166555","0.066622","33","47"
"23","10","5","20","20","21","2100000","192229","0.09153761904761905","40","62"
"24","10","5","20","20","11","1100000","105838","0.09621636363636364","69","113"
"22","10","5","20","20","26","2600000","169975","0.065375","33","44"
"23","10","5","20","20","22","2200000","198202","0.09009181818181818","44","61"
"24","10","5","20","20","12","1200000","114839","0.09569916666666667","64","107"
"22","10","5","20","20","27","2700000","173339","0.06419962962962963","30","40"
"23","10","5","20","20","23","2300000","203878","0.08864260869565217","37","58"
"24","10","5","20","20","13","1300000","122938","0.09456769230769231","65","105"
"22","10","5","20","20","28","2800000","176868","0.06316714285714285","29","53"
"23","10","5","20","20","24","2400000","209466","0.0872775","36","61"
"24","10","5","20","20","14","1400000","130991","0.093565","51","91"
"22","10","5","20","20","29","2900000","180401","0.062207241379310343","29","50"
"23","10","5","20","20","25","2500000","215079","0.0860316","41","64"
"24","10","5","20","20","15","1500000","137881","0.09192066666666666","51","88"
"22","10","5","20","20","30","3000000","184049","0.06134966666666666","30","45"
"23","10","5","20","20","26","2600000","220566","0.08483307692307693","34","54"
"24","10","5","20","20","16","1600000","144103","0.090064375","47","76"
"22","10","5","20","20","31","3100000","187447","0.06046677419354839","27","38"
"23","10","5","20","20","27","2700000","225884","0.08366074074074074","39","59"
"24","10","5","20","20","17","1700000","150157","0.08832764705882352","37","66"
"22","10","5","20","20","32","3200000","191023","0.0596946875","25","39"
"23","10","5","20","20","28","2800000","231682","0.08274357142857143","33","66"
"24","10","5","20","20","18","1800000","156132","0.08674","46","72"
"22","10","5","20","20","33","3300000","194494","0.05893757575757576","26","31"
"23","10","5","20","20","29","2900000","237978","0.08206137931034482","37","63"
"24","10","5","20","20","19","1900000","161947","0.08523526315789473","34","64"
"22","10","5","20","20","34","3400000","198119","0.05827029411764706","25","38"
"23","10","5","20","20","30","3000000","243756","0.081252","30","58"
"24","10","5","20","20","20","2000000","167355","0.0836775","28","54"
"22","10","5","20","20","35","3500000","201470","0.057562857142857145","25","36"
"23","10","5","20","20","31","3100000","249527","0.0804925806451613","30","58"
"22","10","5","20","20","36","3600000","204411","0.056780833333333336","27","40"
"24","10","5","20","20","21","2100000","172220","0.08200952380952381","24","49"
"23","10","5","20","20","32","3200000","254764","0.07961375","24","44"
"22","10","5","20","20","37","3700000","207503","0.05608189189189189","25","34"
"24","10","5","20","20","22","2200000","176654","0.08029727272727273","24","39"
"23","10","5","20","20","33","3300000","259713","0.07870090909090909","24","55"
"22","10","5","20","20","38","3800000","210545","0.05540657894736842","25","36"
"24","10","5","20","20","23","2300000","181314","0.07883217391304348","25","35"
"23","10","5","20","20","34","3400000","264726","0.07786058823529411","26","47"
"22","10","5","20","20","39","3900000","213752","0.054808205128205126","25","41"
"24","10","5","20","20","24","2400000","185885","0.07745208333333334","25","45"
"23","10","5","20","20","35","3500000","269754","0.07707257142857143","25","49"
"22","10","5","20","20","40","4000000","216910","0.0542275","26","37"
"24","10","5","20","20","25","2500000","190035","0.076014","20","37"
"23","10","5","20","20","36","3600000","275307","0.07647416666666666","27","47"
"22","10","5","20","20","41","4100000","219982","0.05365414634146341","25","32"
"24","10","5","20","20","26","2600000","193863","0.0745626923076923","17","32"
"23","10","5","20","20","37","3700000","280816","0.07589621621621621","29","55"
"22","10","5","20","20","42","4200000","223013","0.05309833333333333","25","31"
"24","10","5","20","20","27","2700000","197657","0.0732062962962963","17","26"
"23","10","5","20","20","38","3800000","285665","0.075175","25","48"
"22","10","5","20","20","43","4300000","225615","0.05246860465116279","23","33"
"24","10","5","20","20","28","2800000","201654","0.07201928571428572","17","34"
"23","10","5","20","20","39","3900000","290478","0.07448153846153846","22","45"
"22","10","5","20","20","44","4400000","228277","0.051881136363636365","22","29"
"24","10","5","20","20","29","2900000","205553","0.0708803448275862","17","32"
"23","10","5","20","20","40","4000000","294886","0.0737215","18","27"
"22","10","5","20","20","45","4500000","230714","0.051269777777777775","20","26"
"24","10","5","20","20","30","3000000","209278","0.06975933333333334","15","21"
"23","10","5","20","20","41","4100000","299112","0.07295414634146341","17","37"
"22","10","5","20","20","46","4600000","233348","0.05072782608695652","21","31"
"24","10","5","20","20","31","3100000","212812","0.06864903225806451","14","24"
"22","10","5","20","20","47","4700000","235825","0.050175531914893615","21","24"
"24","10","5","20","20","32","3200000","216169","0.0675528125","15","31"
"23","10","5","20","20","42","4200000","303094","0.0721652380952381","17","36"
"22","10","5","20","20","48","4800000","238106","0.049605416666666666","22","28"
"24","10","5","20","20","33","3300000","219402","0.06648545454545454","14","29"
"23","10","5","20","20","43","4300000","306923","0.07137744186046512","18","38"
"22","10","5","20","20","49","4900000","240507","0.0490830612244898","24","33"
"24","10","5","20","20","34","3400000","222380","0.06540588235294117","13","20"
"23","10","5","20","20","44","4400000","310530","0.070575","15","33"
"22","10","5","20","20","50","5000000","242764","0.0485528","20","29"
"24","10","5","20","20","35","3500000","225137","0.06432485714285714","11","18"
"23","10","5","20","20","45","4500000","313901","0.06975577777777778","13","24"
"22","10","5","20","20","51","5100000","245063","0.04805156862745098","23","31"
"24","10","5","20","20","36","3600000","227722","0.06325611111111111","10","17"
"23","10","5","20","20","46","4600000","317526","0.06902739130434783","15","26"
"22","10","5","20","20","52","5200000","247472","0.04759076923076923","21","28"
"24","10","5","20","20","37","3700000","229902","0.062135675675675676","9","9"
"23","10","5","20","20","47","4700000","321190","0.06833829787234043","17","32"
"24","10","5","20","20","38","3800000","231924","0.061032631578947366","8","9"
"22","10","5","20","20","53","5300000","249524","0.04708","23","28"
"23","10","5","20","20","48","4800000","324881","0.06768354166666667","13","31"
"24","10","5","20","20","39","3900000","233854","0.059962564102564106","8","11"
"22","10","5","20","20","54","5400000","251475","0.04656944444444444","22","25"
"23","10","5","20","20","49","4900000","328071","0.06695326530612244","14","20"
"24","10","5","20","20","40","4000000","235694","0.0589235","8","10"
"22","10","5","20","20","55","5500000","253381","0.04606927272727273","22","24"
"23","10","5","20","20","50","5000000","331153","0.0662306","11","20"
"24","10","5","20","20","41","4100000","237166","0.057845365853658536","8","9"
"22","10","5","20","20","56","5600000","255268","0.04558357142857143","23","28"
"23","10","5","20","20","51","5100000","333950","0.06548039215686274","11","17"
"24","10","5","20","20","42","4200000","238327","0.05674452380952381","7","9"
"22","10","5","20","20","57","5700000","256931","0.04507561403508772","23","25"
"23","10","5","20","20","52","5200000","336583","0.0647275","11","20"
"24","10","5","20","20","43","4300000","239626","0.055726976744186044","7","7"
"22","10","5","20","20","58","5800000","258510","0.04457068965517241","23","27"
"23","10","5","20","20","53","5300000","339514","0.06405924528301887","12","16"
"24","10","5","20","20","44","4400000","240703","0.05470522727272727","7","7"
"22","10","5","20","20","59","5900000","260326","0.04412305084745763","22","28"
"23","10","5","20","20","54","5400000","342415","0.06341018518518518","11","16"
"24","10","5","20","20","45","4500000","241872","0.053749333333333336","7","9"
"22","10","5","20","20","60","6000000","261889","0.04364816666666667","22","28"
"23","10","5","20","20","55","5500000","345083","0.06274236363636364","12","18"
"24","10","5","20","20","46","4600000","242878","0.052799565217391306","6","6"
"22","10","5","20","20","61","6100000","263591","0.043211639344262295","22","24"
"23","10","5","20","20","56","5600000","347662","0.0620825","12","19"
"24","10","5","20","20","47","4700000","243821","0.0518768085106383","6","8"
"22","10","5","20","20","62","6200000","265170","0.04276935483870968","21","29"
"23","10","5","20","20","57","5700000","350324","0.06146035087719298","11","13"
"24","10","5","20","20","48","4800000","245187","0.051080625","6","8"
"22","10","5","20","20","63","6300000","266626","0.042321587301587305","20","24"
"23","10","5","20","20","58","5800000","352989","0.0608601724137931","12","20"
"24","10","5","20","20","49","4900000","246207","0.05024632653061224","6","9"
"22","10","5","20","20","64","6400000","267926","0.0418634375","21","22"
"23","10","5","20","20","59","5900000","355801","0.060305254237288136","12","16"
"24","10","5","20","20","50","5000000","247139","0.0494278","6","8"
"22","10","5","20","20","65","6500000","269294","0.04142984615384615","23","29"
"23","10","5","20","20","60","6000000","358868","0.059811333333333334","12","20"
"24","10","5","20","20","51","5100000","248028","0.04863294117647059","6","7"
"22","10","5","20","20","66","6600000","270742","0.04102151515151515","23","31"
"23","10","5","20","20","61","6100000","361891","0.05932639344262295","11","17"
"24","10","5","20","20","52","5200000","249054","0.047895","6","9"
"22","10","5","20","20","67","6700000","272074","0.04060805970149254","21","32"
"23","10","5","20","20","62","6200000","365258","0.05891258064516129","12","27"
"24","10","5","20","20","53","5300000","249940","0.047158490566037735","6","7"
"22","10","5","20","20","68","6800000","272910","0.04013382352941176","20","25"
"23","10","5","20","20","63","6300000","368348","0.05846793650793651","12","20"
"24","10","5","20","20","54","5400000","250978","0.046477407407407405","6","7"
"22","10","5","20","20","69","6900000","273498","0.039637391304347826","19","19"
"23","10","5","20","20","64","6400000","371536","0.0580525","13","31"
"24","10","5","20","20","55","5500000","252027","0.04582309090909091","6","7"
"22","10","5","20","20","70","7000000","274225","0.039175","19","24"
"23","10","5","20","20","65","6500000","374453","0.057608153846153844","12","18"
"24","10","5","20","20","56","5600000","252981","0.045175178571428574","6","8"
"22","10","5","20","20","71","7100000","274806","0.03870507042253521","19","20"
"23","10","5","20","20","66","6600000","377284","0.05716424242424242","12","22"
"24","10","5","20","20","57","5700000","253968","0.04455578947368421","6","9"
"22","10","5","20","20","72","7200000","275317","0.03823847222222222","19","23"
"23","10","5","20","20","67","6700000","380230","0.05675074626865672","11","15"
"24","10","5","20","20","58","5800000","254863","0.04394189655172414","6","7"
"22","10","5","20","20","73","7300000","275798","0.03778054794520548","19","20"
"23","10","5","20","20","68","6800000","382999","0.056323382352941175","11","19"
"24","10","5","20","20","59","5900000","255589","0.04332016949152542","6","6"
"22","10","5","20","20","74","7400000","275954","0.03729108108108108","16","16"
"25","10","5","20","20","0","0","0","0","898","900"
"23","10","5","20","20","69","6900000","385770","0.05590869565217391","10","16"
"24","10","5","20","20","60","6000000","256302","0.042717","6","6"
"25","10","5","20","20","1","100000","8309","0.08309","460","476"
"23","10","5","20","20","70","7000000","388334","0.055476285714285714","12","19"
"24","10","5","20","20","61","6100000","257032","0.04213639344262295","6","6"
"25","10","5","20","20","2","200000","19470","0.09735","334","378"
"23","10","5","20","20","71","7100000","390463","0.05499478873239436","9","14"
"24","10","5","20","20","62","6200000","257380","0.041512903225806454","6","7"
"25","10","5","20","20","3","300000","31061","0.10353666666666667","233","282"
"24","10","5","20","20","63","6300000","257658","0.04089809523809524","6","8"
"23","10","5","20","20","72","7200000","392667","0.05453708333333333","10","16"
"25","10","5","20","20","4","400000","42229","0.1055725","209","255"
"24","10","5","20","20","64","6400000","257728","0.04027","5","5"
"26","10","5","20","20","0","0","0","0","898","900"
"23","10","5","20","20","73","7300000","394553","0.05404835616438356","10","14"
"23","10","5","20","20","74","7400000","396587","0.05359283783783784","11","14"
"26","10","5","20","20","1","100000","8754","0.08754","414","432"
"25","10","5","20","20","5","500000","53179","0.106358","175","224"
"23","10","5","20","20","75","7500000","398525","0.053136666666666665","9","15"
"26","10","5","20","20","2","200000","18436","0.09218","326","370"
"25","10","5","20","20","6","600000","64446","0.10741","168","226"
"23","10","5","20","20","76","7600000","400454","0.05269131578947368","8","11"
"26","10","5","20","20","3","300000","29703","0.09901","272","327"
"25","10","5","20","20","7","700000","75596","0.10799428571428571","151","211"
"23","10","5","20","20","77","7700000","402263","0.05224194805194805","7","11"
"26","10","5","20","20","4","400000","41817","0.1045425","221","287"
"25","10","5","20","20","8","800000","85784","0.10723","112","155"
"23","10","5","20","20","78","7800000","404326","0.05183666666666667","8","13"
"26","10","5","20","20","5","500000","53046","0.106092","181","231"
"25","10","5","20","20","9","900000","95388","0.10598666666666667","122","166"
"23","10","5","20","20","79","7900000","406233","0.05142189873417721","8","17"
"26","10","5","20","20","6","600000","63186","0.10531","170","219"
"25","10","5","20","20","10","1000000","105641","0.105641","119","171"
"23","10","5","20","20","80","8000000","408044","0.0510055","8","13"
"26","10","5","20","20","7","700000","73703","0.10529","152","221"
"25","10","5","20","20","11","1100000","115569","0.10506272727272727","96","148"
"23","10","5","20","20","81","8100000","409624","0.05057086419753087","7","11"
"26","10","5","20","20","8","800000","83441","0.10430125","129","162"
"23","10","5","20","20","82","8200000","411219","0.050148658536585365","8","10"
"25","10","5","20","20","12","1200000","124942","0.10411833333333333","96","146"
"26","10","5","20","20","9","900000","92146","0.10238444444444444","122","161"
"23","10","5","20","20","83","8300000","412650","0.049716867469879515","8","10"
"25","10","5","20","20","13","1300000","133214","0.1024723076923077","82","119"
"26","10","5","20","20","10","1000000","100232","0.100232","122","151"
"23","10","5","20","20","84","8400000","413829","0.049265357142857145","7","8"
"25","10","5","20","20","14","1400000","141231","0.10087928571428571","76","112"
"23","10","5","20","20","85","8500000","414895","0.04881117647058823","7","8"
"26","10","5","20","20","11","1100000","108167","0.09833363636363636","109","139"
"25","10","5","20","20","15","1500000","149092","0.09939466666666667","75","106"
"23","10","5","20","20","86","8600000","416069","0.04838011627906977","7","8"
"26","10","5","20","20","12","1200000","116391","0.0969925","107","136"
"25","10","5","20","20","16","1600000","156249","0.097655625","63","99"
"23","10","5","20","20","87","8700000","417015","0.04793275862068966","7","10"
"26","10","5","20","20","13","1300000","124826","0.09602","97","123"
"25","10","5","20","20","17","1700000","163469","0.09615823529411764","60","92"
"23","10","5","20","20","88","8800000","417583","0.04745261363636363","6","6"
"26","10","5","20","20","14","1400000","133081","0.09505785714285714","95","127"
"25","10","5","20","20","18","1800000","171416","0.09523111111111111","68","118"
"23","10","5","20","20","89","8900000","418111","0.04697876404494382","6","6"
"26","10","5","20","20","15","1500000","140301","0.093534","83","122"
"25","10","5","20","20","19","1900000","179146","0.09428736842105263","52","74"
"23","10","5","20","20","90","9000000","418645","0.04651611111111111","6","7"
"26","10","5","20","20","16","1600000","147819","0.092386875","78","111"
"23","10","5","20","20","91","9100000","419265","0.046073076923076925","6","6"
"25","10","5","20","20","20","2000000","186766","0.093383","50","85"
"26","10","5","20","20","17","1700000","154178","0.09069294117647059","82","117"
"23","10","5","20","20","92","9200000","419975","0.04564945652173913","6","6"
"25","10","5","20","20","21","2100000","193874","0.09232095238095238","49","88"
"26","10","5","20","20","18","1800000","161562","0.08975666666666667","80","121"
"23","10","5","20","20","93","9300000","420595","0.0452252688172043","6","7"
"25","10","5","20","20","22","2200000","201507","0.0915940909090909","56","95"
"26","10","5","20","20","19","1900000","168996","0.08894526315789474","79","106"
"23","10","5","20","20","94","9400000","421234","0.044812127659574465","6","7"
"25","10","5","20","20","23","2300000","208707","0.09074217391304348","56","85"
"23","10","5","20","20","95","9500000","421809","0.044400947368421054","6","6"
"26","10","5","20","20","20","2000000","177627","0.0888135","82","120"
"25","10","5","20","20","24","2400000","215350","0.08972916666666667","55","94"
"23","10","5","20","20","96","9600000","422294","0.043988958333333335","6","9"
"26","10","5","20","20","21","2100000","186203","0.08866809523809524","72","110"
"25","10","5","20","20","25","2500000","221621","0.0886484","55","92"
"23","10","5","20","20","97","9700000","422408","0.04354721649484536","5","5"
"27","10","5","20","20","0","0","0","0","897","900"
"26","10","5","20","20","22","2200000","194687","0.08849409090909091","81","107"
"25","10","5","20","20","26","2600000","227668","0.08756461538461538","47","76"
"27","10","5","20","20","1","100000","9394","0.09394","486","502"
"26","10","5","20","20","23","2300000","202534","0.08805826086956521","80","126"
"25","10","5","20","20","27","2700000","233646","0.08653555555555556","50","94"
"27","10","5","20","20","2","200000","20509","0.102545","321","357"
"26","10","5","20","20","24","2400000","210417","0.08767375","67","104"
"25","10","5","20","20","28","2800000","239671","0.08559678571428571","53","85"
"27","10","5","20","20","3","300000","32628","0.10876","258","312"
"26","10","5","20","20","25","2500000","217655","0.087062","70","101"
"25","10","5","20","20","29","2900000","246044","0.08484275862068966","44","69"
"27","10","5","20","20","4","400000","44578","0.111445","203","252"
"26","10","5","20","20","26","2600000","225094","0.08657461538461539","57","86"
"25","10","5","20","20","30","3000000","252585","0.084195","37","76"
"27","10","5","20","20","5","500000","56304","0.112608","196","248"
"26","10","5","20","20","27","2700000","232137","0.08597666666666667","58","90"
"25","10","5","20","20","31","3100000","258797","0.08348290322580645","37","65"
"27","10","5","20","20","6","600000","68085","0.113475","158","215"
"26","10","5","20","20","28","2800000","239636","0.08558428571428571","57","93"
"25","10","5","20","20","32","3200000","264571","0.0826784375","35","58"
"27","10","5","20","20","7","700000","79717","0.11388142857142858","151","208"
"26","10","5","20","20","29","2900000","246484","0.08499448275862069","45","73"
"25","10","5","20","20","33","3300000","270187","0.08187484848484848","36","55"
"26","10","5","20","20","30","3000000","253388","0.08446266666666667","48","87"
"27","10","5","20","20","8","800000","90448","0.11306","126","167"
"25","10","5","20","20","34","3400000","276026","0.08118411764705882","33","52"
"26","10","5","20","20","31","3100000","260015","0.0838758064516129","57","84"
"27","10","5","20","20","9","900000","100430","0.11158888888888889","115","146"
"25","10","5","20","20","35","3500000","281308","0.08037371428571428","26","51"
"26","10","5","20","20","32","3200000","266458","0.083268125","46","70"
"27","10","5","20","20","10","1000000","110365","0.110365","106","144"
"25","10","5","20","20","36","3600000","287682","0.07991166666666667","27","50"
"26","10","5","20","20","33","3300000","272618","0.08261151515151516","53","84"
"27","10","5","20","20","11","1100000","119301","0.10845545454545455","106","151"
"25","10","5","20","20","37","3700000","293409","0.07929972972972973","28","51"
"26","10","5","20","20","34","3400000","278617","0.08194617647058823","44","71"
"27","10","5","20","20","12","1200000","127604","0.10633666666666666","88","131"
"25","10","5","20","20","38","3800000","298822","0.07863736842105264","27","46"
"26","10","5","20","20","35","3500000","283993","0.08114085714285714","26","53"
"27","10","5","20","20","13","1300000","136113","0.10470230769230769","90","134"
"25","10","5","20","20","39","3900000","304237","0.07800948717948718","30","62"
"26","10","5","20","20","36","3600000","289347","0.08037416666666666","28","47"
"27","10","5","20","20","14","1400000","144172","0.10298","76","113"
"25","10","5","20","20","40","4000000","310024","0.077506","27","43"
"26","10","5","20","20","37","3700000","294304","0.07954162162162162","32","51"
"27","10","5","20","20","15","1500000","151599","0.101066","79","122"
"25","10","5","20","20","41","4100000","315437","0.07693585365853658","29","51"
"26","10","5","20","20","38","3800000","299347","0.07877552631578948","36","60"
"27","10","5","20","20","16","1600000","158926","0.09932875","66","97"
"25","10","5","20","20","42","4200000","320927","0.07641119047619048","25","54"
"26","10","5","20","20","39","3900000","304116","0.07797846153846154","31","55"
"27","10","5","20","20","17","1700000","165917","0.09759823529411765","56","100"
"25","10","5","20","20","43","4300000","326442","0.0759167441860465","22","42"
"26","10","5","20","20","40","4000000","308145","0.07703625","32","53"
"27","10","5","20","20","18","1800000","172248","0.09569333333333334","43","72"
"25","10","5","20","20","44","4400000","331634","0.07537136363636364","24","49"
"26","10","5","20","20","41","4100000","312253","0.07615926829268292","31","47"
"27","10","5","20","20","19","1900000","178072","0.0937221052631579","49","73"
"25","10","5","20","20","45","4500000","336476","0.07477244444444445","22","40"
"26","10","5","20","20","42","4200000","316730","0.07541190476190476","30","54"
"27","10","5","20","20","20","2000000","183661","0.0918305","47","67"
"25","10","5","20","20","46","4600000","340856","0.07409913043478261","21","37"
"26","10","5","20","20","43","4300000","321004","0.07465209302325582","25","48"
"27","10","5","20","20","21","2100000","189007","0.09000333333333334","41","71"
"25","10","5","20","20","47","4700000","345458","0.07350170212765958","17","29"
"26","10","5","20","20","44","4400000","325227","0.07391522727272727","31","53"
"27","10","5","20","20","22","2200000","194043","0.08820136363636363","42","58"
"25","10","5","20","20","48","4800000","349363","0.07278395833333333","18","25"
"26","10","5","20","20","45","4500000","328951","0.07310022222222222","31","50"
"27","10","5","20","20","23","2300000","199244","0.08662782608695652","43","74"
"25","10","5","20","20","49","4900000","353139","0.07206918367346939","15","27"
"26","10","5","20","20","46","4600000","332714","0.0723291304347826","30","53"
"27","10","5","20","20","24","2400000","204276","0.085115","48","76"
"25","10","5","20","20","50","5000000","357084","0.0714168","15","22"
"26","10","5","20","20","47","4700000","336204","0.07153276595744681","23","39"
"27","10","5","20","20","25","2500000","209619","0.0838476","38","56"
"25","10","5","20","20","51","5100000","360893","0.07076333333333333","14","28"
"26","10","5","20","20","48","4800000","339915","0.070815625","28","49"
"27","10","5","20","20","26","2600000","215408","0.08284923076923077","30","53"
"25","10","5","20","20","52","5200000","364339","0.07006519230769231","15","23"
"26","10","5","20","20","49","4900000","343843","0.07017204081632653","30","43"
"27","10","5","20","20","27","2700000","221283","0.08195666666666666","33","60"
"25","10","5","20","20","53","5300000","366771","0.06920207547169811","10","16"
"26","10","5","20","20","50","5000000","347777","0.0695554","31","46"
"27","10","5","20","20","28","2800000","227037","0.08108464285714286","31","61"
"25","10","5","20","20","54","5400000","368816","0.06829925925925925","9","12"
"26","10","5","20","20","51","5100000","351697","0.06896019607843137","28","49"
"27","10","5","20","20","29","2900000","232509","0.08017551724137931","28","61"
"25","10","5","20","20","55","5500000","370510","0.06736545454545455","7","11"
"26","10","5","20","20","52","5200000","355481","0.06836173076923077","28","45"
"27","10","5","20","20","30","3000000","237787","0.07926233333333334","33","53"
"25","10","5","20","20","56","5600000","371634","0.06636321428571429","7","8"
"26","10","5","20","20","53","5300000","359183","0.06777037735849056","24","44"
"25","10","5","20","20","57","5700000","372727","0.06539070175438597","7","8"
"27","10","5","20","20","31","3100000","242930","0.07836451612903225","30","54"
"26","10","5","20","20","54","5400000","363368","0.06729037037037038","32","52"
"25","10","5","20","20","58","5800000","373770","0.06444310344827586","7","8"
"27","10","5","20","20","32","3200000","247870","0.077459375","23","38"
"26","10","5","20","20","55","5500000","367510","0.06682","28","51"
"25","10","5","20","20","59","5900000","374438","0.06346406779661017","6","6"
"27","10","5","20","20","33","3300000","252902","0.0766369696969697","23","44"
"26","10","5","20","20","56","5600000","370864","0.06622571428571429","27","41"
"25","10","5","20","20","60","6000000","374792","0.06246533333333333","6","7"
"27","10","5","20","20","34","3400000","257799","0.07582323529411765","29","47"
"26","10","5","20","20","57","5700000","374197","0.06564859649122808","31","45"
"25","10","5","20","20","61","6100000","375121","0.061495245901639344","6","6"
"27","10","5","20","20","35","3500000","262286","0.07493885714285714","22","40"
"26","10","5","20","20","58","5800000","377610","0.0651051724137931","31","49"
"25","10","5","20","20","62","6200000","375428","0.060552903225806455","5","5"
"28","10","5","20","20","0","0","0","0","898","900"
"27","10","5","20","20","36","3600000","266399","0.07399972222222222","14","28"
"26","10","5","20","20","59","5900000","381885","0.06472627118644068","32","52"
"28","10","5","20","20","1","100000","8861","0.08861","429","464"
"27","10","5","20","20","37","3700000","270202","0.07302756756756756","13","24"
"26","10","5","20","20","60","6000000","386628","0.064438","36","50"
"28","10","5","20","20","2","200000","19995","0.099975","304","349"
"27","10","5","20","20","38","3800000","273983","0.07210078947368422","12","18"
"26","10","5","20","20","61","6100000","390778","0.06406196721311476","27","37"
"27","10","5","20","20","39","3900000","277501","0.07115410256410257","14","27"
"28","10","5","20","20","3","300000","32027","0.10675666666666667","227","264"
"26","10","5","20","20","62","6200000","395135","0.06373145161290322","39","62"
"27","10","5","20","20","40","4000000","280735","0.07018375","11","19"
"28","10","5","20","20","4","400000","43616","0.10904","221","265"
"26","10","5","20","20","63","6300000","399652","0.0634368253968254","31","45"
"27","10","5","20","20","41","4100000","283812","0.06922243902439025","11","18"
"26","10","5","20","20","64","6400000","404079","0.06313734375","41","68"
"28","10","5","20","20","5","500000","53778","0.107556","157","204"
"27","10","5","20","20","42","4200000","286663","0.06825309523809524","10","16"
"26","10","5","20","20","65","6500000","408744","0.06288369230769231","38","59"
"28","10","5","20","20","6","600000","64132","0.10688666666666667","148","197"
"27","10","5","20","20","43","4300000","289516","0.06732930232558139","10","19"
"26","10","5","20","20","66","6600000","413623","0.06267015151515151","35","56"
"28","10","5","20","20","7","700000","74648","0.10664","145","194"
"27","10","5","20","20","44","4400000","292326","0.06643772727272727","10","12"
"26","10","5","20","20","67","6700000","417801","0.062358358208955224","26","52"
"28","10","5","20","20","8","800000","84172","0.105215","115","166"
"27","10","5","20","20","45","4500000","295049","0.06556644444444444","9","12"
"26","10","5","20","20","68","6800000","421260","0.06195","20","35"
"28","10","5","20","20","9","900000","93749","0.10416555555555555","121","181"
"27","10","5","20","20","46","4600000","297877","0.0647558695652174","8","8"
"26","10","5","20","20","69","6900000","424840","0.06157101449275362","22","37"
"28","10","5","20","20","10","1000000","103983","0.103983","106","152"
"27","10","5","20","20","47","4700000","300697","0.06397808510638298","9","22"
"26","10","5","20","20","70","7000000","428296","0.061185142857142855","27","41"
"27","10","5","20","20","48","4800000","302898","0.06310375","7","11"
"28","10","5","20","20","11","1100000","113868","0.10351636363636364","107","150"
"26","10","5","20","20","71","7100000","432081","0.06085647887323944","30","46"
"27","10","5","20","20","49","4900000","304983","0.06224142857142857","6","7"
"28","10","5","20","20","12","1200000","124051","0.10337583333333333","95","148"
"26","10","5","20","20","72","7200000","436215","0.06058541666666667","30","55"
"27","10","5","20","20","50","5000000","306949","0.0613898","6","9"
"28","10","5","20","20","13","1300000","133608","0.10277538461538462","78","115"
"26","10","5","20","20","73","7300000","440363","0.060323698630136986","28","55"
"27","10","5","20","20","51","5100000","308568","0.060503529411764706","5","6"
"28","10","5","20","20","14","1400000","141603","0.101145","72","109"
"26","10","5","20","20","74","7400000","443702","0.05995972972972973","26","34"
"27","10","5","20","20","52","5200000","309986","0.05961269230769231","5","6"
"28","10","5","20","20","15","1500000","148538","0.09902533333333334","61","90"
"26","10","5","20","20","75","7500000","447107","0.059614266666666665","20","45"
"27","10","5","20","20","53","5300000","311415","0.05875754716981132","5","9"
"26","10","5","20","20","76","7600000","450772","0.059312105263157895","23","48"
"28","10","5","20","20","16","1600000","155001","0.096875625","59","86"
"27","10","5","20","20","54","5400000","313106","0.05798259259259259","5","10"
"26","10","5","20","20","77","7700000","454526","0.05902935064935065","27","48"
"28","10","5","20","20","17","1700000","161823","0.09519","67","98"
"27","10","5","20","20","55","5500000","314929","0.05725981818181818","5","5"
"26","10","5","20","20","78","7800000","458777","0.058817564102564106","27","53"
"27","10","5","20","20","56","5600000","316599","0.05653553571428571","5","9"
"28","10","5","20","20","18","1800000","168585","0.09365833333333333","61","88"
"26","10","5","20","20","79","7900000","463027","0.05861101265822785","23","45"
"27","10","5","20","20","57","5700000","318086","0.05580456140350877","5","8"
"28","10","5","20","20","19","1900000","175773","0.0925121052631579","60","105"
"26","10","5","20","20","80","8000000","466736","0.058342","23","35"
"27","10","5","20","20","58","5800000","319470","0.05508103448275862","5","5"
"28","10","5","20","20","20","2000000","183298","0.091649","58","106"
"27","10","5","20","20","59","5900000","320916","0.05439254237288135","5","9"
"26","10","5","20","20","81","8100000","470943","0.05814111111111111","20","38"
"28","10","5","20","20","21","2100000","190700","0.09080952380952381","61","98"
"27","10","5","20","20","60","6000000","322537","0.05375616666666667","5","7"
"26","10","5","20","20","82","8200000","475204","0.05795170731707317","20","46"
"28","10","5","20","20","22","2200000","198321","0.0901459090909091","53","99"
"27","10","5","20","20","61","6100000","324032","0.05312","5","10"
"26","10","5","20","20","83","8300000","479474","0.057767951807228914","22","40"
"28","10","5","20","20","23","2300000","206525","0.08979347826086957","44","90"
"27","10","5","20","20","62","6200000","325641","0.05252274193548387","5","5"
"26","10","5","20","20","84","8400000","483959","0.05761416666666667","20","38"
"28","10","5","20","20","24","2400000","214091","0.08920458333333334","38","72"
"27","10","5","20","20","63","6300000","327360","0.051961904761904765","5","7"
"26","10","5","20","20","85","8500000","488406","0.05745952941176471","18","31"
"28","10","5","20","20","25","2500000","221295","0.088518","34","71"
"27","10","5","20","20","64","6400000","328909","0.05139203125","5","6"
"26","10","5","20","20","86","8600000","492215","0.057234302325581396","15","22"
"27","10","5","20","20","65","6500000","330597","0.050861076923076926","5","6"
"28","10","5","20","20","26","2600000","227759","0.08759961538461539","28","65"
"26","10","5","20","20","87","8700000","495874","0.056997011494252875","15","24"
"27","10","5","20","20","66","6600000","332101","0.05031833333333333","5","6"
"28","10","5","20","20","27","2700000","234159","0.08672555555555556","22","51"
"26","10","5","20","20","88","8800000","499276","0.056735909090909094","15","21"
"27","10","5","20","20","67","6700000","333511","0.04977776119402985","5","6"
"28","10","5","20","20","28","2800000","240005","0.08571607142857143","21","51"
"26","10","5","20","20","89","8900000","502829","0.056497640449438204","15","25"
"27","10","5","20","20","68","6800000","334844","0.04924176470588235","5","6"
"28","10","5","20","20","29","2900000","245131","0.08452793103448276","17","40"
"26","10","5","20","20","90","9000000","506046","0.05622733333333333","13","27"
"27","10","5","20","20","69","6900000","336242","0.04873072463768116","5","6"
"28","10","5","20","20","30","3000000","250340","0.08344666666666667","17","42"
"26","10","5","20","20","91","9100000","509211","0.055957252747252745","12","19"
"27","10","5","20","20","70","7000000","337456","0.048208","5","7"
"28","10","5","20","20","31","3100000","254984","0.08225290322580645","13","41"
"26","10","5","20","20","92","9200000","512607","0.055718152173913044","11","15"
"27","10","5","20","20","71","7100000","338883","0.04773","5","5"
"26","10","5","20","20","93","9300000","515726","0.055454408602150534","13","19"
"28","10","5","20","20","32","3200000","259414","0.081066875","14","27"
"27","10","5","20","20","72","7200000","340593","0.04730458333333333","5","8"
"26","10","5","20","20","94","9400000","518712","0.05518212765957447","13","20"
"28","10","5","20","20","33","3300000","264077","0.08002333333333334","16","40"
"27","10","5","20","20","73","7300000","342493","0.046916849315068496","5","8"
"26","10","5","20","20","95","9500000","521932","0.05494021052631579","13","25"
"28","10","5","20","20","34","3400000","268815","0.07906323529411764","14","28"
"27","10","5","20","20","74","7400000","344336","0.04653189189189189","5","6"
"26","10","5","20","20","96","9600000","525067","0.054694479166666664","12","22"
"28","10","5","20","20","35","3500000","273275","0.07807857142857143","15","24"
"27","10","5","20","20","75","7500000","346127","0.04615026666666667","5","7"
"26","10","5","20","20","97","9700000","528068","0.05444","12","20"
"28","10","5","20","20","36","3600000","277341","0.07703916666666667","14","25"
"27","10","5","20","20","76","7600000","348185","0.04581381578947368","5","8"
"26","10","5","20","20","98","9800000","531284","0.05421265306122449","12","19"
"28","10","5","20","20","37","3700000","281391","0.07605162162162162","14","27"
"27","10","5","20","20","77","7700000","349762","0.04542363636363636","5","6"
"26","10","5","20","20","99","9900000","534387","0.053978484848484845","11","17"
"27","10","5","20","20","78","7800000","351417","0.045053461538461535","5","10"
"28","10","5","20","20","38","3800000","285466","0.07512263157894737","11","16"
"26","10","5","20","20","100","10000000","536859","0.0536859","12","16"
"27","10","5","20","20","79","7900000","352874","0.04466759493670886","5","7"
"28","10","5","20","20","39","3900000","289537","0.07424025641025642","11","23"
"26","10","5","20","20","101","10100000","539253","0.05339138613861386","11","15"
"27","10","5","20","20","80","8000000","354256","0.044282","5","8"
"28","10","5","20","20","40","4000000","293236","0.073309","9","23"
"26","10","5","20","20","102","10200000","541593","0.05309735294117647","10","16"
"27","10","5","20","20","81","8100000","355696","0.04391308641975308","5","8"
"28","10","5","20","20","41","4100000","296774","0.07238390243902439","9","20"
"26","10","5","20","20","103","10300000","543852","0.05280116504854369","10","12"
"27","10","5","20","20","82","8200000","356811","0.04351353658536585","4","5"
"28","10","5","20","20","42","4200000","300368","0.07151619047619047","7","13"
"26","10","5","20","20","104","10400000","546123","0.052511826923076925","10","17"
"27","10","5","20","20","83","8300000","357765","0.04310421686746988","4","4"
"28","10","5","20","20","43","4300000","303459","0.07057186046511628","6","6"
"26","10","5","20","20","105","10500000","548488","0.052236952380952384","10","15"
"27","10","5","20","20","84","8400000","358678","0.04269976190476191","4","6"
"28","10","5","20","20","44","4400000","306268","0.06960636363636363","6","10"
"26","10","5","20","20","106","10600000","550495","0.051933490566037736","10","12"
"27","10","5","20","20","85","8500000","359687","0.042316117647058824","4","5"
"28","10","5","20","20","45","4500000","308856","0.06863466666666666","5","13"
"27","10","5","20","20","86","8600000","360843","0.041958488372093025","4","5"
"26","10","5","20","20","107","10700000","552677","0.051652056074766355","11","15"
"28","10","5","20","20","46","4600000","311467","0.06771021739130435","5","7"
"27","10","5","20","20","87","8700000","361561","0.04155873563218391","4","7"
"26","10","5","20","20","108","10800000","554662","0.051357592592592594","10","15"
"28","10","5","20","20","47","4700000","314073","0.06682404255319149","5","6"
"27","10","5","20","20","88","8800000","362318","0.0411725","4","7"
"26","10","5","20","20","109","10900000","556171","0.0510248623853211","9","13"
"28","10","5","20","20","48","4800000","316590","0.06595625","5","7"
"27","10","5","20","20","89","8900000","362965","0.04078258426966292","4","5"
"26","10","5","20","20","110","11000000","557557","0.050687","9","11"
"28","10","5","20","20","49","4900000","318366","0.06497265306122449","4","10"
"27","10","5","20","20","90","9000000","363343","0.040371444444444446","4","6"
"26","10","5","20","20","111","11100000","558733","0.050336306306306304","9","12"
"28","10","5","20","20","50","5000000","319781","0.0639562","4","9"
"27","10","5","20","20","91","9100000","363490","0.03994395604395604","3","3"
"29","10","5","20","20","0","0","0","0","896","900"
"26","10","5","20","20","112","11200000","559614","0.04996553571428571","8","12"
"28","10","5","20","20","51","5100000","321097","0.06296019607843137","4","4"
"26","10","5","20","20","113","11300000","560346","0.049588141592920354","6","6"
"29","10","5","20","20","1","100000","9098","0.09098","429","451"
"28","10","5","20","20","52","5200000","322543","0.0620275","4","5"
"26","10","5","20","20","114","11400000","560524","0.049168771929824565","5","5"
"30","10","5","20","20","0","0","0","0","898","900"
"29","10","5","20","20","2","200000","19463","0.097315","285","309"
"28","10","5","20","20","53","5300000","323786","0.06109169811320755","3","5"
"30","10","5","20","20","1","100000","8334","0.08334","483","507"
"29","10","5","20","20","3","300000","30506","0.10168666666666666","256","307"
"28","10","5","20","20","54","5400000","325060","0.060196296296296296","3","4"
"30","10","5","20","20","2","200000","18559","0.092795","340","386"
"29","10","5","20","20","4","400000","42026","0.105065","236","280"
"28","10","5","20","20","55","5500000","326362","0.059338545454545456","3","4"
"30","10","5","20","20","3","300000","30958","0.10319333333333333","283","321"
"29","10","5","20","20","5","500000","53706","0.107412","188","233"
"28","10","5","20","20","56","5600000","327527","0.05848696428571429","3","6"
"30","10","5","20","20","4","400000","43207","0.1080175","224","281"
"28","10","5","20","20","57","5700000","328363","0.05760754385964912","2","2"
"29","10","5","20","20","6","600000","65187","0.108645","156","223"
"30","10","5","20","20","5","500000","54293","0.108586","161","219"
"28","10","5","20","20","58","5800000","329106","0.05674241379310345","2","2"
"29","10","5","20","20","7","700000","76198","0.10885428571428571","128","181"
"28","10","5","20","20","59","5900000","329905","0.05591610169491525","2","5"
"30","10","5","20","20","6","600000","65208","0.10868","136","188"
"29","10","5","20","20","8","800000","86564","0.108205","99","154"
"28","10","5","20","20","60","6000000","330629","0.05510483333333333","2","3"
"30","10","5","20","20","7","700000","75094","0.10727714285714286","112","154"
"29","10","5","20","20","9","900000","96192","0.10688","98","139"
"28","10","5","20","20","61","6100000","331168","0.05428983606557377","2","3"
"30","10","5","20","20","8","800000","84126","0.1051575","107","153"
"29","10","5","20","20","10","1000000","104683","0.104683","84","130"
"28","10","5","20","20","62","6200000","331847","0.05352370967741935","2","3"
"30","10","5","20","20","9","900000","92534","0.10281555555555555","85","139"
"29","10","5","20","20","11","1100000","112309","0.1020990909090909","66","87"
"28","10","5","20","20","63","6300000","332458","0.05277111111111111","2","2"
"30","10","5","20","20","10","1000000","100684","0.100684","73","105"
"29","10","5","20","20","12","1200000","119913","0.0999275","60","103"
"28","10","5","20","20","64","6400000","333369","0.05208890625","2","5"
"30","10","5","20","20","11","1100000","108054","0.09823090909090909","69","101"
"29","10","5","20","20","13","1300000","126628","0.09740615384615385","57","86"
"28","10","5","20","20","65","6500000","333985","0.05138230769230769","2","3"
"30","10","5","20","20","12","1200000","115459","0.09621583333333333","71","106"
"29","10","5","20","20","14","1400000","133148","0.09510571428571428","43","79"
"28","10","5","20","20","66","6600000","334609","0.05069833333333333","2","4"
"30","10","5","20","20","13","1300000","122386","0.09414307692307693","69","97"
"28","10","5","20","20","67","6700000","335301","0.050044925373134326","2","3"
"29","10","5","20","20","15","1500000","139599","0.093066","42","76"
"30","10","5","20","20","14","1400000","129448","0.09246285714285714","61","103"
"28","10","5","20","20","68","6800000","335812","0.04938411764705882","2","2"
"29","10","5","20","20","16","1600000","145322","0.09082625","39","72"
"28","10","5","20","20","69","6900000","336281","0.0487363768115942","2","4"
"30","10","5","20","20","15","1500000","136591","0.09106066666666666","60","101"
"29","10","5","20","20","17","1700000","150618","0.08859882352941177","29","48"
"28","10","5","20","20","70","7000000","336826","0.048118","2","3"
"30","10","5","20","20","16","1600000","144036","0.0900225","71","107"
"29","10","5","20","20","18","1800000","155769","0.08653833333333333","30","53"
"28","10","5","20","20","71","7100000","337135","0.047483802816901406","2","3"
"30","10","5","20","20","17","1700000","151889","0.08934647058823529","65","104"
"29","10","5","20","20","19","1900000","161132","0.08480631578947369","24","47"
"28","10","5","20","20","72","7200000","337173","0.046829583333333334","1","1"
"30","10","5","20","20","18","1800000","159344","0.08852444444444445","58","85"
"29","10","5","20","20","20","2000000","165553","0.0827765","22","43"
"30","10","5","20","20","19","1900000","166444","0.0876021052631579","61","104"
"29","10","5","20","20","21","2100000","169537","0.08073190476190477","22","43"
"29","10","5","20","20","22","2200000","173582","0.07890090909090909","20","43"
"30","10","5","20","20","20","2000000","173101","0.0865505","57","86"
"29","10","5","20","20","23","2300000","177650","0.0772391304347826","18","31"
"30","10","5","20","20","21","2100000","179426","0.08544095238095238","51","74"
"29","10","5","20","20","24","2400000","181079","0.07544958333333333","16","28"
"30","10","5","20","20","22","2200000","185900","0.0845","50","76"
"29","10","5","20","20","25","2500000","183950","0.07358","13","29"
"30","10","5","20","20","23","2300000","192068","0.08350782608695652","40","62"
"29","10","5","20","20","26","2600000","186919","0.07189192307692308","16","24"
"30","10","5","20","20","24","2400000","197823","0.08242625","41","64"
"29","10","5","20","20","27","2700000","189813","0.0703011111111111","13","19"
"30","10","5","20","20","25","2500000","203687","0.0814748","36","56"
"29","10","5","20","20","28","2800000","192158","0.06862785714285714","17","20"
"30","10","5","20","20","26","2600000","208691","0.08026576923076922","31","49"
"29","10","5","20","20","29","2900000","194387","0.06703","13","24"
"30","10","5","20","20","27","2700000","213246","0.07898","30","47"
"29","10","5","20","20","30","3000000","196800","0.0656","14","23"
"30","10","5","20","20","28","2800000","217462","0.077665","29","45"
"29","10","5","20","20","31","3100000","198957","0.06417967741935483","14","22"
"30","10","5","20","20","29","2900000","221813","0.07648724137931034","25","46"
"29","10","5","20","20","32","3200000","201056","0.06283","14","23"
"30","10","5","20","20","30","3000000","225930","0.07531","23","42"
"29","10","5","20","20","33","3300000","203029","0.061523939393939395","12","19"
"30","10","5","20","20","31","3100000","229828","0.07413806451612903","23","50"
"29","10","5","20","20","34","3400000","204891","0.06026205882352941","10","10"
"30","10","5","20","20","32","3200000","233527","0.0729771875","18","40"
"29","10","5","20","20","35","3500000","206101","0.058886","7","10"
"30","10","5","20","20","33","3300000","237075","0.0718409090909091","17","37"
"29","10","5","20","20","36","3600000","207171","0.0575475","7","12"
"30","10","5","20","20","34","3400000","240378","0.07069941176470589","18","33"
"29","10","5","20","20","37","3700000","208056","0.05623135135135135","7","7"
"30","10","5","20","20","35","3500000","243395","0.06954142857142857","19","36"
"29","10","5","20","20","38","3800000","208909","0.054976052631578946","7","8"
"30","10","5","20","20","36","3600000","246496","0.06847111111111111","23","44"
"29","10","5","20","20","39","3900000","209787","0.05379153846153846","7","7"
"30","10","5","20","20","37","3700000","249350","0.06739189189189189","20","36"
"29","10","5","20","20","40","4000000","210784","0.052696","7","7"
"30","10","5","20","20","38","3800000","252205","0.06636973684210526","19","40"
"29","10","5","20","20","41","4100000","211650","0.05162195121951219","7","7"
"30","10","5","20","20","39","3900000","255266","0.06545282051282052","21","40"
"29","10","5","20","20","42","4200000","212611","0.05062166666666667","7","10"
"30","10","5","20","20","40","4000000","258313","0.06457825","20","35"
"29","10","5","20","20","43","4300000","213251","0.04959325581395349","7","8"
"30","10","5","20","20","41","4100000","261185","0.06370365853658537","20","34"
"29","10","5","20","20","44","4400000","213859","0.04860431818181818","6","7"
"30","10","5","20","20","42","4200000","263899","0.06283309523809524","18","23"
"29","10","5","20","20","45","4500000","214296","0.047621333333333335","6","6"
"30","10","5","20","20","43","4300000","266406","0.061954883720930234","18","27"
"29","10","5","20","20","46","4600000","214669","0.04666717391304348","6","6"
"30","10","5","20","20","44","4400000","269096","0.06115818181818182","16","28"
"29","10","5","20","20","47","4700000","215043","0.045753829787234045","6","6"
"30","10","5","20","20","45","4500000","271580","0.06035111111111111","15","22"
"29","10","5","20","20","48","4800000","215381","0.04487104166666667","6","6"
"30","10","5","20","20","46","4600000","274038","0.05957347826086957","10","13"
"29","10","5","20","20","49","4900000","215712","0.04402285714285714","6","6"
"30","10","5","20","20","47","4700000","276234","0.0587731914893617","10","16"
"29","10","5","20","20","50","5000000","216042","0.0432084","6","8"
"29","10","5","20","20","51","5100000","216114","0.04237529411764706","5","5"
"30","10","5","20","20","48","4800000","278519","0.058024791666666665","10","14"
"30","10","5","20","20","49","4900000","280740","0.05729387755102041","9","11"
"30","10","5","20","20","50","5000000","282738","0.0565476","9","12"
"30","10","5","20","20","51","5100000","284332","0.05575137254901961","8","11"
"30","10","5","20","20","52","5200000","285528","0.05490923076923077","8","10"
"30","10","5","20","20","53","5300000","286491","0.05405490566037736","7","8"
"30","10","5","20","20","54","5400000","287495","0.053239814814814816","7","9"
"30","10","5","20","20","55","5500000","288588","0.05247054545454546","7","8"
"30","10","5","20","20","56","5600000","289678","0.05172821428571429","7","12"
"30","10","5","20","20","57","5700000","290693","0.05099877192982456","7","9"
"30","10","5","20","20","58","5800000","291576","0.05027172413793103","7","7"
"30","10","5","20","20","59","5900000","292427","0.049563898305084744","7","11"
"30","10","5","20","20","60","6000000","293428","0.048904666666666666","7","9"
"30","10","5","20","20","61","6100000","294374","0.048258032786885244","7","8"
"30","10","5","20","20","62","6200000","295191","0.04761145161290323","7","9"
"30","10","5","20","20","63","6300000","295981","0.04698111111111111","7","7"
"30","10","5","20","20","64","6400000","296785","0.04637265625","7","7"
"30","10","5","20","20","65","6500000","297366","0.04574861538461539","7","8"
"30","10","5","20","20","66","6600000","297866","0.04513121212121212","7","7"
"30","10","5","20","20","67","6700000","298128","0.04449671641791045","7","9"
"30","10","5","20","20","68","6800000","298166","0.04384794117647059","6","6"
