"BehaviorSpace results (NetLogo 7.0.3)","Table version 2.0"
"week3.nlogox"
"stubborn_sweep"
"03/22/2026 11:01:42:953 +0530"
"min-pxcor","max-pxcor","min-pycor","max-pycor"
"0","9","0","9"
"[run number]","epsilon","Q","max-ticks","use-stubborn?","stability-window","F","alpha","stubborn-fraction","grid-size","[step]","interaction-rate","number-of-regions","unique-cultures","active-links","event-count","interaction-count"
"2","0.002","10","35000000","true","10","5","0","0.1","5","0","0","25","25","15","0","0"
"3","0.002","10","35000000","true","10","5","0","0.1","5","0","0","25","25","19","0","0"
"1","0.002","10","35000000","true","10","5","0","0.1","5","0","0","25","25","13","0","0"
"2","0.002","10","35000000","true","10","5","0","0.1","5","1","0.00438","6","6","0","100000","438"
"3","0.002","10","35000000","true","10","5","0","0.1","5","1","0.00241","4","4","0","100000","241"
"1","0.002","10","35000000","true","10","5","0","0.1","5","1","0.00895","10","10","3","100000","895"
"2","0.002","10","35000000","true","10","5","0","0.1","5","2","0.00219","6","6","0","200000","438"
"3","0.002","10","35000000","true","10","5","0","0.1","5","2","0.001205","4","4","0","200000","241"
"1","0.002","10","35000000","true","10","5","0","0.1","5","2","0.00608","9","9","1","200000","1216"
"2","0.002","10","35000000","true","10","5","0","0.1","5","3","0.00146","6","6","0","300000","438"
"1","0.002","10","35000000","true","10","5","0","0.1","5","3","0.005846666666666667","9","9","1","300000","1754"
"3","0.002","10","35000000","true","10","5","0","0.1","5","3","8.033333333333333E-4","4","4","0","300000","241"
"2","0.002","10","35000000","true","10","5","0","0.1","5","4","0.001095","6","6","0","400000","438"
"2","0.002","10","35000000","true","10","5","0","0.1","5","5","8.76E-4","6","6","0","500000","438"
"1","0.002","10","35000000","true","10","5","0","0.1","5","4","0.00603","9","9","1","400000","2412"
"3","0.002","10","35000000","true","10","5","0","0.1","5","4","6.025E-4","4","4","0","400000","241"
"2","0.002","10","35000000","true","10","5","0","0.1","5","6","7.3E-4","6","6","0","600000","438"
"1","0.002","10","35000000","true","10","5","0","0.1","5","5","0.00605","11","11","5","500000","3025"
"3","0.002","10","35000000","true","10","5","0","0.1","5","5","4.82E-4","4","4","0","500000","241"
"2","0.002","10","35000000","true","10","5","0","0.1","5","7","6.257142857142858E-4","6","6","0","700000","438"
"1","0.002","10","35000000","true","10","5","0","0.1","5","6","0.0057","9","9","1","600000","3420"
"3","0.002","10","35000000","true","10","5","0","0.1","5","6","4.0166666666666665E-4","4","4","0","600000","241"
"2","0.002","10","35000000","true","10","5","0","0.1","5","8","5.475E-4","6","6","0","800000","438"
"1","0.002","10","35000000","true","10","5","0","0.1","5","7","0.005622857142857143","9","9","1","700000","3936"
"3","0.002","10","35000000","true","10","5","0","0.1","5","7","3.442857142857143E-4","4","4","0","700000","241"
"2","0.002","10","35000000","true","10","5","0","0.1","5","9","4.8666666666666666E-4","6","6","0","900000","438"
"1","0.002","10","35000000","true","10","5","0","0.1","5","8","0.00527","9","9","1","800000","4216"
"3","0.002","10","35000000","true","10","5","0","0.1","5","8","3.0125E-4","4","4","0","800000","241"
"1","0.002","10","35000000","true","10","5","0","0.1","5","9","0.005004444444444444","9","9","1","900000","4504"
"2","0.002","10","35000000","true","10","5","0","0.1","5","10","4.38E-4","6","6","0","1000000","438"
"3","0.002","10","35000000","true","10","5","0","0.1","5","9","2.6777777777777775E-4","4","4","0","900000","241"
"2","0.002","10","35000000","true","10","5","0","0.1","5","11","3.981818181818182E-4","6","6","0","1100000","438"
"3","0.002","10","35000000","true","10","5","0","0.1","5","10","2.41E-4","4","4","0","1000000","241"
"1","0.002","10","35000000","true","10","5","0","0.1","5","10","0.005198","10","10","5","1000000","5198"
"2","0.002","10","35000000","true","10","5","0","0.1","5","12","3.65E-4","6","6","0","1200000","438"
"3","0.002","10","35000000","true","10","5","0","0.1","5","11","2.190909090909091E-4","4","4","0","1100000","241"
"1","0.002","10","35000000","true","10","5","0","0.1","5","11","0.0051309090909090905","9","9","1","1100000","5644"
"2","0.002","10","35000000","true","10","5","0","0.1","5","13","3.3692307692307694E-4","6","6","0","1300000","438"
"4","0.002","10","35000000","true","10","5","0","0.1","5","0","0","25","25","14","0","0"
"3","0.002","10","35000000","true","10","5","0","0.1","5","12","2.0083333333333333E-4","4","4","0","1200000","241"
"5","0.002","10","35000000","true","10","5","0","0.1","5","0","0","25","25","17","0","0"
"1","0.002","10","35000000","true","10","5","0","0.1","5","12","0.005345","9","9","1","1200000","6414"
"5","0.002","10","35000000","true","10","5","0","0.1","5","1","0.01258","4","4","0","100000","1258"
"4","0.002","10","35000000","true","10","5","0","0.1","5","1","0.06716","11","11","17","100000","6716"
"1","0.002","10","35000000","true","10","5","0","0.1","5","13","0.005310769230769231","9","9","1","1300000","6904"
"5","0.002","10","35000000","true","10","5","0","0.1","5","2","0.00629","4","4","0","200000","1258"
"6","0.002","10","35000000","true","10","5","0","0.1","5","0","0","25","24","19","0","0"
"4","0.002","10","35000000","true","10","5","0","0.1","5","2","0.064245","10","10","17","200000","12849"
"5","0.002","10","35000000","true","10","5","0","0.1","5","3","0.004193333333333334","4","4","0","300000","1258"
"6","0.002","10","35000000","true","10","5","0","0.1","5","1","0.08429","14","13","25","100000","8429"
"4","0.002","10","35000000","true","10","5","0","0.1","5","3","0.06500333333333333","9","9","11","300000","19501"
"5","0.002","10","35000000","true","10","5","0","0.1","5","4","0.003145","4","4","0","400000","1258"
"4","0.002","10","35000000","true","10","5","0","0.1","5","4","0.0648375","11","11","16","400000","25935"
"6","0.002","10","35000000","true","10","5","0","0.1","5","2","0.08506","13","13","23","200000","17012"
"5","0.002","10","35000000","true","10","5","0","0.1","5","5","0.002516","4","4","0","500000","1258"
"4","0.002","10","35000000","true","10","5","0","0.1","5","5","0.063814","8","8","10","500000","31907"
"5","0.002","10","35000000","true","10","5","0","0.1","5","6","0.002096666666666667","4","4","0","600000","1258"
"6","0.002","10","35000000","true","10","5","0","0.1","5","3","0.08438333333333334","13","13","25","300000","25315"
"5","0.002","10","35000000","true","10","5","0","0.1","5","7","0.0017971428571428572","4","4","0","700000","1258"
"4","0.002","10","35000000","true","10","5","0","0.1","5","6","0.06398833333333333","8","8","12","600000","38393"
"6","0.002","10","35000000","true","10","5","0","0.1","5","4","0.085215","10","10","20","400000","34086"
"5","0.002","10","35000000","true","10","5","0","0.1","5","8","0.0015725","4","4","0","800000","1258"
"4","0.002","10","35000000","true","10","5","0","0.1","5","7","0.06501285714285714","12","11","18","700000","45509"
"6","0.002","10","35000000","true","10","5","0","0.1","5","5","0.085998","8","8","14","500000","42999"
"5","0.002","10","35000000","true","10","5","0","0.1","5","9","0.0013977777777777777","4","4","0","900000","1258"
"4","0.002","10","35000000","true","10","5","0","0.1","5","8","0.06495375","9","9","13","800000","51963"
"5","0.002","10","35000000","true","10","5","0","0.1","5","10","0.001258","4","4","0","1000000","1258"
"6","0.002","10","35000000","true","10","5","0","0.1","5","6","0.08364","11","11","23","600000","50184"
"4","0.002","10","35000000","true","10","5","0","0.1","5","9","0.06592333333333333","11","10","19","900000","59331"
"5","0.002","10","35000000","true","10","5","0","0.1","5","11","0.0011436363636363636","4","4","0","1100000","1258"
"6","0.002","10","35000000","true","10","5","0","0.1","5","7","0.08407571428571428","15","14","27","700000","58853"
"5","0.002","10","35000000","true","10","5","0","0.1","5","12","0.0010483333333333334","4","4","0","1200000","1258"
"4","0.002","10","35000000","true","10","5","0","0.1","5","10","0.066565","10","9","16","1000000","66565"
"5","0.002","10","35000000","true","10","5","0","0.1","5","13","9.676923076923076E-4","4","4","0","1300000","1258"
"6","0.002","10","35000000","true","10","5","0","0.1","5","8","0.0833875","8","8","16","800000","66710"
"4","0.002","10","35000000","true","10","5","0","0.1","5","11","0.06703909090909091","7","7","9","1100000","73743"
"5","0.002","10","35000000","true","10","5","0","0.1","5","14","8.985714285714286E-4","4","4","0","1400000","1258"
"7","0.002","10","35000000","true","10","5","0","0.1","5","0","0","25","25","18","0","0"
"6","0.002","10","35000000","true","10","5","0","0.1","5","9","0.08399777777777778","10","10","21","900000","75598"
"4","0.002","10","35000000","true","10","5","0","0.1","5","12","0.06729333333333333","10","10","12","1200000","80752"
"7","0.002","10","35000000","true","10","5","0","0.1","5","1","0.01922","9","9","6","100000","1922"
"4","0.002","10","35000000","true","10","5","0","0.1","5","13","0.06720384615384616","8","7","13","1300000","87365"
"8","0.002","10","35000000","true","10","5","0","0.1","5","0","0","25","24","13","0","0"
"6","0.002","10","35000000","true","10","5","0","0.1","5","10","0.084417","12","10","23","1000000","84417"
"7","0.002","10","35000000","true","10","5","0","0.1","5","2","0.02017","7","7","3","200000","4034"
"8","0.002","10","35000000","true","10","5","0","0.1","5","1","0.00284","9","9","0","100000","284"
"7","0.002","10","35000000","true","10","5","0","0.1","5","3","0.01974","8","8","4","300000","5922"
"6","0.002","10","35000000","true","10","5","0","0.1","5","11","0.08410818181818182","9","9","16","1100000","92519"
"8","0.002","10","35000000","true","10","5","0","0.1","5","2","0.00142","9","9","0","200000","284"
"8","0.002","10","35000000","true","10","5","0","0.1","5","3","9.466666666666666E-4","9","9","0","300000","284"
"7","0.002","10","35000000","true","10","5","0","0.1","5","4","0.0196125","9","9","5","400000","7845"
"6","0.002","10","35000000","true","10","5","0","0.1","5","12","0.083465","8","8","15","1200000","100158"
"8","0.002","10","35000000","true","10","5","0","0.1","5","4","7.1E-4","9","9","0","400000","284"
"7","0.002","10","35000000","true","10","5","0","0.1","5","5","0.01926","10","9","8","500000","9630"
"8","0.002","10","35000000","true","10","5","0","0.1","5","5","5.68E-4","9","9","0","500000","284"
"6","0.002","10","35000000","true","10","5","0","0.1","5","13","0.08400846153846153","11","10","21","1300000","109211"
"7","0.002","10","35000000","true","10","5","0","0.1","5","6","0.01922","7","7","3","600000","11532"
"8","0.002","10","35000000","true","10","5","0","0.1","5","6","4.733333333333333E-4","9","9","0","600000","284"
"7","0.002","10","35000000","true","10","5","0","0.1","5","7","0.019192857142857143","12","12","11","700000","13435"
"6","0.002","10","35000000","true","10","5","0","0.1","5","14","0.08399857142857142","12","12","22","1400000","117598"
"8","0.002","10","35000000","true","10","5","0","0.1","5","7","4.057142857142857E-4","9","9","0","700000","284"
"7","0.002","10","35000000","true","10","5","0","0.1","5","8","0.019275","11","11","9","800000","15420"
"8","0.002","10","35000000","true","10","5","0","0.1","5","8","3.55E-4","9","9","0","800000","284"
"6","0.002","10","35000000","true","10","5","0","0.1","5","15","0.083906","11","11","22","1500000","125859"
"8","0.002","10","35000000","true","10","5","0","0.1","5","9","3.155555555555556E-4","9","9","0","900000","284"
"7","0.002","10","35000000","true","10","5","0","0.1","5","9","0.019188888888888887","7","7","3","900000","17270"
"6","0.002","10","35000000","true","10","5","0","0.1","5","16","0.083709375","10","10","17","1600000","133935"
"8","0.002","10","35000000","true","10","5","0","0.1","5","10","2.84E-4","9","9","0","1000000","284"
"7","0.002","10","35000000","true","10","5","0","0.1","5","10","0.019405","12","11","11","1000000","19405"
"8","0.002","10","35000000","true","10","5","0","0.1","5","11","2.581818181818182E-4","9","9","0","1100000","284"
"6","0.002","10","35000000","true","10","5","0","0.1","5","17","0.08326823529411764","12","12","21","1700000","141556"
"7","0.002","10","35000000","true","10","5","0","0.1","5","11","0.019493636363636362","11","10","9","1100000","21443"
"8","0.002","10","35000000","true","10","5","0","0.1","5","12","2.3666666666666665E-4","9","9","0","1200000","284"
"10","0.002","10","35000000","true","10","5","0","0.1","5","0","0","25","25","19","0","0"
"9","0.002","10","35000000","true","10","5","0","0.1","5","0","0","25","25","13","0","0"
"7","0.002","10","35000000","true","10","5","0","0.1","5","12","0.019451666666666666","9","9","6","1200000","23342"
"11","0.002","10","35000000","true","10","5","0","0.1","5","0","0","25","25","16","0","0"
"10","0.002","10","35000000","true","10","5","0","0.1","5","1","0.00383","4","4","0","100000","383"
"9","0.002","10","35000000","true","10","5","0","0.1","5","1","0.00261","5","5","0","100000","261"
"11","0.002","10","35000000","true","10","5","0","0.1","5","1","0.00433","6","6","0","100000","433"
"9","0.002","10","35000000","true","10","5","0","0.1","5","2","0.001305","5","5","0","200000","261"
"10","0.002","10","35000000","true","10","5","0","0.1","5","2","0.001915","4","4","0","200000","383"
"11","0.002","10","35000000","true","10","5","0","0.1","5","2","0.002165","6","6","0","200000","433"
"9","0.002","10","35000000","true","10","5","0","0.1","5","3","8.7E-4","5","5","0","300000","261"
"10","0.002","10","35000000","true","10","5","0","0.1","5","3","0.0012766666666666666","4","4","0","300000","383"
"11","0.002","10","35000000","true","10","5","0","0.1","5","3","0.0014433333333333334","6","6","0","300000","433"
"9","0.002","10","35000000","true","10","5","0","0.1","5","4","6.525E-4","5","5","0","400000","261"
"10","0.002","10","35000000","true","10","5","0","0.1","5","4","9.575E-4","4","4","0","400000","383"
"11","0.002","10","35000000","true","10","5","0","0.1","5","4","0.0010825","6","6","0","400000","433"
"9","0.002","10","35000000","true","10","5","0","0.1","5","5","5.22E-4","5","5","0","500000","261"
"10","0.002","10","35000000","true","10","5","0","0.1","5","5","7.66E-4","4","4","0","500000","383"
"11","0.002","10","35000000","true","10","5","0","0.1","5","5","8.66E-4","6","6","0","500000","433"
"10","0.002","10","35000000","true","10","5","0","0.1","5","6","6.383333333333333E-4","4","4","0","600000","383"
"9","0.002","10","35000000","true","10","5","0","0.1","5","6","4.35E-4","5","5","0","600000","261"
"11","0.002","10","35000000","true","10","5","0","0.1","5","6","7.216666666666667E-4","6","6","0","600000","433"
"9","0.002","10","35000000","true","10","5","0","0.1","5","7","3.728571428571429E-4","5","5","0","700000","261"
"10","0.002","10","35000000","true","10","5","0","0.1","5","7","5.471428571428572E-4","4","4","0","700000","383"
"11","0.002","10","35000000","true","10","5","0","0.1","5","7","6.185714285714286E-4","6","6","0","700000","433"
"9","0.002","10","35000000","true","10","5","0","0.1","5","8","3.2625E-4","5","5","0","800000","261"
"10","0.002","10","35000000","true","10","5","0","0.1","5","8","4.7875E-4","4","4","0","800000","383"
"11","0.002","10","35000000","true","10","5","0","0.1","5","8","5.4125E-4","6","6","0","800000","433"
"9","0.002","10","35000000","true","10","5","0","0.1","5","9","2.9E-4","5","5","0","900000","261"
"10","0.002","10","35000000","true","10","5","0","0.1","5","9","4.2555555555555554E-4","4","4","0","900000","383"
"11","0.002","10","35000000","true","10","5","0","0.1","5","9","4.811111111111111E-4","6","6","0","900000","433"
"9","0.002","10","35000000","true","10","5","0","0.1","5","10","2.61E-4","5","5","0","1000000","261"
"10","0.002","10","35000000","true","10","5","0","0.1","5","10","3.83E-4","4","4","0","1000000","383"
"11","0.002","10","35000000","true","10","5","0","0.1","5","10","4.33E-4","6","6","0","1000000","433"
"9","0.002","10","35000000","true","10","5","0","0.1","5","11","2.3727272727272727E-4","5","5","0","1100000","261"
"10","0.002","10","35000000","true","10","5","0","0.1","5","11","3.481818181818182E-4","4","4","0","1100000","383"
"11","0.002","10","35000000","true","10","5","0","0.1","5","11","3.9363636363636364E-4","6","6","0","1100000","433"
"9","0.002","10","35000000","true","10","5","0","0.1","5","12","2.175E-4","5","5","0","1200000","261"
"12","0.002","10","35000000","true","10","5","0","0.1","5","0","0","25","25","18","0","0"
"10","0.002","10","35000000","true","10","5","0","0.1","5","12","3.1916666666666665E-4","4","4","0","1200000","383"
"13","0.002","10","35000000","true","10","5","0","0.1","5","0","0","25","25","16","0","0"
"11","0.002","10","35000000","true","10","5","0","0.1","5","12","3.6083333333333334E-4","6","6","0","1200000","433"
"12","0.002","10","35000000","true","10","5","0","0.1","5","1","0.01839","2","2","0","100000","1839"
"13","0.002","10","35000000","true","10","5","0","0.1","5","1","0.01171","3","3","0","100000","1171"
"11","0.002","10","35000000","true","10","5","0","0.1","5","13","3.330769230769231E-4","6","6","0","1300000","433"
"14","0.002","10","35000000","true","10","5","0","0.1","5","0","0","25","25","18","0","0"
"12","0.002","10","35000000","true","10","5","0","0.1","5","2","0.009195","2","2","0","200000","1839"
"13","0.002","10","35000000","true","10","5","0","0.1","5","2","0.005855","3","3","0","200000","1171"
"14","0.002","10","35000000","true","10","5","0","0.1","5","1","0.06902","6","6","13","100000","6902"
"12","0.002","10","35000000","true","10","5","0","0.1","5","3","0.00613","2","2","0","300000","1839"
"13","0.002","10","35000000","true","10","5","0","0.1","5","3","0.0039033333333333333","3","3","0","300000","1171"
"14","0.002","10","35000000","true","10","5","0","0.1","5","2","0.07425","7","7","13","200000","14850"
"12","0.002","10","35000000","true","10","5","0","0.1","5","4","0.0045975","2","2","0","400000","1839"
"13","0.002","10","35000000","true","10","5","0","0.1","5","4","0.0029275","3","3","0","400000","1171"
"12","0.002","10","35000000","true","10","5","0","0.1","5","5","0.003678","2","2","0","500000","1839"
"14","0.002","10","35000000","true","10","5","0","0.1","5","3","0.07475333333333334","7","7","13","300000","22426"
"13","0.002","10","35000000","true","10","5","0","0.1","5","5","0.002342","3","3","0","500000","1171"
"12","0.002","10","35000000","true","10","5","0","0.1","5","6","0.003065","2","2","0","600000","1839"
"13","0.002","10","35000000","true","10","5","0","0.1","5","6","0.0019516666666666667","3","3","0","600000","1171"
"14","0.002","10","35000000","true","10","5","0","0.1","5","4","0.0763525","12","11","22","400000","30541"
"12","0.002","10","35000000","true","10","5","0","0.1","5","7","0.002627142857142857","2","2","0","700000","1839"
"13","0.002","10","35000000","true","10","5","0","0.1","5","7","0.0016728571428571428","3","3","0","700000","1171"
"14","0.002","10","35000000","true","10","5","0","0.1","5","5","0.076362","11","11","22","500000","38181"
"12","0.002","10","35000000","true","10","5","0","0.1","5","8","0.00229875","2","2","0","800000","1839"
"13","0.002","10","35000000","true","10","5","0","0.1","5","8","0.00146375","3","3","0","800000","1171"
"14","0.002","10","35000000","true","10","5","0","0.1","5","6","0.07684833333333334","7","6","13","600000","46109"
"13","0.002","10","35000000","true","10","5","0","0.1","5","9","0.0013011111111111112","3","3","0","900000","1171"
"12","0.002","10","35000000","true","10","5","0","0.1","5","9","0.002043333333333333","2","2","0","900000","1839"
"13","0.002","10","35000000","true","10","5","0","0.1","5","10","0.001171","3","3","0","1000000","1171"
"14","0.002","10","35000000","true","10","5","0","0.1","5","7","0.07606","6","6","11","700000","53242"
"12","0.002","10","35000000","true","10","5","0","0.1","5","10","0.001839","2","2","0","1000000","1839"
"13","0.002","10","35000000","true","10","5","0","0.1","5","11","0.0010645454545454545","3","3","0","1100000","1171"
"12","0.002","10","35000000","true","10","5","0","0.1","5","11","0.0016718181818181819","2","2","0","1100000","1839"
"14","0.002","10","35000000","true","10","5","0","0.1","5","8","0.0762525","6","6","12","800000","61002"
"13","0.002","10","35000000","true","10","5","0","0.1","5","12","9.758333333333333E-4","3","3","0","1200000","1171"
"12","0.002","10","35000000","true","10","5","0","0.1","5","12","0.0015325","2","2","0","1200000","1839"
"14","0.002","10","35000000","true","10","5","0","0.1","5","9","0.07673","10","9","20","900000","69057"
"13","0.002","10","35000000","true","10","5","0","0.1","5","13","9.007692307692308E-4","3","3","0","1300000","1171"
"15","0.002","10","35000000","true","10","5","0","0.1","5","0","0","25","25","14","0","0"
"12","0.002","10","35000000","true","10","5","0","0.1","5","13","0.0014146153846153846","2","2","0","1300000","1839"
"14","0.002","10","35000000","true","10","5","0","0.1","5","10","0.07703","8","8","14","1000000","77030"
"15","0.002","10","35000000","true","10","5","0","0.1","5","1","0.00615","4","4","0","100000","615"
"12","0.002","10","35000000","true","10","5","0","0.1","5","14","0.0013135714285714285","2","2","0","1400000","1839"
"16","0.002","10","35000000","true","10","5","0","0.1","5","0","0","25","25","22","0","0"
"15","0.002","10","35000000","true","10","5","0","0.1","5","2","0.003075","4","4","0","200000","615"
"14","0.002","10","35000000","true","10","5","0","0.1","5","11","0.07761818181818182","8","8","17","1100000","85380"
"16","0.002","10","35000000","true","10","5","0","0.1","5","1","0.0101","4","4","0","100000","1010"
"15","0.002","10","35000000","true","10","5","0","0.1","5","3","0.00205","4","4","0","300000","615"
"14","0.002","10","35000000","true","10","5","0","0.1","5","12","0.07760333333333333","12","10","23","1200000","93124"
"15","0.002","10","35000000","true","10","5","0","0.1","5","4","0.0015375","4","4","0","400000","615"
"16","0.002","10","35000000","true","10","5","0","0.1","5","2","0.00505","4","4","0","200000","1010"
"15","0.002","10","35000000","true","10","5","0","0.1","5","5","0.00123","4","4","0","500000","615"
"16","0.002","10","35000000","true","10","5","0","0.1","5","3","0.0033666666666666667","4","4","0","300000","1010"
"14","0.002","10","35000000","true","10","5","0","0.1","5","13","0.07691846153846153","5","5","8","1300000","99994"
"17","0.002","10","35000000","true","10","5","0","0.1","5","0","0","25","25","15","0","0"
"15","0.002","10","35000000","true","10","5","0","0.1","5","6","0.001025","4","4","0","600000","615"
"17","0.002","10","35000000","true","10","5","0","0.1","5","1","0.03607","11","11","11","100000","3607"
"16","0.002","10","35000000","true","10","5","0","0.1","5","4","0.002525","4","4","0","400000","1010"
"15","0.002","10","35000000","true","10","5","0","0.1","5","7","8.785714285714285E-4","4","4","0","700000","615"
"16","0.002","10","35000000","true","10","5","0","0.1","5","5","0.00202","4","4","0","500000","1010"
"17","0.002","10","35000000","true","10","5","0","0.1","5","2","0.046965","10","10","12","200000","9393"
"15","0.002","10","35000000","true","10","5","0","0.1","5","8","7.6875E-4","4","4","0","800000","615"
"16","0.002","10","35000000","true","10","5","0","0.1","5","6","0.0016833333333333333","4","4","0","600000","1010"
"17","0.002","10","35000000","true","10","5","0","0.1","5","3","0.049183333333333336","10","10","13","300000","14755"
"15","0.002","10","35000000","true","10","5","0","0.1","5","9","6.833333333333333E-4","4","4","0","900000","615"
"16","0.002","10","35000000","true","10","5","0","0.1","5","7","0.0014428571428571429","4","4","0","700000","1010"
"17","0.002","10","35000000","true","10","5","0","0.1","5","4","0.052945","13","12","20","400000","21178"
"15","0.002","10","35000000","true","10","5","0","0.1","5","10","6.15E-4","4","4","0","1000000","615"
"16","0.002","10","35000000","true","10","5","0","0.1","5","8","0.0012625","4","4","0","800000","1010"
"15","0.002","10","35000000","true","10","5","0","0.1","5","11","5.59090909090909E-4","4","4","0","1100000","615"
"17","0.002","10","35000000","true","10","5","0","0.1","5","5","0.057506","9","9","11","500000","28753"
"16","0.002","10","35000000","true","10","5","0","0.1","5","9","0.0011222222222222222","4","4","0","900000","1010"
"15","0.002","10","35000000","true","10","5","0","0.1","5","12","5.125E-4","4","4","0","1200000","615"
"17","0.002","10","35000000","true","10","5","0","0.1","5","6","0.058605","10","9","14","600000","35163"
"16","0.002","10","35000000","true","10","5","0","0.1","5","10","0.00101","4","4","0","1000000","1010"
"15","0.002","10","35000000","true","10","5","0","0.1","5","13","4.7307692307692307E-4","4","4","0","1300000","615"
"18","0.002","10","35000000","true","10","5","0","0.1","5","0","0","25","25","11","0","0"
"16","0.002","10","35000000","true","10","5","0","0.1","5","11","9.181818181818182E-4","4","4","0","1100000","1010"
"17","0.002","10","35000000","true","10","5","0","0.1","5","7","0.05951142857142857","11","11","17","700000","41658"
"18","0.002","10","35000000","true","10","5","0","0.1","5","1","0.00492","4","4","0","100000","492"
"16","0.002","10","35000000","true","10","5","0","0.1","5","12","8.416666666666667E-4","4","4","0","1200000","1010"
"17","0.002","10","35000000","true","10","5","0","0.1","5","8","0.0596275","10","10","10","800000","47702"
"18","0.002","10","35000000","true","10","5","0","0.1","5","2","0.00246","4","4","0","200000","492"
"16","0.002","10","35000000","true","10","5","0","0.1","5","13","7.76923076923077E-4","4","4","0","1300000","1010"
"19","0.002","10","35000000","true","10","5","0","0.1","5","0","0","25","25","20","0","0"
"17","0.002","10","35000000","true","10","5","0","0.1","5","9","0.05920444444444444","12","11","20","900000","53284"
"18","0.002","10","35000000","true","10","5","0","0.1","5","3","0.00164","4","4","0","300000","492"
"19","0.002","10","35000000","true","10","5","0","0.1","5","1","0.04272","6","6","5","100000","4272"
"18","0.002","10","35000000","true","10","5","0","0.1","5","4","0.00123","4","4","0","400000","492"
"17","0.002","10","35000000","true","10","5","0","0.1","5","10","0.05911","12","12","18","1000000","59110"
"19","0.002","10","35000000","true","10","5","0","0.1","5","2","0.04071","6","6","6","200000","8142"
"18","0.002","10","35000000","true","10","5","0","0.1","5","5","9.84E-4","4","4","0","500000","492"
"17","0.002","10","35000000","true","10","5","0","0.1","5","11","0.06077","14","13","21","1100000","66847"
"18","0.002","10","35000000","true","10","5","0","0.1","5","6","8.2E-4","4","4","0","600000","492"
"19","0.002","10","35000000","true","10","5","0","0.1","5","3","0.04101666666666667","7","7","7","300000","12305"
"17","0.002","10","35000000","true","10","5","0","0.1","5","12","0.06113916666666667","14","14","23","1200000","73367"
"18","0.002","10","35000000","true","10","5","0","0.1","5","7","7.028571428571429E-4","4","4","0","700000","492"
"19","0.002","10","35000000","true","10","5","0","0.1","5","4","0.04156","7","7","8","400000","16624"
"17","0.002","10","35000000","true","10","5","0","0.1","5","13","0.062193846153846155","10","10","14","1300000","80852"
"18","0.002","10","35000000","true","10","5","0","0.1","5","8","6.15E-4","4","4","0","800000","492"
"19","0.002","10","35000000","true","10","5","0","0.1","5","5","0.041424","6","6","6","500000","20712"
"18","0.002","10","35000000","true","10","5","0","0.1","5","9","5.466666666666667E-4","4","4","0","900000","492"
"17","0.002","10","35000000","true","10","5","0","0.1","5","14","0.06299285714285714","11","11","14","1400000","88190"
"19","0.002","10","35000000","true","10","5","0","0.1","5","6","0.04108","7","7","5","600000","24648"
"18","0.002","10","35000000","true","10","5","0","0.1","5","10","4.92E-4","4","4","0","1000000","492"
"17","0.002","10","35000000","true","10","5","0","0.1","5","15","0.063786","12","11","19","1500000","95679"
"19","0.002","10","35000000","true","10","5","0","0.1","5","7","0.040767142857142856","7","7","8","700000","28537"
"18","0.002","10","35000000","true","10","5","0","0.1","5","11","4.4727272727272725E-4","4","4","0","1100000","492"
"17","0.002","10","35000000","true","10","5","0","0.1","5","16","0.06353125","13","13","20","1600000","101650"
"20","0.002","10","35000000","true","10","5","0","0.1","5","0","0","25","25","16","0","0"
"19","0.002","10","35000000","true","10","5","0","0.1","5","8","0.04081125","7","7","8","800000","32649"
"18","0.002","10","35000000","true","10","5","0","0.1","5","12","4.1E-4","4","4","0","1200000","492"
"20","0.002","10","35000000","true","10","5","0","0.1","5","1","0.00665","3","3","0","100000","665"
"19","0.002","10","35000000","true","10","5","0","0.1","5","9","0.04061666666666667","7","7","8","900000","36555"
"18","0.002","10","35000000","true","10","5","0","0.1","5","13","3.7846153846153845E-4","4","4","0","1300000","492"
"21","0.002","10","35000000","true","10","5","0","0.1","5","0","0","25","25","15","0","0"
"20","0.002","10","35000000","true","10","5","0","0.1","5","2","0.003325","3","3","0","200000","665"
"21","0.002","10","35000000","true","10","5","0","0.1","5","1","0.01513","4","4","0","100000","1513"
"19","0.002","10","35000000","true","10","5","0","0.1","5","10","0.0407","5","5","3","1000000","40700"
"20","0.002","10","35000000","true","10","5","0","0.1","5","3","0.0022166666666666667","3","3","0","300000","665"
"21","0.002","10","35000000","true","10","5","0","0.1","5","2","0.007565","4","4","0","200000","1513"
"20","0.002","10","35000000","true","10","5","0","0.1","5","4","0.0016625","3","3","0","400000","665"
"19","0.002","10","35000000","true","10","5","0","0.1","5","11","0.04069545454545455","8","7","8","1100000","44765"
"21","0.002","10","35000000","true","10","5","0","0.1","5","3","0.005043333333333334","4","4","0","300000","1513"
"20","0.002","10","35000000","true","10","5","0","0.1","5","5","0.00133","3","3","0","500000","665"
"19","0.002","10","35000000","true","10","5","0","0.1","5","12","0.04058916666666667","7","7","5","1200000","48707"
"21","0.002","10","35000000","true","10","5","0","0.1","5","4","0.0037825","4","4","0","400000","1513"
"20","0.002","10","35000000","true","10","5","0","0.1","5","6","0.0011083333333333333","3","3","0","600000","665"
"19","0.002","10","35000000","true","10","5","0","0.1","5","13","0.04064769230769231","10","8","12","1300000","52842"
"22","0.002","10","35000000","true","10","5","0","0.1","5","0","0","25","25","24","0","0"
"21","0.002","10","35000000","true","10","5","0","0.1","5","5","0.003026","4","4","0","500000","1513"
"20","0.002","10","35000000","true","10","5","0","0.1","5","7","9.5E-4","3","3","0","700000","665"
"22","0.002","10","35000000","true","10","5","0","0.1","5","1","0.02193","1","1","0","100000","2193"
"21","0.002","10","35000000","true","10","5","0","0.1","5","6","0.002521666666666667","4","4","0","600000","1513"
"20","0.002","10","35000000","true","10","5","0","0.1","5","8","8.3125E-4","3","3","0","800000","665"
"22","0.002","10","35000000","true","10","5","0","0.1","5","2","0.010965","1","1","0","200000","2193"
"21","0.002","10","35000000","true","10","5","0","0.1","5","7","0.0021614285714285715","4","4","0","700000","1513"
"20","0.002","10","35000000","true","10","5","0","0.1","5","9","7.388888888888889E-4","3","3","0","900000","665"
"21","0.002","10","35000000","true","10","5","0","0.1","5","8","0.00189125","4","4","0","800000","1513"
"22","0.002","10","35000000","true","10","5","0","0.1","5","3","0.00731","1","1","0","300000","2193"
"20","0.002","10","35000000","true","10","5","0","0.1","5","10","6.65E-4","3","3","0","1000000","665"
"21","0.002","10","35000000","true","10","5","0","0.1","5","9","0.001681111111111111","4","4","0","900000","1513"
"22","0.002","10","35000000","true","10","5","0","0.1","5","4","0.0054825","1","1","0","400000","2193"
"20","0.002","10","35000000","true","10","5","0","0.1","5","11","6.045454545454545E-4","3","3","0","1100000","665"
"21","0.002","10","35000000","true","10","5","0","0.1","5","10","0.001513","4","4","0","1000000","1513"
"22","0.002","10","35000000","true","10","5","0","0.1","5","5","0.004386","1","1","0","500000","2193"
"20","0.002","10","35000000","true","10","5","0","0.1","5","12","5.541666666666667E-4","3","3","0","1200000","665"
"21","0.002","10","35000000","true","10","5","0","0.1","5","11","0.0013754545454545454","4","4","0","1100000","1513"
"20","0.002","10","35000000","true","10","5","0","0.1","5","13","5.115384615384615E-4","3","3","0","1300000","665"
"23","0.002","10","35000000","true","10","5","0","0.1","5","0","0","25","25","13","0","0"
"22","0.002","10","35000000","true","10","5","0","0.1","5","6","0.003655","1","1","0","600000","2193"
"23","0.002","10","35000000","true","10","5","0","0.1","5","1","5.6E-4","15","15","0","100000","56"
"21","0.002","10","35000000","true","10","5","0","0.1","5","12","0.0012608333333333334","4","4","0","1200000","1513"
"22","0.002","10","35000000","true","10","5","0","0.1","5","7","0.003132857142857143","1","1","0","700000","2193"
"23","0.002","10","35000000","true","10","5","0","0.1","5","2","2.8E-4","15","15","0","200000","56"
"21","0.002","10","35000000","true","10","5","0","0.1","5","13","0.0011638461538461538","4","4","0","1300000","1513"
"22","0.002","10","35000000","true","10","5","0","0.1","5","8","0.00274125","1","1","0","800000","2193"
"23","0.002","10","35000000","true","10","5","0","0.1","5","3","1.8666666666666666E-4","15","15","0","300000","56"
"21","0.002","10","35000000","true","10","5","0","0.1","5","14","0.0010807142857142858","4","4","0","1400000","1513"
"24","0.002","10","35000000","true","10","5","0","0.1","5","0","0","25","25","11","0","0"
"23","0.002","10","35000000","true","10","5","0","0.1","5","4","1.4E-4","15","15","0","400000","56"
"22","0.002","10","35000000","true","10","5","0","0.1","5","9","0.002436666666666667","1","1","0","900000","2193"
"23","0.002","10","35000000","true","10","5","0","0.1","5","5","1.12E-4","15","15","0","500000","56"
"24","0.002","10","35000000","true","10","5","0","0.1","5","1","0.00509","5","5","0","100000","509"
"22","0.002","10","35000000","true","10","5","0","0.1","5","10","0.002193","1","1","0","1000000","2193"
"23","0.002","10","35000000","true","10","5","0","0.1","5","6","9.333333333333333E-5","15","15","0","600000","56"
"24","0.002","10","35000000","true","10","5","0","0.1","5","2","0.002545","5","5","0","200000","509"
"23","0.002","10","35000000","true","10","5","0","0.1","5","7","8.0E-5","15","15","0","700000","56"
"22","0.002","10","35000000","true","10","5","0","0.1","5","11","0.0019936363636363637","1","1","0","1100000","2193"
"24","0.002","10","35000000","true","10","5","0","0.1","5","3","0.0016966666666666666","5","5","0","300000","509"
"23","0.002","10","35000000","true","10","5","0","0.1","5","8","7.0E-5","15","15","0","800000","56"
"24","0.002","10","35000000","true","10","5","0","0.1","5","4","0.0012725","5","5","0","400000","509"
"22","0.002","10","35000000","true","10","5","0","0.1","5","12","0.0018275","1","1","0","1200000","2193"
"23","0.002","10","35000000","true","10","5","0","0.1","5","9","6.222222222222222E-5","15","15","0","900000","56"
"24","0.002","10","35000000","true","10","5","0","0.1","5","5","0.001018","5","5","0","500000","509"
"23","0.002","10","35000000","true","10","5","0","0.1","5","10","5.6E-5","15","15","0","1000000","56"
"25","0.002","10","35000000","true","10","5","0","0.1","5","0","0","25","25","11","0","0"
"22","0.002","10","35000000","true","10","5","0","0.1","5","13","0.001686923076923077","1","1","0","1300000","2193"
"24","0.002","10","35000000","true","10","5","0","0.1","5","6","8.483333333333333E-4","5","5","0","600000","509"
"25","0.002","10","35000000","true","10","5","0","0.1","5","1","0.01549","9","9","1","100000","1549"
"22","0.002","10","35000000","true","10","5","0","0.1","5","14","0.0015664285714285715","1","1","0","1400000","2193"
"26","0.002","10","35000000","true","10","5","0","0.1","5","0","0","25","25","14","0","0"
"24","0.002","10","35000000","true","10","5","0","0.1","5","7","7.271428571428572E-4","5","5","0","700000","509"
"25","0.002","10","35000000","true","10","5","0","0.1","5","2","0.013925","9","9","1","200000","2785"
"26","0.002","10","35000000","true","10","5","0","0.1","5","1","0.00719","3","3","0","100000","719"
"25","0.002","10","35000000","true","10","5","0","0.1","5","3","0.01347","13","12","7","300000","4041"
"24","0.002","10","35000000","true","10","5","0","0.1","5","8","6.3625E-4","5","5","0","800000","509"
"25","0.002","10","35000000","true","10","5","0","0.1","5","4","0.0130425","9","9","1","400000","5217"
"26","0.002","10","35000000","true","10","5","0","0.1","5","2","0.003595","3","3","0","200000","719"
"24","0.002","10","35000000","true","10","5","0","0.1","5","9","5.655555555555556E-4","5","5","0","900000","509"
"25","0.002","10","35000000","true","10","5","0","0.1","5","5","0.013038","9","9","1","500000","6519"
"24","0.002","10","35000000","true","10","5","0","0.1","5","10","5.09E-4","5","5","0","1000000","509"
"26","0.002","10","35000000","true","10","5","0","0.1","5","3","0.0023966666666666667","3","3","0","300000","719"
"25","0.002","10","35000000","true","10","5","0","0.1","5","6","0.012791666666666666","10","10","2","600000","7675"
"24","0.002","10","35000000","true","10","5","0","0.1","5","11","4.6272727272727275E-4","5","5","0","1100000","509"
"26","0.002","10","35000000","true","10","5","0","0.1","5","4","0.0017975","3","3","0","400000","719"
"25","0.002","10","35000000","true","10","5","0","0.1","5","7","0.012108571428571429","10","10","2","700000","8476"
"24","0.002","10","35000000","true","10","5","0","0.1","5","12","4.2416666666666666E-4","5","5","0","1200000","509"
"26","0.002","10","35000000","true","10","5","0","0.1","5","5","0.001438","3","3","0","500000","719"
"25","0.002","10","35000000","true","10","5","0","0.1","5","8","0.01186375","9","9","1","800000","9491"
"24","0.002","10","35000000","true","10","5","0","0.1","5","13","3.9153846153846156E-4","5","5","0","1300000","509"
"27","0.002","10","35000000","true","10","5","0","0.1","5","0","0","25","25","23","0","0"
"26","0.002","10","35000000","true","10","5","0","0.1","5","6","0.0011983333333333334","3","3","0","600000","719"
"25","0.002","10","35000000","true","10","5","0","0.1","5","9","0.011805555555555555","10","10","2","900000","10625"
"27","0.002","10","35000000","true","10","5","0","0.1","5","1","0.00323","4","4","0","100000","323"
"26","0.002","10","35000000","true","10","5","0","0.1","5","7","0.0010271428571428571","3","3","0","700000","719"
"25","0.002","10","35000000","true","10","5","0","0.1","5","10","0.01199","10","10","2","1000000","11990"
"27","0.002","10","35000000","true","10","5","0","0.1","5","2","0.001615","4","4","0","200000","323"
"25","0.002","10","35000000","true","10","5","0","0.1","5","11","0.012536363636363637","11","11","5","1100000","13790"
"26","0.002","10","35000000","true","10","5","0","0.1","5","8","8.9875E-4","3","3","0","800000","719"
"27","0.002","10","35000000","true","10","5","0","0.1","5","3","0.0010766666666666667","4","4","0","300000","323"
"25","0.002","10","35000000","true","10","5","0","0.1","5","12","0.012386666666666667","11","11","5","1200000","14864"
"28","0.002","10","35000000","true","10","5","0","0.1","5","0","0","25","25","8","0","0"
"26","0.002","10","35000000","true","10","5","0","0.1","5","9","7.988888888888889E-4","3","3","0","900000","719"
"27","0.002","10","35000000","true","10","5","0","0.1","5","4","8.075E-4","4","4","0","400000","323"
"28","0.002","10","35000000","true","10","5","0","0.1","5","1","0.01211","15","15","12","100000","1211"
"26","0.002","10","35000000","true","10","5","0","0.1","5","10","7.19E-4","3","3","0","1000000","719"
"27","0.002","10","35000000","true","10","5","0","0.1","5","5","6.46E-4","4","4","0","500000","323"
"28","0.002","10","35000000","true","10","5","0","0.1","5","2","0.024505","12","12","11","200000","4901"
"26","0.002","10","35000000","true","10","5","0","0.1","5","11","6.536363636363636E-4","3","3","0","1100000","719"
"27","0.002","10","35000000","true","10","5","0","0.1","5","6","5.383333333333334E-4","4","4","0","600000","323"
"28","0.002","10","35000000","true","10","5","0","0.1","5","3","0.03337","17","17","21","300000","10011"
"26","0.002","10","35000000","true","10","5","0","0.1","5","12","5.991666666666667E-4","3","3","0","1200000","719"
"27","0.002","10","35000000","true","10","5","0","0.1","5","7","4.6142857142857145E-4","4","4","0","700000","323"
"28","0.002","10","35000000","true","10","5","0","0.1","5","4","0.037845","10","10","8","400000","15138"
"27","0.002","10","35000000","true","10","5","0","0.1","5","8","4.0375E-4","4","4","0","800000","323"
"26","0.002","10","35000000","true","10","5","0","0.1","5","13","5.530769230769231E-4","3","3","0","1300000","719"
"29","0.002","10","35000000","true","10","5","0","0.1","5","0","0","25","25","21","0","0"
"28","0.002","10","35000000","true","10","5","0","0.1","5","5","0.03992","14","13","15","500000","19960"
"27","0.002","10","35000000","true","10","5","0","0.1","5","9","3.588888888888889E-4","4","4","0","900000","323"
"29","0.002","10","35000000","true","10","5","0","0.1","5","1","0.03454","4","4","4","100000","3454"
"28","0.002","10","35000000","true","10","5","0","0.1","5","6","0.041021666666666665","11","11","7","600000","24613"
"27","0.002","10","35000000","true","10","5","0","0.1","5","10","3.23E-4","4","4","0","1000000","323"
"29","0.002","10","35000000","true","10","5","0","0.1","5","2","0.03117","3","3","3","200000","6234"
"27","0.002","10","35000000","true","10","5","0","0.1","5","11","2.9363636363636365E-4","4","4","0","1100000","323"
"28","0.002","10","35000000","true","10","5","0","0.1","5","7","0.04158","11","11","9","700000","29106"
"29","0.002","10","35000000","true","10","5","0","0.1","5","3","0.027873333333333333","3","3","3","300000","8362"
"27","0.002","10","35000000","true","10","5","0","0.1","5","12","2.691666666666667E-4","4","4","0","1200000","323"
"30","0.002","10","35000000","true","10","5","0","0.1","5","0","0","25","25","15","0","0"
"28","0.002","10","35000000","true","10","5","0","0.1","5","8","0.043605","13","13","15","800000","34884"
"29","0.002","10","35000000","true","10","5","0","0.1","5","4","0.02752","3","3","3","400000","11008"
"30","0.002","10","35000000","true","10","5","0","0.1","5","1","0.0531","7","7","4","100000","5310"
"28","0.002","10","35000000","true","10","5","0","0.1","5","9","0.04421666666666667","13","13","15","900000","39795"
"29","0.002","10","35000000","true","10","5","0","0.1","5","5","0.030632","4","4","7","500000","15316"
"30","0.002","10","35000000","true","10","5","0","0.1","5","2","0.04979","8","8","7","200000","9958"
"28","0.002","10","35000000","true","10","5","0","0.1","5","10","0.044899","12","12","11","1000000","44899"
"29","0.002","10","35000000","true","10","5","0","0.1","5","6","0.029563333333333334","3","3","3","600000","17738"
"30","0.002","10","35000000","true","10","5","0","0.1","5","3","0.04887","8","8","6","300000","14661"
"28","0.002","10","35000000","true","10","5","0","0.1","5","11","0.04478090909090909","15","15","17","1100000","49259"
"30","0.002","10","35000000","true","10","5","0","0.1","5","4","0.050105","10","10","9","400000","20042"
"29","0.002","10","35000000","true","10","5","0","0.1","5","7","0.030282857142857143","5","5","9","700000","21198"
"28","0.002","10","35000000","true","10","5","0","0.1","5","12","0.045650833333333335","14","13","17","1200000","54781"
"30","0.002","10","35000000","true","10","5","0","0.1","5","5","0.0482","13","10","16","500000","24100"
"28","0.002","10","35000000","true","10","5","0","0.1","5","13","0.04531307692307692","16","16","18","1300000","58907"
"29","0.002","10","35000000","true","10","5","0","0.1","5","8","0.02848","3","3","3","800000","22784"
"28","0.002","10","35000000","true","10","5","0","0.1","5","14","0.045370714285714285","10","10","4","1400000","63519"
"29","0.002","10","35000000","true","10","5","0","0.1","5","9","0.02756888888888889","6","6","8","900000","24812"
"30","0.002","10","35000000","true","10","5","0","0.1","5","6","0.049001666666666666","10","10","13","600000","29401"
"28","0.002","10","35000000","true","10","5","0","0.1","5","15","0.045560666666666666","13","13","15","1500000","68341"
"29","0.002","10","35000000","true","10","5","0","0.1","5","10","0.027417","5","5","7","1000000","27417"
"30","0.002","10","35000000","true","10","5","0","0.1","5","7","0.05020857142857143","15","13","21","700000","35146"
"28","0.002","10","35000000","true","10","5","0","0.1","5","16","0.045579375","14","13","17","1600000","72927"
"29","0.002","10","35000000","true","10","5","0","0.1","5","11","0.026968181818181818","4","4","4","1100000","29665"
"30","0.002","10","35000000","true","10","5","0","0.1","5","8","0.04977625","13","12","13","800000","39821"
"28","0.002","10","35000000","true","10","5","0","0.1","5","17","0.045941176470588235","12","12","14","1700000","78100"
"29","0.002","10","35000000","true","10","5","0","0.1","5","12","0.026235","4","4","4","1200000","31482"
"30","0.002","10","35000000","true","10","5","0","0.1","5","9","0.049334444444444445","14","12","18","900000","44401"
"28","0.002","10","35000000","true","10","5","0","0.1","5","18","0.04691888888888889","15","14","19","1800000","84454"
"30","0.002","10","35000000","true","10","5","0","0.1","5","10","0.04788","9","9","7","1000000","47880"
"29","0.002","10","35000000","true","10","5","0","0.1","5","13","0.026221538461538463","7","7","14","1300000","34088"
"28","0.002","10","35000000","true","10","5","0","0.1","5","19","0.04731894736842105","15","15","17","1900000","89906"
"31","0.002","10","35000000","true","10","5","0","0.2","5","0","0","25","25","16","0","0"
"30","0.002","10","35000000","true","10","5","0","0.1","5","11","0.04807","11","10","10","1100000","52877"
"29","0.002","10","35000000","true","10","5","0","0.1","5","14","0.026875","6","6","8","1400000","37625"
"30","0.002","10","35000000","true","10","5","0","0.1","5","12","0.04810333333333333","12","12","18","1200000","57724"
"31","0.002","10","35000000","true","10","5","0","0.2","5","1","0.06233","6","6","7","100000","6233"
"29","0.002","10","35000000","true","10","5","0","0.1","5","15","0.027248666666666668","8","7","17","1500000","40873"
"31","0.002","10","35000000","true","10","5","0","0.2","5","2","0.04885","7","7","11","200000","9770"
"30","0.002","10","35000000","true","10","5","0","0.1","5","13","0.047839230769230766","9","9","8","1300000","62191"
"32","0.002","10","35000000","true","10","5","0","0.2","5","0","0","25","25","11","0","0"
"29","0.002","10","35000000","true","10","5","0","0.1","5","16","0.027688125","5","5","6","1600000","44301"
"33","0.002","10","35000000","true","10","5","0","0.2","5","0","0","25","25","15","0","0"
"32","0.002","10","35000000","true","10","5","0","0.2","5","1","0.03778","13","13","10","100000","3778"
"31","0.002","10","35000000","true","10","5","0","0.2","5","3","0.051666666666666666","6","6","7","300000","15500"
"33","0.002","10","35000000","true","10","5","0","0.2","5","1","0.00207","10","10","1","100000","207"
"32","0.002","10","35000000","true","10","5","0","0.2","5","2","0.036675","13","11","11","200000","7335"
"33","0.002","10","35000000","true","10","5","0","0.2","5","2","0.001035","10","10","1","200000","207"
"31","0.002","10","35000000","true","10","5","0","0.2","5","4","0.050565","13","12","26","400000","20226"
"33","0.002","10","35000000","true","10","5","0","0.2","5","3","6.9E-4","10","10","1","300000","207"
"32","0.002","10","35000000","true","10","5","0","0.2","5","3","0.03614333333333333","13","12","11","300000","10843"
"31","0.002","10","35000000","true","10","5","0","0.2","5","5","0.05284","9","9","17","500000","26420"
"33","0.002","10","35000000","true","10","5","0","0.2","5","4","5.175E-4","10","10","1","400000","207"
"32","0.002","10","35000000","true","10","5","0","0.2","5","4","0.036385","10","10","6","400000","14554"
"33","0.002","10","35000000","true","10","5","0","0.2","5","5","4.14E-4","10","10","1","500000","207"
"31","0.002","10","35000000","true","10","5","0","0.2","5","6","0.05517333333333333","7","7","9","600000","33104"
"32","0.002","10","35000000","true","10","5","0","0.2","5","5","0.03652","12","12","11","500000","18260"
"33","0.002","10","35000000","true","10","5","0","0.2","5","6","3.45E-4","10","10","1","600000","207"
"31","0.002","10","35000000","true","10","5","0","0.2","5","7","0.05549571428571429","10","10","18","700000","38847"
"32","0.002","10","35000000","true","10","5","0","0.2","5","6","0.03544666666666667","11","11","7","600000","21268"
"33","0.002","10","35000000","true","10","5","0","0.2","5","7","2.957142857142857E-4","10","10","1","700000","207"
"32","0.002","10","35000000","true","10","5","0","0.2","5","7","0.03476571428571429","13","12","11","700000","24336"
"31","0.002","10","35000000","true","10","5","0","0.2","5","8","0.05939875","12","12","20","800000","47519"
"33","0.002","10","35000000","true","10","5","0","0.2","5","8","2.5875E-4","10","10","1","800000","207"
"32","0.002","10","35000000","true","10","5","0","0.2","5","8","0.03492","10","10","8","800000","27936"
"33","0.002","10","35000000","true","10","5","0","0.2","5","9","2.3E-4","10","10","1","900000","207"
"31","0.002","10","35000000","true","10","5","0","0.2","5","9","0.06043333333333333","14","11","24","900000","54390"
"33","0.002","10","35000000","true","10","5","0","0.2","5","10","2.07E-4","10","10","1","1000000","207"
"32","0.002","10","35000000","true","10","5","0","0.2","5","9","0.03512","11","10","8","900000","31608"
"33","0.002","10","35000000","true","10","5","0","0.2","5","11","1.881818181818182E-4","10","10","1","1100000","207"
"31","0.002","10","35000000","true","10","5","0","0.2","5","10","0.062877","14","14","25","1000000","62877"
"32","0.002","10","35000000","true","10","5","0","0.2","5","10","0.034805","10","10","5","1000000","34805"
"33","0.002","10","35000000","true","10","5","0","0.2","5","12","1.725E-4","10","10","1","1200000","207"
"34","0.002","10","35000000","true","10","5","0","0.2","5","0","0","25","25","17","0","0"
"31","0.002","10","35000000","true","10","5","0","0.2","5","11","0.06455545454545454","12","12","21","1100000","71011"
"32","0.002","10","35000000","true","10","5","0","0.2","5","11","0.034716363636363635","9","9","3","1100000","38188"
"34","0.002","10","35000000","true","10","5","0","0.2","5","1","0.02756","9","9","9","100000","2756"
"32","0.002","10","35000000","true","10","5","0","0.2","5","12","0.03478916666666667","13","12","11","1200000","41747"
"35","0.002","10","35000000","true","10","5","0","0.2","5","0","0","25","25","17","0","0"
"31","0.002","10","35000000","true","10","5","0","0.2","5","12","0.06572166666666666","10","9","19","1200000","78866"
"34","0.002","10","35000000","true","10","5","0","0.2","5","2","0.02506","7","7","5","200000","5012"
"35","0.002","10","35000000","true","10","5","0","0.2","5","1","0.04533","8","8","7","100000","4533"
"31","0.002","10","35000000","true","10","5","0","0.2","5","13","0.06699","11","10","22","1300000","87087"
"34","0.002","10","35000000","true","10","5","0","0.2","5","3","0.026206666666666666","6","6","2","300000","7862"
"35","0.002","10","35000000","true","10","5","0","0.2","5","2","0.044575","12","11","14","200000","8915"
"34","0.002","10","35000000","true","10","5","0","0.2","5","4","0.0249675","10","10","12","400000","9987"
"31","0.002","10","35000000","true","10","5","0","0.2","5","14","0.06797285714285714","12","11","22","1400000","95162"
"35","0.002","10","35000000","true","10","5","0","0.2","5","3","0.04079666666666667","8","8","6","300000","12239"
"34","0.002","10","35000000","true","10","5","0","0.2","5","5","0.025078","11","11","13","500000","12539"
"31","0.002","10","35000000","true","10","5","0","0.2","5","15","0.069122","10","10","19","1500000","103683"
"35","0.002","10","35000000","true","10","5","0","0.2","5","4","0.0391125","9","9","10","400000","15645"
"34","0.002","10","35000000","true","10","5","0","0.2","5","6","0.022941666666666666","8","8","6","600000","13765"
"35","0.002","10","35000000","true","10","5","0","0.2","5","5","0.038462","10","10","10","500000","19231"
"31","0.002","10","35000000","true","10","5","0","0.2","5","16","0.069761875","10","9","19","1600000","111619"
"34","0.002","10","35000000","true","10","5","0","0.2","5","7","0.022457142857142856","9","9","10","700000","15720"
"35","0.002","10","35000000","true","10","5","0","0.2","5","6","0.038123333333333335","12","11","13","600000","22874"
"31","0.002","10","35000000","true","10","5","0","0.2","5","17","0.07050588235294118","9","9","16","1700000","119860"
"34","0.002","10","35000000","true","10","5","0","0.2","5","8","0.02156625","6","6","2","800000","17253"
"35","0.002","10","35000000","true","10","5","0","0.2","5","7","0.03857857142857143","10","10","9","700000","27005"
"34","0.002","10","35000000","true","10","5","0","0.2","5","9","0.019652222222222224","6","6","1","900000","17687"
"31","0.002","10","35000000","true","10","5","0","0.2","5","18","0.07068944444444444","13","12","23","1800000","127241"
"35","0.002","10","35000000","true","10","5","0","0.2","5","8","0.03923125","16","14","19","800000","31385"
"34","0.002","10","35000000","true","10","5","0","0.2","5","10","0.017973","6","6","1","1000000","17973"
"31","0.002","10","35000000","true","10","5","0","0.2","5","19","0.07124947368421053","7","7","15","1900000","135374"
"35","0.002","10","35000000","true","10","5","0","0.2","5","9","0.038925555555555554","11","11","14","900000","35033"
"34","0.002","10","35000000","true","10","5","0","0.2","5","11","0.01663181818181818","7","7","2","1100000","18295"
"31","0.002","10","35000000","true","10","5","0","0.2","5","20","0.0715705","11","9","21","2000000","143141"
"35","0.002","10","35000000","true","10","5","0","0.2","5","10","0.039727","12","12","15","1000000","39727"
"34","0.002","10","35000000","true","10","5","0","0.2","5","12","0.015485833333333334","6","6","1","1200000","18583"
"35","0.002","10","35000000","true","10","5","0","0.2","5","11","0.039557272727272726","11","10","10","1100000","43513"
"34","0.002","10","35000000","true","10","5","0","0.2","5","13","0.014531538461538462","6","6","1","1300000","18891"
"31","0.002","10","35000000","true","10","5","0","0.2","5","21","0.07253809523809523","12","10","23","2100000","152330"
"36","0.002","10","35000000","true","10","5","0","0.2","5","0","0","25","25","11","0","0"
"34","0.002","10","35000000","true","10","5","0","0.2","5","14","0.0137","7","7","2","1400000","19180"
"35","0.002","10","35000000","true","10","5","0","0.2","5","12","0.039588333333333336","9","9","8","1200000","47506"
"36","0.002","10","35000000","true","10","5","0","0.2","5","1","0.05631","10","10","14","100000","5631"
"34","0.002","10","35000000","true","10","5","0","0.2","5","15","0.012995333333333333","6","6","1","1500000","19493"
"35","0.002","10","35000000","true","10","5","0","0.2","5","13","0.04001538461538461","9","9","8","1300000","52020"
"36","0.002","10","35000000","true","10","5","0","0.2","5","2","0.05626","10","10","15","200000","11252"
"34","0.002","10","35000000","true","10","5","0","0.2","5","16","0.012369375","6","6","1","1600000","19791"
"35","0.002","10","35000000","true","10","5","0","0.2","5","14","0.040145","9","9","8","1400000","56203"
"37","0.002","10","35000000","true","10","5","0","0.2","5","0","0","25","25","18","0","0"
"34","0.002","10","35000000","true","10","5","0","0.2","5","17","0.01181529411764706","7","7","2","1700000","20086"
"36","0.002","10","35000000","true","10","5","0","0.2","5","3","0.057","8","8","11","300000","17100"
"38","0.002","10","35000000","true","10","5","0","0.2","5","0","0","25","25","20","0","0"
"37","0.002","10","35000000","true","10","5","0","0.2","5","1","0.04567","14","14","19","100000","4567"
"38","0.002","10","35000000","true","10","5","0","0.2","5","1","0.02007","7","7","4","100000","2007"
"36","0.002","10","35000000","true","10","5","0","0.2","5","4","0.0580075","11","11","15","400000","23203"
"37","0.002","10","35000000","true","10","5","0","0.2","5","2","0.05029","16","16","19","200000","10058"
"38","0.002","10","35000000","true","10","5","0","0.2","5","2","0.01847","7","7","4","200000","3694"
"36","0.002","10","35000000","true","10","5","0","0.2","5","5","0.05863","9","9","12","500000","29315"
"37","0.002","10","35000000","true","10","5","0","0.2","5","3","0.04998333333333333","14","14","18","300000","14995"
"38","0.002","10","35000000","true","10","5","0","0.2","5","3","0.017836666666666667","8","8","6","300000","5351"
"36","0.002","10","35000000","true","10","5","0","0.2","5","6","0.05789166666666667","13","12","21","600000","34735"
"37","0.002","10","35000000","true","10","5","0","0.2","5","4","0.050415","18","18","22","400000","20166"
"38","0.002","10","35000000","true","10","5","0","0.2","5","4","0.0177","7","7","5","400000","7080"
"36","0.002","10","35000000","true","10","5","0","0.2","5","7","0.05776428571428571","9","9","12","700000","40435"
"37","0.002","10","35000000","true","10","5","0","0.2","5","5","0.049696","16","16","22","500000","24848"
"38","0.002","10","35000000","true","10","5","0","0.2","5","5","0.017794","7","7","4","500000","8897"
"36","0.002","10","35000000","true","10","5","0","0.2","5","8","0.05777625","11","10","14","800000","46221"
"37","0.002","10","35000000","true","10","5","0","0.2","5","6","0.04965","15","14","21","600000","29790"
"38","0.002","10","35000000","true","10","5","0","0.2","5","6","0.01734","7","7","4","600000","10404"
"37","0.002","10","35000000","true","10","5","0","0.2","5","7","0.05018285714285714","16","16","19","700000","35128"
"36","0.002","10","35000000","true","10","5","0","0.2","5","9","0.05782777777777778","14","13","21","900000","52045"
"38","0.002","10","35000000","true","10","5","0","0.2","5","7","0.017198571428571428","6","6","2","700000","12039"
"37","0.002","10","35000000","true","10","5","0","0.2","5","8","0.05014","16","16","21","800000","40112"
"36","0.002","10","35000000","true","10","5","0","0.2","5","10","0.05839","10","10","14","1000000","58390"
"38","0.002","10","35000000","true","10","5","0","0.2","5","8","0.0171775","7","7","4","800000","13742"
"37","0.002","10","35000000","true","10","5","0","0.2","5","9","0.05030222222222222","17","17","22","900000","45272"
"38","0.002","10","35000000","true","10","5","0","0.2","5","9","0.017043333333333334","6","6","3","900000","15339"
"36","0.002","10","35000000","true","10","5","0","0.2","5","11","0.05835090909090909","8","8","6","1100000","64186"
"37","0.002","10","35000000","true","10","5","0","0.2","5","10","0.049994","14","14","16","1000000","49994"
"38","0.002","10","35000000","true","10","5","0","0.2","5","10","0.016846","7","7","4","1000000","16846"
"36","0.002","10","35000000","true","10","5","0","0.2","5","12","0.058311666666666664","14","13","17","1200000","69974"
"39","0.002","10","35000000","true","10","5","0","0.2","5","0","0","25","25","23","0","0"
"37","0.002","10","35000000","true","10","5","0","0.2","5","11","0.05040272727272727","17","17","21","1100000","55443"
"38","0.002","10","35000000","true","10","5","0","0.2","5","11","0.016756363636363635","8","8","5","1100000","18432"
"39","0.002","10","35000000","true","10","5","0","0.2","5","1","0.02239","9","9","6","100000","2239"
"38","0.002","10","35000000","true","10","5","0","0.2","5","12","0.016643333333333333","7","7","4","1200000","19972"
"40","0.002","10","35000000","true","10","5","0","0.2","5","0","0","25","25","20","0","0"
"37","0.002","10","35000000","true","10","5","0","0.2","5","12","0.05071","16","16","22","1200000","60852"
"39","0.002","10","35000000","true","10","5","0","0.2","5","2","0.021605","10","10","8","200000","4321"
"40","0.002","10","35000000","true","10","5","0","0.2","5","1","0.02794","10","10","6","100000","2794"
"39","0.002","10","35000000","true","10","5","0","0.2","5","3","0.021043333333333334","9","9","6","300000","6313"
"37","0.002","10","35000000","true","10","5","0","0.2","5","13","0.05069230769230769","12","12","12","1300000","65900"
"41","0.002","10","35000000","true","10","5","0","0.2","5","0","0","25","25","15","0","0"
"39","0.002","10","35000000","true","10","5","0","0.2","5","4","0.0213","11","11","10","400000","8520"
"41","0.002","10","35000000","true","10","5","0","0.2","5","1","0.018","10","10","6","100000","1800"
"40","0.002","10","35000000","true","10","5","0","0.2","5","2","0.04426","16","16","27","200000","8852"
"39","0.002","10","35000000","true","10","5","0","0.2","5","5","0.02102","10","10","8","500000","10510"
"41","0.002","10","35000000","true","10","5","0","0.2","5","2","0.02981","9","9","5","200000","5962"
"40","0.002","10","35000000","true","10","5","0","0.2","5","3","0.04927","10","10","9","300000","14781"
"39","0.002","10","35000000","true","10","5","0","0.2","5","6","0.020901666666666666","11","11","9","600000","12541"
"41","0.002","10","35000000","true","10","5","0","0.2","5","3","0.03342333333333333","10","10","8","300000","10027"
"40","0.002","10","35000000","true","10","5","0","0.2","5","4","0.0493875","15","14","19","400000","19755"
"39","0.002","10","35000000","true","10","5","0","0.2","5","7","0.020787142857142858","11","11","10","700000","14551"
"41","0.002","10","35000000","true","10","5","0","0.2","5","4","0.034395","13","12","11","400000","13758"
"40","0.002","10","35000000","true","10","5","0","0.2","5","5","0.051542","13","11","17","500000","25771"
"39","0.002","10","35000000","true","10","5","0","0.2","5","8","0.020645","9","9","6","800000","16516"
"41","0.002","10","35000000","true","10","5","0","0.2","5","5","0.035466","13","11","13","500000","17733"
"39","0.002","10","35000000","true","10","5","0","0.2","5","9","0.02061111111111111","9","9","6","900000","18550"
"40","0.002","10","35000000","true","10","5","0","0.2","5","6","0.05533833333333334","15","15","26","600000","33203"
"41","0.002","10","35000000","true","10","5","0","0.2","5","6","0.03671","13","11","13","600000","22026"
"39","0.002","10","35000000","true","10","5","0","0.2","5","10","0.020442","9","9","6","1000000","20442"
"40","0.002","10","35000000","true","10","5","0","0.2","5","7","0.05775285714285714","13","13","19","700000","40427"
"41","0.002","10","35000000","true","10","5","0","0.2","5","7","0.03672857142857143","12","11","12","700000","25710"
"39","0.002","10","35000000","true","10","5","0","0.2","5","11","0.020344545454545455","8","8","4","1100000","22379"
"41","0.002","10","35000000","true","10","5","0","0.2","5","8","0.03720375","15","15","16","800000","29763"
"40","0.002","10","35000000","true","10","5","0","0.2","5","8","0.0551475","10","10","9","800000","44118"
"39","0.002","10","35000000","true","10","5","0","0.2","5","12","0.020331666666666668","10","10","7","1200000","24398"
"42","0.002","10","35000000","true","10","5","0","0.2","5","0","0","25","25","20","0","0"
"41","0.002","10","35000000","true","10","5","0","0.2","5","9","0.037184444444444444","9","9","5","900000","33466"
"40","0.002","10","35000000","true","10","5","0","0.2","5","9","0.05406888888888889","10","10","9","900000","48662"
"42","0.002","10","35000000","true","10","5","0","0.2","5","1","0.00723","9","9","3","100000","723"
"41","0.002","10","35000000","true","10","5","0","0.2","5","10","0.036681","10","10","7","1000000","36681"
"40","0.002","10","35000000","true","10","5","0","0.2","5","10","0.055081","12","11","16","1000000","55081"
"42","0.002","10","35000000","true","10","5","0","0.2","5","2","0.00585","7","7","1","200000","1170"
"41","0.002","10","35000000","true","10","5","0","0.2","5","11","0.03584545454545455","12","11","11","1100000","39430"
"42","0.002","10","35000000","true","10","5","0","0.2","5","3","0.005233333333333334","8","8","2","300000","1570"
"40","0.002","10","35000000","true","10","5","0","0.2","5","11","0.05406090909090909","12","11","19","1100000","59467"
"41","0.002","10","35000000","true","10","5","0","0.2","5","12","0.035258333333333336","9","9","4","1200000","42310"
"42","0.002","10","35000000","true","10","5","0","0.2","5","4","0.004915","7","7","1","400000","1966"
"40","0.002","10","35000000","true","10","5","0","0.2","5","12","0.053731666666666664","11","11","13","1200000","64478"
"41","0.002","10","35000000","true","10","5","0","0.2","5","13","0.034646923076923075","9","9","5","1300000","45041"
"42","0.002","10","35000000","true","10","5","0","0.2","5","5","0.005126","8","8","2","500000","2563"
"40","0.002","10","35000000","true","10","5","0","0.2","5","13","0.05326307692307692","15","15","21","1300000","69242"
"42","0.002","10","35000000","true","10","5","0","0.2","5","6","0.005076666666666667","7","7","1","600000","3046"
"41","0.002","10","35000000","true","10","5","0","0.2","5","14","0.034095","8","8","3","1400000","47733"
"43","0.002","10","35000000","true","10","5","0","0.2","5","0","0","25","25","18","0","0"
"42","0.002","10","35000000","true","10","5","0","0.2","5","7","0.005074285714285714","8","8","2","700000","3552"
"40","0.002","10","35000000","true","10","5","0","0.2","5","14","0.05254285714285714","9","9","6","1400000","73560"
"43","0.002","10","35000000","true","10","5","0","0.2","5","1","0.02031","12","12","6","100000","2031"
"42","0.002","10","35000000","true","10","5","0","0.2","5","8","0.00488625","8","8","2","800000","3909"
"43","0.002","10","35000000","true","10","5","0","0.2","5","2","0.01876","11","11","7","200000","3752"
"40","0.002","10","35000000","true","10","5","0","0.2","5","15","0.05202266666666667","12","12","15","1500000","78034"
"42","0.002","10","35000000","true","10","5","0","0.2","5","9","0.004886666666666667","7","7","1","900000","4398"
"43","0.002","10","35000000","true","10","5","0","0.2","5","3","0.017866666666666666","11","11","4","300000","5360"
"40","0.002","10","35000000","true","10","5","0","0.2","5","16","0.051495625","9","9","7","1600000","82393"
"42","0.002","10","35000000","true","10","5","0","0.2","5","10","0.004933","9","9","3","1000000","4933"
"43","0.002","10","35000000","true","10","5","0","0.2","5","4","0.016795","11","11","6","400000","6718"
"40","0.002","10","35000000","true","10","5","0","0.2","5","17","0.050623529411764706","10","10","7","1700000","86060"
"42","0.002","10","35000000","true","10","5","0","0.2","5","11","0.004837272727272727","8","8","2","1100000","5321"
"43","0.002","10","35000000","true","10","5","0","0.2","5","5","0.016236","12","12","6","500000","8118"
"42","0.002","10","35000000","true","10","5","0","0.2","5","12","0.0048625","8","8","2","1200000","5835"
"44","0.002","10","35000000","true","10","5","0","0.2","5","0","0","25","25","16","0","0"
"40","0.002","10","35000000","true","10","5","0","0.2","5","18","0.04987333333333333","11","11","12","1800000","89772"
"43","0.002","10","35000000","true","10","5","0","0.2","5","6","0.016603333333333335","12","12","6","600000","9962"
"44","0.002","10","35000000","true","10","5","0","0.2","5","1","0.0363","9","9","11","100000","3630"
"40","0.002","10","35000000","true","10","5","0","0.2","5","19","0.049285263157894735","12","11","15","1900000","93642"
"45","0.002","10","35000000","true","10","5","0","0.2","5","0","0","25","25","26","0","0"
"43","0.002","10","35000000","true","10","5","0","0.2","5","7","0.0163","13","13","7","700000","11410"
"45","0.002","10","35000000","true","10","5","0","0.2","5","1","0.03619","16","16","16","100000","3619"
"44","0.002","10","35000000","true","10","5","0","0.2","5","2","0.04721","11","11","15","200000","9442"
"43","0.002","10","35000000","true","10","5","0","0.2","5","8","0.01640625","15","15","11","800000","13125"
"45","0.002","10","35000000","true","10","5","0","0.2","5","2","0.03763","15","15","15","200000","7526"
"43","0.002","10","35000000","true","10","5","0","0.2","5","9","0.016427777777777777","11","11","4","900000","14785"
"44","0.002","10","35000000","true","10","5","0","0.2","5","3","0.05339666666666667","11","11","16","300000","16019"
"45","0.002","10","35000000","true","10","5","0","0.2","5","3","0.036686666666666666","14","14","12","300000","11006"
"43","0.002","10","35000000","true","10","5","0","0.2","5","10","0.016182","11","11","4","1000000","16182"
"44","0.002","10","35000000","true","10","5","0","0.2","5","4","0.0566225","9","9","8","400000","22649"
"43","0.002","10","35000000","true","10","5","0","0.2","5","11","0.016164545454545456","13","12","8","1100000","17781"
"45","0.002","10","35000000","true","10","5","0","0.2","5","4","0.0368275","15","15","13","400000","14731"
"43","0.002","10","35000000","true","10","5","0","0.2","5","12","0.016015","10","10","3","1200000","19218"
"46","0.002","10","35000000","true","10","5","0","0.2","5","0","0","25","25","13","0","0"
"44","0.002","10","35000000","true","10","5","0","0.2","5","5","0.057072","13","12","18","500000","28536"
"45","0.002","10","35000000","true","10","5","0","0.2","5","5","0.03682","15","15","13","500000","18410"
"46","0.002","10","35000000","true","10","5","0","0.2","5","1","0.03944","18","17","17","100000","3944"
"45","0.002","10","35000000","true","10","5","0","0.2","5","6","0.03697333333333333","13","13","10","600000","22184"
"44","0.002","10","35000000","true","10","5","0","0.2","5","6","0.058401666666666664","8","8","13","600000","35041"
"46","0.002","10","35000000","true","10","5","0","0.2","5","2","0.03869","17","17","15","200000","7738"
"45","0.002","10","35000000","true","10","5","0","0.2","5","7","0.036814285714285716","13","13","10","700000","25770"
"44","0.002","10","35000000","true","10","5","0","0.2","5","7","0.05686857142857143","8","8","8","700000","39808"
"46","0.002","10","35000000","true","10","5","0","0.2","5","3","0.03856","17","17","14","300000","11568"
"45","0.002","10","35000000","true","10","5","0","0.2","5","8","0.036825","15","15","16","800000","29460"
"44","0.002","10","35000000","true","10","5","0","0.2","5","8","0.05593125","11","11","15","800000","44745"
"46","0.002","10","35000000","true","10","5","0","0.2","5","4","0.0381175","16","16","15","400000","15247"
"45","0.002","10","35000000","true","10","5","0","0.2","5","9","0.036997777777777775","16","16","15","900000","33298"
"44","0.002","10","35000000","true","10","5","0","0.2","5","9","0.057118888888888886","10","10","15","900000","51407"
"46","0.002","10","35000000","true","10","5","0","0.2","5","5","0.03783","15","15","11","500000","18915"
"45","0.002","10","35000000","true","10","5","0","0.2","5","10","0.037189","16","16","15","1000000","37189"
"46","0.002","10","35000000","true","10","5","0","0.2","5","6","0.03838","13","13","9","600000","23028"
"44","0.002","10","35000000","true","10","5","0","0.2","5","10","0.058098","9","9","12","1000000","58098"
"45","0.002","10","35000000","true","10","5","0","0.2","5","11","0.03695545454545455","19","19","19","1100000","40651"
"46","0.002","10","35000000","true","10","5","0","0.2","5","7","0.038688571428571426","17","17","15","700000","27082"
"45","0.002","10","35000000","true","10","5","0","0.2","5","12","0.03661166666666667","13","13","10","1200000","43934"
"44","0.002","10","35000000","true","10","5","0","0.2","5","11","0.05888909090909091","9","9","12","1100000","64778"
"47","0.002","10","35000000","true","10","5","0","0.2","5","0","0","25","25","13","0","0"
"46","0.002","10","35000000","true","10","5","0","0.2","5","8","0.0383875","16","16","14","800000","30710"
"47","0.002","10","35000000","true","10","5","0","0.2","5","1","0.03605","13","13","7","100000","3605"
"44","0.002","10","35000000","true","10","5","0","0.2","5","12","0.059408333333333334","10","10","15","1200000","71290"
"46","0.002","10","35000000","true","10","5","0","0.2","5","9","0.03841777777777778","17","17","16","900000","34576"
"47","0.002","10","35000000","true","10","5","0","0.2","5","2","0.030475","11","11","3","200000","6095"
"44","0.002","10","35000000","true","10","5","0","0.2","5","13","0.05971846153846154","10","10","14","1300000","77634"
"46","0.002","10","35000000","true","10","5","0","0.2","5","10","0.038677","16","16","13","1000000","38677"
"47","0.002","10","35000000","true","10","5","0","0.2","5","3","0.030136666666666666","9","9","3","300000","9041"
"44","0.002","10","35000000","true","10","5","0","0.2","5","14","0.06014071428571428","9","9","11","1400000","84197"
"46","0.002","10","35000000","true","10","5","0","0.2","5","11","0.03876727272727273","15","15","12","1100000","42644"
"47","0.002","10","35000000","true","10","5","0","0.2","5","4","0.029065","10","10","7","400000","11626"
"46","0.002","10","35000000","true","10","5","0","0.2","5","12","0.038635","15","15","12","1200000","46362"
"48","0.002","10","35000000","true","10","5","0","0.2","5","0","0","25","25","19","0","0"
"44","0.002","10","35000000","true","10","5","0","0.2","5","15","0.060511333333333334","8","8","8","1500000","90767"
"49","0.002","10","35000000","true","10","5","0","0.2","5","0","0","25","25","17","0","0"
"47","0.002","10","35000000","true","10","5","0","0.2","5","5","0.030894","11","11","7","500000","15447"
"48","0.002","10","35000000","true","10","5","0","0.2","5","1","0.0522","11","11","13","100000","5220"
"49","0.002","10","35000000","true","10","5","0","0.2","5","1","0.03752","8","8","9","100000","3752"
"47","0.002","10","35000000","true","10","5","0","0.2","5","6","0.030426666666666668","11","11","6","600000","18256"
"48","0.002","10","35000000","true","10","5","0","0.2","5","2","0.05645","16","16","20","200000","11290"
"49","0.002","10","35000000","true","10","5","0","0.2","5","2","0.032285","7","7","6","200000","6457"
"47","0.002","10","35000000","true","10","5","0","0.2","5","7","0.02836","11","11","7","700000","19852"
"48","0.002","10","35000000","true","10","5","0","0.2","5","3","0.05643666666666667","13","13","14","300000","16931"
"49","0.002","10","35000000","true","10","5","0","0.2","5","3","0.030113333333333332","8","8","7","300000","9034"
"47","0.002","10","35000000","true","10","5","0","0.2","5","8","0.0276825","13","12","10","800000","22146"
"48","0.002","10","35000000","true","10","5","0","0.2","5","4","0.057135","17","17","22","400000","22854"
"49","0.002","10","35000000","true","10","5","0","0.2","5","4","0.0323275","8","8","5","400000","12931"
"47","0.002","10","35000000","true","10","5","0","0.2","5","9","0.027571111111111112","10","10","4","900000","24814"
"48","0.002","10","35000000","true","10","5","0","0.2","5","5","0.057286","16","16","21","500000","28643"
"49","0.002","10","35000000","true","10","5","0","0.2","5","5","0.031238","8","8","7","500000","15619"
"47","0.002","10","35000000","true","10","5","0","0.2","5","10","0.027627","12","12","10","1000000","27627"
"48","0.002","10","35000000","true","10","5","0","0.2","5","6","0.05767","16","15","22","600000","34602"
"49","0.002","10","35000000","true","10","5","0","0.2","5","6","0.032215","9","8","6","600000","19329"
"47","0.002","10","35000000","true","10","5","0","0.2","5","11","0.028065454545454546","13","12","10","1100000","30872"
"48","0.002","10","35000000","true","10","5","0","0.2","5","7","0.05828571428571429","14","14","18","700000","40800"
"47","0.002","10","35000000","true","10","5","0","0.2","5","12","0.0278275","11","11","7","1200000","33393"
"49","0.002","10","35000000","true","10","5","0","0.2","5","7","0.03462285714285714","12","12","19","700000","24236"
"48","0.002","10","35000000","true","10","5","0","0.2","5","8","0.05816","15","15","19","800000","46528"
"47","0.002","10","35000000","true","10","5","0","0.2","5","13","0.02789153846153846","11","10","11","1300000","36259"
"49","0.002","10","35000000","true","10","5","0","0.2","5","8","0.03619625","9","9","14","800000","28957"
"48","0.002","10","35000000","true","10","5","0","0.2","5","9","0.057883333333333335","15","15","17","900000","52095"
"47","0.002","10","35000000","true","10","5","0","0.2","5","14","0.02785","9","9","4","1400000","38990"
"49","0.002","10","35000000","true","10","5","0","0.2","5","9","0.038336666666666665","8","8","10","900000","34503"
"47","0.002","10","35000000","true","10","5","0","0.2","5","15","0.027876666666666668","10","10","6","1500000","41815"
"48","0.002","10","35000000","true","10","5","0","0.2","5","10","0.057907","13","13","17","1000000","57907"
"49","0.002","10","35000000","true","10","5","0","0.2","5","10","0.03992","11","11","16","1000000","39920"
"47","0.002","10","35000000","true","10","5","0","0.2","5","16","0.02750625","11","11","8","1600000","44010"
"48","0.002","10","35000000","true","10","5","0","0.2","5","11","0.058324545454545455","17","17","21","1100000","64157"
"49","0.002","10","35000000","true","10","5","0","0.2","5","11","0.04118636363636364","12","11","16","1100000","45305"
"47","0.002","10","35000000","true","10","5","0","0.2","5","17","0.02755764705882353","11","11","9","1700000","46848"
"48","0.002","10","35000000","true","10","5","0","0.2","5","12","0.05846333333333333","17","17","22","1200000","70156"
"49","0.002","10","35000000","true","10","5","0","0.2","5","12","0.0430675","7","7","7","1200000","51681"
"47","0.002","10","35000000","true","10","5","0","0.2","5","18","0.027565555555555555","11","11","8","1800000","49618"
"50","0.002","10","35000000","true","10","5","0","0.2","5","0","0","25","25","15","0","0"
"48","0.002","10","35000000","true","10","5","0","0.2","5","13","0.058414615384615384","11","11","15","1300000","75939"
"51","0.002","10","35000000","true","10","5","0","0.2","5","0","0","25","25","15","0","0"
"49","0.002","10","35000000","true","10","5","0","0.2","5","13","0.04472","9","9","11","1300000","58136"
"50","0.002","10","35000000","true","10","5","0","0.2","5","1","0.01747","8","8","6","100000","1747"
"51","0.002","10","35000000","true","10","5","0","0.2","5","1","0.0277","8","8","8","100000","2770"
"49","0.002","10","35000000","true","10","5","0","0.2","5","14","0.045725714285714286","8","8","10","1400000","64016"
"51","0.002","10","35000000","true","10","5","0","0.2","5","2","0.023065","6","6","3","200000","4613"
"50","0.002","10","35000000","true","10","5","0","0.2","5","2","0.02424","7","7","6","200000","4848"
"51","0.002","10","35000000","true","10","5","0","0.2","5","3","0.022096666666666667","12","8","15","300000","6629"
"49","0.002","10","35000000","true","10","5","0","0.2","5","15","0.04661066666666667","11","11","17","1500000","69916"
"50","0.002","10","35000000","true","10","5","0","0.2","5","3","0.024873333333333334","7","7","5","300000","7462"
"51","0.002","10","35000000","true","10","5","0","0.2","5","4","0.02213","9","9","9","400000","8852"
"50","0.002","10","35000000","true","10","5","0","0.2","5","4","0.0234775","8","8","8","400000","9391"
"49","0.002","10","35000000","true","10","5","0","0.2","5","16","0.04738","14","13","18","1600000","75808"
"51","0.002","10","35000000","true","10","5","0","0.2","5","5","0.022792","13","11","15","500000","11396"
"50","0.002","10","35000000","true","10","5","0","0.2","5","5","0.025216","6","6","4","500000","12608"
"49","0.002","10","35000000","true","10","5","0","0.2","5","17","0.04783058823529412","10","10","13","1700000","81312"
"51","0.002","10","35000000","true","10","5","0","0.2","5","6","0.022816666666666666","7","7","5","600000","13690"
"50","0.002","10","35000000","true","10","5","0","0.2","5","6","0.025815","7","7","5","600000","15489"
"49","0.002","10","35000000","true","10","5","0","0.2","5","18","0.04845222222222222","12","12","17","1800000","87214"
"51","0.002","10","35000000","true","10","5","0","0.2","5","7","0.023405714285714287","7","7","7","700000","16384"
"50","0.002","10","35000000","true","10","5","0","0.2","5","7","0.02573","8","8","7","700000","18011"
"49","0.002","10","35000000","true","10","5","0","0.2","5","19","0.049367894736842104","9","9","11","1900000","93799"
"51","0.002","10","35000000","true","10","5","0","0.2","5","8","0.0233375","7","7","5","800000","18670"
"50","0.002","10","35000000","true","10","5","0","0.2","5","8","0.0252275","8","8","6","800000","20182"
"49","0.002","10","35000000","true","10","5","0","0.2","5","20","0.0497985","10","10","13","2000000","99597"
"52","0.002","10","35000000","true","10","5","0","0.2","5","0","0","25","25","17","0","0"
"51","0.002","10","35000000","true","10","5","0","0.2","5","9","0.023196666666666668","8","8","7","900000","20877"
"50","0.002","10","35000000","true","10","5","0","0.2","5","9","0.027516666666666665","7","7","9","900000","24765"
"52","0.002","10","35000000","true","10","5","0","0.2","5","1","0.02772","11","11","7","100000","2772"
"51","0.002","10","35000000","true","10","5","0","0.2","5","10","0.023013","7","7","5","1000000","23013"
"52","0.002","10","35000000","true","10","5","0","0.2","5","2","0.027155","11","11","7","200000","5431"
"50","0.002","10","35000000","true","10","5","0","0.2","5","10","0.032284","13","11","25","1000000","32284"
"51","0.002","10","35000000","true","10","5","0","0.2","5","11","0.022862727272727274","8","8","8","1100000","25149"
"52","0.002","10","35000000","true","10","5","0","0.2","5","3","0.026693333333333333","10","10","7","300000","8008"
"50","0.002","10","35000000","true","10","5","0","0.2","5","11","0.03660636363636364","10","9","17","1100000","40267"
"51","0.002","10","35000000","true","10","5","0","0.2","5","12","0.022663333333333334","9","9","10","1200000","27196"
"52","0.002","10","35000000","true","10","5","0","0.2","5","4","0.0256125","9","9","3","400000","10245"
"50","0.002","10","35000000","true","10","5","0","0.2","5","12","0.03634833333333334","6","6","7","1200000","43618"
"51","0.002","10","35000000","true","10","5","0","0.2","5","13","0.02259923076923077","6","6","3","1300000","29379"
"53","0.002","10","35000000","true","10","5","0","0.2","5","0","0","25","25","17","0","0"
"52","0.002","10","35000000","true","10","5","0","0.2","5","5","0.025296","13","13","10","500000","12648"
"50","0.002","10","35000000","true","10","5","0","0.2","5","13","0.03467","8","8","9","1300000","45071"
"53","0.002","10","35000000","true","10","5","0","0.2","5","1","0.03266","10","10","12","100000","3266"
"52","0.002","10","35000000","true","10","5","0","0.2","5","6","0.024865","12","11","8","600000","14919"
"52","0.002","10","35000000","true","10","5","0","0.2","5","7","0.024625714285714286","12","11","8","700000","17238"
"50","0.002","10","35000000","true","10","5","0","0.2","5","14","0.03366285714285714","5","5","3","1400000","47128"
"53","0.002","10","35000000","true","10","5","0","0.2","5","2","0.03342","10","10","11","200000","6684"
"52","0.002","10","35000000","true","10","5","0","0.2","5","8","0.02422875","11","11","7","800000","19383"
"53","0.002","10","35000000","true","10","5","0","0.2","5","3","0.03219333333333333","11","10","11","300000","9658"
"50","0.002","10","35000000","true","10","5","0","0.2","5","15","0.032404","5","5","3","1500000","48606"
"52","0.002","10","35000000","true","10","5","0","0.2","5","9","0.024533333333333334","14","13","9","900000","22080"
"53","0.002","10","35000000","true","10","5","0","0.2","5","4","0.0324475","8","8","7","400000","12979"
"50","0.002","10","35000000","true","10","5","0","0.2","5","16","0.0319275","8","8","15","1600000","51084"
"52","0.002","10","35000000","true","10","5","0","0.2","5","10","0.024517","11","11","5","1000000","24517"
"53","0.002","10","35000000","true","10","5","0","0.2","5","5","0.03232","9","9","7","500000","16160"
"50","0.002","10","35000000","true","10","5","0","0.2","5","17","0.03224588235294118","6","6","6","1700000","54818"
"52","0.002","10","35000000","true","10","5","0","0.2","5","11","0.02449181818181818","11","10","8","1100000","26941"
"53","0.002","10","35000000","true","10","5","0","0.2","5","6","0.03151166666666667","9","9","9","600000","18907"
"50","0.002","10","35000000","true","10","5","0","0.2","5","18","0.03307388888888889","6","6","5","1800000","59533"
"52","0.002","10","35000000","true","10","5","0","0.2","5","12","0.024529166666666668","14","14","11","1200000","29435"
"54","0.002","10","35000000","true","10","5","0","0.2","5","0","0","25","25","16","0","0"
"53","0.002","10","35000000","true","10","5","0","0.2","5","7","0.031222857142857142","12","12","14","700000","21856"
"50","0.002","10","35000000","true","10","5","0","0.2","5","19","0.03218736842105263","7","7","8","1900000","61156"
"54","0.002","10","35000000","true","10","5","0","0.2","5","1","0.00386","5","5","0","100000","386"
"53","0.002","10","35000000","true","10","5","0","0.2","5","8","0.03100375","10","10","12","800000","24803"
"54","0.002","10","35000000","true","10","5","0","0.2","5","2","0.00193","5","5","0","200000","386"
"50","0.002","10","35000000","true","10","5","0","0.2","5","20","0.031644","6","6","5","2000000","63288"
"53","0.002","10","35000000","true","10","5","0","0.2","5","9","0.030856666666666668","10","9","11","900000","27771"
"54","0.002","10","35000000","true","10","5","0","0.2","5","3","0.0012866666666666666","5","5","0","300000","386"
"50","0.002","10","35000000","true","10","5","0","0.2","5","21","0.031336190476190476","5","5","4","2100000","65806"
"53","0.002","10","35000000","true","10","5","0","0.2","5","10","0.030929","11","11","12","1000000","30929"
"54","0.002","10","35000000","true","10","5","0","0.2","5","4","9.65E-4","5","5","0","400000","386"
"50","0.002","10","35000000","true","10","5","0","0.2","5","22","0.03104590909090909","5","5","3","2200000","68301"
"55","0.002","10","35000000","true","10","5","0","0.2","5","0","0","25","25","18","0","0"
"53","0.002","10","35000000","true","10","5","0","0.2","5","11","0.031172727272727272","9","9","9","1100000","34290"
"54","0.002","10","35000000","true","10","5","0","0.2","5","5","7.72E-4","5","5","0","500000","386"
"55","0.002","10","35000000","true","10","5","0","0.2","5","1","0.01371","9","9","1","100000","1371"
"53","0.002","10","35000000","true","10","5","0","0.2","5","12","0.031171666666666667","8","8","7","1200000","37406"
"56","0.002","10","35000000","true","10","5","0","0.2","5","0","0","25","25","18","0","0"
"54","0.002","10","35000000","true","10","5","0","0.2","5","6","6.433333333333333E-4","5","5","0","600000","386"
"55","0.002","10","35000000","true","10","5","0","0.2","5","2","0.01126","11","11","3","200000","2252"
"54","0.002","10","35000000","true","10","5","0","0.2","5","7","5.514285714285714E-4","5","5","0","700000","386"
"56","0.002","10","35000000","true","10","5","0","0.2","5","1","0.05124","9","9","15","100000","5124"
"55","0.002","10","35000000","true","10","5","0","0.2","5","3","0.01227","10","10","2","300000","3681"
"54","0.002","10","35000000","true","10","5","0","0.2","5","8","4.825E-4","5","5","0","800000","386"
"55","0.002","10","35000000","true","10","5","0","0.2","5","4","0.0122675","10","10","2","400000","4907"
"56","0.002","10","35000000","true","10","5","0","0.2","5","2","0.050645","6","6","6","200000","10129"
"54","0.002","10","35000000","true","10","5","0","0.2","5","9","4.2888888888888886E-4","5","5","0","900000","386"
"55","0.002","10","35000000","true","10","5","0","0.2","5","5","0.01241","10","10","3","500000","6205"
"56","0.002","10","35000000","true","10","5","0","0.2","5","3","0.05056666666666667","7","7","12","300000","15170"
"54","0.002","10","35000000","true","10","5","0","0.2","5","10","3.86E-4","5","5","0","1000000","386"
"55","0.002","10","35000000","true","10","5","0","0.2","5","6","0.012633333333333333","12","11","5","600000","7580"
"54","0.002","10","35000000","true","10","5","0","0.2","5","11","3.509090909090909E-4","5","5","0","1100000","386"
"56","0.002","10","35000000","true","10","5","0","0.2","5","4","0.0516275","7","7","10","400000","20651"
"55","0.002","10","35000000","true","10","5","0","0.2","5","7","0.012538571428571428","10","10","2","700000","8777"
"54","0.002","10","35000000","true","10","5","0","0.2","5","12","3.2166666666666666E-4","5","5","0","1200000","386"
"57","0.002","10","35000000","true","10","5","0","0.2","5","0","0","25","25","21","0","0"
"55","0.002","10","35000000","true","10","5","0","0.2","5","8","0.01309125","10","10","2","800000","10473"
"56","0.002","10","35000000","true","10","5","0","0.2","5","5","0.050918","6","6","6","500000","25459"
"57","0.002","10","35000000","true","10","5","0","0.2","5","1","0.01069","8","8","2","100000","1069"
"55","0.002","10","35000000","true","10","5","0","0.2","5","9","0.013067777777777777","12","12","5","900000","11761"
"56","0.002","10","35000000","true","10","5","0","0.2","5","6","0.050861666666666666","9","7","14","600000","30517"
"55","0.002","10","35000000","true","10","5","0","0.2","5","10","0.012944","12","12","5","1000000","12944"
"57","0.002","10","35000000","true","10","5","0","0.2","5","2","0.01007","9","9","4","200000","2014"
"56","0.002","10","35000000","true","10","5","0","0.2","5","7","0.05038714285714286","5","5","4","700000","35271"
"55","0.002","10","35000000","true","10","5","0","0.2","5","11","0.012978181818181818","10","10","2","1100000","14276"
"57","0.002","10","35000000","true","10","5","0","0.2","5","3","0.009506666666666667","8","8","2","300000","2852"
"55","0.002","10","35000000","true","10","5","0","0.2","5","12","0.012915833333333333","10","10","2","1200000","15499"
"57","0.002","10","35000000","true","10","5","0","0.2","5","4","0.0095875","9","9","4","400000","3835"
"56","0.002","10","35000000","true","10","5","0","0.2","5","8","0.05017375","12","11","17","800000","40139"
"55","0.002","10","35000000","true","10","5","0","0.2","5","13","0.01296076923076923","9","9","1","1300000","16849"
"58","0.002","10","35000000","true","10","5","0","0.2","5","0","0","25","25","15","0","0"
"57","0.002","10","35000000","true","10","5","0","0.2","5","5","0.009386","9","9","3","500000","4693"
"56","0.002","10","35000000","true","10","5","0","0.2","5","9","0.050834444444444446","8","7","13","900000","45751"
"58","0.002","10","35000000","true","10","5","0","0.2","5","1","9.7E-4","13","13","1","100000","97"
"57","0.002","10","35000000","true","10","5","0","0.2","5","6","0.009461666666666667","8","8","2","600000","5677"
"58","0.002","10","35000000","true","10","5","0","0.2","5","2","4.85E-4","13","13","1","200000","97"
"56","0.002","10","35000000","true","10","5","0","0.2","5","10","0.050937","6","6","6","1000000","50937"
"57","0.002","10","35000000","true","10","5","0","0.2","5","7","0.009531428571428571","8","8","2","700000","6672"
"58","0.002","10","35000000","true","10","5","0","0.2","5","3","3.2333333333333335E-4","13","13","1","300000","97"
"57","0.002","10","35000000","true","10","5","0","0.2","5","8","0.00941375","9","9","3","800000","7531"
"56","0.002","10","35000000","true","10","5","0","0.2","5","11","0.05091909090909091","11","9","17","1100000","56011"
"58","0.002","10","35000000","true","10","5","0","0.2","5","4","2.425E-4","13","13","1","400000","97"
"57","0.002","10","35000000","true","10","5","0","0.2","5","9","0.00959","9","9","3","900000","8631"
"58","0.002","10","35000000","true","10","5","0","0.2","5","5","1.94E-4","13","13","1","500000","97"
"56","0.002","10","35000000","true","10","5","0","0.2","5","12","0.0503325","8","8","12","1200000","60399"
"59","0.002","10","35000000","true","10","5","0","0.2","5","0","0","25","25","18","0","0"
"57","0.002","10","35000000","true","10","5","0","0.2","5","10","0.009716","10","10","5","1000000","9716"
"58","0.002","10","35000000","true","10","5","0","0.2","5","6","1.6166666666666668E-4","13","13","1","600000","97"
"59","0.002","10","35000000","true","10","5","0","0.2","5","1","0.03311","10","10","6","100000","3311"
"57","0.002","10","35000000","true","10","5","0","0.2","5","11","0.009542727272727272","8","8","2","1100000","10497"
"58","0.002","10","35000000","true","10","5","0","0.2","5","7","1.3857142857142857E-4","13","13","1","700000","97"
"59","0.002","10","35000000","true","10","5","0","0.2","5","2","0.036875","14","14","13","200000","7375"
"58","0.002","10","35000000","true","10","5","0","0.2","5","8","1.2125E-4","13","13","1","800000","97"
"57","0.002","10","35000000","true","10","5","0","0.2","5","12","0.00972","9","9","3","1200000","11664"
"60","0.002","10","35000000","true","10","5","0","0.2","5","0","0","25","25","15","0","0"
"58","0.002","10","35000000","true","10","5","0","0.2","5","9","1.0777777777777778E-4","13","13","1","900000","97"
"59","0.002","10","35000000","true","10","5","0","0.2","5","3","0.0381","15","14","13","300000","11430"
"60","0.002","10","35000000","true","10","5","0","0.2","5","1","0.03629","7","7","9","100000","3629"
"58","0.002","10","35000000","true","10","5","0","0.2","5","10","9.7E-5","13","13","1","1000000","97"
"61","0.002","10","35000000","true","10","5","0","0.3","5","0","0","25","25","11","0","0"
"59","0.002","10","35000000","true","10","5","0","0.2","5","4","0.037295","11","11","7","400000","14918"
"60","0.002","10","35000000","true","10","5","0","0.2","5","2","0.03661","5","5","5","200000","7322"
"61","0.002","10","35000000","true","10","5","0","0.3","5","1","0.03043","12","10","12","100000","3043"
"59","0.002","10","35000000","true","10","5","0","0.2","5","5","0.037556","12","12","9","500000","18778"
"60","0.002","10","35000000","true","10","5","0","0.2","5","3","0.03686333333333333","7","6","8","300000","11059"
"61","0.002","10","35000000","true","10","5","0","0.3","5","2","0.03144","7","7","2","200000","6288"
"59","0.002","10","35000000","true","10","5","0","0.2","5","6","0.037763333333333336","10","10","7","600000","22658"
"60","0.002","10","35000000","true","10","5","0","0.2","5","4","0.0355575","7","7","8","400000","14223"
"59","0.002","10","35000000","true","10","5","0","0.2","5","7","0.03787142857142857","16","15","15","700000","26510"
"61","0.002","10","35000000","true","10","5","0","0.3","5","3","0.028676666666666666","12","12","13","300000","8603"
"60","0.002","10","35000000","true","10","5","0","0.2","5","5","0.034962","7","7","8","500000","17481"
"59","0.002","10","35000000","true","10","5","0","0.2","5","8","0.0376375","12","12","9","800000","30110"
"61","0.002","10","35000000","true","10","5","0","0.3","5","4","0.0281875","11","10","8","400000","11275"
"60","0.002","10","35000000","true","10","5","0","0.2","5","6","0.035165","6","6","9","600000","21099"
"59","0.002","10","35000000","true","10","5","0","0.2","5","9","0.03759222222222222","16","16","16","900000","33833"
"61","0.002","10","35000000","true","10","5","0","0.3","5","5","0.02905","8","8","4","500000","14525"
"59","0.002","10","35000000","true","10","5","0","0.2","5","10","0.037894","11","11","8","1000000","37894"
"60","0.002","10","35000000","true","10","5","0","0.2","5","7","0.03539571428571429","4","4","3","700000","24777"
"61","0.002","10","35000000","true","10","5","0","0.3","5","6","0.029503333333333333","8","8","5","600000","17702"
"59","0.002","10","35000000","true","10","5","0","0.2","5","11","0.037668181818181816","11","11","9","1100000","41435"
"61","0.002","10","35000000","true","10","5","0","0.3","5","7","0.02914857142857143","7","7","2","700000","20404"
"60","0.002","10","35000000","true","10","5","0","0.2","5","8","0.0353525","9","6","12","800000","28282"
"59","0.002","10","35000000","true","10","5","0","0.2","5","12","0.037469166666666665","13","13","11","1200000","44963"
"61","0.002","10","35000000","true","10","5","0","0.3","5","8","0.02879875","9","9","7","800000","23039"
"60","0.002","10","35000000","true","10","5","0","0.2","5","9","0.035285555555555556","6","6","9","900000","31757"
"59","0.002","10","35000000","true","10","5","0","0.2","5","13","0.03771692307692308","10","10","6","1300000","49032"
"62","0.002","10","35000000","true","10","5","0","0.3","5","0","0","25","25","15","0","0"
"61","0.002","10","35000000","true","10","5","0","0.3","5","9","0.02963","7","7","2","900000","26667"
"60","0.002","10","35000000","true","10","5","0","0.2","5","10","0.035061","8","7","9","1000000","35061"
"62","0.002","10","35000000","true","10","5","0","0.3","5","1","0.00132","10","10","0","100000","132"
"61","0.002","10","35000000","true","10","5","0","0.3","5","10","0.028584","9","9","4","1000000","28584"
"60","0.002","10","35000000","true","10","5","0","0.2","5","11","0.03515","7","6","10","1100000","38665"
"62","0.002","10","35000000","true","10","5","0","0.3","5","2","6.6E-4","10","10","0","200000","132"
"61","0.002","10","35000000","true","10","5","0","0.3","5","11","0.02845","9","9","5","1100000","31295"
"62","0.002","10","35000000","true","10","5","0","0.3","5","3","4.4E-4","10","10","0","300000","132"
"60","0.002","10","35000000","true","10","5","0","0.2","5","12","0.035209166666666666","4","4","3","1200000","42251"
"63","0.002","10","35000000","true","10","5","0","0.3","5","0","0","25","25","15","0","0"
"62","0.002","10","35000000","true","10","5","0","0.3","5","4","3.3E-4","10","10","0","400000","132"
"61","0.002","10","35000000","true","10","5","0","0.3","5","12","0.027854166666666666","13","13","10","1200000","33425"
"63","0.002","10","35000000","true","10","5","0","0.3","5","1","0.03632","12","12","7","100000","3632"
"62","0.002","10","35000000","true","10","5","0","0.3","5","5","2.64E-4","10","10","0","500000","132"
"61","0.002","10","35000000","true","10","5","0","0.3","5","13","0.02750076923076923","12","11","14","1300000","35751"
"63","0.002","10","35000000","true","10","5","0","0.3","5","2","0.035185","17","16","13","200000","7037"
"62","0.002","10","35000000","true","10","5","0","0.3","5","6","2.2E-4","10","10","0","600000","132"
"61","0.002","10","35000000","true","10","5","0","0.3","5","14","0.027335714285714286","8","8","3","1400000","38270"
"64","0.002","10","35000000","true","10","5","0","0.3","5","0","0","25","25","18","0","0"
"63","0.002","10","35000000","true","10","5","0","0.3","5","3","0.03436","17","17","16","300000","10308"
"62","0.002","10","35000000","true","10","5","0","0.3","5","7","1.8857142857142857E-4","10","10","0","700000","132"
"64","0.002","10","35000000","true","10","5","0","0.3","5","1","0.01429","11","11","7","100000","1429"
"63","0.002","10","35000000","true","10","5","0","0.3","5","4","0.0344575","17","17","14","400000","13783"
"62","0.002","10","35000000","true","10","5","0","0.3","5","8","1.65E-4","10","10","0","800000","132"
"64","0.002","10","35000000","true","10","5","0","0.3","5","2","0.019465","10","10","8","200000","3893"
"62","0.002","10","35000000","true","10","5","0","0.3","5","9","1.4666666666666666E-4","10","10","0","900000","132"
"63","0.002","10","35000000","true","10","5","0","0.3","5","5","0.035394","16","16","13","500000","17697"
"62","0.002","10","35000000","true","10","5","0","0.3","5","10","1.32E-4","10","10","0","1000000","132"
"65","0.002","10","35000000","true","10","5","0","0.3","5","0","0","25","25","15","0","0"
"63","0.002","10","35000000","true","10","5","0","0.3","5","6","0.035555","14","14","10","600000","21333"
"64","0.002","10","35000000","true","10","5","0","0.3","5","3","0.02202","9","9","5","300000","6606"
"65","0.002","10","35000000","true","10","5","0","0.3","5","1","0.04812","18","18","18","100000","4812"
"63","0.002","10","35000000","true","10","5","0","0.3","5","7","0.035674285714285714","14","14","13","700000","24972"
"64","0.002","10","35000000","true","10","5","0","0.3","5","4","0.023215","10","10","6","400000","9286"
"63","0.002","10","35000000","true","10","5","0","0.3","5","8","0.03579625","14","14","13","800000","28637"
"65","0.002","10","35000000","true","10","5","0","0.3","5","2","0.05063","15","15","14","200000","10126"
"64","0.002","10","35000000","true","10","5","0","0.3","5","5","0.023162","11","11","8","500000","11581"
"63","0.002","10","35000000","true","10","5","0","0.3","5","9","0.036297777777777776","15","15","12","900000","32668"
"64","0.002","10","35000000","true","10","5","0","0.3","5","6","0.023608333333333332","9","9","4","600000","14165"
"65","0.002","10","35000000","true","10","5","0","0.3","5","3","0.05179","13","13","19","300000","15537"
"63","0.002","10","35000000","true","10","5","0","0.3","5","10","0.036116","12","12","7","1000000","36116"
"64","0.002","10","35000000","true","10","5","0","0.3","5","7","0.02355142857142857","10","10","6","700000","16486"
"65","0.002","10","35000000","true","10","5","0","0.3","5","4","0.05173","11","11","14","400000","20692"
"64","0.002","10","35000000","true","10","5","0","0.3","5","8","0.02204","8","8","2","800000","17632"
"63","0.002","10","35000000","true","10","5","0","0.3","5","11","0.036463636363636365","19","19","19","1100000","40110"
"65","0.002","10","35000000","true","10","5","0","0.3","5","5","0.05174","9","9","11","500000","25870"
"64","0.002","10","35000000","true","10","5","0","0.3","5","9","0.020353333333333334","8","8","2","900000","18318"
"63","0.002","10","35000000","true","10","5","0","0.3","5","12","0.03639833333333333","14","14","11","1200000","43678"
"66","0.002","10","35000000","true","10","5","0","0.3","5","0","0","25","25","12","0","0"
"65","0.002","10","35000000","true","10","5","0","0.3","5","6","0.05173666666666667","11","11","13","600000","31042"
"64","0.002","10","35000000","true","10","5","0","0.3","5","10","0.018961","10","10","4","1000000","18961"
"66","0.002","10","35000000","true","10","5","0","0.3","5","1","0.02628","11","11","6","100000","2628"
"64","0.002","10","35000000","true","10","5","0","0.3","5","11","0.017825454545454547","9","9","3","1100000","19608"
"65","0.002","10","35000000","true","10","5","0","0.3","5","7","0.051808571428571426","9","9","10","700000","36266"
"66","0.002","10","35000000","true","10","5","0","0.3","5","2","0.025535","14","14","14","200000","5107"
"64","0.002","10","35000000","true","10","5","0","0.3","5","12","0.016870833333333335","9","9","3","1200000","20245"
"65","0.002","10","35000000","true","10","5","0","0.3","5","8","0.05256625","13","13","16","800000","42053"
"66","0.002","10","35000000","true","10","5","0","0.3","5","3","0.025226666666666668","12","12","9","300000","7568"
"64","0.002","10","35000000","true","10","5","0","0.3","5","13","0.016096923076923078","9","9","3","1300000","20926"
"66","0.002","10","35000000","true","10","5","0","0.3","5","4","0.0248275","12","12","7","400000","9931"
"65","0.002","10","35000000","true","10","5","0","0.3","5","9","0.052332222222222224","15","14","21","900000","47099"
"64","0.002","10","35000000","true","10","5","0","0.3","5","14","0.015437142857142858","9","9","3","1400000","21612"
"67","0.002","10","35000000","true","10","5","0","0.3","5","0","0","25","25","14","0","0"
"66","0.002","10","35000000","true","10","5","0","0.3","5","5","0.024474","14","14","12","500000","12237"
"65","0.002","10","35000000","true","10","5","0","0.3","5","10","0.052668","10","10","14","1000000","52668"
"66","0.002","10","35000000","true","10","5","0","0.3","5","6","0.024306666666666667","11","11","11","600000","14584"
"67","0.002","10","35000000","true","10","5","0","0.3","5","1","0.05521","13","11","17","100000","5521"
"65","0.002","10","35000000","true","10","5","0","0.3","5","11","0.052925454545454546","11","11","14","1100000","58218"
"66","0.002","10","35000000","true","10","5","0","0.3","5","7","0.023918571428571428","12","11","9","700000","16743"
"67","0.002","10","35000000","true","10","5","0","0.3","5","2","0.050365","10","8","15","200000","10073"
"65","0.002","10","35000000","true","10","5","0","0.3","5","12","0.05312666666666667","15","14","19","1200000","63752"
"66","0.002","10","35000000","true","10","5","0","0.3","5","8","0.02417625","12","12","11","800000","19341"
"67","0.002","10","35000000","true","10","5","0","0.3","5","3","0.04794333333333333","10","10","14","300000","14383"
"65","0.002","10","35000000","true","10","5","0","0.3","5","13","0.053064615384615384","13","13","16","1300000","68984"
"68","0.002","10","35000000","true","10","5","0","0.3","5","0","0","25","25","18","0","0"
"66","0.002","10","35000000","true","10","5","0","0.3","5","9","0.024563333333333333","15","15","14","900000","22107"
"67","0.002","10","35000000","true","10","5","0","0.3","5","4","0.0477125","9","8","11","400000","19085"
"66","0.002","10","35000000","true","10","5","0","0.3","5","10","0.024726","11","11","6","1000000","24726"
"68","0.002","10","35000000","true","10","5","0","0.3","5","1","0.05798","9","9","10","100000","5798"
"66","0.002","10","35000000","true","10","5","0","0.3","5","11","0.024742727272727274","11","11","7","1100000","27217"
"67","0.002","10","35000000","true","10","5","0","0.3","5","5","0.047176","10","9","14","500000","23588"
"68","0.002","10","35000000","true","10","5","0","0.3","5","2","0.05955","9","9","12","200000","11910"
"66","0.002","10","35000000","true","10","5","0","0.3","5","12","0.024355","16","16","16","1200000","29226"
"69","0.002","10","35000000","true","10","5","0","0.3","5","0","0","25","25","14","0","0"
"67","0.002","10","35000000","true","10","5","0","0.3","5","6","0.047275","9","8","12","600000","28365"
"68","0.002","10","35000000","true","10","5","0","0.3","5","3","0.05843333333333333","10","10","15","300000","17530"
"69","0.002","10","35000000","true","10","5","0","0.3","5","1","0.04892","12","12","13","100000","4892"
"67","0.002","10","35000000","true","10","5","0","0.3","5","7","0.046914285714285714","7","7","7","700000","32840"
"68","0.002","10","35000000","true","10","5","0","0.3","5","4","0.05802","7","7","7","400000","23208"
"69","0.002","10","35000000","true","10","5","0","0.3","5","2","0.04799","14","14","18","200000","9598"
"67","0.002","10","35000000","true","10","5","0","0.3","5","8","0.04629125","9","7","8","800000","37033"
"68","0.002","10","35000000","true","10","5","0","0.3","5","5","0.056946","10","10","12","500000","28473"
"69","0.002","10","35000000","true","10","5","0","0.3","5","3","0.04757666666666667","11","11","13","300000","14273"
"67","0.002","10","35000000","true","10","5","0","0.3","5","9","0.04623555555555556","7","6","8","900000","41612"
"68","0.002","10","35000000","true","10","5","0","0.3","5","6","0.05636","9","9","10","600000","33816"
"69","0.002","10","35000000","true","10","5","0","0.3","5","4","0.04713","11","11","10","400000","18852"
"67","0.002","10","35000000","true","10","5","0","0.3","5","10","0.046095","7","7","7","1000000","46095"
"68","0.002","10","35000000","true","10","5","0","0.3","5","7","0.056935714285714284","13","11","18","700000","39855"
"69","0.002","10","35000000","true","10","5","0","0.3","5","5","0.046734","14","14","19","500000","23367"
"67","0.002","10","35000000","true","10","5","0","0.3","5","11","0.04593545454545454","6","6","6","1100000","50529"
"69","0.002","10","35000000","true","10","5","0","0.3","5","6","0.047231666666666665","13","12","16","600000","28339"
"68","0.002","10","35000000","true","10","5","0","0.3","5","8","0.0562875","8","8","11","800000","45030"
"67","0.002","10","35000000","true","10","5","0","0.3","5","12","0.04617916666666667","8","8","10","1200000","55415"
"69","0.002","10","35000000","true","10","5","0","0.3","5","7","0.04720571428571429","11","11","12","700000","33044"
"68","0.002","10","35000000","true","10","5","0","0.3","5","9","0.05706111111111111","10","9","14","900000","51355"
"67","0.002","10","35000000","true","10","5","0","0.3","5","13","0.045972307692307694","8","8","10","1300000","59764"
"69","0.002","10","35000000","true","10","5","0","0.3","5","8","0.047055","11","11","12","800000","37644"
"68","0.002","10","35000000","true","10","5","0","0.3","5","10","0.057012","9","9","12","1000000","57012"
"69","0.002","10","35000000","true","10","5","0","0.3","5","9","0.04765333333333333","12","12","13","900000","42888"
"67","0.002","10","35000000","true","10","5","0","0.3","5","14","0.046165","6","6","5","1400000","64631"
"70","0.002","10","35000000","true","10","5","0","0.3","5","0","0","25","25","19","0","0"
"68","0.002","10","35000000","true","10","5","0","0.3","5","11","0.05700818181818182","10","10","12","1100000","62709"
"69","0.002","10","35000000","true","10","5","0","0.3","5","10","0.048067","12","12","17","1000000","48067"
"70","0.002","10","35000000","true","10","5","0","0.3","5","1","0.04106","13","13","10","100000","4106"
"68","0.002","10","35000000","true","10","5","0","0.3","5","12","0.057034166666666664","9","9","15","1200000","68441"
"71","0.002","10","35000000","true","10","5","0","0.3","5","0","0","25","25","15","0","0"
"69","0.002","10","35000000","true","10","5","0","0.3","5","11","0.04859909090909091","14","13","17","1100000","53459"
"70","0.002","10","35000000","true","10","5","0","0.3","5","2","0.044485","13","13","12","200000","8897"
"71","0.002","10","35000000","true","10","5","0","0.3","5","1","0.05359","13","13","17","100000","5359"
"69","0.002","10","35000000","true","10","5","0","0.3","5","12","0.048565833333333336","14","12","18","1200000","58279"
"72","0.002","10","35000000","true","10","5","0","0.3","5","0","0","25","25","19","0","0"
"70","0.002","10","35000000","true","10","5","0","0.3","5","3","0.04685","14","14","12","300000","14055"
"71","0.002","10","35000000","true","10","5","0","0.3","5","2","0.05481","12","12","14","200000","10962"
"72","0.002","10","35000000","true","10","5","0","0.3","5","1","0.03531","5","5","4","100000","3531"
"70","0.002","10","35000000","true","10","5","0","0.3","5","4","0.0473475","15","14","14","400000","18939"
"71","0.002","10","35000000","true","10","5","0","0.3","5","3","0.05497333333333333","12","12","13","300000","16492"
"72","0.002","10","35000000","true","10","5","0","0.3","5","2","0.03366","12","9","19","200000","6732"
"70","0.002","10","35000000","true","10","5","0","0.3","5","5","0.045776","14","13","11","500000","22888"
"71","0.002","10","35000000","true","10","5","0","0.3","5","4","0.0561075","15","13","19","400000","22443"
"72","0.002","10","35000000","true","10","5","0","0.3","5","3","0.03599666666666667","8","8","11","300000","10799"
"70","0.002","10","35000000","true","10","5","0","0.3","5","6","0.045608333333333334","16","15","15","600000","27365"
"71","0.002","10","35000000","true","10","5","0","0.3","5","5","0.055894","12","12","15","500000","27947"
"70","0.002","10","35000000","true","10","5","0","0.3","5","7","0.04539428571428571","17","17","16","700000","31776"
"72","0.002","10","35000000","true","10","5","0","0.3","5","4","0.0386525","6","6","6","400000","15461"
"71","0.002","10","35000000","true","10","5","0","0.3","5","6","0.056163333333333336","13","13","18","600000","33698"
"70","0.002","10","35000000","true","10","5","0","0.3","5","8","0.04512625","12","12","11","800000","36101"
"72","0.002","10","35000000","true","10","5","0","0.3","5","5","0.035698","5","5","2","500000","17849"
"71","0.002","10","35000000","true","10","5","0","0.3","5","7","0.05603428571428572","11","11","12","700000","39224"
"70","0.002","10","35000000","true","10","5","0","0.3","5","9","0.044066666666666664","11","11","5","900000","39660"
"72","0.002","10","35000000","true","10","5","0","0.3","5","6","0.033865","6","6","5","600000","20319"
"71","0.002","10","35000000","true","10","5","0","0.3","5","8","0.0563525","17","17","22","800000","45082"
"70","0.002","10","35000000","true","10","5","0","0.3","5","10","0.04158","13","13","10","1000000","41580"
"72","0.002","10","35000000","true","10","5","0","0.3","5","7","0.03223714285714286","10","8","12","700000","22566"
"71","0.002","10","35000000","true","10","5","0","0.3","5","9","0.05624333333333333","13","13","19","900000","50619"
"70","0.002","10","35000000","true","10","5","0","0.3","5","11","0.03974818181818182","11","11","5","1100000","43723"
"72","0.002","10","35000000","true","10","5","0","0.3","5","8","0.0335025","6","6","5","800000","26802"
"70","0.002","10","35000000","true","10","5","0","0.3","5","12","0.03802333333333333","13","12","9","1200000","45628"
"71","0.002","10","35000000","true","10","5","0","0.3","5","10","0.056451","13","13","16","1000000","56451"
"72","0.002","10","35000000","true","10","5","0","0.3","5","9","0.03420666666666667","6","6","7","900000","30786"
"70","0.002","10","35000000","true","10","5","0","0.3","5","13","0.036236923076923076","11","11","3","1300000","47108"
"71","0.002","10","35000000","true","10","5","0","0.3","5","11","0.056421818181818184","14","14","19","1100000","62064"
"72","0.002","10","35000000","true","10","5","0","0.3","5","10","0.034939","14","12","19","1000000","34939"
"70","0.002","10","35000000","true","10","5","0","0.3","5","14","0.034757857142857146","11","11","4","1400000","48661"
"71","0.002","10","35000000","true","10","5","0","0.3","5","12","0.056503333333333336","15","15","22","1200000","67804"
"73","0.002","10","35000000","true","10","5","0","0.3","5","0","0","25","25","13","0","0"
"70","0.002","10","35000000","true","10","5","0","0.3","5","15","0.033622","11","11","4","1500000","50433"
"72","0.002","10","35000000","true","10","5","0","0.3","5","11","0.03556636363636364","7","6","9","1100000","39123"
"73","0.002","10","35000000","true","10","5","0","0.3","5","1","0.075","16","14","22","100000","7500"
"70","0.002","10","35000000","true","10","5","0","0.3","5","16","0.033084375","11","11","7","1600000","52935"
"72","0.002","10","35000000","true","10","5","0","0.3","5","12","0.033475","5","5","2","1200000","40170"
"70","0.002","10","35000000","true","10","5","0","0.3","5","17","0.03374411764705882","14","14","12","1700000","57365"
"72","0.002","10","35000000","true","10","5","0","0.3","5","13","0.032769230769230766","7","7","6","1300000","42600"
"73","0.002","10","35000000","true","10","5","0","0.3","5","2","0.076745","13","12","17","200000","15349"
"70","0.002","10","35000000","true","10","5","0","0.3","5","18","0.03376277777777778","15","15","16","1800000","60773"
"72","0.002","10","35000000","true","10","5","0","0.3","5","14","0.03290214285714286","8","8","12","1400000","46063"
"73","0.002","10","35000000","true","10","5","0","0.3","5","3","0.07843","13","13","18","300000","23529"
"70","0.002","10","35000000","true","10","5","0","0.3","5","19","0.03417894736842105","12","12","5","1900000","64940"
"72","0.002","10","35000000","true","10","5","0","0.3","5","15","0.033857333333333337","7","7","6","1500000","50786"
"73","0.002","10","35000000","true","10","5","0","0.3","5","4","0.078175","11","11","15","400000","31270"
"70","0.002","10","35000000","true","10","5","0","0.3","5","20","0.0339325","13","13","10","2000000","67865"
"72","0.002","10","35000000","true","10","5","0","0.3","5","16","0.034714375","9","9","14","1600000","55543"
"73","0.002","10","35000000","true","10","5","0","0.3","5","5","0.078806","12","12","19","500000","39403"
"70","0.002","10","35000000","true","10","5","0","0.3","5","21","0.034057142857142855","12","12","9","2100000","71520"
"74","0.002","10","35000000","true","10","5","0","0.3","5","0","0","25","25","18","0","0"
"72","0.002","10","35000000","true","10","5","0","0.3","5","17","0.03502","6","6","7","1700000","59534"
"74","0.002","10","35000000","true","10","5","0","0.3","5","1","0.01653","13","13","8","100000","1653"
"73","0.002","10","35000000","true","10","5","0","0.3","5","6","0.07867833333333334","14","13","25","600000","47207"
"72","0.002","10","35000000","true","10","5","0","0.3","5","18","0.034885","9","9","13","1800000","62793"
"74","0.002","10","35000000","true","10","5","0","0.3","5","2","0.01731","13","13","7","200000","3462"
"73","0.002","10","35000000","true","10","5","0","0.3","5","7","0.07889428571428571","16","16","26","700000","55226"
"74","0.002","10","35000000","true","10","5","0","0.3","5","3","0.01633333333333333","12","12","4","300000","4900"
"72","0.002","10","35000000","true","10","5","0","0.3","5","19","0.035111578947368424","6","6","9","1900000","66712"
"73","0.002","10","35000000","true","10","5","0","0.3","5","8","0.080345","16","15","26","800000","64276"
"74","0.002","10","35000000","true","10","5","0","0.3","5","4","0.0149025","14","14","9","400000","5961"
"72","0.002","10","35000000","true","10","5","0","0.3","5","20","0.0353525","13","12","18","2000000","70705"
"74","0.002","10","35000000","true","10","5","0","0.3","5","5","0.014378","14","14","7","500000","7189"
"73","0.002","10","35000000","true","10","5","0","0.3","5","9","0.07987111111111111","15","15","19","900000","71884"
"72","0.002","10","35000000","true","10","5","0","0.3","5","21","0.03538047619047619","9","9","15","2100000","74299"
"74","0.002","10","35000000","true","10","5","0","0.3","5","6","0.014241666666666666","14","13","9","600000","8545"
"73","0.002","10","35000000","true","10","5","0","0.3","5","10","0.079705","15","14","25","1000000","79705"
"72","0.002","10","35000000","true","10","5","0","0.3","5","22","0.0357","7","6","6","2200000","78540"
"74","0.002","10","35000000","true","10","5","0","0.3","5","7","0.013317142857142857","14","14","8","700000","9322"
"74","0.002","10","35000000","true","10","5","0","0.3","5","8","0.01350125","14","14","8","800000","10801"
"72","0.002","10","35000000","true","10","5","0","0.3","5","23","0.03595695652173913","6","6","5","2300000","82701"
"75","0.002","10","35000000","true","10","5","0","0.3","5","0","0","25","25","16","0","0"
"73","0.002","10","35000000","true","10","5","0","0.3","5","11","0.07958272727272728","11","11","17","1100000","87541"
"74","0.002","10","35000000","true","10","5","0","0.3","5","9","0.013085555555555555","13","13","6","900000","11777"
"75","0.002","10","35000000","true","10","5","0","0.3","5","1","0.05127","12","12","11","100000","5127"
"73","0.002","10","35000000","true","10","5","0","0.3","5","12","0.0794225","12","12","17","1200000","95307"
"76","0.002","10","35000000","true","10","5","0","0.3","5","0","0","25","25","14","0","0"
"74","0.002","10","35000000","true","10","5","0","0.3","5","10","0.012903","14","14","8","1000000","12903"
"75","0.002","10","35000000","true","10","5","0","0.3","5","2","0.053085","18","18","21","200000","10617"
"74","0.002","10","35000000","true","10","5","0","0.3","5","11","0.012911818181818182","13","13","8","1100000","14203"
"76","0.002","10","35000000","true","10","5","0","0.3","5","1","0.07488","10","10","20","100000","7488"
"75","0.002","10","35000000","true","10","5","0","0.3","5","3","0.05391","16","16","20","300000","16173"
"74","0.002","10","35000000","true","10","5","0","0.3","5","12","0.013036666666666667","14","14","8","1200000","15644"
"77","0.002","10","35000000","true","10","5","0","0.3","5","0","0","25","25","16","0","0"
"76","0.002","10","35000000","true","10","5","0","0.3","5","2","0.076255","12","11","20","200000","15251"
"77","0.002","10","35000000","true","10","5","0","0.3","5","1","0.02096","15","15","9","100000","2096"
"75","0.002","10","35000000","true","10","5","0","0.3","5","4","0.053995","11","11","10","400000","21598"
"76","0.002","10","35000000","true","10","5","0","0.3","5","3","0.07485666666666667","9","9","18","300000","22457"
"77","0.002","10","35000000","true","10","5","0","0.3","5","2","0.02121","15","15","7","200000","4242"
"75","0.002","10","35000000","true","10","5","0","0.3","5","5","0.053116","18","17","21","500000","26558"
"77","0.002","10","35000000","true","10","5","0","0.3","5","3","0.02018","15","15","7","300000","6054"
"76","0.002","10","35000000","true","10","5","0","0.3","5","4","0.06837","9","9","15","400000","27348"
"75","0.002","10","35000000","true","10","5","0","0.3","5","6","0.05230166666666667","16","16","16","600000","31381"
"77","0.002","10","35000000","true","10","5","0","0.3","5","4","0.020045","15","15","8","400000","8018"
"75","0.002","10","35000000","true","10","5","0","0.3","5","7","0.051634285714285716","12","12","11","700000","36144"
"76","0.002","10","35000000","true","10","5","0","0.3","5","5","0.070986","8","8","14","500000","35493"
"77","0.002","10","35000000","true","10","5","0","0.3","5","5","0.020016","14","14","7","500000","10008"
"75","0.002","10","35000000","true","10","5","0","0.3","5","8","0.05090125","12","12","11","800000","40721"
"77","0.002","10","35000000","true","10","5","0","0.3","5","6","0.01988","17","17","11","600000","11928"
"76","0.002","10","35000000","true","10","5","0","0.3","5","6","0.06976333333333333","7","7","9","600000","41858"
"75","0.002","10","35000000","true","10","5","0","0.3","5","9","0.04999555555555556","15","15","17","900000","44996"
"77","0.002","10","35000000","true","10","5","0","0.3","5","7","0.019705714285714285","15","15","7","700000","13794"
"76","0.002","10","35000000","true","10","5","0","0.3","5","7","0.07051428571428571","11","10","23","700000","49360"
"77","0.002","10","35000000","true","10","5","0","0.3","5","8","0.01979125","14","14","5","800000","15833"
"75","0.002","10","35000000","true","10","5","0","0.3","5","10","0.050595","15","15","17","1000000","50595"
"77","0.002","10","35000000","true","10","5","0","0.3","5","9","0.01962777777777778","14","14","8","900000","17665"
"76","0.002","10","35000000","true","10","5","0","0.3","5","8","0.06965875","10","10","21","800000","55727"
"75","0.002","10","35000000","true","10","5","0","0.3","5","11","0.05076090909090909","20","19","24","1100000","55837"
"77","0.002","10","35000000","true","10","5","0","0.3","5","10","0.019593","14","14","5","1000000","19593"
"76","0.002","10","35000000","true","10","5","0","0.3","5","9","0.06865444444444445","9","9","20","900000","61789"
"75","0.002","10","35000000","true","10","5","0","0.3","5","12","0.05129","14","14","17","1200000","61548"
"78","0.002","10","35000000","true","10","5","0","0.3","5","0","0","25","25","16","0","0"
"77","0.002","10","35000000","true","10","5","0","0.3","5","11","0.01977272727272727","16","16","9","1100000","21750"
"76","0.002","10","35000000","true","10","5","0","0.3","5","10","0.068207","7","7","10","1000000","68207"
"78","0.002","10","35000000","true","10","5","0","0.3","5","1","0.04067","11","11","8","100000","4067"
"77","0.002","10","35000000","true","10","5","0","0.3","5","12","0.01983","16","16","9","1200000","23796"
"79","0.002","10","35000000","true","10","5","0","0.3","5","0","0","25","25","17","0","0"
"78","0.002","10","35000000","true","10","5","0","0.3","5","2","0.043215","11","11","10","200000","8643"
"76","0.002","10","35000000","true","10","5","0","0.3","5","11","0.06799818181818182","13","12","26","1100000","74798"
"79","0.002","10","35000000","true","10","5","0","0.3","5","1","0.05288","11","11","17","100000","5288"
"78","0.002","10","35000000","true","10","5","0","0.3","5","3","0.04166","12","12","12","300000","12498"
"76","0.002","10","35000000","true","10","5","0","0.3","5","12","0.06839666666666666","14","14","24","1200000","82076"
"79","0.002","10","35000000","true","10","5","0","0.3","5","2","0.04507","10","10","17","200000","9014"
"78","0.002","10","35000000","true","10","5","0","0.3","5","4","0.039285","10","10","8","400000","15714"
"79","0.002","10","35000000","true","10","5","0","0.3","5","3","0.04376666666666667","8","8","12","300000","13130"
"76","0.002","10","35000000","true","10","5","0","0.3","5","13","0.06934384615384616","7","7","9","1300000","90147"
"78","0.002","10","35000000","true","10","5","0","0.3","5","5","0.036976","10","10","8","500000","18488"
"78","0.002","10","35000000","true","10","5","0","0.3","5","6","0.035256666666666665","11","11","9","600000","21154"
"79","0.002","10","35000000","true","10","5","0","0.3","5","4","0.0461025","10","9","15","400000","18441"
"76","0.002","10","35000000","true","10","5","0","0.3","5","14","0.06859","5","5","6","1400000","96026"
"78","0.002","10","35000000","true","10","5","0","0.3","5","7","0.034024285714285715","15","15","14","700000","23817"
"79","0.002","10","35000000","true","10","5","0","0.3","5","5","0.046564","8","8","13","500000","23282"
"76","0.002","10","35000000","true","10","5","0","0.3","5","15","0.067714","12","11","24","1500000","101571"
"78","0.002","10","35000000","true","10","5","0","0.3","5","8","0.03333","12","11","10","800000","26664"
"76","0.002","10","35000000","true","10","5","0","0.3","5","16","0.067726875","11","11","19","1600000","108363"
"80","0.002","10","35000000","true","10","5","0","0.3","5","0","0","25","25","16","0","0"
"79","0.002","10","35000000","true","10","5","0","0.3","5","6","0.04964333333333333","14","14","23","600000","29786"
"78","0.002","10","35000000","true","10","5","0","0.3","5","9","0.03277777777777778","11","11","9","900000","29500"
"80","0.002","10","35000000","true","10","5","0","0.3","5","1","0.04025","12","12","13","100000","4025"
"78","0.002","10","35000000","true","10","5","0","0.3","5","10","0.032515","10","10","8","1000000","32515"
"79","0.002","10","35000000","true","10","5","0","0.3","5","7","0.05121285714285714","14","14","24","700000","35849"
"80","0.002","10","35000000","true","10","5","0","0.3","5","2","0.04053","11","11","8","200000","8106"
"78","0.002","10","35000000","true","10","5","0","0.3","5","11","0.032124545454545454","13","13","12","1100000","35337"
"79","0.002","10","35000000","true","10","5","0","0.3","5","8","0.04879875","8","8","10","800000","39039"
"80","0.002","10","35000000","true","10","5","0","0.3","5","3","0.041023333333333335","13","13","13","300000","12307"
"78","0.002","10","35000000","true","10","5","0","0.3","5","12","0.031705833333333336","11","11","8","1200000","38047"
"79","0.002","10","35000000","true","10","5","0","0.3","5","9","0.04929555555555556","10","10","16","900000","44366"
"78","0.002","10","35000000","true","10","5","0","0.3","5","13","0.03145","11","11","10","1300000","40885"
"80","0.002","10","35000000","true","10","5","0","0.3","5","4","0.0406075","13","13","15","400000","16243"
"79","0.002","10","35000000","true","10","5","0","0.3","5","10","0.049946","7","7","11","1000000","49946"
"78","0.002","10","35000000","true","10","5","0","0.3","5","14","0.031057857142857144","11","11","10","1400000","43481"
"80","0.002","10","35000000","true","10","5","0","0.3","5","5","0.04065","13","13","13","500000","20325"
"79","0.002","10","35000000","true","10","5","0","0.3","5","11","0.05138090909090909","12","12","20","1100000","56519"
"78","0.002","10","35000000","true","10","5","0","0.3","5","15","0.030932","11","11","9","1500000","46398"
"80","0.002","10","35000000","true","10","5","0","0.3","5","6","0.04034","15","15","15","600000","24204"
"78","0.002","10","35000000","true","10","5","0","0.3","5","16","0.030815625","11","11","9","1600000","49305"
"81","0.002","10","35000000","true","10","5","0","0.3","5","0","0","25","25","17","0","0"
"80","0.002","10","35000000","true","10","5","0","0.3","5","7","0.03999","12","12","13","700000","27993"
"79","0.002","10","35000000","true","10","5","0","0.3","5","12","0.05237583333333334","12","11","19","1200000","62851"
"80","0.002","10","35000000","true","10","5","0","0.3","5","8","0.039595","13","13","11","800000","31676"
"81","0.002","10","35000000","true","10","5","0","0.3","5","1","0.01934","6","6","6","100000","1934"
"79","0.002","10","35000000","true","10","5","0","0.3","5","13","0.05369923076923077","15","14","24","1300000","69809"
"81","0.002","10","35000000","true","10","5","0","0.3","5","2","0.01359","5","5","3","200000","2718"
"80","0.002","10","35000000","true","10","5","0","0.3","5","9","0.039613333333333334","15","14","16","900000","35652"
"79","0.002","10","35000000","true","10","5","0","0.3","5","14","0.05393428571428571","16","16","26","1400000","75508"
"81","0.002","10","35000000","true","10","5","0","0.3","5","3","0.011536666666666667","4","4","2","300000","3461"
"80","0.002","10","35000000","true","10","5","0","0.3","5","10","0.039678","17","17","19","1000000","39678"
"79","0.002","10","35000000","true","10","5","0","0.3","5","15","0.05472266666666667","11","11","20","1500000","82084"
"81","0.002","10","35000000","true","10","5","0","0.3","5","4","0.0106525","4","4","2","400000","4261"
"80","0.002","10","35000000","true","10","5","0","0.3","5","11","0.03958181818181818","12","12","13","1100000","43540"
"81","0.002","10","35000000","true","10","5","0","0.3","5","5","0.010038","5","5","3","500000","5019"
"80","0.002","10","35000000","true","10","5","0","0.3","5","12","0.03927833333333333","13","13","14","1200000","47134"
"82","0.002","10","35000000","true","10","5","0","0.3","5","0","0","25","25","12","0","0"
"79","0.002","10","35000000","true","10","5","0","0.3","5","16","0.05596375","13","13","23","1600000","89542"
"82","0.002","10","35000000","true","10","5","0","0.3","5","1","0.00129","10","10","2","100000","129"
"81","0.002","10","35000000","true","10","5","0","0.3","5","6","0.009505","5","5","3","600000","5703"
"79","0.002","10","35000000","true","10","5","0","0.3","5","17","0.05617941176470588","9","9","13","1700000","95505"
"82","0.002","10","35000000","true","10","5","0","0.3","5","2","6.45E-4","10","10","2","200000","129"
"81","0.002","10","35000000","true","10","5","0","0.3","5","7","0.009192857142857143","4","4","2","700000","6435"
"82","0.002","10","35000000","true","10","5","0","0.3","5","3","4.3E-4","10","10","2","300000","129"
"79","0.002","10","35000000","true","10","5","0","0.3","5","18","0.05660055555555556","13","11","23","1800000","101881"
"81","0.002","10","35000000","true","10","5","0","0.3","5","8","0.00887375","4","4","2","800000","7099"
"82","0.002","10","35000000","true","10","5","0","0.3","5","4","3.225E-4","10","10","2","400000","129"
"79","0.002","10","35000000","true","10","5","0","0.3","5","19","0.056411052631578945","10","10","13","1900000","107181"
"83","0.002","10","35000000","true","10","5","0","0.3","5","0","0","25","25","15","0","0"
"81","0.002","10","35000000","true","10","5","0","0.3","5","9","0.008561111111111111","7","6","9","900000","7705"
"82","0.002","10","35000000","true","10","5","0","0.3","5","5","2.58E-4","10","10","2","500000","129"
"82","0.002","10","35000000","true","10","5","0","0.3","5","6","2.15E-4","10","10","2","600000","129"
"83","0.002","10","35000000","true","10","5","0","0.3","5","1","0.02899","12","11","13","100000","2899"
"81","0.002","10","35000000","true","10","5","0","0.3","5","10","0.008427","4","4","2","1000000","8427"
"82","0.002","10","35000000","true","10","5","0","0.3","5","7","1.8428571428571428E-4","10","10","2","700000","129"
"83","0.002","10","35000000","true","10","5","0","0.3","5","2","0.02663","6","6","5","200000","5326"
"81","0.002","10","35000000","true","10","5","0","0.3","5","11","0.008344545454545455","5","5","3","1100000","9179"
"82","0.002","10","35000000","true","10","5","0","0.3","5","8","1.6125E-4","10","10","2","800000","129"
"83","0.002","10","35000000","true","10","5","0","0.3","5","3","0.02584","7","7","7","300000","7752"
"81","0.002","10","35000000","true","10","5","0","0.3","5","12","0.00835","5","5","3","1200000","10020"
"82","0.002","10","35000000","true","10","5","0","0.3","5","9","1.4333333333333334E-4","10","10","2","900000","129"
"81","0.002","10","35000000","true","10","5","0","0.3","5","13","0.008523846153846154","4","4","2","1300000","11081"
"83","0.002","10","35000000","true","10","5","0","0.3","5","4","0.02287","5","5","2","400000","9148"
"82","0.002","10","35000000","true","10","5","0","0.3","5","10","1.29E-4","10","10","2","1000000","129"
"84","0.002","10","35000000","true","10","5","0","0.3","5","0","0","25","25","13","0","0"
"84","0.002","10","35000000","true","10","5","0","0.3","5","1","6.5E-4","13","13","1","100000","65"
"81","0.002","10","35000000","true","10","5","0","0.3","5","14","0.008412142857142858","4","4","2","1400000","11777"
"85","0.002","10","35000000","true","10","5","0","0.3","5","0","0","25","25","13","0","0"
"83","0.002","10","35000000","true","10","5","0","0.3","5","5","0.023446","7","7","7","500000","11723"
"84","0.002","10","35000000","true","10","5","0","0.3","5","2","3.25E-4","13","13","1","200000","65"
"85","0.002","10","35000000","true","10","5","0","0.3","5","1","0.00341","7","7","0","100000","341"
"83","0.002","10","35000000","true","10","5","0","0.3","5","6","0.022971666666666668","6","6","3","600000","13783"
"84","0.002","10","35000000","true","10","5","0","0.3","5","3","2.1666666666666666E-4","13","13","1","300000","65"
"85","0.002","10","35000000","true","10","5","0","0.3","5","2","0.001705","7","7","0","200000","341"
"84","0.002","10","35000000","true","10","5","0","0.3","5","4","1.625E-4","13","13","1","400000","65"
"83","0.002","10","35000000","true","10","5","0","0.3","5","7","0.023124285714285715","9","8","12","700000","16187"
"85","0.002","10","35000000","true","10","5","0","0.3","5","3","0.0011366666666666667","7","7","0","300000","341"
"84","0.002","10","35000000","true","10","5","0","0.3","5","5","1.3E-4","13","13","1","500000","65"
"83","0.002","10","35000000","true","10","5","0","0.3","5","8","0.0239025","7","6","8","800000","19122"
"85","0.002","10","35000000","true","10","5","0","0.3","5","4","8.525E-4","7","7","0","400000","341"
"84","0.002","10","35000000","true","10","5","0","0.3","5","6","1.0833333333333333E-4","13","13","1","600000","65"
"85","0.002","10","35000000","true","10","5","0","0.3","5","5","6.82E-4","7","7","0","500000","341"
"84","0.002","10","35000000","true","10","5","0","0.3","5","7","9.285714285714286E-5","13","13","1","700000","65"
"83","0.002","10","35000000","true","10","5","0","0.3","5","9","0.024123333333333333","6","6","6","900000","21711"
"85","0.002","10","35000000","true","10","5","0","0.3","5","6","5.683333333333333E-4","7","7","0","600000","341"
"84","0.002","10","35000000","true","10","5","0","0.3","5","8","8.125E-5","13","13","1","800000","65"
"83","0.002","10","35000000","true","10","5","0","0.3","5","10","0.0232","6","6","3","1000000","23200"
"84","0.002","10","35000000","true","10","5","0","0.3","5","9","7.222222222222222E-5","13","13","1","900000","65"
"85","0.002","10","35000000","true","10","5","0","0.3","5","7","4.8714285714285716E-4","7","7","0","700000","341"
"83","0.002","10","35000000","true","10","5","0","0.3","5","11","0.02341909090909091","10","10","16","1100000","25761"
"84","0.002","10","35000000","true","10","5","0","0.3","5","10","6.5E-5","13","13","1","1000000","65"
"86","0.002","10","35000000","true","10","5","0","0.3","5","0","0","25","25","12","0","0"
"85","0.002","10","35000000","true","10","5","0","0.3","5","8","4.2625E-4","7","7","0","800000","341"
"86","0.002","10","35000000","true","10","5","0","0.3","5","1","0.04053","11","11","11","100000","4053"
"83","0.002","10","35000000","true","10","5","0","0.3","5","12","0.0240475","5","5","2","1200000","28857"
"85","0.002","10","35000000","true","10","5","0","0.3","5","9","3.788888888888889E-4","7","7","0","900000","341"
"85","0.002","10","35000000","true","10","5","0","0.3","5","10","3.41E-4","7","7","0","1000000","341"
"83","0.002","10","35000000","true","10","5","0","0.3","5","13","0.02413076923076923","7","7","11","1300000","31370"
"86","0.002","10","35000000","true","10","5","0","0.3","5","2","0.041385","10","10","11","200000","8277"
"85","0.002","10","35000000","true","10","5","0","0.3","5","11","3.1E-4","7","7","0","1100000","341"
"86","0.002","10","35000000","true","10","5","0","0.3","5","3","0.0405","11","11","12","300000","12150"
"83","0.002","10","35000000","true","10","5","0","0.3","5","14","0.024394285714285716","6","6","6","1400000","34152"
"85","0.002","10","35000000","true","10","5","0","0.3","5","12","2.8416666666666667E-4","7","7","0","1200000","341"
"87","0.002","10","35000000","true","10","5","0","0.3","5","0","0","25","25","22","0","0"
"86","0.002","10","35000000","true","10","5","0","0.3","5","4","0.0410625","10","10","13","400000","16425"
"83","0.002","10","35000000","true","10","5","0","0.3","5","15","0.024227333333333333","6","6","5","1500000","36341"
"88","0.002","10","35000000","true","10","5","0","0.3","5","0","0","25","25","17","0","0"
"87","0.002","10","35000000","true","10","5","0","0.3","5","1","0.05297","16","16","21","100000","5297"
"86","0.002","10","35000000","true","10","5","0","0.3","5","5","0.041872","8","8","6","500000","20936"
"87","0.002","10","35000000","true","10","5","0","0.3","5","2","0.0519","14","13","16","200000","10380"
"88","0.002","10","35000000","true","10","5","0","0.3","5","1","0.05367","15","15","22","100000","5367"
"86","0.002","10","35000000","true","10","5","0","0.3","5","6","0.04114333333333333","10","10","11","600000","24686"
"87","0.002","10","35000000","true","10","5","0","0.3","5","3","0.05280666666666667","15","14","20","300000","15842"
"88","0.002","10","35000000","true","10","5","0","0.3","5","2","0.058565","14","13","18","200000","11713"
"86","0.002","10","35000000","true","10","5","0","0.3","5","7","0.0403","13","12","16","700000","28210"
"87","0.002","10","35000000","true","10","5","0","0.3","5","4","0.0531825","13","13","19","400000","21273"
"88","0.002","10","35000000","true","10","5","0","0.3","5","3","0.055213333333333336","12","12","15","300000","16564"
"86","0.002","10","35000000","true","10","5","0","0.3","5","8","0.04016875","12","12","13","800000","32135"
"87","0.002","10","35000000","true","10","5","0","0.3","5","5","0.053018","18","18","25","500000","26509"
"88","0.002","10","35000000","true","10","5","0","0.3","5","4","0.0544075","11","10","17","400000","21763"
"86","0.002","10","35000000","true","10","5","0","0.3","5","9","0.03982","12","12","12","900000","35838"
"87","0.002","10","35000000","true","10","5","0","0.3","5","6","0.052835","15","15","21","600000","31701"
"88","0.002","10","35000000","true","10","5","0","0.3","5","5","0.05501","12","12","15","500000","27505"
"86","0.002","10","35000000","true","10","5","0","0.3","5","10","0.039779","8","8","6","1000000","39779"
"87","0.002","10","35000000","true","10","5","0","0.3","5","7","0.05281142857142857","16","16","21","700000","36968"
"86","0.002","10","35000000","true","10","5","0","0.3","5","11","0.03960363636363636","10","10","9","1100000","43564"
"88","0.002","10","35000000","true","10","5","0","0.3","5","6","0.05553166666666667","13","12","18","600000","33319"
"87","0.002","10","35000000","true","10","5","0","0.3","5","8","0.05242625","14","14","18","800000","41941"
"86","0.002","10","35000000","true","10","5","0","0.3","5","12","0.039760833333333336","10","10","10","1200000","47713"
"89","0.002","10","35000000","true","10","5","0","0.3","5","0","0","25","25","18","0","0"
"88","0.002","10","35000000","true","10","5","0","0.3","5","7","0.055984285714285716","13","13","14","700000","39189"
"87","0.002","10","35000000","true","10","5","0","0.3","5","9","0.05209222222222222","15","15","21","900000","46883"
"89","0.002","10","35000000","true","10","5","0","0.3","5","1","0.01133","18","18","7","100000","1133"
"88","0.002","10","35000000","true","10","5","0","0.3","5","8","0.05686","12","12","16","800000","45488"
"89","0.002","10","35000000","true","10","5","0","0.3","5","2","0.005725","17","17","5","200000","1145"
"87","0.002","10","35000000","true","10","5","0","0.3","5","10","0.052475","14","14","19","1000000","52475"
"89","0.002","10","35000000","true","10","5","0","0.3","5","3","0.0038166666666666666","17","17","5","300000","1145"
"88","0.002","10","35000000","true","10","5","0","0.3","5","9","0.05679666666666667","12","11","17","900000","51117"
"87","0.002","10","35000000","true","10","5","0","0.3","5","11","0.05234272727272727","15","15","21","1100000","57577"
"89","0.002","10","35000000","true","10","5","0","0.3","5","4","0.0028625","17","17","5","400000","1145"
"89","0.002","10","35000000","true","10","5","0","0.3","5","5","0.00229","17","17","5","500000","1145"
"87","0.002","10","35000000","true","10","5","0","0.3","5","12","0.05218333333333333","14","14","18","1200000","62620"
"90","0.002","10","35000000","true","10","5","0","0.3","5","0","0","25","25","20","0","0"
"88","0.002","10","35000000","true","10","5","0","0.3","5","10","0.057372","13","13","18","1000000","57372"
"89","0.002","10","35000000","true","10","5","0","0.3","5","6","0.0019083333333333333","17","17","5","600000","1145"
"90","0.002","10","35000000","true","10","5","0","0.3","5","1","0.04999","12","12","15","100000","4999"
"89","0.002","10","35000000","true","10","5","0","0.3","5","7","0.0016357142857142857","17","17","5","700000","1145"
"88","0.002","10","35000000","true","10","5","0","0.3","5","11","0.05718909090909091","11","11","16","1100000","62908"
"89","0.002","10","35000000","true","10","5","0","0.3","5","8","0.00143125","17","17","5","800000","1145"
"90","0.002","10","35000000","true","10","5","0","0.3","5","2","0.04706","9","9","10","200000","9412"
"88","0.002","10","35000000","true","10","5","0","0.3","5","12","0.05790833333333333","12","12","19","1200000","69490"
"89","0.002","10","35000000","true","10","5","0","0.3","5","9","0.0012722222222222223","17","17","5","900000","1145"
"90","0.002","10","35000000","true","10","5","0","0.3","5","3","0.045906666666666665","13","13","19","300000","13772"
"89","0.002","10","35000000","true","10","5","0","0.3","5","10","0.001145","17","17","5","1000000","1145"
"88","0.002","10","35000000","true","10","5","0","0.3","5","13","0.05788230769230769","10","10","13","1300000","75247"
"89","0.002","10","35000000","true","10","5","0","0.3","5","11","0.0010409090909090908","17","17","5","1100000","1145"
"90","0.002","10","35000000","true","10","5","0","0.3","5","4","0.0468475","13","13","15","400000","18739"
"89","0.002","10","35000000","true","10","5","0","0.3","5","12","9.541666666666666E-4","17","17","5","1200000","1145"
"88","0.002","10","35000000","true","10","5","0","0.3","5","14","0.057945","13","12","19","1400000","81123"
"91","0.002","10","35000000","true","10","5","0","0.4","5","0","0","25","25","18","0","0"
"89","0.002","10","35000000","true","10","5","0","0.3","5","13","8.807692307692308E-4","17","17","5","1300000","1145"
"92","0.002","10","35000000","true","10","5","0","0.4","5","0","0","25","25","16","0","0"
"90","0.002","10","35000000","true","10","5","0","0.3","5","5","0.046688","11","11","14","500000","23344"
"91","0.002","10","35000000","true","10","5","0","0.4","5","1","0.03055","19","19","19","100000","3055"
"92","0.002","10","35000000","true","10","5","0","0.4","5","1","0.05216","11","10","9","100000","5216"
"90","0.002","10","35000000","true","10","5","0","0.3","5","6","0.04693666666666667","10","10","11","600000","28162"
"91","0.002","10","35000000","true","10","5","0","0.4","5","2","0.03359","21","21","22","200000","6718"
"92","0.002","10","35000000","true","10","5","0","0.4","5","2","0.04933","16","16","20","200000","9866"
"90","0.002","10","35000000","true","10","5","0","0.3","5","7","0.04671857142857143","11","11","13","700000","32703"
"91","0.002","10","35000000","true","10","5","0","0.4","5","3","0.034686666666666664","18","18","16","300000","10406"
"92","0.002","10","35000000","true","10","5","0","0.4","5","3","0.05019333333333333","10","10","8","300000","15058"
"91","0.002","10","35000000","true","10","5","0","0.4","5","4","0.0352325","19","18","20","400000","14093"
"90","0.002","10","35000000","true","10","5","0","0.3","5","8","0.046865","18","16","25","800000","37492"
"91","0.002","10","35000000","true","10","5","0","0.4","5","5","0.035282","20","20","21","500000","17641"
"92","0.002","10","35000000","true","10","5","0","0.4","5","4","0.0512425","17","16","20","400000","20497"
"90","0.002","10","35000000","true","10","5","0","0.3","5","9","0.047467777777777775","14","13","23","900000","42721"
"91","0.002","10","35000000","true","10","5","0","0.4","5","6","0.035605","18","18","17","600000","21363"
"92","0.002","10","35000000","true","10","5","0","0.4","5","5","0.051616","17","17","19","500000","25808"
"90","0.002","10","35000000","true","10","5","0","0.3","5","10","0.04703","10","10","11","1000000","47030"
"91","0.002","10","35000000","true","10","5","0","0.4","5","7","0.03615714285714286","22","21","22","700000","25310"
"92","0.002","10","35000000","true","10","5","0","0.4","5","6","0.05087666666666667","12","12","10","600000","30526"
"90","0.002","10","35000000","true","10","5","0","0.3","5","11","0.04646454545454545","10","10","11","1100000","51111"
"91","0.002","10","35000000","true","10","5","0","0.4","5","8","0.03630625","19","19","18","800000","29045"
"92","0.002","10","35000000","true","10","5","0","0.4","5","7","0.05050142857142857","14","14","14","700000","35351"
"90","0.002","10","35000000","true","10","5","0","0.3","5","12","0.04678","11","11","13","1200000","56136"
"91","0.002","10","35000000","true","10","5","0","0.4","5","9","0.03626555555555556","17","17","15","900000","32639"
"92","0.002","10","35000000","true","10","5","0","0.4","5","8","0.05024","15","15","18","800000","40192"
"90","0.002","10","35000000","true","10","5","0","0.3","5","13","0.04650461538461539","13","13","15","1300000","60456"
"93","0.002","10","35000000","true","10","5","0","0.4","5","0","0","25","25","20","0","0"
"91","0.002","10","35000000","true","10","5","0","0.4","5","10","0.036246","18","18","16","1000000","36246"
"92","0.002","10","35000000","true","10","5","0","0.4","5","9","0.05007","14","13","16","900000","45063"
"93","0.002","10","35000000","true","10","5","0","0.4","5","1","0.03467","16","16","17","100000","3467"
"91","0.002","10","35000000","true","10","5","0","0.4","5","11","0.03610454545454545","21","21","21","1100000","39715"
"93","0.002","10","35000000","true","10","5","0","0.4","5","2","0.03448","17","17","16","200000","6896"
"92","0.002","10","35000000","true","10","5","0","0.4","5","10","0.050039","14","14","15","1000000","50039"
"91","0.002","10","35000000","true","10","5","0","0.4","5","12","0.03617","17","17","14","1200000","43404"
"93","0.002","10","35000000","true","10","5","0","0.4","5","3","0.03465","17","17","18","300000","10395"
"92","0.002","10","35000000","true","10","5","0","0.4","5","11","0.05022909090909091","20","17","24","1100000","55252"
"91","0.002","10","35000000","true","10","5","0","0.4","5","13","0.03598307692307692","18","18","17","1300000","46778"
"94","0.002","10","35000000","true","10","5","0","0.4","5","0","0","25","25","17","0","0"
"93","0.002","10","35000000","true","10","5","0","0.4","5","4","0.0343225","19","19","19","400000","13729"
"92","0.002","10","35000000","true","10","5","0","0.4","5","12","0.05042","14","14","15","1200000","60504"
"94","0.002","10","35000000","true","10","5","0","0.4","5","1","0.01986","7","7","2","100000","1986"
"93","0.002","10","35000000","true","10","5","0","0.4","5","5","0.033332","16","16","15","500000","16666"
"92","0.002","10","35000000","true","10","5","0","0.4","5","13","0.05043538461538462","15","15","19","1300000","65566"
"95","0.002","10","35000000","true","10","5","0","0.4","5","0","0","25","25","18","0","0"
"94","0.002","10","35000000","true","10","5","0","0.4","5","2","0.018115","9","9","5","200000","3623"
"93","0.002","10","35000000","true","10","5","0","0.4","5","6","0.03368","19","19","21","600000","20208"
"94","0.002","10","35000000","true","10","5","0","0.4","5","3","0.01781","8","8","3","300000","5343"
"95","0.002","10","35000000","true","10","5","0","0.4","5","1","0.04246","17","16","20","100000","4246"
"93","0.002","10","35000000","true","10","5","0","0.4","5","7","0.03398142857142857","18","18","19","700000","23787"
"94","0.002","10","35000000","true","10","5","0","0.4","5","4","0.0176125","9","9","5","400000","7045"
"95","0.002","10","35000000","true","10","5","0","0.4","5","2","0.041","14","14","16","200000","8200"
"93","0.002","10","35000000","true","10","5","0","0.4","5","8","0.034425","16","16","16","800000","27540"
"94","0.002","10","35000000","true","10","5","0","0.4","5","5","0.01745","7","7","2","500000","8725"
"95","0.002","10","35000000","true","10","5","0","0.4","5","3","0.04085","16","16","18","300000","12255"
"93","0.002","10","35000000","true","10","5","0","0.4","5","9","0.03478222222222222","19","19","21","900000","31304"
"94","0.002","10","35000000","true","10","5","0","0.4","5","6","0.017571666666666666","10","10","7","600000","10543"
"95","0.002","10","35000000","true","10","5","0","0.4","5","4","0.04072","16","16","19","400000","16288"
"93","0.002","10","35000000","true","10","5","0","0.4","5","10","0.034946","17","17","16","1000000","34946"
"94","0.002","10","35000000","true","10","5","0","0.4","5","7","0.01753714285714286","9","9","5","700000","12276"
"95","0.002","10","35000000","true","10","5","0","0.4","5","5","0.04051","16","16","19","500000","20255"
"93","0.002","10","35000000","true","10","5","0","0.4","5","11","0.03464090909090909","17","17","17","1100000","38105"
"94","0.002","10","35000000","true","10","5","0","0.4","5","8","0.01747125","10","10","7","800000","13977"
"95","0.002","10","35000000","true","10","5","0","0.4","5","6","0.040195","19","19","23","600000","24117"
"93","0.002","10","35000000","true","10","5","0","0.4","5","12","0.03461583333333333","16","16","14","1200000","41539"
"96","0.002","10","35000000","true","10","5","0","0.4","5","0","0","25","25","18","0","0"
"94","0.002","10","35000000","true","10","5","0","0.4","5","9","0.017638888888888888","13","13","10","900000","15875"
"95","0.002","10","35000000","true","10","5","0","0.4","5","7","0.04003428571428572","16","16","19","700000","28024"
"96","0.002","10","35000000","true","10","5","0","0.4","5","1","0.03315","11","11","7","100000","3315"
"94","0.002","10","35000000","true","10","5","0","0.4","5","10","0.0176","7","7","2","1000000","17600"
"95","0.002","10","35000000","true","10","5","0","0.4","5","8","0.04002375","19","19","24","800000","32019"
"96","0.002","10","35000000","true","10","5","0","0.4","5","2","0.034035","15","14","13","200000","6807"
"94","0.002","10","35000000","true","10","5","0","0.4","5","11","0.017570909090909092","10","10","5","1100000","19328"
"95","0.002","10","35000000","true","10","5","0","0.4","5","9","0.04002777777777778","17","17","19","900000","36025"
"96","0.002","10","35000000","true","10","5","0","0.4","5","3","0.03298333333333334","14","14","11","300000","9895"
"94","0.002","10","35000000","true","10","5","0","0.4","5","12","0.0175225","10","10","7","1200000","21027"
"97","0.002","10","35000000","true","10","5","0","0.4","5","0","0","25","25","11","0","0"
"95","0.002","10","35000000","true","10","5","0","0.4","5","10","0.040102","15","15","16","1000000","40102"
"96","0.002","10","35000000","true","10","5","0","0.4","5","4","0.0331","11","11","8","400000","13240"
"95","0.002","10","35000000","true","10","5","0","0.4","5","11","0.04030090909090909","15","15","17","1100000","44331"
"97","0.002","10","35000000","true","10","5","0","0.4","5","1","0.05622","13","12","15","100000","5622"
"96","0.002","10","35000000","true","10","5","0","0.4","5","5","0.032592","14","14","13","500000","16296"
"95","0.002","10","35000000","true","10","5","0","0.4","5","12","0.04052416666666667","14","14","17","1200000","48629"
"98","0.002","10","35000000","true","10","5","0","0.4","5","0","0","25","25","20","0","0"
"96","0.002","10","35000000","true","10","5","0","0.4","5","6","0.03258333333333333","15","14","11","600000","19550"
"97","0.002","10","35000000","true","10","5","0","0.4","5","2","0.052655","10","10","10","200000","10531"
"98","0.002","10","35000000","true","10","5","0","0.4","5","1","0.04811","15","14","17","100000","4811"
"96","0.002","10","35000000","true","10","5","0","0.4","5","7","0.032415714285714284","15","15","13","700000","22691"
"97","0.002","10","35000000","true","10","5","0","0.4","5","3","0.049966666666666666","11","11","13","300000","14990"
"96","0.002","10","35000000","true","10","5","0","0.4","5","8","0.0326425","14","14","11","800000","26114"
"98","0.002","10","35000000","true","10","5","0","0.4","5","2","0.045825","14","14","18","200000","9165"
"97","0.002","10","35000000","true","10","5","0","0.4","5","4","0.05328","16","16","22","400000","21312"
"96","0.002","10","35000000","true","10","5","0","0.4","5","9","0.03286555555555556","15","14","15","900000","29579"
"98","0.002","10","35000000","true","10","5","0","0.4","5","3","0.045616666666666666","13","13","15","300000","13685"
"97","0.002","10","35000000","true","10","5","0","0.4","5","5","0.055064","11","10","13","500000","27532"
"96","0.002","10","35000000","true","10","5","0","0.4","5","10","0.032844","15","15","12","1000000","32844"
"98","0.002","10","35000000","true","10","5","0","0.4","5","4","0.045675","14","14","15","400000","18270"
"97","0.002","10","35000000","true","10","5","0","0.4","5","6","0.05493","12","12","15","600000","32958"
"96","0.002","10","35000000","true","10","5","0","0.4","5","11","0.032581818181818184","14","14","11","1100000","35840"
"98","0.002","10","35000000","true","10","5","0","0.4","5","5","0.045702","11","11","11","500000","22851"
"96","0.002","10","35000000","true","10","5","0","0.4","5","12","0.032494166666666664","12","12","9","1200000","38993"
"99","0.002","10","35000000","true","10","5","0","0.4","5","0","0","25","25","18","0","0"
"97","0.002","10","35000000","true","10","5","0","0.4","5","7","0.05376142857142857","12","12","12","700000","37633"
"98","0.002","10","35000000","true","10","5","0","0.4","5","6","0.044726666666666665","15","14","18","600000","26836"
"99","0.002","10","35000000","true","10","5","0","0.4","5","1","0.03606","16","16","16","100000","3606"
"98","0.002","10","35000000","true","10","5","0","0.4","5","7","0.045264285714285715","13","13","15","700000","31685"
"97","0.002","10","35000000","true","10","5","0","0.4","5","8","0.0531175","12","12","14","800000","42494"
"99","0.002","10","35000000","true","10","5","0","0.4","5","2","0.034985","15","15","17","200000","6997"
"98","0.002","10","35000000","true","10","5","0","0.4","5","8","0.04474","13","13","13","800000","35792"
"97","0.002","10","35000000","true","10","5","0","0.4","5","9","0.05383333333333333","12","12","13","900000","48450"
"99","0.002","10","35000000","true","10","5","0","0.4","5","3","0.03645333333333333","13","12","12","300000","10936"
"98","0.002","10","35000000","true","10","5","0","0.4","5","9","0.04442","17","17","21","900000","39978"
"97","0.002","10","35000000","true","10","5","0","0.4","5","10","0.053313","11","11","10","1000000","53313"
"99","0.002","10","35000000","true","10","5","0","0.4","5","4","0.0365425","15","15","15","400000","14617"
"98","0.002","10","35000000","true","10","5","0","0.4","5","10","0.044516","14","14","15","1000000","44516"
"97","0.002","10","35000000","true","10","5","0","0.4","5","11","0.05350909090909091","9","9","7","1100000","58860"
"99","0.002","10","35000000","true","10","5","0","0.4","5","5","0.036664","12","12","11","500000","18332"
"98","0.002","10","35000000","true","10","5","0","0.4","5","11","0.04417272727272727","12","12","12","1100000","48590"
"99","0.002","10","35000000","true","10","5","0","0.4","5","6","0.036673333333333336","13","13","13","600000","22004"
"97","0.002","10","35000000","true","10","5","0","0.4","5","12","0.052853333333333335","15","14","19","1200000","63424"
"98","0.002","10","35000000","true","10","5","0","0.4","5","12","0.043708333333333335","15","15","18","1200000","52450"
"99","0.002","10","35000000","true","10","5","0","0.4","5","7","0.03646571428571429","13","13","11","700000","25526"
"97","0.002","10","35000000","true","10","5","0","0.4","5","13","0.05291692307692308","11","11","11","1300000","68792"
"98","0.002","10","35000000","true","10","5","0","0.4","5","13","0.04360384615384615","13","13","13","1300000","56685"
"100","0.002","10","35000000","true","10","5","0","0.4","5","0","0","25","25","17","0","0"
"99","0.002","10","35000000","true","10","5","0","0.4","5","8","0.0365075","16","14","18","800000","29206"
"97","0.002","10","35000000","true","10","5","0","0.4","5","14","0.05301","13","12","15","1400000","74214"
"100","0.002","10","35000000","true","10","5","0","0.4","5","1","0.04323","16","16","20","100000","4323"
"99","0.002","10","35000000","true","10","5","0","0.4","5","9","0.03604","11","11","7","900000","32436"
"100","0.002","10","35000000","true","10","5","0","0.4","5","2","0.045455","15","15","17","200000","9091"
"97","0.002","10","35000000","true","10","5","0","0.4","5","15","0.053056","10","10","8","1500000","79584"
"101","0.002","10","35000000","true","10","5","0","0.4","5","0","0","25","25","11","0","0"
"99","0.002","10","35000000","true","10","5","0","0.4","5","10","0.035882","14","14","14","1000000","35882"
"100","0.002","10","35000000","true","10","5","0","0.4","5","3","0.04578666666666667","15","15","20","300000","13736"
"101","0.002","10","35000000","true","10","5","0","0.4","5","1","0.0095","12","11","8","100000","950"
"99","0.002","10","35000000","true","10","5","0","0.4","5","11","0.03566727272727273","12","12","11","1100000","39234"
"101","0.002","10","35000000","true","10","5","0","0.4","5","2","0.00788","10","10","2","200000","1576"
"100","0.002","10","35000000","true","10","5","0","0.4","5","4","0.04646","17","17","19","400000","18584"
"99","0.002","10","35000000","true","10","5","0","0.4","5","12","0.035674166666666667","14","14","13","1200000","42809"
"102","0.002","10","35000000","true","10","5","0","0.4","5","0","0","25","25","20","0","0"
"101","0.002","10","35000000","true","10","5","0","0.4","5","3","0.007046666666666666","10","10","2","300000","2114"
"100","0.002","10","35000000","true","10","5","0","0.4","5","5","0.04693","16","16","17","500000","23465"
"102","0.002","10","35000000","true","10","5","0","0.4","5","1","0.04656","13","13","17","100000","4656"
"101","0.002","10","35000000","true","10","5","0","0.4","5","4","0.00637","10","10","2","400000","2548"
"100","0.002","10","35000000","true","10","5","0","0.4","5","6","0.04703333333333334","15","15","17","600000","28220"
"102","0.002","10","35000000","true","10","5","0","0.4","5","2","0.05168","16","16","20","200000","10336"
"101","0.002","10","35000000","true","10","5","0","0.4","5","5","0.006152","10","10","2","500000","3076"
"100","0.002","10","35000000","true","10","5","0","0.4","5","7","0.04693571428571429","15","15","16","700000","32855"
"101","0.002","10","35000000","true","10","5","0","0.4","5","6","0.00581","10","10","2","600000","3486"
"102","0.002","10","35000000","true","10","5","0","0.4","5","3","0.05319666666666667","13","13","16","300000","15959"
"100","0.002","10","35000000","true","10","5","0","0.4","5","8","0.04545375","17","16","17","800000","36363"
"101","0.002","10","35000000","true","10","5","0","0.4","5","7","0.0054742857142857145","10","10","2","700000","3832"
"102","0.002","10","35000000","true","10","5","0","0.4","5","4","0.0544075","17","16","25","400000","21763"
"100","0.002","10","35000000","true","10","5","0","0.4","5","9","0.045616666666666666","16","16","20","900000","41055"
"101","0.002","10","35000000","true","10","5","0","0.4","5","8","0.00507","10","10","2","800000","4056"
"102","0.002","10","35000000","true","10","5","0","0.4","5","5","0.054482","13","13","17","500000","27241"
"101","0.002","10","35000000","true","10","5","0","0.4","5","9","0.0054533333333333335","10","10","2","900000","4908"
"100","0.002","10","35000000","true","10","5","0","0.4","5","10","0.045673","16","16","18","1000000","45673"
"102","0.002","10","35000000","true","10","5","0","0.4","5","6","0.0554","15","15","20","600000","33240"
"101","0.002","10","35000000","true","10","5","0","0.4","5","10","0.005452","10","10","2","1000000","5452"
"100","0.002","10","35000000","true","10","5","0","0.4","5","11","0.04632090909090909","14","14","13","1100000","50953"
"102","0.002","10","35000000","true","10","5","0","0.4","5","7","0.05561857142857143","14","13","20","700000","38933"
"101","0.002","10","35000000","true","10","5","0","0.4","5","11","0.005310909090909091","10","10","2","1100000","5842"
"100","0.002","10","35000000","true","10","5","0","0.4","5","12","0.04634833333333333","22","22","29","1200000","55618"
"101","0.002","10","35000000","true","10","5","0","0.4","5","12","0.005548333333333333","10","10","2","1200000","6658"
"103","0.002","10","35000000","true","10","5","0","0.4","5","0","0","25","25","13","0","0"
"102","0.002","10","35000000","true","10","5","0","0.4","5","8","0.0551375","16","15","21","800000","44110"
"100","0.002","10","35000000","true","10","5","0","0.4","5","13","0.04617923076923077","12","12","11","1300000","60033"
"104","0.002","10","35000000","true","10","5","0","0.4","5","0","0","25","25","17","0","0"
"103","0.002","10","35000000","true","10","5","0","0.4","5","1","0.01339","19","19","11","100000","1339"
"102","0.002","10","35000000","true","10","5","0","0.4","5","9","0.05556333333333333","14","14","20","900000","50007"
"104","0.002","10","35000000","true","10","5","0","0.4","5","1","0.04547","20","20","24","100000","4547"
"103","0.002","10","35000000","true","10","5","0","0.4","5","2","0.01428","20","20","13","200000","2856"
"102","0.002","10","35000000","true","10","5","0","0.4","5","10","0.055891","16","16","22","1000000","55891"
"104","0.002","10","35000000","true","10","5","0","0.4","5","2","0.044845","15","15","15","200000","8969"
"103","0.002","10","35000000","true","10","5","0","0.4","5","3","0.014276666666666667","18","18","11","300000","4283"
"102","0.002","10","35000000","true","10","5","0","0.4","5","11","0.056318181818181816","18","18","21","1100000","61950"
"104","0.002","10","35000000","true","10","5","0","0.4","5","3","0.044996666666666664","18","18","19","300000","13499"
"103","0.002","10","35000000","true","10","5","0","0.4","5","4","0.014975","20","20","12","400000","5990"
"103","0.002","10","35000000","true","10","5","0","0.4","5","5","0.014914","17","17","8","500000","7457"
"104","0.002","10","35000000","true","10","5","0","0.4","5","4","0.0441075","16","16","17","400000","17643"
"102","0.002","10","35000000","true","10","5","0","0.4","5","12","0.0558325","16","16","21","1200000","66999"
"103","0.002","10","35000000","true","10","5","0","0.4","5","6","0.014856666666666667","20","19","13","600000","8914"
"104","0.002","10","35000000","true","10","5","0","0.4","5","5","0.043934","16","16","15","500000","21967"
"102","0.002","10","35000000","true","10","5","0","0.4","5","13","0.055777692307692306","15","14","19","1300000","72511"
"105","0.002","10","35000000","true","10","5","0","0.4","5","0","0","25","25","20","0","0"
"103","0.002","10","35000000","true","10","5","0","0.4","5","7","0.01528857142857143","20","20","13","700000","10702"
"104","0.002","10","35000000","true","10","5","0","0.4","5","6","0.043221666666666665","14","14","15","600000","25933"
"105","0.002","10","35000000","true","10","5","0","0.4","5","1","0.06786","20","19","27","100000","6786"
"103","0.002","10","35000000","true","10","5","0","0.4","5","8","0.01515","18","18","9","800000","12120"
"104","0.002","10","35000000","true","10","5","0","0.4","5","7","0.042968571428571425","16","16","16","700000","30078"
"103","0.002","10","35000000","true","10","5","0","0.4","5","9","0.015215555555555555","18","18","10","900000","13694"
"105","0.002","10","35000000","true","10","5","0","0.4","5","2","0.06865","20","20","30","200000","13730"
"104","0.002","10","35000000","true","10","5","0","0.4","5","8","0.04324","17","17","18","800000","34592"
"103","0.002","10","35000000","true","10","5","0","0.4","5","10","0.015248","16","16","6","1000000","15248"
"105","0.002","10","35000000","true","10","5","0","0.4","5","3","0.06828666666666666","15","14","18","300000","20486"
"104","0.002","10","35000000","true","10","5","0","0.4","5","9","0.04358","19","19","20","900000","39222"
"103","0.002","10","35000000","true","10","5","0","0.4","5","11","0.015215454545454546","17","17","8","1100000","16737"
"105","0.002","10","35000000","true","10","5","0","0.4","5","4","0.068255","16","16","23","400000","27302"
"104","0.002","10","35000000","true","10","5","0","0.4","5","10","0.043785","18","18","19","1000000","43785"
"103","0.002","10","35000000","true","10","5","0","0.4","5","12","0.015280833333333334","17","17","8","1200000","18337"
"106","0.002","10","35000000","true","10","5","0","0.4","5","0","0","25","25","20","0","0"
"104","0.002","10","35000000","true","10","5","0","0.4","5","11","0.04392272727272727","17","17","19","1100000","48315"
"105","0.002","10","35000000","true","10","5","0","0.4","5","5","0.068792","18","18","27","500000","34396"
"106","0.002","10","35000000","true","10","5","0","0.4","5","1","0.04864","14","14","17","100000","4864"
"104","0.002","10","35000000","true","10","5","0","0.4","5","12","0.04381","18","18","24","1200000","52572"
"107","0.002","10","35000000","true","10","5","0","0.4","5","0","0","25","25","14","0","0"
"105","0.002","10","35000000","true","10","5","0","0.4","5","6","0.06885166666666667","22","21","29","600000","41311"
"106","0.002","10","35000000","true","10","5","0","0.4","5","2","0.04827","20","20","22","200000","9654"
"107","0.002","10","35000000","true","10","5","0","0.4","5","1","0.02603","12","12","9","100000","2603"
"105","0.002","10","35000000","true","10","5","0","0.4","5","7","0.06884571428571429","20","20","26","700000","48192"
"106","0.002","10","35000000","true","10","5","0","0.4","5","3","0.048646666666666664","17","17","19","300000","14594"
"107","0.002","10","35000000","true","10","5","0","0.4","5","2","0.02466","14","14","11","200000","4932"
"105","0.002","10","35000000","true","10","5","0","0.4","5","8","0.06861875","20","20","28","800000","54895"
"106","0.002","10","35000000","true","10","5","0","0.4","5","4","0.0487575","18","17","23","400000","19503"
"107","0.002","10","35000000","true","10","5","0","0.4","5","3","0.026243333333333334","10","10","3","300000","7873"
"106","0.002","10","35000000","true","10","5","0","0.4","5","5","0.049414","17","17","20","500000","24707"
"105","0.002","10","35000000","true","10","5","0","0.4","5","9","0.06843888888888888","20","19","26","900000","61595"
"107","0.002","10","35000000","true","10","5","0","0.4","5","4","0.0270175","12","12","8","400000","10807"
"106","0.002","10","35000000","true","10","5","0","0.4","5","6","0.04972666666666667","17","17","20","600000","29836"
"105","0.002","10","35000000","true","10","5","0","0.4","5","10","0.068172","21","21","28","1000000","68172"
"107","0.002","10","35000000","true","10","5","0","0.4","5","5","0.027732","11","11","5","500000","13866"
"106","0.002","10","35000000","true","10","5","0","0.4","5","7","0.04990571428571428","18","18","22","700000","34934"
"107","0.002","10","35000000","true","10","5","0","0.4","5","6","0.0268","12","12","10","600000","16080"
"105","0.002","10","35000000","true","10","5","0","0.4","5","11","0.06843454545454546","16","16","23","1100000","75278"
"106","0.002","10","35000000","true","10","5","0","0.4","5","8","0.0494425","18","18","21","800000","39554"
"107","0.002","10","35000000","true","10","5","0","0.4","5","7","0.025502857142857143","12","12","7","700000","17852"
"105","0.002","10","35000000","true","10","5","0","0.4","5","12","0.06832083333333333","19","19","28","1200000","81985"
"108","0.002","10","35000000","true","10","5","0","0.4","5","0","0","25","25","12","0","0"
"106","0.002","10","35000000","true","10","5","0","0.4","5","9","0.04941888888888889","17","17","21","900000","44477"
"107","0.002","10","35000000","true","10","5","0","0.4","5","8","0.02495","10","10","3","800000","19960"
"108","0.002","10","35000000","true","10","5","0","0.4","5","1","0.00822","16","16","3","100000","822"
"108","0.002","10","35000000","true","10","5","0","0.4","5","2","0.007865","17","17","4","200000","1573"
"107","0.002","10","35000000","true","10","5","0","0.4","5","9","0.025743333333333333","13","13","10","900000","23169"
"106","0.002","10","35000000","true","10","5","0","0.4","5","10","0.049178","16","16","19","1000000","49178"
"108","0.002","10","35000000","true","10","5","0","0.4","5","3","0.007823333333333333","16","16","3","300000","2347"
"107","0.002","10","35000000","true","10","5","0","0.4","5","10","0.025796","11","11","7","1000000","25796"
"106","0.002","10","35000000","true","10","5","0","0.4","5","11","0.049245454545454544","16","16","18","1100000","54170"
"108","0.002","10","35000000","true","10","5","0","0.4","5","4","0.00798","16","16","3","400000","3192"
"107","0.002","10","35000000","true","10","5","0","0.4","5","11","0.025242727272727274","16","15","15","1100000","27767"
"106","0.002","10","35000000","true","10","5","0","0.4","5","12","0.049119166666666665","17","17","20","1200000","58943"
"109","0.002","10","35000000","true","10","5","0","0.4","5","0","0","25","25","14","0","0"
"108","0.002","10","35000000","true","10","5","0","0.4","5","5","0.008004","17","17","4","500000","4002"
"107","0.002","10","35000000","true","10","5","0","0.4","5","12","0.025558333333333332","14","14","13","1200000","30670"
"110","0.002","10","35000000","true","10","5","0","0.4","5","0","0","25","25","19","0","0"
"108","0.002","10","35000000","true","10","5","0","0.4","5","6","0.008031666666666666","15","15","2","600000","4819"
"109","0.002","10","35000000","true","10","5","0","0.4","5","1","0.01802","16","16","10","100000","1802"
"108","0.002","10","35000000","true","10","5","0","0.4","5","7","0.008041428571428571","15","15","2","700000","5629"
"110","0.002","10","35000000","true","10","5","0","0.4","5","1","0.04921","11","11","11","100000","4921"
"109","0.002","10","35000000","true","10","5","0","0.4","5","2","0.017895","17","17","11","200000","3579"
"108","0.002","10","35000000","true","10","5","0","0.4","5","8","0.00789375","16","16","3","800000","6315"
"109","0.002","10","35000000","true","10","5","0","0.4","5","3","0.01785","16","16","10","300000","5355"
"110","0.002","10","35000000","true","10","5","0","0.4","5","2","0.050045","12","12","16","200000","10009"
"108","0.002","10","35000000","true","10","5","0","0.4","5","9","0.007843333333333334","17","17","4","900000","7059"
"109","0.002","10","35000000","true","10","5","0","0.4","5","4","0.017885","15","15","9","400000","7154"
"108","0.002","10","35000000","true","10","5","0","0.4","5","10","0.007861","17","17","4","1000000","7861"
"110","0.002","10","35000000","true","10","5","0","0.4","5","3","0.048666666666666664","17","16","24","300000","14600"
"109","0.002","10","35000000","true","10","5","0","0.4","5","5","0.017586","16","16","10","500000","8793"
"108","0.002","10","35000000","true","10","5","0","0.4","5","11","0.007926363636363636","15","15","2","1100000","8719"
"110","0.002","10","35000000","true","10","5","0","0.4","5","4","0.047625","13","13","18","400000","19050"
"109","0.002","10","35000000","true","10","5","0","0.4","5","6","0.017448333333333333","15","15","9","600000","10469"
"108","0.002","10","35000000","true","10","5","0","0.4","5","12","0.00785","16","16","3","1200000","9420"
"111","0.002","10","35000000","true","10","5","0","0.4","5","0","0","25","25","20","0","0"
"109","0.002","10","35000000","true","10","5","0","0.4","5","7","0.01739857142857143","16","16","10","700000","12179"
"110","0.002","10","35000000","true","10","5","0","0.4","5","5","0.047444","10","10","10","500000","23722"
"111","0.002","10","35000000","true","10","5","0","0.4","5","1","0.06685","8","8","17","100000","6685"
"109","0.002","10","35000000","true","10","5","0","0.4","5","8","0.017355","17","17","11","800000","13884"
"110","0.002","10","35000000","true","10","5","0","0.4","5","6","0.046661666666666664","9","9","9","600000","27997"
"109","0.002","10","35000000","true","10","5","0","0.4","5","9","0.017466666666666665","18","18","12","900000","15720"
"111","0.002","10","35000000","true","10","5","0","0.4","5","2","0.072735","5","5","7","200000","14547"
"110","0.002","10","35000000","true","10","5","0","0.4","5","7","0.04656571428571429","13","13","17","700000","32596"
"109","0.002","10","35000000","true","10","5","0","0.4","5","10","0.017523","17","17","11","1000000","17523"
"111","0.002","10","35000000","true","10","5","0","0.4","5","3","0.06514","7","7","10","300000","19542"
"109","0.002","10","35000000","true","10","5","0","0.4","5","11","0.017556363636363637","16","16","10","1100000","19312"
"110","0.002","10","35000000","true","10","5","0","0.4","5","8","0.04798375","13","13","19","800000","38387"
"109","0.002","10","35000000","true","10","5","0","0.4","5","12","0.017445","17","17","11","1200000","20934"
"112","0.002","10","35000000","true","10","5","0","0.4","5","0","0","25","25","16","0","0"
"111","0.002","10","35000000","true","10","5","0","0.4","5","4","0.0684575","11","11","23","400000","27383"
"110","0.002","10","35000000","true","10","5","0","0.4","5","9","0.04933333333333333","10","9","11","900000","44400"
"112","0.002","10","35000000","true","10","5","0","0.4","5","1","0.03639","14","14","14","100000","3639"
"110","0.002","10","35000000","true","10","5","0","0.4","5","10","0.049563","11","11","14","1000000","49563"
"111","0.002","10","35000000","true","10","5","0","0.4","5","5","0.069362","9","8","15","500000","34681"
"112","0.002","10","35000000","true","10","5","0","0.4","5","2","0.03417","14","14","15","200000","6834"
"110","0.002","10","35000000","true","10","5","0","0.4","5","11","0.05055909090909091","14","14","19","1100000","55615"
"111","0.002","10","35000000","true","10","5","0","0.4","5","6","0.06875166666666667","12","10","24","600000","41251"
"112","0.002","10","35000000","true","10","5","0","0.4","5","3","0.03609","15","15","19","300000","10827"
"110","0.002","10","35000000","true","10","5","0","0.4","5","12","0.0513825","13","13","16","1200000","61659"
"113","0.002","10","35000000","true","10","5","0","0.4","5","0","0","25","25","17","0","0"
"111","0.002","10","35000000","true","10","5","0","0.4","5","7","0.06537","4","4","2","700000","45759"
"112","0.002","10","35000000","true","10","5","0","0.4","5","4","0.035035","14","13","15","400000","14014"
"113","0.002","10","35000000","true","10","5","0","0.4","5","1","0.01728","18","18","13","100000","1728"
"111","0.002","10","35000000","true","10","5","0","0.4","5","8","0.05879875","7","7","10","800000","47039"
"112","0.002","10","35000000","true","10","5","0","0.4","5","5","0.03564","13","13","12","500000","17820"
"113","0.002","10","35000000","true","10","5","0","0.4","5","2","0.017625","17","17","11","200000","3525"
"112","0.002","10","35000000","true","10","5","0","0.4","5","6","0.035005","12","12","13","600000","21003"
"111","0.002","10","35000000","true","10","5","0","0.4","5","9","0.05793444444444444","7","7","11","900000","52141"
"113","0.002","10","35000000","true","10","5","0","0.4","5","3","0.01724","17","17","11","300000","5172"
"113","0.002","10","35000000","true","10","5","0","0.4","5","4","0.01698","17","17","11","400000","6792"
"112","0.002","10","35000000","true","10","5","0","0.4","5","7","0.03373857142857143","10","10","7","700000","23617"
"111","0.002","10","35000000","true","10","5","0","0.4","5","10","0.056846","11","10","23","1000000","56846"
"113","0.002","10","35000000","true","10","5","0","0.4","5","5","0.017034","16","16","9","500000","8517"
"112","0.002","10","35000000","true","10","5","0","0.4","5","8","0.03351125","12","12","10","800000","26809"
"111","0.002","10","35000000","true","10","5","0","0.4","5","11","0.05754909090909091","12","11","20","1100000","63304"
"113","0.002","10","35000000","true","10","5","0","0.4","5","6","0.017366666666666666","16","16","9","600000","10420"
"112","0.002","10","35000000","true","10","5","0","0.4","5","9","0.03352555555555556","11","11","9","900000","30173"
"113","0.002","10","35000000","true","10","5","0","0.4","5","7","0.017004285714285715","16","16","9","700000","11903"
"111","0.002","10","35000000","true","10","5","0","0.4","5","12","0.05938","4","4","3","1200000","71256"
"112","0.002","10","35000000","true","10","5","0","0.4","5","10","0.033318","13","13","12","1000000","33318"
"113","0.002","10","35000000","true","10","5","0","0.4","5","8","0.0167225","17","17","11","800000","13378"
"112","0.002","10","35000000","true","10","5","0","0.4","5","11","0.033155454545454544","11","11","9","1100000","36471"
"113","0.002","10","35000000","true","10","5","0","0.4","5","9","0.01672","16","16","9","900000","15048"
"111","0.002","10","35000000","true","10","5","0","0.4","5","13","0.05898538461538461","4","4","2","1300000","76681"
"113","0.002","10","35000000","true","10","5","0","0.4","5","10","0.016507","19","19","14","1000000","16507"
"112","0.002","10","35000000","true","10","5","0","0.4","5","12","0.03322166666666666","13","12","12","1200000","39866"
"111","0.002","10","35000000","true","10","5","0","0.4","5","14","0.057233571428571425","13","11","26","1400000","80127"
"113","0.002","10","35000000","true","10","5","0","0.4","5","11","0.016324545454545456","17","17","11","1100000","17957"
"112","0.002","10","35000000","true","10","5","0","0.4","5","13","0.03358","13","13","16","1300000","43654"
"114","0.002","10","35000000","true","10","5","0","0.4","5","0","0","25","25","14","0","0"
"111","0.002","10","35000000","true","10","5","0","0.4","5","15","0.05707533333333333","9","7","19","1500000","85613"
"113","0.002","10","35000000","true","10","5","0","0.4","5","12","0.016316666666666667","17","17","11","1200000","19580"
"115","0.002","10","35000000","true","10","5","0","0.4","5","0","0","25","25","16","0","0"
"114","0.002","10","35000000","true","10","5","0","0.4","5","1","0.02901","19","18","17","100000","2901"
"115","0.002","10","35000000","true","10","5","0","0.4","5","1","0.03699","12","12","10","100000","3699"
"111","0.002","10","35000000","true","10","5","0","0.4","5","16","0.057764375","7","7","11","1600000","92423"
"114","0.002","10","35000000","true","10","5","0","0.4","5","2","0.031735","19","19","17","200000","6347"
"115","0.002","10","35000000","true","10","5","0","0.4","5","2","0.03757","13","12","16","200000","7514"
"111","0.002","10","35000000","true","10","5","0","0.4","5","17","0.05753058823529412","8","7","15","1700000","97802"
"114","0.002","10","35000000","true","10","5","0","0.4","5","3","0.033523333333333336","17","17","14","300000","10057"
"115","0.002","10","35000000","true","10","5","0","0.4","5","3","0.03786333333333333","13","13","12","300000","11359"
"114","0.002","10","35000000","true","10","5","0","0.4","5","4","0.0334075","20","20","20","400000","13363"
"111","0.002","10","35000000","true","10","5","0","0.4","5","18","0.05827277777777778","10","10","21","1800000","104891"
"115","0.002","10","35000000","true","10","5","0","0.4","5","4","0.03687","10","10","10","400000","14748"
"114","0.002","10","35000000","true","10","5","0","0.4","5","5","0.033286","20","19","19","500000","16643"
"111","0.002","10","35000000","true","10","5","0","0.4","5","19","0.059096315789473684","11","10","21","1900000","112283"
"116","0.002","10","35000000","true","10","5","0","0.4","5","0","0","25","25","12","0","0"
"115","0.002","10","35000000","true","10","5","0","0.4","5","5","0.037588","11","11","13","500000","18794"
"114","0.002","10","35000000","true","10","5","0","0.4","5","6","0.03389333333333333","15","15","13","600000","20336"
"116","0.002","10","35000000","true","10","5","0","0.4","5","1","0.00988","12","12","3","100000","988"
"115","0.002","10","35000000","true","10","5","0","0.4","5","6","0.03733","10","10","11","600000","22398"
"114","0.002","10","35000000","true","10","5","0","0.4","5","7","0.033601428571428574","17","17","16","700000","23521"
"116","0.002","10","35000000","true","10","5","0","0.4","5","2","0.01469","17","17","14","200000","2938"
"115","0.002","10","35000000","true","10","5","0","0.4","5","7","0.03724","13","13","15","700000","26068"
"114","0.002","10","35000000","true","10","5","0","0.4","5","8","0.03317125","16","16","14","800000","26537"
"116","0.002","10","35000000","true","10","5","0","0.4","5","3","0.01607","13","13","8","300000","4821"
"115","0.002","10","35000000","true","10","5","0","0.4","5","8","0.0374875","19","18","24","800000","29990"
"114","0.002","10","35000000","true","10","5","0","0.4","5","9","0.03327666666666667","18","18","17","900000","29949"
"116","0.002","10","35000000","true","10","5","0","0.4","5","4","0.018575","12","12","7","400000","7430"
"114","0.002","10","35000000","true","10","5","0","0.4","5","10","0.033172","15","15","12","1000000","33172"
"115","0.002","10","35000000","true","10","5","0","0.4","5","9","0.03777333333333333","13","13","14","900000","33996"
"116","0.002","10","35000000","true","10","5","0","0.4","5","5","0.01849","12","12","5","500000","9245"
"114","0.002","10","35000000","true","10","5","0","0.4","5","11","0.03345181818181818","17","17","17","1100000","36797"
"116","0.002","10","35000000","true","10","5","0","0.4","5","6","0.019281666666666666","11","11","4","600000","11569"
"115","0.002","10","35000000","true","10","5","0","0.4","5","10","0.037394","13","13","14","1000000","37394"
"116","0.002","10","35000000","true","10","5","0","0.4","5","7","0.020287142857142858","13","13","8","700000","14201"
"114","0.002","10","35000000","true","10","5","0","0.4","5","12","0.033685","16","15","13","1200000","40422"
"115","0.002","10","35000000","true","10","5","0","0.4","5","11","0.037274545454545456","12","12","14","1100000","41002"
"114","0.002","10","35000000","true","10","5","0","0.4","5","13","0.03418769230769231","16","16","14","1300000","44444"
"116","0.002","10","35000000","true","10","5","0","0.4","5","8","0.0214375","18","16","15","800000","17150"
"117","0.002","10","35000000","true","10","5","0","0.4","5","0","0","25","25","19","0","0"
"115","0.002","10","35000000","true","10","5","0","0.4","5","12","0.037124166666666666","12","12","13","1200000","44549"
"118","0.002","10","35000000","true","10","5","0","0.4","5","0","0","25","25","14","0","0"
"117","0.002","10","35000000","true","10","5","0","0.4","5","1","0.01215","11","11","3","100000","1215"
"116","0.002","10","35000000","true","10","5","0","0.4","5","9","0.023483333333333332","15","15","11","900000","21135"
"118","0.002","10","35000000","true","10","5","0","0.4","5","1","0.02714","13","13","10","100000","2714"
"117","0.002","10","35000000","true","10","5","0","0.4","5","2","0.01044","11","11","3","200000","2088"
"118","0.002","10","35000000","true","10","5","0","0.4","5","2","0.0248","11","11","6","200000","4960"
"116","0.002","10","35000000","true","10","5","0","0.4","5","10","0.024466","13","13","8","1000000","24466"
"117","0.002","10","35000000","true","10","5","0","0.4","5","3","0.011476666666666666","12","12","5","300000","3443"
"116","0.002","10","35000000","true","10","5","0","0.4","5","11","0.02496","12","12","6","1100000","27456"
"118","0.002","10","35000000","true","10","5","0","0.4","5","3","0.02969","11","11","7","300000","8907"
"117","0.002","10","35000000","true","10","5","0","0.4","5","4","0.0113225","11","11","3","400000","4529"
"116","0.002","10","35000000","true","10","5","0","0.4","5","12","0.0256725","15","15","13","1200000","30807"
"118","0.002","10","35000000","true","10","5","0","0.4","5","4","0.0304875","13","12","9","400000","12195"
"117","0.002","10","35000000","true","10","5","0","0.4","5","5","0.011606","12","12","4","500000","5803"
"118","0.002","10","35000000","true","10","5","0","0.4","5","5","0.029234","13","13","11","500000","14617"
"116","0.002","10","35000000","true","10","5","0","0.4","5","13","0.02698923076923077","12","12","10","1300000","35086"
"117","0.002","10","35000000","true","10","5","0","0.4","5","6","0.011603333333333334","11","11","4","600000","6962"
"116","0.002","10","35000000","true","10","5","0","0.4","5","14","0.026747142857142858","12","12","6","1400000","37446"
"118","0.002","10","35000000","true","10","5","0","0.4","5","6","0.029633333333333334","14","14","12","600000","17780"
"117","0.002","10","35000000","true","10","5","0","0.4","5","7","0.011375714285714286","11","11","3","700000","7963"
"116","0.002","10","35000000","true","10","5","0","0.4","5","15","0.026554","13","12","10","1500000","39831"
"118","0.002","10","35000000","true","10","5","0","0.4","5","7","0.029964285714285714","13","13","11","700000","20975"
"117","0.002","10","35000000","true","10","5","0","0.4","5","8","0.0110825","11","11","3","800000","8866"
"116","0.002","10","35000000","true","10","5","0","0.4","5","16","0.026385625","13","13","8","1600000","42217"
"118","0.002","10","35000000","true","10","5","0","0.4","5","8","0.03001125","12","12","7","800000","24009"
"117","0.002","10","35000000","true","10","5","0","0.4","5","9","0.011113333333333333","13","13","7","900000","10002"
"116","0.002","10","35000000","true","10","5","0","0.4","5","17","0.026218235294117646","13","13","8","1700000","44571"
"117","0.002","10","35000000","true","10","5","0","0.4","5","10","0.011142","12","12","5","1000000","11142"
"118","0.002","10","35000000","true","10","5","0","0.4","5","9","0.0296","19","19","19","900000","26640"
"116","0.002","10","35000000","true","10","5","0","0.4","5","18","0.026018333333333334","14","14","10","1800000","46833"
"117","0.002","10","35000000","true","10","5","0","0.4","5","11","0.011205454545454546","14","14","9","1100000","12326"
"118","0.002","10","35000000","true","10","5","0","0.4","5","10","0.029812","11","11","6","1000000","29812"
"116","0.002","10","35000000","true","10","5","0","0.4","5","19","0.025999473684210527","13","13","8","1900000","49399"
"117","0.002","10","35000000","true","10","5","0","0.4","5","12","0.011083333333333334","13","13","6","1200000","13300"
"119","0.002","10","35000000","true","10","5","0","0.4","5","0","0","25","25","19","0","0"
"118","0.002","10","35000000","true","10","5","0","0.4","5","11","0.029576363636363637","14","13","12","1100000","32534"
"116","0.002","10","35000000","true","10","5","0","0.4","5","20","0.0258755","11","11","5","2000000","51751"
"120","0.002","10","35000000","true","10","5","0","0.4","5","0","0","25","25","19","0","0"
"118","0.002","10","35000000","true","10","5","0","0.4","5","12","0.029465833333333333","11","11","6","1200000","35359"
"119","0.002","10","35000000","true","10","5","0","0.4","5","1","0.03618","13","13","12","100000","3618"
"120","0.002","10","35000000","true","10","5","0","0.4","5","1","0.02019","13","13","4","100000","2019"
"118","0.002","10","35000000","true","10","5","0","0.4","5","13","0.029371538461538463","13","13","11","1300000","38183"
"119","0.002","10","35000000","true","10","5","0","0.4","5","2","0.038325","17","16","16","200000","7665"
"120","0.002","10","35000000","true","10","5","0","0.4","5","2","0.01975","13","13","6","200000","3950"
"118","0.002","10","35000000","true","10","5","0","0.4","5","14","0.029254285714285715","15","14","11","1400000","40956"
"119","0.002","10","35000000","true","10","5","0","0.4","5","3","0.037913333333333334","17","17","16","300000","11374"
"120","0.002","10","35000000","true","10","5","0","0.4","5","3","0.01984","15","14","8","300000","5952"
"119","0.002","10","35000000","true","10","5","0","0.4","5","4","0.038385","13","13","11","400000","15354"
"120","0.002","10","35000000","true","10","5","0","0.4","5","4","0.01949","13","13","5","400000","7796"
"119","0.002","10","35000000","true","10","5","0","0.4","5","5","0.03826","13","13","12","500000","19130"
"120","0.002","10","35000000","true","10","5","0","0.4","5","5","0.019106","13","13","4","500000","9553"
"120","0.002","10","35000000","true","10","5","0","0.4","5","6","0.01841833333333333","14","14","6","600000","11051"
"119","0.002","10","35000000","true","10","5","0","0.4","5","6","0.03870333333333333","16","15","16","600000","23222"
"120","0.002","10","35000000","true","10","5","0","0.4","5","7","0.018527142857142857","13","13","4","700000","12969"
"119","0.002","10","35000000","true","10","5","0","0.4","5","7","0.03903142857142857","14","14","13","700000","27322"
"120","0.002","10","35000000","true","10","5","0","0.4","5","8","0.0181875","12","12","3","800000","14550"
"119","0.002","10","35000000","true","10","5","0","0.4","5","8","0.0387625","16","16","16","800000","31010"
"120","0.002","10","35000000","true","10","5","0","0.4","5","9","0.018216666666666666","13","13","6","900000","16395"
"119","0.002","10","35000000","true","10","5","0","0.4","5","9","0.03857777777777778","16","16","15","900000","34720"
"120","0.002","10","35000000","true","10","5","0","0.4","5","10","0.018492","13","13","6","1000000","18492"
"119","0.002","10","35000000","true","10","5","0","0.4","5","10","0.038666","15","15","14","1000000","38666"
"120","0.002","10","35000000","true","10","5","0","0.4","5","11","0.018532727272727274","12","12","3","1100000","20386"
"119","0.002","10","35000000","true","10","5","0","0.4","5","11","0.03852454545454546","15","15","16","1100000","42377"
"120","0.002","10","35000000","true","10","5","0","0.4","5","12","0.018810833333333332","13","13","4","1200000","22573"
"119","0.002","10","35000000","true","10","5","0","0.4","5","12","0.03843","15","15","13","1200000","46116"
"119","0.002","10","35000000","true","10","5","0","0.4","5","13","0.03823923076923077","13","13","11","1300000","49711"
