"BehaviorSpace results (NetLogo 7.0.3)","Table version 2.0"
"week3.nlogox"
"table1_replication"
"03/13/2026 16:30:37:781 +0530"
"min-pxcor","max-pxcor","min-pycor","max-pycor"
"-14","15","-14","15"
"[run number]","Q","F","world-width","world-height","[step]","event-count","interaction-count","interaction-rate","unique-cultures","number-of-regions"
"2","5","3","30","30","0","0","0","0","125","886"
"1","5","3","30","30","0","0","0","0","125","888"
"3","5","3","30","30","0","0","0","0","125","886"
"2","5","3","30","30","1","100000","7039","0.07039","103","239"
"1","5","3","30","30","1","100000","7168","0.07168","91","225"
"3","5","3","30","30","1","100000","7204","0.07204","100","224"
"2","5","3","30","30","2","200000","13539","0.067695","82","144"
"1","5","3","30","30","2","200000","12843","0.064215","70","120"
"3","5","3","30","30","2","200000","13894","0.06947","82","135"
"2","5","3","30","30","3","300000","20557","0.06852333333333334","65","111"
"1","5","3","30","30","3","300000","17148","0.05716","50","83"
"3","5","3","30","30","3","300000","19281","0.06427","49","85"
"1","5","3","30","30","4","400000","21044","0.05261","47","82"
"2","5","3","30","30","4","400000","26868","0.06717","56","91"
"3","5","3","30","30","4","400000","24491","0.0612275","46","80"
"1","5","3","30","30","5","500000","25216","0.050432","48","81"
"2","5","3","30","30","5","500000","32622","0.065244","52","90"
"3","5","3","30","30","5","500000","28761","0.057522","40","66"
"1","5","3","30","30","6","600000","29466","0.04911","44","76"
"2","5","3","30","30","6","600000","37423","0.062371666666666666","38","59"
"3","5","3","30","30","6","600000","33175","0.05529166666666667","38","60"
"1","5","3","30","30","7","700000","33984","0.04854857142857143","44","71"
"2","5","3","30","30","7","700000","41019","0.05859857142857143","33","41"
"3","5","3","30","30","7","700000","37519","0.053598571428571426","38","61"
"1","5","3","30","30","8","800000","37807","0.04725875","42","66"
"2","5","3","30","30","8","800000","44791","0.05598875","30","44"
"3","5","3","30","30","8","800000","41417","0.05177125","34","50"
"1","5","3","30","30","9","900000","41483","0.04609222222222222","38","64"
"2","5","3","30","30","9","900000","48481","0.05386777777777778","28","43"
"3","5","3","30","30","9","900000","44216","0.04912888888888889","28","41"
"1","5","3","30","30","10","1000000","45567","0.045567","35","70"
"2","5","3","30","30","10","1000000","51910","0.05191","26","40"
"3","5","3","30","30","10","1000000","46227","0.046227","19","27"
"1","5","3","30","30","11","1100000","50109","0.045553636363636366","34","83"
"3","5","3","30","30","11","1100000","48136","0.04376","20","28"
"2","5","3","30","30","11","1100000","55550","0.0505","26","43"
"3","5","3","30","30","12","1200000","50488","0.04207333333333333","19","37"
"1","5","3","30","30","12","1200000","55028","0.045856666666666664","29","64"
"2","5","3","30","30","12","1200000","59057","0.04921416666666667","24","42"
"3","5","3","30","30","13","1300000","53243","0.040956153846153844","19","30"
"1","5","3","30","30","13","1300000","59607","0.045851538461538464","24","47"
"2","5","3","30","30","13","1300000","62157","0.04781307692307692","21","43"
"3","5","3","30","30","14","1400000","55524","0.03966","13","20"
"1","5","3","30","30","14","1400000","63850","0.04560714285714286","23","39"
"2","5","3","30","30","14","1400000","64600","0.046142857142857145","17","29"
"3","5","3","30","30","15","1500000","57454","0.038302666666666665","13","18"
"2","5","3","30","30","15","1500000","66665","0.044443333333333335","18","33"
"1","5","3","30","30","15","1500000","68030","0.045353333333333336","23","49"
"3","5","3","30","30","16","1600000","58990","0.03686875","10","13"
"2","5","3","30","30","16","1600000","68398","0.04274875","15","20"
"1","5","3","30","30","16","1600000","72254","0.04515875","19","37"
"3","5","3","30","30","17","1700000","60320","0.03548235294117647","11","18"
"2","5","3","30","30","17","1700000","69809","0.04106411764705882","15","20"
"1","5","3","30","30","17","1700000","76103","0.044766470588235296","19","34"
"3","5","3","30","30","18","1800000","61703","0.034279444444444446","11","14"
"2","5","3","30","30","18","1800000","71223","0.03956833333333333","11","12"
"1","5","3","30","30","18","1800000","79705","0.04428055555555555","17","32"
"3","5","3","30","30","19","1900000","62972","0.03314315789473684","11","12"
"2","5","3","30","30","19","1900000","72359","0.03808368421052632","12","17"
"1","5","3","30","30","19","1900000","83176","0.043776842105263156","18","34"
"3","5","3","30","30","20","2000000","63919","0.0319595","9","10"
"2","5","3","30","30","20","2000000","73471","0.0367355","11","15"
"1","5","3","30","30","20","2000000","86641","0.0433205","16","32"
"3","5","3","30","30","21","2100000","64871","0.03089095238095238","11","14"
"2","5","3","30","30","21","2100000","74750","0.035595238095238096","13","20"
"1","5","3","30","30","21","2100000","90031","0.042871904761904764","16","32"
"3","5","3","30","30","22","2200000","66103","0.03004681818181818","9","10"
"2","5","3","30","30","22","2200000","76088","0.034585454545454544","12","16"
"1","5","3","30","30","22","2200000","93358","0.04243545454545455","16","37"
"3","5","3","30","30","23","2300000","67204","0.02921913043478261","11","13"
"2","5","3","30","30","23","2300000","77415","0.033658695652173914","10","18"
"1","5","3","30","30","23","2300000","96893","0.042127391304347825","14","23"
"3","5","3","30","30","24","2400000","68340","0.028475","11","12"
"2","5","3","30","30","24","2400000","78858","0.0328575","10","21"
"1","5","3","30","30","24","2400000","100224","0.04176","13","28"
"3","5","3","30","30","25","2500000","68953","0.0275812","7","7"
"2","5","3","30","30","25","2500000","80495","0.032198","11","21"
"1","5","3","30","30","25","2500000","103420","0.041368","12","22"
"3","5","3","30","30","26","2600000","69592","0.026766153846153846","8","11"
"2","5","3","30","30","26","2600000","82147","0.031595","10","14"
"1","5","3","30","30","26","2600000","106554","0.04098230769230769","11","17"
"3","5","3","30","30","27","2700000","70050","0.025944444444444444","6","6"
"2","5","3","30","30","27","2700000","83732","0.031011851851851853","10","20"
"1","5","3","30","30","27","2700000","109274","0.04047185185185185","11","22"
"3","5","3","30","30","28","2800000","70320","0.025114285714285714","6","6"
"2","5","3","30","30","28","2800000","85168","0.030417142857142858","10","17"
"1","5","3","30","30","28","2800000","111958","0.039985","11","17"
"3","5","3","30","30","29","2900000","70576","0.02433655172413793","6","6"
"2","5","3","30","30","29","2900000","86405","0.029794827586206895","10","20"
"1","5","3","30","30","29","2900000","114648","0.039533793103448275","12","20"
"3","5","3","30","30","30","3000000","70855","0.023618333333333335","6","7"
"2","5","3","30","30","30","3000000","87601","0.02920033333333333","10","16"
"1","5","3","30","30","30","3000000","117278","0.039092666666666664","9","17"
"3","5","3","30","30","31","3100000","71088","0.022931612903225807","6","7"
"2","5","3","30","30","31","3100000","88716","0.028618064516129034","10","21"
"1","5","3","30","30","31","3100000","119557","0.038566774193548384","9","15"
"3","5","3","30","30","32","3200000","71353","0.0222978125","6","6"
"2","5","3","30","30","32","3200000","89946","0.028108125","11","19"
"1","5","3","30","30","32","3200000","121883","0.0380884375","9","14"
"3","5","3","30","30","33","3300000","71651","0.02171242424242424","6","6"
"2","5","3","30","30","33","3300000","91592","0.027755151515151514","11","19"
"3","5","3","30","30","34","3400000","71908","0.021149411764705882","6","7"
"1","5","3","30","30","33","3300000","123948","0.03756","7","12"
"2","5","3","30","30","34","3400000","92942","0.027335882352941175","10","18"
"3","5","3","30","30","35","3500000","72251","0.020643142857142856","6","8"
"1","5","3","30","30","34","3400000","126161","0.03710617647058823","7","10"
"2","5","3","30","30","35","3500000","94515","0.027004285714285713","10","16"
"3","5","3","30","30","36","3600000","72571","0.02015861111111111","6","6"
"1","5","3","30","30","35","3500000","127978","0.03656514285714286","7","10"
"2","5","3","30","30","36","3600000","96162","0.02671166666666667","10","18"
"3","5","3","30","30","37","3700000","72847","0.019688378378378377","6","6"
"1","5","3","30","30","36","3600000","129657","0.03601583333333333","6","12"
"2","5","3","30","30","37","3700000","97989","0.026483513513513513","10","16"
"3","5","3","30","30","38","3800000","73067","0.019228157894736843","6","6"
"1","5","3","30","30","37","3700000","131245","0.035471621621621624","6","9"
"2","5","3","30","30","38","3800000","99877","0.026283421052631577","10","18"
"3","5","3","30","30","39","3900000","73325","0.01880128205128205","6","6"
"1","5","3","30","30","38","3800000","132911","0.03497657894736842","6","8"
"2","5","3","30","30","39","3900000","101716","0.02608102564102564","9","12"
"3","5","3","30","30","40","4000000","73557","0.01838925","6","6"
"1","5","3","30","30","39","3900000","134470","0.03447948717948718","6","10"
"2","5","3","30","30","40","4000000","103167","0.02579175","8","12"
"3","5","3","30","30","41","4100000","73800","0.018","6","6"
"1","5","3","30","30","40","4000000","136022","0.0340055","6","8"
"2","5","3","30","30","41","4100000","104362","0.025454146341463414","8","9"
"3","5","3","30","30","42","4200000","74026","0.017625238095238097","6","6"
"1","5","3","30","30","41","4100000","137537","0.033545609756097564","6","8"
"2","5","3","30","30","42","4200000","105254","0.025060476190476192","7","7"
"3","5","3","30","30","43","4300000","74297","0.017278372093023256","6","8"
"1","5","3","30","30","42","4200000","139077","0.03311357142857143","6","12"
"2","5","3","30","30","43","4300000","106226","0.02470372093023256","7","8"
"3","5","3","30","30","44","4400000","74499","0.01693159090909091","6","6"
"1","5","3","30","30","43","4300000","140694","0.03271953488372093","6","8"
"2","5","3","30","30","44","4400000","106903","0.024296136363636364","7","9"
"3","5","3","30","30","45","4500000","74712","0.01660266666666667","6","6"
"1","5","3","30","30","44","4400000","141919","0.03225431818181818","6","10"
"2","5","3","30","30","45","4500000","107737","0.023941555555555556","7","8"
"3","5","3","30","30","46","4600000","75024","0.016309565217391304","6","6"
"1","5","3","30","30","45","4500000","143118","0.031804","6","8"
"2","5","3","30","30","46","4600000","108307","0.023545","7","11"
"3","5","3","30","30","47","4700000","75270","0.016014893617021277","6","6"
"1","5","3","30","30","46","4600000","144463","0.031405","6","9"
"2","5","3","30","30","47","4700000","108901","0.023170425531914892","7","9"
"3","5","3","30","30","48","4800000","75483","0.015725625","6","7"
"1","5","3","30","30","47","4700000","145483","0.030953829787234044","5","9"
"2","5","3","30","30","48","4800000","109495","0.022811458333333333","7","8"
"3","5","3","30","30","49","4900000","75793","0.015467959183673469","6","9"
"1","5","3","30","30","48","4800000","146581","0.030537708333333333","5","7"
"2","5","3","30","30","49","4900000","109873","0.022423061224489796","7","8"
"3","5","3","30","30","50","5000000","76057","0.0152114","6","7"
"1","5","3","30","30","49","4900000","147765","0.030156122448979594","5","7"
"2","5","3","30","30","50","5000000","110252","0.0220504","7","8"
"3","5","3","30","30","51","5100000","76324","0.014965490196078431","6","7"
"1","5","3","30","30","50","5000000","148934","0.0297868","5","9"
"2","5","3","30","30","51","5100000","110623","0.02169078431372549","7","7"
"3","5","3","30","30","52","5200000","76533","0.014717884615384615","6","6"
"1","5","3","30","30","51","5100000","149959","0.029403725490196077","5","8"
"2","5","3","30","30","52","5200000","111074","0.021360384615384614","7","7"
"3","5","3","30","30","53","5300000","76858","0.014501509433962265","6","6"
"1","5","3","30","30","52","5200000","150708","0.028982307692307693","5","7"
"2","5","3","30","30","53","5300000","111468","0.021031698113207545","7","8"
"3","5","3","30","30","54","5400000","77164","0.01428962962962963","6","6"
"1","5","3","30","30","53","5300000","151134","0.028515849056603773","4","5"
"2","5","3","30","30","54","5400000","111807","0.020705","7","8"
"3","5","3","30","30","55","5500000","77447","0.014081272727272727","6","6"
"1","5","3","30","30","54","5400000","151443","0.028045","4","5"
"2","5","3","30","30","55","5500000","112053","0.020373272727272726","7","7"
"3","5","3","30","30","56","5600000","77697","0.013874464285714285","6","7"
"1","5","3","30","30","55","5500000","151689","0.02757981818181818","3","4"
"4","5","3","30","30","0","0","0","0","125","881"
"2","5","3","30","30","56","5600000","112294","0.0200525","7","7"
"3","5","3","30","30","57","5700000","77959","0.01367701754385965","6","6"
"2","5","3","30","30","57","5700000","112480","0.019733333333333332","7","7"
"4","5","3","30","30","1","100000","7251","0.07251","99","225"
"3","5","3","30","30","58","5800000","78202","0.013483103448275862","6","7"
"2","5","3","30","30","58","5800000","112488","0.019394482758620688","6","6"
"5","5","3","30","30","0","0","0","0","125","883"
"4","5","3","30","30","2","200000","14423","0.072115","71","121"
"3","5","3","30","30","59","5900000","78421","0.013291694915254237","6","8"
"4","5","3","30","30","3","300000","20653","0.06884333333333334","57","114"
"5","5","3","30","30","1","100000","7261","0.07261","95","234"
"3","5","3","30","30","60","6000000","78687","0.0131145","6","7"
"4","5","3","30","30","4","400000","26085","0.0652125","53","91"
"3","5","3","30","30","61","6100000","78970","0.012945901639344263","6","6"
"5","5","3","30","30","2","200000","14494","0.07247","82","185"
"3","5","3","30","30","62","6200000","79193","0.012773064516129033","6","6"
"4","5","3","30","30","5","500000","31828","0.063656","41","73"
"5","5","3","30","30","3","300000","20753","0.06917666666666666","72","122"
"3","5","3","30","30","63","6300000","79444","0.01261015873015873","6","6"
"5","5","3","30","30","4","400000","26250","0.065625","57","93"
"4","5","3","30","30","6","600000","36761","0.061268333333333334","39","61"
"3","5","3","30","30","64","6400000","79768","0.01246375","6","6"
"5","5","3","30","30","5","500000","31646","0.063292","45","77"
"4","5","3","30","30","7","700000","41995","0.05999285714285714","38","67"
"3","5","3","30","30","65","6500000","80059","0.01231676923076923","6","7"
"5","5","3","30","30","6","600000","36886","0.061476666666666666","42","76"
"4","5","3","30","30","8","800000","46765","0.05845625","31","58"
"3","5","3","30","30","66","6600000","80388","0.01218","6","8"
"5","5","3","30","30","7","700000","41409","0.059155714285714284","35","51"
"4","5","3","30","30","9","900000","51237","0.05693","25","44"
"3","5","3","30","30","67","6700000","80635","0.012035074626865672","6","6"
"4","5","3","30","30","10","1000000","55274","0.055274","22","35"
"5","5","3","30","30","8","800000","45733","0.05716625","35","58"
"3","5","3","30","30","68","6800000","80911","0.011898676470588235","6","7"
"5","5","3","30","30","9","900000","50052","0.055613333333333334","34","61"
"4","5","3","30","30","11","1100000","59012","0.053647272727272724","23","38"
"3","5","3","30","30","69","6900000","81255","0.011776086956521738","6","7"
"5","5","3","30","30","10","1000000","54930","0.05493","32","61"
"4","5","3","30","30","12","1200000","62583","0.0521525","21","39"
"3","5","3","30","30","70","7000000","81530","0.011647142857142858","6","6"
"4","5","3","30","30","13","1300000","65540","0.05041538461538462","17","27"
"5","5","3","30","30","11","1100000","59610","0.05419090909090909","25","60"
"3","5","3","30","30","71","7100000","81832","0.011525633802816902","6","7"
"4","5","3","30","30","14","1400000","68446","0.04889","18","32"
"5","5","3","30","30","12","1200000","63919","0.05326583333333333","24","45"
"3","5","3","30","30","72","7200000","82167","0.011412083333333333","6","6"
"4","5","3","30","30","15","1500000","71329","0.04755266666666667","17","28"
"5","5","3","30","30","13","1300000","67783","0.052140769230769234","22","43"
"3","5","3","30","30","73","7300000","82463","0.011296301369863013","6","6"
"4","5","3","30","30","16","1600000","73941","0.046213125","16","32"
"5","5","3","30","30","14","1400000","71511","0.051079285714285716","21","42"
"3","5","3","30","30","74","7400000","82789","0.011187702702702702","6","6"
"4","5","3","30","30","17","1700000","76618","0.045069411764705886","17","25"
"5","5","3","30","30","15","1500000","75306","0.050204","19","39"
"3","5","3","30","30","75","7500000","83075","0.011076666666666667","6","6"
"5","5","3","30","30","16","1600000","78543","0.049089375","19","41"
"4","5","3","30","30","18","1800000","79461","0.044145","19","27"
"3","5","3","30","30","76","7600000","83389","0.010972236842105264","6","6"
"5","5","3","30","30","17","1700000","81854","0.048149411764705885","18","34"
"4","5","3","30","30","19","1900000","82361","0.043347894736842106","15","19"
"3","5","3","30","30","77","7700000","83712","0.010871688311688311","6","7"
"5","5","3","30","30","18","1800000","85070","0.04726111111111111","15","32"
"4","5","3","30","30","20","2000000","84822","0.042411","11","19"
"3","5","3","30","30","78","7800000","83975","0.01076602564102564","6","6"
"5","5","3","30","30","19","1900000","88252","0.046448421052631576","15","36"
"4","5","3","30","30","21","2100000","87068","0.04146095238095238","10","20"
"3","5","3","30","30","79","7900000","84274","0.01066759493670886","6","6"
"5","5","3","30","30","20","2000000","91225","0.0456125","16","28"
"4","5","3","30","30","22","2200000","89308","0.04059454545454545","10","12"
"3","5","3","30","30","80","8000000","84624","0.010578","6","6"
"5","5","3","30","30","21","2100000","93939","0.044732857142857144","15","26"
"4","5","3","30","30","23","2300000","91268","0.03968173913043478","10","17"
"3","5","3","30","30","81","8100000","84852","0.010475555555555556","6","6"
"5","5","3","30","30","22","2200000","96664","0.04393818181818182","18","23"
"4","5","3","30","30","24","2400000","93300","0.038875","8","11"
"3","5","3","30","30","82","8200000","85043","0.010371097560975609","6","6"
"5","5","3","30","30","23","2300000","98961","0.043026521739130436","15","29"
"4","5","3","30","30","25","2500000","94918","0.0379672","7","12"
"3","5","3","30","30","83","8300000","85258","0.010272048192771084","6","6"
"5","5","3","30","30","24","2400000","100604","0.041918333333333335","12","13"
"4","5","3","30","30","26","2600000","96582","0.03714692307692308","7","9"
"3","5","3","30","30","84","8400000","85499","0.010178452380952382","6","6"
"5","5","3","30","30","25","2500000","101786","0.0407144","8","11"
"4","5","3","30","30","27","2700000","98147","0.03635074074074074","7","9"
"3","5","3","30","30","85","8500000","85721","0.010084823529411764","6","6"
"5","5","3","30","30","26","2600000","102542","0.03943923076923077","8","9"
"4","5","3","30","30","28","2800000","99796","0.035641428571428574","7","11"
"3","5","3","30","30","86","8600000","85975","0.009997093023255814","6","6"
"5","5","3","30","30","27","2700000","103522","0.03834148148148148","8","9"
"4","5","3","30","30","29","2900000","101475","0.03499137931034483","7","8"
"3","5","3","30","30","87","8700000","86199","0.009907931034482759","6","6"
"5","5","3","30","30","28","2800000","104431","0.03729678571428571","8","10"
"4","5","3","30","30","30","3000000","103342","0.03444733333333334","7","10"
"3","5","3","30","30","88","8800000","86436","0.009822272727272728","6","6"
"5","5","3","30","30","29","2900000","105142","0.03625586206896552","7","8"
"3","5","3","30","30","89","8900000","86650","0.009735955056179775","6","7"
"4","5","3","30","30","31","3100000","105248","0.033950967741935484","7","9"
"5","5","3","30","30","30","3000000","105765","0.035255","7","7"
"3","5","3","30","30","90","9000000","86906","0.009656222222222222","6","6"
"4","5","3","30","30","32","3200000","106929","0.0334153125","7","10"
"5","5","3","30","30","31","3100000","106448","0.03433806451612903","7","9"
"3","5","3","30","30","91","9100000","87183","0.009580549450549451","6","7"
"4","5","3","30","30","33","3300000","108430","0.03285757575757576","7","13"
"5","5","3","30","30","32","3200000","107219","0.0335059375","7","10"
"3","5","3","30","30","92","9200000","87455","0.009505978260869566","6","6"
"4","5","3","30","30","34","3400000","109981","0.03234735294117647","7","11"
"5","5","3","30","30","33","3300000","107907","0.03269909090909091","7","9"
"3","5","3","30","30","93","9300000","87733","0.009433655913978494","6","7"
"5","5","3","30","30","34","3400000","108483","0.03190676470588235","7","8"
"4","5","3","30","30","35","3500000","111621","0.03189171428571429","7","14"
"3","5","3","30","30","94","9400000","88044","0.009366382978723404","6","6"
"5","5","3","30","30","35","3500000","108836","0.031096","7","8"
"4","5","3","30","30","36","3600000","113118","0.03142166666666667","7","11"
"5","5","3","30","30","36","3600000","109122","0.030311666666666667","7","8"
"3","5","3","30","30","95","9500000","88298","0.009294526315789474","6","6"
"4","5","3","30","30","37","3700000","114729","0.031007837837837837","7","8"
"5","5","3","30","30","37","3700000","109145","0.029498648648648648","5","5"
"6","5","3","30","30","0","0","0","0","125","888"
"3","5","3","30","30","96","9600000","88530","0.009221875","6","8"
"4","5","3","30","30","38","3800000","116284","0.03060105263157895","7","10"
"3","5","3","30","30","97","9700000","88763","0.00915082474226804","6","6"
"6","5","3","30","30","1","100000","6979","0.06979","101","225"
"4","5","3","30","30","39","3900000","117900","0.03023076923076923","7","12"
"3","5","3","30","30","98","9800000","88986","0.009080204081632653","6","6"
"6","5","3","30","30","2","200000","14235","0.071175","75","157"
"4","5","3","30","30","40","4000000","119512","0.029878","7","11"
"3","5","3","30","30","99","9900000","89266","0.009016767676767677","6","10"
"6","5","3","30","30","3","300000","20456","0.06818666666666667","54","106"
"4","5","3","30","30","41","4100000","121137","0.02954560975609756","7","9"
"3","5","3","30","30","100","10000000","89574","0.0089574","6","6"
"4","5","3","30","30","42","4200000","122721","0.029219285714285715","7","15"
"6","5","3","30","30","4","400000","26061","0.0651525","41","65"
"3","5","3","30","30","101","10100000","89833","0.008894356435643564","6","6"
"4","5","3","30","30","43","4300000","124437","0.028938837209302324","7","9"
"6","5","3","30","30","5","500000","30791","0.061582","28","53"
"3","5","3","30","30","102","10200000","90142","0.008837450980392157","6","7"
"4","5","3","30","30","44","4400000","126044","0.028646363636363636","7","10"
"6","5","3","30","30","6","600000","35114","0.05852333333333333","30","56"
"3","5","3","30","30","103","10300000","90453","0.008781844660194174","6","6"
"4","5","3","30","30","45","4500000","127809","0.028402","7","9"
"6","5","3","30","30","7","700000","39382","0.05626","30","64"
"3","5","3","30","30","104","10400000","90766","0.0087275","6","6"
"4","5","3","30","30","46","4600000","129535","0.02815978260869565","7","12"
"6","5","3","30","30","8","800000","43161","0.05395125","24","41"
"3","5","3","30","30","105","10500000","91141","0.008680095238095238","6","6"
"4","5","3","30","30","47","4700000","131126","0.027899148936170213","7","12"
"6","5","3","30","30","9","900000","46802","0.05200222222222222","24","47"
"3","5","3","30","30","106","10600000","91435","0.008625943396226415","6","6"
"4","5","3","30","30","48","4800000","132730","0.027652083333333334","7","9"
"6","5","3","30","30","10","1000000","50396","0.050396","16","37"
"3","5","3","30","30","107","10700000","91704","0.008570467289719627","6","6"
"4","5","3","30","30","49","4900000","134175","0.02738265306122449","7","12"
"6","5","3","30","30","11","1100000","54138","0.049216363636363634","14","34"
"3","5","3","30","30","108","10800000","91936","0.008512592592592592","6","6"
"4","5","3","30","30","50","5000000","135567","0.0271134","7","9"
"6","5","3","30","30","12","1200000","57720","0.0481","15","35"
"3","5","3","30","30","109","10900000","92186","0.00845743119266055","6","6"
"4","5","3","30","30","51","5100000","136628","0.026789803921568628","6","7"
"6","5","3","30","30","13","1300000","61070","0.046976923076923076","13","26"
"3","5","3","30","30","110","11000000","92532","0.008412","6","7"
"4","5","3","30","30","52","5200000","137703","0.026481346153846154","6","10"
"6","5","3","30","30","14","1400000","64324","0.045945714285714284","14","28"
"3","5","3","30","30","111","11100000","92813","0.00836153153153153","6","7"
"4","5","3","30","30","53","5300000","138886","0.026204905660377358","6","7"
"6","5","3","30","30","15","1500000","67496","0.044997333333333334","11","21"
"3","5","3","30","30","112","11200000","93124","0.008314642857142857","6","6"
"4","5","3","30","30","54","5400000","140080","0.02594074074074074","6","11"
"6","5","3","30","30","16","1600000","70252","0.0439075","11","33"
"3","5","3","30","30","113","11300000","93381","0.008263805309734513","6","6"
"4","5","3","30","30","55","5500000","141004","0.025637090909090908","6","7"
"6","5","3","30","30","17","1700000","72208","0.042475294117647056","8","15"
"3","5","3","30","30","114","11400000","93614","0.008211754385964913","6","7"
"4","5","3","30","30","56","5600000","141849","0.025330178571428573","6","8"
"6","5","3","30","30","18","1800000","73694","0.04094111111111111","7","11"
"3","5","3","30","30","115","11500000","93915","0.008166521739130435","6","6"
"4","5","3","30","30","57","5700000","142640","0.025024561403508772","6","9"
"6","5","3","30","30","19","1900000","75203","0.039580526315789476","7","10"
"3","5","3","30","30","116","11600000","94155","0.008116810344827587","6","6"
"4","5","3","30","30","58","5800000","143104","0.024673103448275863","5","7"
"6","5","3","30","30","20","2000000","76703","0.0383515","7","10"
"3","5","3","30","30","117","11700000","94457","0.008073247863247862","6","6"
"4","5","3","30","30","59","5900000","143342","0.024295254237288136","4","5"
"6","5","3","30","30","21","2100000","78133","0.037206190476190476","7","13"
"7","5","3","30","30","0","0","0","0","125","885"
"3","5","3","30","30","118","11800000","94749","0.008029576271186441","6","7"
"6","5","3","30","30","22","2200000","79201","0.036000454545454544","6","8"
"7","5","3","30","30","1","100000","7553","0.07553","91","234"
"3","5","3","30","30","119","11900000","94939","0.007978067226890756","6","6"
"6","5","3","30","30","23","2300000","79944","0.03475826086956522","6","9"
"7","5","3","30","30","2","200000","14237","0.071185","71","136"
"3","5","3","30","30","120","12000000","95183","0.007931916666666667","6","7"
"6","5","3","30","30","24","2400000","80187","0.03341125","4","5"
"8","5","3","30","30","0","0","0","0","125","893"
"7","5","3","30","30","3","300000","19808","0.06602666666666666","61","113"
"3","5","3","30","30","121","12100000","95377","0.007882396694214876","6","6"
"8","5","3","30","30","1","100000","7307","0.07307","93","195"
"3","5","3","30","30","122","12200000","95577","0.007834180327868853","6","6"
"7","5","3","30","30","4","400000","25625","0.0640625","53","96"
"8","5","3","30","30","2","200000","13364","0.06682","73","124"
"3","5","3","30","30","123","12300000","95822","0.00779040650406504","6","6"
"7","5","3","30","30","5","500000","30679","0.061358","51","86"
"8","5","3","30","30","3","300000","18780","0.0626","51","86"
"3","5","3","30","30","124","12400000","96067","0.00774733870967742","6","6"
"7","5","3","30","30","6","600000","35592","0.05932","39","72"
"8","5","3","30","30","4","400000","22981","0.0574525","35","62"
"3","5","3","30","30","125","12500000","96383","0.00771064","6","9"
"7","5","3","30","30","7","700000","40083","0.057261428571428574","36","77"
"8","5","3","30","30","5","500000","26528","0.053056","36","47"
"3","5","3","30","30","126","12600000","96671","0.007672301587301587","6","7"
"7","5","3","30","30","8","800000","44158","0.0551975","29","60"
"8","5","3","30","30","6","600000","30475","0.050791666666666666","35","56"
"3","5","3","30","30","127","12700000","96902","0.007630078740157481","6","6"
"7","5","3","30","30","9","900000","47481","0.05275666666666667","29","47"
"8","5","3","30","30","7","700000","34352","0.049074285714285716","30","55"
"3","5","3","30","30","128","12800000","97217","0.007595078125","6","6"
"7","5","3","30","30","10","1000000","50837","0.050837","29","47"
"3","5","3","30","30","129","12900000","97521","0.007559767441860465","6","6"
"8","5","3","30","30","8","800000","38196","0.047745","30","45"
"7","5","3","30","30","11","1100000","54381","0.049437272727272726","24","41"
"3","5","3","30","30","130","13000000","97820","0.007524615384615385","6","6"
"8","5","3","30","30","9","900000","41430","0.046033333333333336","25","39"
"7","5","3","30","30","12","1200000","58074","0.048395","31","58"
"3","5","3","30","30","131","13100000","98164","0.007493435114503817","6","6"
"8","5","3","30","30","10","1000000","44448","0.044448","22","34"
"7","5","3","30","30","13","1300000","62069","0.04774538461538461","28","52"
"3","5","3","30","30","132","13200000","98432","0.007456969696969697","6","9"
"8","5","3","30","30","11","1100000","47255","0.04295909090909091","24","37"
"7","5","3","30","30","14","1400000","65960","0.04711428571428571","26","55"
"3","5","3","30","30","133","13300000","98820","0.007430075187969925","6","7"
"8","5","3","30","30","12","1200000","50143","0.041785833333333335","22","37"
"7","5","3","30","30","15","1500000","69804","0.046536","24","43"
"3","5","3","30","30","134","13400000","99110","0.007396268656716418","6","7"
"8","5","3","30","30","13","1300000","52652","0.040501538461538464","21","35"
"7","5","3","30","30","16","1600000","73346","0.04584125","26","47"
"3","5","3","30","30","135","13500000","99397","0.007362740740740741","6","7"
"8","5","3","30","30","14","1400000","54756","0.039111428571428575","16","23"
"7","5","3","30","30","17","1700000","77190","0.04540588235294118","23","44"
"3","5","3","30","30","136","13600000","99775","0.007336397058823529","6","6"
"8","5","3","30","30","15","1500000","56943","0.037962","17","32"
"7","5","3","30","30","18","1800000","80357","0.04464277777777778","16","33"
"3","5","3","30","30","137","13700000","100090","0.007305839416058394","6","8"
"8","5","3","30","30","16","1600000","58952","0.036845","16","23"
"7","5","3","30","30","19","1900000","83280","0.04383157894736842","20","38"
"3","5","3","30","30","138","13800000","100401","0.007275434782608696","6","8"
"8","5","3","30","30","17","1700000","60954","0.03585529411764706","15","24"
"7","5","3","30","30","20","2000000","86334","0.043167","17","36"
"3","5","3","30","30","139","13900000","100867","0.007256618705035971","6","6"
"8","5","3","30","30","18","1800000","62619","0.03478833333333333","16","24"
"7","5","3","30","30","21","2100000","89380","0.04256190476190476","17","31"
"8","5","3","30","30","19","1900000","64000","0.03368421052631579","15","20"
"3","5","3","30","30","140","14000000","101241","0.0072315","6","7"
"7","5","3","30","30","22","2200000","92187","0.04190318181818182","12","21"
"8","5","3","30","30","20","2000000","65305","0.0326525","14","18"
"3","5","3","30","30","141","14100000","101665","0.007210283687943263","6","7"
"8","5","3","30","30","21","2100000","66552","0.03169142857142857","15","20"
"7","5","3","30","30","23","2300000","94737","0.04119","14","20"
"3","5","3","30","30","142","14200000","101975","0.007181338028169014","6","6"
"8","5","3","30","30","22","2200000","67912","0.03086909090909091","14","18"
"7","5","3","30","30","24","2400000","96775","0.04032291666666667","11","19"
"3","5","3","30","30","143","14300000","102279","0.007152377622377622","6","8"
"8","5","3","30","30","23","2300000","69146","0.030063478260869567","15","17"
"7","5","3","30","30","25","2500000","98812","0.0395248","10","27"
"3","5","3","30","30","144","14400000","102493","0.007117569444444445","6","6"
"8","5","3","30","30","24","2400000","70462","0.029359166666666665","13","15"
"3","5","3","30","30","145","14500000","102741","0.007085586206896552","6","6"
"7","5","3","30","30","26","2600000","101329","0.038972692307692305","9","14"
"8","5","3","30","30","25","2500000","71578","0.0286312","12","17"
"7","5","3","30","30","27","2700000","103176","0.038213333333333335","9","22"
"3","5","3","30","30","146","14600000","103016","0.0070558904109589045","6","6"
"8","5","3","30","30","26","2600000","72575","0.02791346153846154","12","14"
"3","5","3","30","30","147","14700000","103223","0.0070219727891156465","6","6"
"7","5","3","30","30","28","2800000","104984","0.037494285714285716","9","11"
"8","5","3","30","30","27","2700000","73398","0.027184444444444445","11","13"
"3","5","3","30","30","148","14800000","103450","0.006989864864864865","6","6"
"7","5","3","30","30","29","2900000","106893","0.03685965517241379","9","14"
"8","5","3","30","30","28","2800000","74365","0.02655892857142857","11","18"
"3","5","3","30","30","149","14900000","103683","0.006958590604026846","6","6"
"7","5","3","30","30","30","3000000","108745","0.036248333333333334","9","16"
"8","5","3","30","30","29","2900000","75160","0.025917241379310344","11","13"
"3","5","3","30","30","150","15000000","103964","0.006930933333333333","6","6"
"7","5","3","30","30","31","3100000","110144","0.03553032258064516","8","11"
"8","5","3","30","30","30","3000000","76026","0.025342","11","15"
"3","5","3","30","30","151","15100000","104175","0.006899006622516557","6","7"
"7","5","3","30","30","32","3200000","111394","0.034810625","6","7"
"8","5","3","30","30","31","3100000","76935","0.02481774193548387","10","13"
"3","5","3","30","30","152","15200000","104392","0.006867894736842105","6","6"
"7","5","3","30","30","33","3300000","112257","0.03401727272727273","6","9"
"8","5","3","30","30","32","3200000","77652","0.02426625","11","12"
"3","5","3","30","30","153","15300000","104570","0.006834640522875817","6","7"
"7","5","3","30","30","34","3400000","113086","0.03326058823529412","6","7"
"8","5","3","30","30","33","3300000","78444","0.023770909090909093","10","12"
"3","5","3","30","30","154","15400000","104816","0.006806233766233767","6","6"
"7","5","3","30","30","35","3500000","113930","0.03255142857142857","6","7"
"8","5","3","30","30","34","3400000","79190","0.023291176470588235","11","16"
"3","5","3","30","30","155","15500000","105075","0.006779032258064516","6","6"
"7","5","3","30","30","36","3600000","114682","0.03185611111111111","6","7"
"8","5","3","30","30","35","3500000","79901","0.022828857142857144","11","13"
"3","5","3","30","30","156","15600000","105309","0.006750576923076923","6","6"
"7","5","3","30","30","37","3700000","115185","0.03113108108108108","5","5"
"8","5","3","30","30","36","3600000","80658","0.022405","11","14"
"3","5","3","30","30","157","15700000","105609","0.006726687898089172","6","6"
"8","5","3","30","30","37","3700000","81388","0.021996756756756757","11","16"
"7","5","3","30","30","38","3800000","115639","0.030431315789473685","5","5"
"3","5","3","30","30","158","15800000","105897","0.0067023417721518985","6","6"
"8","5","3","30","30","38","3800000","82091","0.021602894736842106","11","13"
"7","5","3","30","30","39","3900000","116146","0.02978102564102564","5","5"
"3","5","3","30","30","159","15900000","106161","0.006676792452830188","6","6"
"8","5","3","30","30","39","3900000","82874","0.02124974358974359","11","13"
"7","5","3","30","30","40","4000000","116706","0.0291765","5","7"
"3","5","3","30","30","160","16000000","106509","0.0066568125","6","8"
"8","5","3","30","30","40","4000000","83532","0.020883","12","14"
"7","5","3","30","30","41","4100000","117172","0.028578536585365855","5","5"
"3","5","3","30","30","161","16100000","106874","0.006638136645962733","6","6"
"8","5","3","30","30","41","4100000","84261","0.020551463414634145","13","19"
"7","5","3","30","30","42","4200000","117592","0.02799809523809524","5","6"
"8","5","3","30","30","42","4200000","85142","0.020271904761904762","12","16"
"3","5","3","30","30","162","16200000","107128","0.0066128395061728395","6","6"
"7","5","3","30","30","43","4300000","118102","0.027465581395348836","5","7"
"8","5","3","30","30","43","4300000","85974","0.019993953488372095","10","12"
"3","5","3","30","30","163","16300000","107369","0.006587055214723927","6","6"
"7","5","3","30","30","44","4400000","118650","0.026965909090909092","6","6"
"8","5","3","30","30","44","4400000","86835","0.019735227272727272","11","15"
"3","5","3","30","30","164","16400000","107633","0.006562987804878049","6","6"
"7","5","3","30","30","45","4500000","119219","0.02649311111111111","4","6"
"8","5","3","30","30","45","4500000","87755","0.01950111111111111","11","13"
"3","5","3","30","30","165","16500000","107884","0.006538424242424242","6","6"
"7","5","3","30","30","46","4600000","119672","0.026015652173913044","4","5"
"8","5","3","30","30","46","4600000","88612","0.019263478260869566","11","16"
"3","5","3","30","30","166","16600000","108142","0.006514578313253012","6","6"
"7","5","3","30","30","47","4700000","120067","0.025546170212765958","4","4"
"8","5","3","30","30","47","4700000","89341","0.01900872340425532","11","12"
"3","5","3","30","30","167","16700000","108394","0.006490658682634731","6","6"
"7","5","3","30","30","48","4800000","120508","0.025105833333333334","4","5"
"8","5","3","30","30","48","4800000","90097","0.018770208333333333","11","15"
"3","5","3","30","30","168","16800000","108627","0.0064658928571428576","6","7"
"7","5","3","30","30","49","4900000","120937","0.024681020408163265","4","4"
"8","5","3","30","30","49","4900000","90785","0.018527551020408164","10","13"
"3","5","3","30","30","169","16900000","108903","0.00644396449704142","6","7"
"7","5","3","30","30","50","5000000","121376","0.0242752","4","4"
"8","5","3","30","30","50","5000000","91397","0.0182794","11","14"
"3","5","3","30","30","170","17000000","109163","0.006421352941176471","6","6"
"7","5","3","30","30","51","5100000","121711","0.023864901960784314","4","4"
"8","5","3","30","30","51","5100000","92090","0.01805686274509804","11","18"
"3","5","3","30","30","171","17100000","109388","0.006396959064327485","6","7"
"7","5","3","30","30","52","5200000","121803","0.023423653846153848","3","3"
"9","5","3","30","30","0","0","0","0","125","888"
"8","5","3","30","30","52","5200000","92687","0.017824423076923078","11","15"
"3","5","3","30","30","172","17200000","109616","0.006373023255813954","6","6"
"8","5","3","30","30","53","5300000","93328","0.017609056603773585","11","20"
"9","5","3","30","30","1","100000","7424","0.07424","101","236"
"3","5","3","30","30","173","17300000","109884","0.006351676300578034","6","8"
"8","5","3","30","30","54","5400000","93764","0.017363703703703704","9","12"
"9","5","3","30","30","2","200000","14110","0.07055","74","146"
"3","5","3","30","30","174","17400000","110199","0.006333275862068966","6","7"
"8","5","3","30","30","55","5500000","94130","0.017114545454545455","10","12"
"9","5","3","30","30","3","300000","20326","0.06775333333333333","63","129"
"3","5","3","30","30","175","17500000","110495","0.006314","6","6"
"8","5","3","30","30","56","5600000","94514","0.0168775","10","12"
"9","5","3","30","30","4","400000","25609","0.0640225","48","87"
"3","5","3","30","30","176","17600000","110754","0.006292840909090909","6","6"
"8","5","3","30","30","57","5700000","94868","0.016643508771929823","9","10"
"9","5","3","30","30","5","500000","30338","0.060676","50","87"
"3","5","3","30","30","177","17700000","111046","0.006273785310734463","6","6"
"8","5","3","30","30","58","5800000","95181","0.016410517241379312","9","11"
"9","5","3","30","30","6","600000","35318","0.05886333333333333","44","81"
"3","5","3","30","30","178","17800000","111259","0.0062505056179775285","6","6"
"8","5","3","30","30","59","5900000","95661","0.01621372881355932","9","10"
"9","5","3","30","30","7","700000","40640","0.058057142857142856","36","71"
"3","5","3","30","30","179","17900000","111497","0.006228882681564246","6","6"
"8","5","3","30","30","60","6000000","96091","0.016015166666666667","10","12"
"3","5","3","30","30","180","18000000","111729","0.006207166666666666","6","6"
"9","5","3","30","30","8","800000","45717","0.05714625","33","72"
"8","5","3","30","30","61","6100000","96510","0.015821311475409838","9","11"
"3","5","3","30","30","181","18100000","111994","0.006187513812154696","6","6"
"9","5","3","30","30","9","900000","50055","0.05561666666666667","28","51"
"8","5","3","30","30","62","6200000","96954","0.01563774193548387","9","11"
"3","5","3","30","30","182","18200000","112255","0.0061678571428571425","6","6"
"8","5","3","30","30","63","6300000","97428","0.015464761904761905","8","9"
"9","5","3","30","30","10","1000000","53887","0.053887","27","53"
"8","5","3","30","30","64","6400000","97673","0.01526140625","8","10"
"3","5","3","30","30","183","18300000","112546","0.006150054644808743","6","6"
"9","5","3","30","30","11","1100000","57401","0.05218272727272727","27","38"
"8","5","3","30","30","65","6500000","97916","0.015064","8","9"
"3","5","3","30","30","184","18400000","112907","0.00613625","6","7"
"9","5","3","30","30","12","1200000","61044","0.05087","23","35"
"8","5","3","30","30","66","6600000","98159","0.014872575757575758","8","9"
"3","5","3","30","30","185","18500000","113321","0.00612545945945946","6","6"
"9","5","3","30","30","13","1300000","64420","0.04955384615384616","20","40"
"8","5","3","30","30","67","6700000","98387","0.014684626865671641","8","9"
"3","5","3","30","30","186","18600000","113592","0.006107096774193548","6","6"
"9","5","3","30","30","14","1400000","67198","0.047998571428571425","19","38"
"8","5","3","30","30","68","6800000","98611","0.014501617647058823","8","9"
"3","5","3","30","30","187","18700000","113962","0.006094224598930481","6","7"
"9","5","3","30","30","15","1500000","69863","0.04657533333333334","17","38"
"8","5","3","30","30","69","6900000","98877","0.01433","8","10"
"3","5","3","30","30","188","18800000","114340","0.006081914893617021","6","6"
"9","5","3","30","30","16","1600000","72647","0.045404375","18","32"
"8","5","3","30","30","70","7000000","99172","0.014167428571428572","8","10"
"3","5","3","30","30","189","18900000","114694","0.006068465608465608","6","7"
"9","5","3","30","30","17","1700000","74975","0.04410294117647059","16","31"
"8","5","3","30","30","71","7100000","99545","0.014020422535211267","8","9"
"3","5","3","30","30","190","19000000","115008","0.006053052631578948","6","8"
"9","5","3","30","30","18","1800000","76911","0.04272833333333333","16","23"
"8","5","3","30","30","72","7200000","99810","0.0138625","8","9"
"3","5","3","30","30","191","19100000","115285","0.00603586387434555","6","6"
"9","5","3","30","30","19","1900000","78984","0.041570526315789474","16","28"
"8","5","3","30","30","73","7300000","100155","0.01371986301369863","8","9"
"3","5","3","30","30","192","19200000","115374","0.0060090625","6","7"
"9","5","3","30","30","20","2000000","80886","0.040443","15","28"
"8","5","3","30","30","74","7400000","100428","0.013571351351351351","8","9"
"3","5","3","30","30","193","19300000","115572","0.005988186528497409","6","6"
"8","5","3","30","30","75","7500000","100652","0.013420266666666666","8","10"
"9","5","3","30","30","21","2100000","82836","0.039445714285714285","13","16"
"3","5","3","30","30","194","19400000","115868","0.005972577319587629","6","6"
"8","5","3","30","30","76","7600000","100925","0.013279605263157895","8","9"
"9","5","3","30","30","22","2200000","84512","0.03841454545454545","12","20"
"3","5","3","30","30","195","19500000","116199","0.005958923076923077","6","6"
"8","5","3","30","30","77","7700000","101193","0.013141948051948052","8","9"
"9","5","3","30","30","23","2300000","86361","0.03754826086956522","13","21"
"3","5","3","30","30","196","19600000","116475","0.005942602040816327","6","7"
"8","5","3","30","30","78","7800000","101495","0.013012179487179486","8","10"
"9","5","3","30","30","24","2400000","88080","0.0367","12","19"
"3","5","3","30","30","197","19700000","116816","0.005929746192893401","6","10"
"8","5","3","30","30","79","7900000","101784","0.012884050632911393","8","9"
"9","5","3","30","30","25","2500000","89907","0.0359628","12","19"
"3","5","3","30","30","198","19800000","117140","0.005916161616161616","6","8"
"8","5","3","30","30","80","8000000","102058","0.01275725","8","10"
"9","5","3","30","30","26","2600000","91273","0.035105","11","18"
"3","5","3","30","30","199","19900000","117406","0.0058997989949748746","6","6"
"8","5","3","30","30","81","8100000","102377","0.012639135802469136","8","10"
"9","5","3","30","30","27","2700000","92314","0.03419037037037037","11","20"
"8","5","3","30","30","82","8200000","102624","0.012515121951219512","8","9"
"3","5","3","30","30","200","20000000","117625","0.00588125","6","6"
"9","5","3","30","30","28","2800000","93551","0.03341107142857143","10","17"
"8","5","3","30","30","83","8300000","102890","0.012396385542168674","8","9"
"3","5","3","30","30","201","20100000","117944","0.005867860696517413","6","8"
"9","5","3","30","30","29","2900000","94856","0.03270896551724138","11","20"
"8","5","3","30","30","84","8400000","103115","0.012275595238095238","8","9"
"3","5","3","30","30","202","20200000","118191","0.005851039603960396","6","6"
"9","5","3","30","30","30","3000000","96268","0.03208933333333333","12","16"
"8","5","3","30","30","85","8500000","103361","0.012160117647058823","8","9"
"3","5","3","30","30","203","20300000","118456","0.005835270935960591","6","6"
"9","5","3","30","30","31","3100000","97202","0.03135548387096774","9","16"
"8","5","3","30","30","86","8600000","103615","0.012048255813953489","8","9"
"3","5","3","30","30","204","20400000","118725","0.0058198529411764705","6","6"
"9","5","3","30","30","32","3200000","97646","0.030514375","9","9"
"8","5","3","30","30","87","8700000","103952","0.011948505747126437","8","10"
"3","5","3","30","30","205","20500000","118993","0.005804536585365854","6","6"
"8","5","3","30","30","88","8800000","104326","0.011855227272727272","8","10"
"9","5","3","30","30","33","3300000","97961","0.029685151515151515","7","7"
"3","5","3","30","30","206","20600000","119216","0.005787184466019417","6","6"
"8","5","3","30","30","89","8900000","104678","0.011761573033707865","8","10"
"9","5","3","30","30","34","3400000","97962","0.02881235294117647","6","6"
"10","5","3","30","30","0","0","0","0","125","891"
"3","5","3","30","30","207","20700000","119485","0.005772222222222222","6","6"
"8","5","3","30","30","90","9000000","104924","0.011658222222222223","8","9"
"3","5","3","30","30","208","20800000","119707","0.00575514423076923","6","6"
"10","5","3","30","30","1","100000","7165","0.07165","99","218"
"8","5","3","30","30","91","9100000","105155","0.011555494505494505","8","9"
"3","5","3","30","30","209","20900000","119977","0.005740526315789474","6","8"
"10","5","3","30","30","2","200000","13022","0.06511","80","152"
"8","5","3","30","30","92","9200000","105422","0.01145891304347826","8","9"
"3","5","3","30","30","210","21000000","120269","0.005727095238095238","6","6"
"10","5","3","30","30","3","300000","18690","0.0623","57","115"
"8","5","3","30","30","93","9300000","105820","0.011378494623655915","8","9"
"3","5","3","30","30","211","21100000","120540","0.0057127962085308055","6","6"
"10","5","3","30","30","4","400000","24111","0.0602775","53","101"
"8","5","3","30","30","94","9400000","106102","0.011287446808510638","8","10"
"3","5","3","30","30","212","21200000","120923","0.005703915094339622","6","6"
"10","5","3","30","30","5","500000","29514","0.059028","43","84"
"8","5","3","30","30","95","9500000","106438","0.011204","8","9"
"3","5","3","30","30","213","21300000","121323","0.005695915492957747","6","8"
"8","5","3","30","30","96","9600000","106739","0.011118645833333333","8","9"
"10","5","3","30","30","6","600000","34479","0.057465","35","63"
"3","5","3","30","30","214","21400000","121569","0.005680794392523365","6","6"
"8","5","3","30","30","97","9700000","106989","0.01102979381443299","8","9"
"10","5","3","30","30","7","700000","38812","0.055445714285714286","28","47"
"3","5","3","30","30","215","21500000","121818","0.005665953488372093","6","6"
"8","5","3","30","30","98","9800000","107265","0.010945408163265306","8","11"
"10","5","3","30","30","8","800000","43352","0.05419","31","54"
"3","5","3","30","30","216","21600000","122063","0.0056510648148148145","6","8"
"8","5","3","30","30","99","9900000","107632","0.010871919191919191","8","10"
"10","5","3","30","30","9","900000","47832","0.05314666666666667","28","55"
"8","5","3","30","30","100","10000000","107939","0.0107939","8","9"
"3","5","3","30","30","217","21700000","122298","0.0056358525345622116","6","6"
"10","5","3","30","30","10","1000000","51983","0.051983","26","51"
"8","5","3","30","30","101","10100000","108381","0.010730792079207921","8","12"
"3","5","3","30","30","218","21800000","122534","0.005620825688073395","6","7"
"10","5","3","30","30","11","1100000","55935","0.05085","26","46"
"8","5","3","30","30","102","10200000","108774","0.010664117647058824","8","10"
"3","5","3","30","30","219","21900000","122844","0.0056093150684931505","6","7"
"10","5","3","30","30","12","1200000","60011","0.05000916666666667","29","53"
"8","5","3","30","30","103","10300000","109195","0.010601456310679611","8","12"
"3","5","3","30","30","220","22000000","123054","0.005593363636363637","6","6"
"10","5","3","30","30","13","1300000","63801","0.04907769230769231","26","46"
"8","5","3","30","30","104","10400000","109574","0.01053596153846154","8","11"
"3","5","3","30","30","221","22100000","123301","0.0055792307692307695","6","6"
"10","5","3","30","30","14","1400000","67558","0.048255714285714284","27","52"
"8","5","3","30","30","105","10500000","109947","0.010471142857142858","8","9"
"3","5","3","30","30","222","22200000","123493","0.005562747747747748","6","6"
"8","5","3","30","30","106","10600000","110311","0.010406698113207546","8","10"
"10","5","3","30","30","15","1500000","71261","0.04750733333333333","20","47"
"3","5","3","30","30","223","22300000","123785","0.005550896860986547","6","6"
"8","5","3","30","30","107","10700000","110758","0.010351214953271027","8","9"
"10","5","3","30","30","16","1600000","74828","0.0467675","17","42"
"3","5","3","30","30","224","22400000","124045","0.005537723214285715","6","6"
"8","5","3","30","30","108","10800000","111161","0.010292685185185186","8","9"
"10","5","3","30","30","17","1700000","78329","0.046075882352941175","19","41"
"3","5","3","30","30","225","22500000","124432","0.005530311111111111","6","7"
"8","5","3","30","30","109","10900000","111449","0.010224678899082568","8","9"
"10","5","3","30","30","18","1800000","81729","0.045405","16","41"
"3","5","3","30","30","226","22600000","124702","0.005517787610619469","6","6"
"8","5","3","30","30","110","11000000","111704","0.010154909090909091","8","10"
"10","5","3","30","30","19","1900000","84520","0.04448421052631579","14","32"
"3","5","3","30","30","227","22700000","124941","0.0055040088105726874","6","7"
"8","5","3","30","30","111","11100000","111950","0.010085585585585586","8","10"
"10","5","3","30","30","20","2000000","86867","0.0434335","13","29"
"3","5","3","30","30","228","22800000","125266","0.005494122807017544","6","6"
"8","5","3","30","30","112","11200000","112264","0.010023571428571429","8","10"
"10","5","3","30","30","21","2100000","89322","0.04253428571428571","13","23"
"3","5","3","30","30","229","22900000","125552","0.005482620087336245","6","6"
"8","5","3","30","30","113","11300000","112558","0.009960884955752213","8","11"
"10","5","3","30","30","22","2200000","91217","0.04146227272727273","12","20"
"3","5","3","30","30","230","23000000","125830","0.005470869565217392","6","6"
"8","5","3","30","30","114","11400000","112795","0.009894298245614035","8","9"
"10","5","3","30","30","23","2300000","92963","0.04041869565217391","10","14"
"3","5","3","30","30","231","23100000","126114","0.005459480519480519","6","8"
"8","5","3","30","30","115","11500000","113039","0.009829478260869565","8","10"
"10","5","3","30","30","24","2400000","94438","0.039349166666666664","9","14"
"3","5","3","30","30","232","23200000","126405","0.005448491379310345","6","6"
"8","5","3","30","30","116","11600000","113269","0.009764568965517242","8","9"
"10","5","3","30","30","25","2500000","95826","0.0383304","10","14"
"3","5","3","30","30","233","23300000","126685","0.005437124463519313","6","7"
"8","5","3","30","30","117","11700000","113565","0.009706410256410256","8","9"
"10","5","3","30","30","26","2600000","97373","0.03745115384615385","10","17"
"3","5","3","30","30","234","23400000","127055","0.005429700854700854","6","6"
"8","5","3","30","30","118","11800000","113827","0.00964635593220339","8","9"
"10","5","3","30","30","27","2700000","98872","0.03661925925925926","10","14"
"8","5","3","30","30","119","11900000","114098","0.009588067226890757","8","9"
"3","5","3","30","30","235","23500000","127321","0.005417914893617021","6","6"
"8","5","3","30","30","120","12000000","114390","0.0095325","8","10"
"10","5","3","30","30","28","2800000","100288","0.03581714285714286","10","14"
"3","5","3","30","30","236","23600000","127628","0.005407966101694916","6","6"
"8","5","3","30","30","121","12100000","114670","0.009476859504132231","8","10"
"10","5","3","30","30","29","2900000","101664","0.03505655172413793","10","15"
"3","5","3","30","30","237","23700000","127937","0.005398185654008439","6","6"
"8","5","3","30","30","122","12200000","114976","0.009424262295081967","8","9"
"10","5","3","30","30","30","3000000","102804","0.034268","9","13"
"3","5","3","30","30","238","23800000","128291","0.0053903781512605045","6","6"
"8","5","3","30","30","123","12300000","115311","0.009374878048780488","8","9"
"10","5","3","30","30","31","3100000","103766","0.03347290322580645","9","11"
"3","5","3","30","30","239","23900000","128759","0.005387405857740586","6","8"
"8","5","3","30","30","124","12400000","115643","0.009326048387096775","8","9"
"10","5","3","30","30","32","3200000","104589","0.0326840625","9","16"
"3","5","3","30","30","240","24000000","129050","0.0053770833333333335","6","6"
"8","5","3","30","30","125","12500000","115966","0.00927728","8","10"
"10","5","3","30","30","33","3300000","105548","0.03198424242424242","8","11"
"3","5","3","30","30","241","24100000","129128","0.005358008298755186","6","6"
"8","5","3","30","30","126","12600000","116190","0.009221428571428571","8","10"
"10","5","3","30","30","34","3400000","106449","0.03130852941176471","9","16"
"3","5","3","30","30","242","24200000","129181","0.005338057851239669","6","6"
"8","5","3","30","30","127","12700000","116556","0.00917763779527559","8","10"
"10","5","3","30","30","35","3500000","107361","0.03067457142857143","8","13"
"3","5","3","30","30","243","24300000","129187","0.005316337448559671","5","5"
"11","5","3","30","30","0","0","0","0","125","890"
"8","5","3","30","30","128","12800000","116812","0.0091259375","8","9"
"10","5","3","30","30","36","3600000","108236","0.030065555555555557","8","9"
"11","5","3","30","30","1","100000","6924","0.06924","100","225"
"8","5","3","30","30","129","12900000","117018","0.009071162790697675","8","9"
"10","5","3","30","30","37","3700000","108936","0.029442162162162163","8","12"
"8","5","3","30","30","130","13000000","117344","0.009026461538461539","8","9"
"11","5","3","30","30","2","200000","12517","0.062585","70","127"
"10","5","3","30","30","38","3800000","109369","0.028781315789473683","9","11"
"8","5","3","30","30","131","13100000","117547","0.008973053435114503","8","9"
"11","5","3","30","30","3","300000","17503","0.05834333333333333","65","107"
"10","5","3","30","30","39","3900000","109546","0.028088717948717947","6","7"
"12","5","3","30","30","0","0","0","0","125","882"
"8","5","3","30","30","132","13200000","117767","0.008921742424242424","8","9"
"11","5","3","30","30","4","400000","22889","0.0572225","54","95"
"12","5","3","30","30","1","100000","7093","0.07093","94","221"
"8","5","3","30","30","133","13300000","117981","0.008870751879699249","8","9"
"11","5","3","30","30","5","500000","27702","0.055404","47","81"
"12","5","3","30","30","2","200000","13595","0.067975","73","151"
"8","5","3","30","30","134","13400000","118180","0.008819402985074627","8","9"
"11","5","3","30","30","6","600000","32099","0.053498333333333335","35","53"
"8","5","3","30","30","135","13500000","118482","0.008776444444444444","8","9"
"12","5","3","30","30","3","300000","20039","0.06679666666666667","62","117"
"11","5","3","30","30","7","700000","35714","0.05102","36","54"
"8","5","3","30","30","136","13600000","118788","0.008734411764705883","8","9"
"12","5","3","30","30","4","400000","25961","0.0649025","47","89"
"11","5","3","30","30","8","800000","38886","0.0486075","27","40"
"8","5","3","30","30","137","13700000","119063","0.008690729927007299","8","9"
"12","5","3","30","30","5","500000","31740","0.06348","34","61"
"11","5","3","30","30","9","900000","41977","0.04664111111111111","28","51"
"8","5","3","30","30","138","13800000","119347","0.008648333333333333","8","9"
"12","5","3","30","30","6","600000","36906","0.06151","35","72"
"11","5","3","30","30","10","1000000","44630","0.04463","28","40"
"8","5","3","30","30","139","13900000","119578","0.00860273381294964","8","9"
"12","5","3","30","30","7","700000","41810","0.05972857142857143","29","59"
"11","5","3","30","30","11","1100000","47432","0.04312","25","47"
"8","5","3","30","30","140","14000000","119761","0.008554357142857143","8","10"
"12","5","3","30","30","8","800000","46011","0.05751375","31","57"
"11","5","3","30","30","12","1200000","50386","0.041988333333333336","21","32"
"8","5","3","30","30","141","14100000","119986","0.008509645390070921","8","9"
"12","5","3","30","30","9","900000","50460","0.05606666666666667","27","50"
"8","5","3","30","30","142","14200000","120086","0.008456760563380282","7","8"
"13","5","3","30","30","0","0","0","0","125","882"
"11","5","3","30","30","13","1300000","53106","0.04085076923076923","23","41"
"12","5","3","30","30","10","1000000","54139","0.054139","26","44"
"11","5","3","30","30","14","1400000","55552","0.03968","18","30"
"13","5","3","30","30","1","100000","7484","0.07484","95","222"
"12","5","3","30","30","11","1100000","57794","0.05254","23","44"
"11","5","3","30","30","15","1500000","58340","0.038893333333333335","18","29"
"13","5","3","30","30","2","200000","13602","0.06801","66","125"
"12","5","3","30","30","12","1200000","61989","0.0516575","24","43"
"11","5","3","30","30","16","1600000","61024","0.03814","18","37"
"13","5","3","30","30","3","300000","19566","0.06522","58","106"
"12","5","3","30","30","13","1300000","65731","0.05056230769230769","18","37"
"11","5","3","30","30","17","1700000","64168","0.03774588235294118","18","34"
"13","5","3","30","30","4","400000","24765","0.0619125","45","76"
"12","5","3","30","30","14","1400000","69183","0.04941642857142857","16","38"
"11","5","3","30","30","18","1800000","67484","0.037491111111111114","17","34"
"13","5","3","30","30","5","500000","29557","0.059114","37","57"
"12","5","3","30","30","15","1500000","72171","0.048114","18","29"
"11","5","3","30","30","19","1900000","70535","0.037123684210526316","17","25"
"13","5","3","30","30","6","600000","33882","0.05647","26","36"
"12","5","3","30","30","16","1600000","74973","0.046858125","13","26"
"11","5","3","30","30","20","2000000","73387","0.0366935","16","28"
"13","5","3","30","30","7","700000","36636","0.05233714285714286","21","27"
"12","5","3","30","30","17","1700000","77710","0.045711764705882355","15","26"
"11","5","3","30","30","21","2100000","76152","0.036262857142857145","18","28"
"13","5","3","30","30","8","800000","39337","0.04917125","23","32"
"12","5","3","30","30","18","1800000","80366","0.04464777777777778","12","17"
"11","5","3","30","30","22","2200000","78821","0.035827727272727275","17","32"
"13","5","3","30","30","9","900000","42001","0.04666777777777778","22","30"
"12","5","3","30","30","19","1900000","82672","0.04351157894736842","14","27"
"11","5","3","30","30","23","2300000","81405","0.03539347826086957","16","20"
"13","5","3","30","30","10","1000000","44962","0.044962","20","31"
"12","5","3","30","30","20","2000000","84977","0.0424885","15","24"
"11","5","3","30","30","24","2400000","84119","0.035049583333333335","17","20"
"13","5","3","30","30","11","1100000","48044","0.04367636363636364","19","37"
"12","5","3","30","30","21","2100000","87408","0.04162285714285714","11","18"
"11","5","3","30","30","25","2500000","86910","0.034764","16","32"
"13","5","3","30","30","12","1200000","50966","0.042471666666666665","20","38"
"12","5","3","30","30","22","2200000","89812","0.04082363636363636","13","20"
"13","5","3","30","30","13","1300000","53655","0.041273076923076926","20","32"
"11","5","3","30","30","26","2600000","89764","0.03452461538461538","14","19"
"12","5","3","30","30","23","2300000","91773","0.039901304347826086","12","21"
"13","5","3","30","30","14","1400000","55944","0.03996","21","28"
"11","5","3","30","30","27","2700000","91973","0.03406407407407407","11","21"
"12","5","3","30","30","24","2400000","93869","0.03911208333333333","11","30"
"13","5","3","30","30","15","1500000","58630","0.039086666666666665","23","35"
"11","5","3","30","30","28","2800000","94409","0.0337175","12","22"
"12","5","3","30","30","25","2500000","95901","0.0383604","10","12"
"13","5","3","30","30","16","1600000","61227","0.038266875","21","40"
"11","5","3","30","30","29","2900000","96836","0.03339172413793103","12","15"
"12","5","3","30","30","26","2600000","97718","0.037583846153846155","8","17"
"13","5","3","30","30","17","1700000","63636","0.037432941176470585","18","27"
"11","5","3","30","30","30","3000000","99223","0.03307433333333333","12","14"
"12","5","3","30","30","27","2700000","99362","0.03680074074074074","14","25"
"13","5","3","30","30","18","1800000","65471","0.036372777777777775","16","27"
"11","5","3","30","30","31","3100000","101661","0.03279387096774194","11","19"
"12","5","3","30","30","28","2800000","100890","0.03603214285714286","10","14"
"13","5","3","30","30","19","1900000","67578","0.03556736842105263","17","26"
"11","5","3","30","30","32","3200000","104046","0.032514375","11","12"
"12","5","3","30","30","29","2900000","102067","0.03519551724137931","12","16"
"13","5","3","30","30","20","2000000","69576","0.034788","17","23"
"11","5","3","30","30","33","3300000","105944","0.032104242424242424","10","13"
"12","5","3","30","30","30","3000000","103291","0.034430333333333334","10","15"
"13","5","3","30","30","21","2100000","71614","0.034101904761904764","20","31"
"11","5","3","30","30","34","3400000","108271","0.031844411764705885","9","16"
"12","5","3","30","30","31","3100000","104667","0.033763548387096776","12","18"
"13","5","3","30","30","22","2200000","74029","0.03364954545454545","17","25"
"11","5","3","30","30","35","3500000","110207","0.031487714285714286","10","14"
"12","5","3","30","30","32","3200000","106426","0.033258125","13","23"
"13","5","3","30","30","23","2300000","75975","0.03303260869565217","17","23"
"11","5","3","30","30","36","3600000","111957","0.031099166666666667","10","11"
"12","5","3","30","30","33","3300000","107704","0.032637575757575754","13","16"
"13","5","3","30","30","24","2400000","77625","0.03234375","17","19"
"11","5","3","30","30","37","3700000","113586","0.03069891891891892","8","9"
"12","5","3","30","30","34","3400000","108757","0.031987352941176474","11","16"
"13","5","3","30","30","25","2500000","79672","0.0318688","19","25"
"11","5","3","30","30","38","3800000","115034","0.030272105263157895","8","10"
"12","5","3","30","30","35","3500000","109744","0.03135542857142857","9","15"
"13","5","3","30","30","26","2600000","81636","0.03139846153846154","15","22"
"11","5","3","30","30","39","3900000","116404","0.029847179487179486","8","11"
"12","5","3","30","30","36","3600000","110728","0.030757777777777776","11","15"
"13","5","3","30","30","27","2700000","83546","0.030942962962962964","17","29"
"11","5","3","30","30","40","4000000","117800","0.02945","8","11"
"12","5","3","30","30","37","3700000","111354","0.030095675675675674","12","16"
"13","5","3","30","30","28","2800000","84599","0.030213928571428572","13","16"
"11","5","3","30","30","41","4100000","119411","0.029124634146341463","7","9"
"12","5","3","30","30","38","3800000","111593","0.02936657894736842","7","8"
"13","5","3","30","30","29","2900000","85696","0.029550344827586207","12","12"
"11","5","3","30","30","42","4200000","120813","0.028765","7","7"
"12","5","3","30","30","39","3900000","112001","0.028718205128205127","7","7"
"13","5","3","30","30","30","3000000","86716","0.028905333333333335","12","13"
"12","5","3","30","30","40","4000000","112094","0.0280235","4","4"
"14","5","3","30","30","0","0","0","0","125","886"
"11","5","3","30","30","43","4300000","122030","0.02837906976744186","7","9"
"13","5","3","30","30","31","3100000","87464","0.028214193548387098","10","11"
"11","5","3","30","30","44","4400000","122995","0.02795340909090909","7","11"
"14","5","3","30","30","1","100000","7057","0.07057","103","212"
"13","5","3","30","30","32","3200000","88073","0.0275228125","10","10"
"11","5","3","30","30","45","4500000","123970","0.02754888888888889","6","6"
"14","5","3","30","30","2","200000","13290","0.06645","77","146"
"13","5","3","30","30","33","3300000","88811","0.02691242424242424","10","13"
"11","5","3","30","30","46","4600000","124660","0.0271","6","8"
"14","5","3","30","30","3","300000","19534","0.06511333333333333","63","128"
"13","5","3","30","30","34","3400000","89467","0.026313823529411765","10","10"
"11","5","3","30","30","47","4700000","125306","0.026660851063829788","6","7"
"14","5","3","30","30","4","400000","24468","0.06117","51","90"
"13","5","3","30","30","35","3500000","90065","0.025732857142857144","10","10"
"11","5","3","30","30","48","4800000","125692","0.026185833333333332","5","6"
"13","5","3","30","30","36","3600000","90658","0.025182777777777776","10","12"
"14","5","3","30","30","5","500000","29662","0.059324","49","89"
"11","5","3","30","30","49","4900000","126100","0.02573469387755102","5","6"
"13","5","3","30","30","37","3700000","91123","0.024627837837837837","9","9"
"14","5","3","30","30","6","600000","34522","0.057536666666666667","44","69"
"11","5","3","30","30","50","5000000","126548","0.0253096","5","7"
"13","5","3","30","30","38","3800000","91383","0.02404815789473684","9","9"
"14","5","3","30","30","7","700000","38629","0.055184285714285713","36","71"
"11","5","3","30","30","51","5100000","126825","0.02486764705882353","5","5"
"13","5","3","30","30","39","3900000","91730","0.02352051282051282","9","9"
"14","5","3","30","30","8","800000","42195","0.05274375","29","56"
"11","5","3","30","30","52","5200000","127051","0.024432884615384617","5","6"
"13","5","3","30","30","40","4000000","92168","0.023042","9","12"
"14","5","3","30","30","9","900000","45288","0.05032","22","35"
"11","5","3","30","30","53","5300000","127299","0.024018679245283017","5","6"
"13","5","3","30","30","41","4100000","92505","0.02256219512195122","9","11"
"14","5","3","30","30","10","1000000","47938","0.047938","22","38"
"11","5","3","30","30","54","5400000","127614","0.02363222222222222","5","6"
"13","5","3","30","30","42","4200000","92800","0.022095238095238095","9","10"
"14","5","3","30","30","11","1100000","50424","0.04584","21","33"
"11","5","3","30","30","55","5500000","127803","0.02323690909090909","4","4"
"15","5","3","30","30","0","0","0","0","125","882"
"13","5","3","30","30","43","4300000","93119","0.021655581395348837","9","10"
"14","5","3","30","30","12","1200000","52685","0.04390416666666667","21","31"
"15","5","3","30","30","1","100000","7291","0.07291","90","204"
"13","5","3","30","30","44","4400000","93436","0.021235454545454547","9","9"
"14","5","3","30","30","13","1300000","55024","0.04232615384615385","20","24"
"15","5","3","30","30","2","200000","13470","0.06735","74","162"
"13","5","3","30","30","45","4500000","93658","0.020812888888888888","8","9"
"14","5","3","30","30","14","1400000","57286","0.04091857142857143","21","29"
"15","5","3","30","30","3","300000","19105","0.06368333333333333","56","104"
"13","5","3","30","30","46","4600000","93823","0.020396304347826088","7","7"
"16","5","3","30","30","0","0","0","0","125","885"
"14","5","3","30","30","15","1500000","59506","0.03967066666666667","21","31"
"15","5","3","30","30","4","400000","24463","0.0611575","47","84"
"16","5","3","30","30","1","100000","6759","0.06759","94","207"
"14","5","3","30","30","16","1600000","61525","0.038453125","19","30"
"15","5","3","30","30","5","500000","28763","0.057526","36","73"
"16","5","3","30","30","2","200000","12954","0.06477","78","134"
"14","5","3","30","30","17","1700000","64036","0.03766823529411765","21","39"
"15","5","3","30","30","6","600000","33068","0.055113333333333334","29","52"
"16","5","3","30","30","3","300000","19006","0.06335333333333333","67","112"
"14","5","3","30","30","18","1800000","66201","0.036778333333333336","20","28"
"15","5","3","30","30","7","700000","37572","0.053674285714285716","29","58"
"16","5","3","30","30","4","400000","24886","0.062215","45","90"
"14","5","3","30","30","19","1900000","68611","0.036111052631578947","18","28"
"15","5","3","30","30","8","800000","41698","0.0521225","30","44"
"16","5","3","30","30","5","500000","30134","0.060268","41","79"
"14","5","3","30","30","20","2000000","70761","0.0353805","19","31"
"15","5","3","30","30","9","900000","45665","0.05073888888888889","27","45"
"16","5","3","30","30","6","600000","35315","0.05885833333333333","33","67"
"14","5","3","30","30","21","2100000","72915","0.03472142857142857","16","20"
"15","5","3","30","30","10","1000000","49076","0.049076","22","42"
"16","5","3","30","30","7","700000","40912","0.05844571428571429","36","73"
"14","5","3","30","30","22","2200000","74874","0.03403363636363636","15","20"
"15","5","3","30","30","11","1100000","52182","0.04743818181818182","18","29"
"16","5","3","30","30","8","800000","46069","0.05758625","34","62"
"14","5","3","30","30","23","2300000","76796","0.0333895652173913","15","19"
"15","5","3","30","30","12","1200000","55239","0.0460325","19","36"
"14","5","3","30","30","24","2400000","78542","0.032725833333333336","15","19"
"16","5","3","30","30","9","900000","50614","0.056237777777777775","27","54"
"15","5","3","30","30","13","1300000","58401","0.044923846153846154","20","40"
"14","5","3","30","30","25","2500000","80137","0.0320548","15","19"
"16","5","3","30","30","10","1000000","54192","0.054192","20","28"
"15","5","3","30","30","14","1400000","61820","0.04415714285714286","18","36"
"14","5","3","30","30","26","2600000","81654","0.03140538461538461","14","21"
"16","5","3","30","30","11","1100000","57446","0.05222363636363636","17","34"
"15","5","3","30","30","15","1500000","65029","0.043352666666666664","18","30"
"14","5","3","30","30","27","2700000","83022","0.030748888888888888","15","18"
"16","5","3","30","30","12","1200000","60618","0.050515","14","22"
"15","5","3","30","30","16","1600000","68182","0.04261375","20","34"
"14","5","3","30","30","28","2800000","84358","0.030127857142857144","13","15"
"16","5","3","30","30","13","1300000","63676","0.04898153846153846","14","27"
"15","5","3","30","30","17","1700000","71734","0.042196470588235294","19","35"
"14","5","3","30","30","29","2900000","85762","0.02957310344827586","14","20"
"16","5","3","30","30","14","1400000","66611","0.04757928571428571","14","24"
"14","5","3","30","30","30","3000000","87196","0.029065333333333332","16","25"
"15","5","3","30","30","18","1800000","75160","0.04175555555555555","19","38"
"16","5","3","30","30","15","1500000","69139","0.046092666666666664","13","18"
"14","5","3","30","30","31","3100000","88073","0.028410645161290323","11","12"
"15","5","3","30","30","19","1900000","78531","0.04133210526315789","18","34"
"16","5","3","30","30","16","1600000","71640","0.044775","15","25"
"14","5","3","30","30","32","3200000","88894","0.027779375","12","15"
"15","5","3","30","30","20","2000000","81735","0.0408675","16","22"
"16","5","3","30","30","17","1700000","74215","0.043655882352941176","14","27"
"14","5","3","30","30","33","3300000","89532","0.02713090909090909","9","10"
"16","5","3","30","30","18","1800000","76856","0.04269777777777778","13","22"
"15","5","3","30","30","21","2100000","84718","0.04034190476190476","16","29"
"14","5","3","30","30","34","3400000","90107","0.026502058823529413","9","10"
"16","5","3","30","30","19","1900000","79607","0.04189842105263158","16","23"
"15","5","3","30","30","22","2200000","87838","0.039926363636363635","14","20"
"14","5","3","30","30","35","3500000","90774","0.02593542857142857","9","12"
"16","5","3","30","30","20","2000000","82181","0.0410905","12","18"
"15","5","3","30","30","23","2300000","91010","0.03956956521739131","16","25"
"14","5","3","30","30","36","3600000","91408","0.02539111111111111","9","13"
"16","5","3","30","30","21","2100000","84428","0.040203809523809524","13","20"
"15","5","3","30","30","24","2400000","93962","0.039150833333333336","15","21"
"14","5","3","30","30","37","3700000","92014","0.02486864864864865","9","10"
"16","5","3","30","30","22","2200000","86859","0.039481363636363634","12","16"
"15","5","3","30","30","25","2500000","96871","0.0387484","16","26"
"14","5","3","30","30","38","3800000","92634","0.02437736842105263","9","11"
"16","5","3","30","30","23","2300000","89095","0.03873695652173913","12","15"
"15","5","3","30","30","26","2600000","99974","0.03845153846153846","16","24"
"14","5","3","30","30","39","3900000","93296","0.02392205128205128","9","10"
"16","5","3","30","30","24","2400000","91111","0.037962916666666666","9","12"
"15","5","3","30","30","27","2700000","102844","0.03809037037037037","14","29"
"14","5","3","30","30","40","4000000","93997","0.02349925","9","10"
"16","5","3","30","30","25","2500000","93279","0.0373116","8","14"
"15","5","3","30","30","28","2800000","105675","0.03774107142857143","14","25"
"14","5","3","30","30","41","4100000","94377","0.02301878048780488","9","11"
"16","5","3","30","30","26","2600000","95150","0.03659615384615385","9","14"
"15","5","3","30","30","29","2900000","108983","0.03758034482758621","14","24"
"14","5","3","30","30","42","4200000","94867","0.022587380952380953","9","11"
"16","5","3","30","30","27","2700000","96769","0.03584037037037037","7","10"
"15","5","3","30","30","30","3000000","112616","0.037538666666666665","14","26"
"14","5","3","30","30","43","4300000","95350","0.022174418604651164","9","12"
"16","5","3","30","30","28","2800000","98389","0.03513892857142857","8","13"
"15","5","3","30","30","31","3100000","115506","0.03726","15","24"
"14","5","3","30","30","44","4400000","95850","0.02178409090909091","9","10"
"16","5","3","30","30","29","2900000","99824","0.03442206896551724","8","11"
"15","5","3","30","30","32","3200000","117966","0.036864375","12","15"
"14","5","3","30","30","45","4500000","96336","0.021408","9","13"
"16","5","3","30","30","30","3000000","101153","0.03371766666666667","7","8"
"14","5","3","30","30","46","4600000","96732","0.021028695652173912","9","10"
"15","5","3","30","30","33","3300000","120153","0.03641","11","13"
"16","5","3","30","30","31","3100000","102153","0.03295258064516129","5","5"
"14","5","3","30","30","47","4700000","97053","0.020649574468085106","9","11"
"15","5","3","30","30","34","3400000","122225","0.035948529411764706","11","14"
"16","5","3","30","30","32","3200000","102970","0.032178125","5","6"
"14","5","3","30","30","48","4800000","97509","0.020314375","9","10"
"15","5","3","30","30","35","3500000","124355","0.03553","11","14"
"16","5","3","30","30","33","3300000","103783","0.03144939393939394","5","5"
"14","5","3","30","30","49","4900000","97924","0.019984489795918367","9","12"
"15","5","3","30","30","36","3600000","126452","0.035125555555555556","10","15"
"16","5","3","30","30","34","3400000","104661","0.03078264705882353","5","5"
"14","5","3","30","30","50","5000000","98323","0.0196646","9","10"
"15","5","3","30","30","37","3700000","128425","0.03470945945945946","10","15"
"16","5","3","30","30","35","3500000","105586","0.03016742857142857","5","7"
"14","5","3","30","30","51","5100000","98655","0.019344117647058824","9","11"
"15","5","3","30","30","38","3800000","130307","0.034291315789473684","11","14"
"16","5","3","30","30","36","3600000","106407","0.0295575","5","6"
"14","5","3","30","30","52","5200000","99094","0.01905653846153846","9","10"
"15","5","3","30","30","39","3900000","132132","0.03388","11","13"
"16","5","3","30","30","37","3700000","107196","0.028971891891891893","5","5"
"14","5","3","30","30","53","5300000","99522","0.018777735849056603","9","10"
"15","5","3","30","30","40","4000000","133713","0.03342825","10","17"
"16","5","3","30","30","38","3800000","108036","0.028430526315789472","5","8"
"14","5","3","30","30","54","5400000","99921","0.01850388888888889","9","11"
"15","5","3","30","30","41","4100000","135151","0.032963658536585366","10","13"
"16","5","3","30","30","39","3900000","108962","0.02793897435897436","5","6"
"14","5","3","30","30","55","5500000","100307","0.018237636363636362","9","11"
"15","5","3","30","30","42","4200000","136370","0.03246904761904762","9","11"
"16","5","3","30","30","40","4000000","109751","0.02743775","5","9"
"14","5","3","30","30","56","5600000","100713","0.017984464285714284","9","10"
"15","5","3","30","30","43","4300000","137558","0.031990232558139535","9","9"
"16","5","3","30","30","41","4100000","110539","0.026960731707317075","5","6"
"14","5","3","30","30","57","5700000","101089","0.017734912280701755","9","10"
"15","5","3","30","30","44","4400000","138229","0.031415681818181815","7","7"
"16","5","3","30","30","42","4200000","111297","0.026499285714285715","5","8"
"14","5","3","30","30","58","5800000","101542","0.017507241379310343","9","12"
"15","5","3","30","30","45","4500000","138464","0.030769777777777778","7","7"
"16","5","3","30","30","43","4300000","112211","0.026095581395348837","5","6"
"14","5","3","30","30","59","5900000","101894","0.017270169491525423","9","10"
"15","5","3","30","30","46","4600000","138625","0.030135869565217393","7","7"
"16","5","3","30","30","44","4400000","113086","0.025701363636363637","5","5"
"14","5","3","30","30","60","6000000","102204","0.017034","9","11"
"15","5","3","30","30","47","4700000","138786","0.029528936170212766","7","7"
"16","5","3","30","30","45","4500000","113888","0.025308444444444446","5","5"
"14","5","3","30","30","61","6100000","102497","0.0168027868852459","9","11"
"15","5","3","30","30","48","4800000","138812","0.028919166666666666","6","6"
"17","5","3","30","30","0","0","0","0","125","888"
"14","5","3","30","30","62","6200000","102740","0.016570967741935484","9","11"
"16","5","3","30","30","46","4600000","114729","0.024941086956521738","5","6"
"14","5","3","30","30","63","6300000","103043","0.016356031746031747","9","14"
"16","5","3","30","30","47","4700000","115651","0.02460659574468085","5","8"
"17","5","3","30","30","1","100000","7238","0.07238","98","194"
"14","5","3","30","30","64","6400000","103117","0.01611203125","8","9"
"18","5","3","30","30","0","0","0","0","125","886"
"16","5","3","30","30","48","4800000","116530","0.024277083333333335","5","6"
"17","5","3","30","30","2","200000","13263","0.066315","71","127"
"16","5","3","30","30","49","4900000","117501","0.023979795918367346","5","8"
"18","5","3","30","30","1","100000","7597","0.07597","99","220"
"17","5","3","30","30","3","300000","18780","0.0626","52","102"
"16","5","3","30","30","50","5000000","118449","0.0236898","5","9"
"17","5","3","30","30","4","400000","22961","0.0574025","39","78"
"18","5","3","30","30","2","200000","14047","0.070235","73","143"
"16","5","3","30","30","51","5100000","119225","0.023377450980392157","5","6"
"17","5","3","30","30","5","500000","26742","0.053484","38","68"
"18","5","3","30","30","3","300000","20215","0.06738333333333334","58","100"
"16","5","3","30","30","52","5200000","120046","0.02308576923076923","5","5"
"17","5","3","30","30","6","600000","31047","0.051745","40","58"
"18","5","3","30","30","4","400000","25945","0.0648625","49","101"
"16","5","3","30","30","53","5300000","120950","0.022820754716981133","5","7"
"17","5","3","30","30","7","700000","35152","0.050217142857142856","33","57"
"18","5","3","30","30","5","500000","31087","0.062174","42","78"
"16","5","3","30","30","54","5400000","121798","0.022555185185185185","5","8"
"17","5","3","30","30","8","800000","38554","0.0481925","25","39"
"18","5","3","30","30","6","600000","35963","0.059938333333333337","36","69"
"16","5","3","30","30","55","5500000","122709","0.022310727272727274","5","6"
"17","5","3","30","30","9","900000","41589","0.04621","29","46"
"18","5","3","30","30","7","700000","40307","0.05758142857142857","20","43"
"16","5","3","30","30","56","5600000","123488","0.022051428571428573","5","8"
"17","5","3","30","30","10","1000000","44472","0.044472","23","36"
"18","5","3","30","30","8","800000","43472","0.05434","14","28"
"16","5","3","30","30","57","5700000","124271","0.021801929824561403","5","8"
"17","5","3","30","30","11","1100000","46669","0.04242636363636364","17","27"
"18","5","3","30","30","9","900000","45972","0.05108","14","27"
"16","5","3","30","30","58","5800000","124957","0.021544310344827587","5","5"
"17","5","3","30","30","12","1200000","48401","0.040334166666666664","14","19"
"18","5","3","30","30","10","1000000","48379","0.048379","13","22"
"16","5","3","30","30","59","5900000","125692","0.02130372881355932","5","7"
"17","5","3","30","30","13","1300000","50080","0.038523076923076924","14","22"
"18","5","3","30","30","11","1100000","50945","0.04631363636363636","15","34"
"16","5","3","30","30","60","6000000","126488","0.021081333333333334","5","7"
"17","5","3","30","30","14","1400000","51700","0.03692857142857143","12","18"
"18","5","3","30","30","12","1200000","54164","0.045136666666666665","17","40"
"16","5","3","30","30","61","6100000","127589","0.020916229508196722","5","10"
"17","5","3","30","30","15","1500000","53022","0.035348","12","17"
"18","5","3","30","30","13","1300000","57125","0.04394230769230769","16","34"
"16","5","3","30","30","62","6200000","128437","0.020715645161290323","5","8"
"17","5","3","30","30","16","1600000","54320","0.03395","12","15"
"16","5","3","30","30","63","6300000","129293","0.020522698412698413","5","6"
"18","5","3","30","30","14","1400000","60302","0.04307285714285714","16","26"
"17","5","3","30","30","17","1700000","55492","0.03264235294117647","12","16"
"16","5","3","30","30","64","6400000","130036","0.020318125","5","8"
"18","5","3","30","30","15","1500000","63558","0.042372","14","25"
"17","5","3","30","30","18","1800000","56556","0.03142","12","14"
"16","5","3","30","30","65","6500000","130697","0.02010723076923077","5","6"
"18","5","3","30","30","16","1600000","66763","0.041726875","16","34"
"17","5","3","30","30","19","1900000","57358","0.03018842105263158","11","14"
"16","5","3","30","30","66","6600000","131165","0.01987348484848485","5","7"
"18","5","3","30","30","17","1700000","69730","0.04101764705882353","13","25"
"17","5","3","30","30","20","2000000","58147","0.0290735","11","13"
"16","5","3","30","30","67","6700000","131636","0.019647164179104476","5","6"
"18","5","3","30","30","18","1800000","72184","0.04010222222222222","12","22"
"17","5","3","30","30","21","2100000","58889","0.028042380952380954","11","13"
"16","5","3","30","30","68","6800000","132029","0.019416029411764707","5","7"
"18","5","3","30","30","19","1900000","74646","0.03928736842105263","12","20"
"17","5","3","30","30","22","2200000","59425","0.027011363636363635","11","12"
"16","5","3","30","30","69","6900000","132459","0.01919695652173913","5","5"
"18","5","3","30","30","20","2000000","77385","0.0386925","14","29"
"17","5","3","30","30","23","2300000","59894","0.02604086956521739","11","11"
"16","5","3","30","30","70","7000000","132741","0.018963","5","6"
"18","5","3","30","30","21","2100000","80180","0.03818095238095238","13","26"
"17","5","3","30","30","24","2400000","60178","0.025074166666666668","10","10"
"16","5","3","30","30","71","7100000","132744","0.018696338028169016","4","4"
"19","5","3","30","30","0","0","0","0","125","889"
"18","5","3","30","30","22","2200000","82549","0.03752227272727273","13","19"
"17","5","3","30","30","25","2500000","60439","0.0241756","10","10"
"19","5","3","30","30","1","100000","7334","0.07334","106","238"
"18","5","3","30","30","23","2300000","85224","0.037053913043478263","13","25"
"17","5","3","30","30","26","2600000","60715","0.023351923076923076","10","10"
"19","5","3","30","30","2","200000","13950","0.06975","80","154"
"18","5","3","30","30","24","2400000","87892","0.036621666666666663","14","26"
"17","5","3","30","30","27","2700000","61032","0.022604444444444444","10","11"
"19","5","3","30","30","3","300000","19727","0.06575666666666667","65","120"
"18","5","3","30","30","25","2500000","90472","0.0361888","12","20"
"17","5","3","30","30","28","2800000","61263","0.021879642857142858","10","10"
"19","5","3","30","30","4","400000","24922","0.062305","53","94"
"18","5","3","30","30","26","2600000","93026","0.03577923076923077","9","13"
"17","5","3","30","30","29","2900000","61478","0.021199310344827586","10","10"
"19","5","3","30","30","5","500000","29539","0.059078","46","77"
"18","5","3","30","30","27","2700000","95105","0.035224074074074074","8","11"
"17","5","3","30","30","30","3000000","61718","0.020572666666666666","10","10"
"19","5","3","30","30","6","600000","33412","0.05568666666666667","34","54"
"18","5","3","30","30","28","2800000","97215","0.03471964285714286","7","10"
"17","5","3","30","30","31","3100000","61975","0.019991935483870966","10","10"
"19","5","3","30","30","7","700000","36921","0.052744285714285716","32","59"
"18","5","3","30","30","29","2900000","99361","0.03426241379310345","10","12"
"17","5","3","30","30","32","3200000","62310","0.019471875","10","11"
"19","5","3","30","30","8","800000","40174","0.0502175","30","56"
"18","5","3","30","30","30","3000000","101350","0.03378333333333333","9","14"
"17","5","3","30","30","33","3300000","62501","0.01893969696969697","10","10"
"19","5","3","30","30","9","900000","43776","0.04864","27","53"
"18","5","3","30","30","31","3100000","103316","0.03332774193548387","7","14"
"17","5","3","30","30","34","3400000","62742","0.018453529411764705","10","10"
"19","5","3","30","30","10","1000000","47566","0.047566","28","46"
"18","5","3","30","30","32","3200000","105331","0.0329159375","9","13"
"17","5","3","30","30","35","3500000","63056","0.018016","10","10"
"19","5","3","30","30","11","1100000","50635","0.04603181818181818","27","42"
"18","5","3","30","30","33","3300000","107512","0.03257939393939394","7","10"
"17","5","3","30","30","36","3600000","63303","0.017584166666666668","10","10"
"19","5","3","30","30","12","1200000","53604","0.04467","23","29"
"17","5","3","30","30","37","3700000","63502","0.017162702702702703","10","10"
"18","5","3","30","30","34","3400000","109626","0.032242941176470585","7","12"
"19","5","3","30","30","13","1300000","56460","0.04343076923076923","24","36"
"17","5","3","30","30","38","3800000","63696","0.016762105263157894","10","10"
"18","5","3","30","30","35","3500000","111755","0.03193","8","13"
"19","5","3","30","30","14","1400000","59216","0.04229714285714286","22","31"
"17","5","3","30","30","39","3900000","63940","0.016394871794871795","10","12"
"18","5","3","30","30","36","3600000","113955","0.031654166666666664","8","19"
"17","5","3","30","30","40","4000000","64250","0.0160625","10","12"
"19","5","3","30","30","15","1500000","61830","0.04122","21","30"
"18","5","3","30","30","37","3700000","115951","0.03133810810810811","9","15"
"17","5","3","30","30","41","4100000","64529","0.015738780487804877","10","11"
"18","5","3","30","30","38","3800000","117589","0.030944473684210525","6","8"
"19","5","3","30","30","16","1600000","64650","0.04040625","20","35"
"17","5","3","30","30","42","4200000","64720","0.015409523809523809","10","10"
"18","5","3","30","30","39","3900000","119727","0.03069923076923077","7","15"
"19","5","3","30","30","17","1700000","67430","0.03966470588235294","17","22"
"17","5","3","30","30","43","4300000","64907","0.015094651162790698","10","10"
"18","5","3","30","30","40","4000000","121539","0.03038475","9","20"
"19","5","3","30","30","18","1800000","69601","0.03866722222222222","18","27"
"17","5","3","30","30","44","4400000","65146","0.01480590909090909","10","12"
"18","5","3","30","30","41","4100000","123378","0.03009219512195122","8","13"
"19","5","3","30","30","19","1900000","71910","0.03784736842105263","15","26"
"17","5","3","30","30","45","4500000","65398","0.014532888888888889","10","14"
"18","5","3","30","30","42","4200000","125456","0.02987047619047619","7","13"
"19","5","3","30","30","20","2000000","73788","0.036894","15","23"
"17","5","3","30","30","46","4600000","65618","0.014264782608695651","10","12"
"18","5","3","30","30","43","4300000","127417","0.02963186046511628","8","17"
"19","5","3","30","30","21","2100000","75575","0.035988095238095236","14","19"
"17","5","3","30","30","47","4700000","65857","0.014012127659574469","10","10"
"18","5","3","30","30","44","4400000","129361","0.029400227272727272","10","15"
"19","5","3","30","30","22","2200000","77448","0.03520363636363636","15","23"
"17","5","3","30","30","48","4800000","66091","0.013768958333333333","10","11"
"18","5","3","30","30","45","4500000","131241","0.029164666666666665","10","16"
"19","5","3","30","30","23","2300000","79375","0.03451086956521739","14","27"
"17","5","3","30","30","49","4900000","66341","0.013538979591836735","10","10"
"18","5","3","30","30","46","4600000","133911","0.029111086956521738","9","21"
"19","5","3","30","30","24","2400000","81463","0.03394291666666667","14","27"
"17","5","3","30","30","50","5000000","66594","0.0133188","10","10"
"18","5","3","30","30","47","4700000","136362","0.0290131914893617","9","26"
"19","5","3","30","30","25","2500000","83922","0.0335688","12","16"
"17","5","3","30","30","51","5100000","66831","0.013104117647058823","10","11"
"18","5","3","30","30","48","4800000","138519","0.028858125","8","14"
"19","5","3","30","30","26","2600000","86317","0.033198846153846155","13","24"
"17","5","3","30","30","52","5200000","67062","0.012896538461538461","10","12"
"18","5","3","30","30","49","4900000","140178","0.028607755102040815","7","14"
"19","5","3","30","30","27","2700000","88656","0.032835555555555555","12","22"
"17","5","3","30","30","53","5300000","67336","0.012704905660377358","10","10"
"18","5","3","30","30","50","5000000","141962","0.0283924","7","11"
"19","5","3","30","30","28","2800000","91076","0.03252714285714286","14","20"
"17","5","3","30","30","54","5400000","67387","0.012479074074074075","9","9"
"20","5","3","30","30","0","0","0","0","125","885"
"18","5","3","30","30","51","5100000","143759","0.028188039215686276","7","12"
"19","5","3","30","30","29","2900000","93682","0.03230413793103448","10","19"
"20","5","3","30","30","1","100000","7029","0.07029","96","214"
"18","5","3","30","30","52","5200000","146017","0.028080192307692306","8","14"
"19","5","3","30","30","30","3000000","96492","0.032164","10","17"
"20","5","3","30","30","2","200000","12656","0.06328","65","111"
"18","5","3","30","30","53","5300000","148002","0.027924905660377357","7","14"
"19","5","3","30","30","31","3100000","98993","0.03193322580645161","10","20"
"20","5","3","30","30","3","300000","17016","0.05672","46","80"
"18","5","3","30","30","54","5400000","149948","0.02776814814814815","8","15"
"19","5","3","30","30","32","3200000","101281","0.0316503125","10","16"
"18","5","3","30","30","55","5500000","151746","0.02759018181818182","7","13"
"20","5","3","30","30","4","400000","20565","0.0514125","37","67"
"19","5","3","30","30","33","3300000","103303","0.03130393939393939","10","13"
"18","5","3","30","30","56","5600000","153626","0.027433214285714286","7","17"
"20","5","3","30","30","5","500000","23729","0.047458","33","50"
"19","5","3","30","30","34","3400000","104983","0.03087735294117647","9","11"
"18","5","3","30","30","57","5700000","155631","0.027303684210526317","7","15"
"20","5","3","30","30","6","600000","26882","0.044803333333333334","32","51"
"19","5","3","30","30","35","3500000","106616","0.030461714285714286","9","11"
"18","5","3","30","30","58","5800000","157322","0.02712448275862069","8","18"
"20","5","3","30","30","7","700000","30107","0.04301","33","45"
"19","5","3","30","30","36","3600000","108121","0.03003361111111111","9","12"
"18","5","3","30","30","59","5900000","158951","0.026940847457627117","9","17"
"20","5","3","30","30","8","800000","32802","0.0410025","27","42"
"19","5","3","30","30","37","3700000","109488","0.029591351351351353","8","10"
"18","5","3","30","30","60","6000000","160825","0.026804166666666667","10","17"
"20","5","3","30","30","9","900000","35501","0.03944555555555555","28","41"
"19","5","3","30","30","38","3800000","110820","0.029163157894736842","9","17"
"18","5","3","30","30","61","6100000","162982","0.026718360655737704","10","16"
"20","5","3","30","30","10","1000000","38452","0.038452","24","42"
"19","5","3","30","30","39","3900000","111772","0.02865948717948718","5","6"
"18","5","3","30","30","62","6200000","164857","0.02658983870967742","8","10"
"20","5","3","30","30","11","1100000","41233","0.03748454545454546","24","41"
"19","5","3","30","30","40","4000000","112519","0.02812975","5","6"
"18","5","3","30","30","63","6300000","166606","0.026445396825396827","8","11"
"20","5","3","30","30","12","1200000","43626","0.036355","18","26"
"19","5","3","30","30","41","4100000","113394","0.027657073170731707","5","8"
"18","5","3","30","30","64","6400000","168589","0.02634203125","9","17"
"20","5","3","30","30","13","1300000","45947","0.035343846153846156","18","25"
"19","5","3","30","30","42","4200000","114369","0.027230714285714285","5","6"
"18","5","3","30","30","65","6500000","170455","0.026223846153846153","7","12"
"20","5","3","30","30","14","1400000","48179","0.034413571428571425","17","23"
"19","5","3","30","30","43","4300000","115019","0.02674860465116279","5","6"
"18","5","3","30","30","66","6600000","171999","0.026060454545454546","7","15"
"20","5","3","30","30","15","1500000","50337","0.033558","18","25"
"19","5","3","30","30","44","4400000","115471","0.02624340909090909","5","6"
"18","5","3","30","30","67","6700000","173810","0.02594179104477612","7","15"
"20","5","3","30","30","16","1600000","52541","0.032838125","16","23"
"19","5","3","30","30","45","4500000","115657","0.025701555555555554","4","4"
"21","5","3","30","30","0","0","0","0","125","888"
"18","5","3","30","30","68","6800000","175467","0.025803970588235293","8","14"
"20","5","3","30","30","17","1700000","54576","0.032103529411764704","15","18"
"21","5","3","30","30","1","100000","7429","0.07429","95","203"
"18","5","3","30","30","69","6900000","177256","0.02568927536231884","7","14"
"20","5","3","30","30","18","1800000","56364","0.03131333333333333","14","18"
"21","5","3","30","30","2","200000","13476","0.06738","64","123"
"18","5","3","30","30","70","7000000","179232","0.025604571428571428","7","16"
"20","5","3","30","30","19","1900000","58271","0.030668947368421053","15","19"
"21","5","3","30","30","3","300000","18759","0.06253","53","90"
"18","5","3","30","30","71","7100000","181387","0.025547464788732394","8","14"
"20","5","3","30","30","20","2000000","60324","0.030162","15","19"
"21","5","3","30","30","4","400000","23197","0.0579925","43","74"
"18","5","3","30","30","72","7200000","183410","0.02547361111111111","8","14"
"20","5","3","30","30","21","2100000","62124","0.029582857142857143","15","17"
"18","5","3","30","30","73","7300000","185474","0.025407397260273974","8","13"
"21","5","3","30","30","5","500000","27615","0.05523","39","83"
"20","5","3","30","30","22","2200000","64113","0.02914227272727273","15","21"
"18","5","3","30","30","74","7400000","187843","0.02538418918918919","12","20"
"21","5","3","30","30","6","600000","31787","0.052978333333333336","37","69"
"20","5","3","30","30","23","2300000","65987","0.02869","15","24"
"18","5","3","30","30","75","7500000","190227","0.0253636","9","17"
"21","5","3","30","30","7","700000","35191","0.05027285714285714","28","51"
"20","5","3","30","30","24","2400000","67775","0.028239583333333332","15","19"
"18","5","3","30","30","76","7600000","192484","0.025326842105263158","9","19"
"21","5","3","30","30","8","800000","38783","0.04847875","27","53"
"20","5","3","30","30","25","2500000","69566","0.0278264","15","19"
"18","5","3","30","30","77","7700000","194576","0.02526961038961039","8","15"
"21","5","3","30","30","9","900000","41915","0.04657222222222222","25","40"
"20","5","3","30","30","26","2600000","71538","0.027514615384615384","15","19"
"18","5","3","30","30","78","7800000","196763","0.02522602564102564","10","22"
"21","5","3","30","30","10","1000000","44498","0.044498","25","41"
"20","5","3","30","30","27","2700000","73346","0.027165185185185185","15","19"
"18","5","3","30","30","79","7900000","199240","0.025220253164556963","10","14"
"21","5","3","30","30","11","1100000","46742","0.04249272727272727","20","33"
"20","5","3","30","30","28","2800000","75165","0.02684464285714286","15","22"
"21","5","3","30","30","12","1200000","48712","0.040593333333333335","19","30"
"18","5","3","30","30","80","8000000","201366","0.02517075","9","21"
"20","5","3","30","30","29","2900000","77353","0.026673448275862068","15","25"
"21","5","3","30","30","13","1300000","50230","0.03863846153846154","19","28"
"18","5","3","30","30","81","8100000","203159","0.025081358024691358","7","12"
"20","5","3","30","30","30","3000000","79170","0.02639","15","19"
"21","5","3","30","30","14","1400000","51469","0.03676357142857143","18","26"
"18","5","3","30","30","82","8200000","204986","0.024998292682926828","7","13"
"20","5","3","30","30","31","3100000","80735","0.026043548387096774","15","19"
"21","5","3","30","30","15","1500000","52866","0.035244","21","32"
"18","5","3","30","30","83","8300000","206841","0.024920602409638556","7","11"
"20","5","3","30","30","32","3200000","82415","0.0257546875","15","21"
"21","5","3","30","30","16","1600000","54917","0.034323125","22","36"
"18","5","3","30","30","84","8400000","208871","0.02486559523809524","7","14"
"20","5","3","30","30","33","3300000","84028","0.025463030303030303","14","21"
"21","5","3","30","30","17","1700000","57114","0.0335964705882353","20","28"
"18","5","3","30","30","85","8500000","210750","0.024794117647058824","6","12"
"20","5","3","30","30","34","3400000","85597","0.025175588235294116","15","20"
"21","5","3","30","30","18","1800000","58786","0.03265888888888889","18","27"
"18","5","3","30","30","86","8600000","212649","0.024726627906976745","9","20"
"20","5","3","30","30","35","3500000","86919","0.024834","15","20"
"21","5","3","30","30","19","1900000","60454","0.03181789473684211","17","25"
"18","5","3","30","30","87","8700000","214198","0.02462045977011494","7","16"
"20","5","3","30","30","36","3600000","88197","0.024499166666666666","14","16"
"21","5","3","30","30","20","2000000","61837","0.0309185","17","28"
"18","5","3","30","30","88","8800000","215747","0.024516704545454546","6","9"
"20","5","3","30","30","37","3700000","89573","0.02420891891891892","14","16"
"21","5","3","30","30","21","2100000","63730","0.030347619047619047","15","24"
"18","5","3","30","30","89","8900000","217011","0.024383258426966294","5","6"
"20","5","3","30","30","38","3800000","90862","0.023911052631578947","15","18"
"21","5","3","30","30","22","2200000","65749","0.02988590909090909","14","25"
"18","5","3","30","30","90","9000000","218467","0.02427411111111111","6","8"
"20","5","3","30","30","39","3900000","92220","0.023646153846153845","15","25"
"21","5","3","30","30","23","2300000","67687","0.029429130434782607","14","22"
"18","5","3","30","30","91","9100000","220076","0.024184175824175824","6","15"
"20","5","3","30","30","40","4000000","93503","0.02337575","14","20"
"21","5","3","30","30","24","2400000","69513","0.02896375","14","18"
"18","5","3","30","30","92","9200000","221773","0.02410576086956522","7","14"
"20","5","3","30","30","41","4100000","94694","0.02309609756097561","15","22"
"21","5","3","30","30","25","2500000","71074","0.0284296","13","16"
"18","5","3","30","30","93","9300000","223258","0.024006236559139783","6","15"
"20","5","3","30","30","42","4200000","96126","0.022887142857142856","14","17"
"21","5","3","30","30","26","2600000","72660","0.027946153846153846","13","19"
"18","5","3","30","30","94","9400000","225028","0.02393914893617021","7","18"
"20","5","3","30","30","43","4300000","97530","0.02268139534883721","14","20"
"21","5","3","30","30","27","2700000","74163","0.02746777777777778","13","18"
"18","5","3","30","30","95","9500000","227132","0.02390863157894737","6","15"
"20","5","3","30","30","44","4400000","98968","0.022492727272727272","13","16"
"21","5","3","30","30","28","2800000","75519","0.026971071428571428","14","20"
"18","5","3","30","30","96","9600000","228884","0.023842083333333333","6","10"
"20","5","3","30","30","45","4500000","100254","0.022278666666666665","13","13"
"21","5","3","30","30","29","2900000","77032","0.026562758620689655","13","18"
"18","5","3","30","30","97","9700000","230688","0.023782268041237113","6","13"
"20","5","3","30","30","46","4600000","101601","0.02208717391304348","13","14"
"18","5","3","30","30","98","9800000","232461","0.023720510204081634","6","13"
"21","5","3","30","30","30","3000000","78465","0.026155","11","16"
"20","5","3","30","30","47","4700000","102811","0.02187468085106383","14","16"
"18","5","3","30","30","99","9900000","233941","0.023630404040404042","6","15"
"21","5","3","30","30","31","3100000","79640","0.025690322580645162","11","15"
"20","5","3","30","30","48","4800000","104034","0.02167375","13","21"
"18","5","3","30","30","100","10000000","235559","0.0235559","5","11"
"21","5","3","30","30","32","3200000","80851","0.0252659375","13","17"
"20","5","3","30","30","49","4900000","105485","0.021527551020408164","14","20"
"18","5","3","30","30","101","10100000","237080","0.023473267326732675","5","9"
"21","5","3","30","30","33","3300000","82043","0.024861515151515152","13","19"
"20","5","3","30","30","50","5000000","106759","0.0213518","14","20"
"18","5","3","30","30","102","10200000","238786","0.023410392156862744","5","8"
"21","5","3","30","30","34","3400000","83191","0.024467941176470588","13","21"
"20","5","3","30","30","51","5100000","108178","0.021211372549019607","13","15"
"18","5","3","30","30","103","10300000","240291","0.023329223300970873","5","14"
"21","5","3","30","30","35","3500000","84324","0.02409257142857143","13","24"
"20","5","3","30","30","52","5200000","109589","0.02107480769230769","13","18"
"18","5","3","30","30","104","10400000","241712","0.023241538461538463","5","15"
"21","5","3","30","30","36","3600000","85614","0.023781666666666666","13","20"
"20","5","3","30","30","53","5300000","110952","0.02093433962264151","13","17"
"18","5","3","30","30","105","10500000","242858","0.02312933333333333","5","14"
"21","5","3","30","30","37","3700000","86729","0.02344027027027027","13","21"
"20","5","3","30","30","54","5400000","112222","0.020781851851851853","13","14"
"18","5","3","30","30","106","10600000","244094","0.023027735849056603","5","14"
"21","5","3","30","30","38","3800000","87848","0.023117894736842105","13","16"
"20","5","3","30","30","55","5500000","113412","0.020620363636363638","13","13"
"18","5","3","30","30","107","10700000","245577","0.022951121495327104","5","15"
"21","5","3","30","30","39","3900000","88874","0.02278820512820513","12","15"
"20","5","3","30","30","56","5600000","114691","0.020480535714285715","13","14"
"18","5","3","30","30","108","10800000","246937","0.022864537037037037","5","15"
"21","5","3","30","30","40","4000000","89829","0.02245725","11","19"
"20","5","3","30","30","57","5700000","115950","0.020342105263157894","13","15"
"18","5","3","30","30","109","10900000","248442","0.02279284403669725","5","8"
"21","5","3","30","30","41","4100000","90604","0.022098536585365855","11","14"
"20","5","3","30","30","58","5800000","117172","0.020202068965517243","13","14"
"18","5","3","30","30","110","11000000","249892","0.022717454545454544","4","9"
"21","5","3","30","30","42","4200000","91525","0.021791666666666668","11","16"
"20","5","3","30","30","59","5900000","118343","0.02005813559322034","12","12"
"18","5","3","30","30","111","11100000","251104","0.02262198198198198","5","14"
"21","5","3","30","30","43","4300000","92644","0.021545116279069767","11","15"
"20","5","3","30","30","60","6000000","119363","0.019893833333333333","13","14"
"18","5","3","30","30","112","11200000","252436","0.02253892857142857","5","8"
"21","5","3","30","30","44","4400000","93443","0.021237045454545453","11","15"
"20","5","3","30","30","61","6100000","120500","0.01975409836065574","12","13"
"18","5","3","30","30","113","11300000","253797","0.02245991150442478","5","8"
"21","5","3","30","30","45","4500000","94372","0.020971555555555556","10","17"
"20","5","3","30","30","62","6200000","121632","0.019618064516129033","13","15"
"18","5","3","30","30","114","11400000","255459","0.022408684210526317","5","10"
"21","5","3","30","30","46","4600000","95298","0.02071695652173913","11","15"
"20","5","3","30","30","63","6300000","122819","0.019495079365079365","12","13"
"18","5","3","30","30","115","11500000","257068","0.022353739130434782","5","7"
"21","5","3","30","30","47","4700000","96308","0.020491063829787232","11","16"
"20","5","3","30","30","64","6400000","123792","0.0193425","12","13"
"18","5","3","30","30","116","11600000","258629","0.02229560344827586","5","12"
"21","5","3","30","30","48","4800000","97474","0.020307083333333333","11","17"
"20","5","3","30","30","65","6500000","124887","0.019213384615384615","12","13"
"18","5","3","30","30","117","11700000","260114","0.022231965811965813","5","14"
"21","5","3","30","30","49","4900000","98441","0.02009","11","17"
"20","5","3","30","30","66","6600000","125937","0.019081363636363636","12","13"
"18","5","3","30","30","118","11800000","261435","0.02215550847457627","5","9"
"21","5","3","30","30","50","5000000","99419","0.0198838","11","17"
"20","5","3","30","30","67","6700000","127036","0.018960597014925373","12","15"
"18","5","3","30","30","119","11900000","262857","0.022088823529411765","5","12"
"21","5","3","30","30","51","5100000","100347","0.019675882352941175","11","14"
"20","5","3","30","30","68","6800000","128114","0.01884029411764706","13","18"
"18","5","3","30","30","120","12000000","264128","0.022010666666666668","5","9"
"21","5","3","30","30","52","5200000","101237","0.019468653846153847","11","15"
"20","5","3","30","30","69","6900000","129365","0.018748550724637682","12","15"
"18","5","3","30","30","121","12100000","265441","0.02193727272727273","5","14"
"21","5","3","30","30","53","5300000","102185","0.019280188679245282","11","17"
"20","5","3","30","30","70","7000000","130394","0.018627714285714286","12","13"
"18","5","3","30","30","122","12200000","267069","0.021890901639344262","4","14"
"21","5","3","30","30","54","5400000","103404","0.01914888888888889","11","15"
"20","5","3","30","30","71","7100000","131583","0.018532816901408452","12","15"
"18","5","3","30","30","123","12300000","268420","0.021822764227642278","5","9"
"21","5","3","30","30","55","5500000","104601","0.019018363636363635","11","19"
"20","5","3","30","30","72","7200000","132870","0.018454166666666667","12","17"
"18","5","3","30","30","124","12400000","269666","0.02174725806451613","4","6"
"21","5","3","30","30","56","5600000","105693","0.01887375","11","14"
"20","5","3","30","30","73","7300000","133637","0.018306438356164384","12","12"
"18","5","3","30","30","125","12500000","270932","0.02167456","5","8"
"21","5","3","30","30","57","5700000","106610","0.018703508771929826","11","15"
"20","5","3","30","30","74","7400000","134355","0.01815608108108108","12","14"
"18","5","3","30","30","126","12600000","272118","0.021596666666666667","5","7"
"21","5","3","30","30","58","5800000","107745","0.018576724137931034","11","13"
"20","5","3","30","30","75","7500000","135287","0.018038266666666667","12","12"
"18","5","3","30","30","127","12700000","273296","0.021519370078740156","4","6"
"21","5","3","30","30","59","5900000","108661","0.018417118644067795","10","13"
"20","5","3","30","30","76","7600000","136272","0.017930526315789473","12","13"
"18","5","3","30","30","128","12800000","274486","0.02144421875","4","5"
"21","5","3","30","30","60","6000000","109588","0.018264666666666665","10","11"
"20","5","3","30","30","77","7700000","137064","0.01780051948051948","12","14"
"18","5","3","30","30","129","12900000","275659","0.02136891472868217","3","10"
"21","5","3","30","30","61","6100000","110544","0.018121967213114754","10","15"
"20","5","3","30","30","78","7800000","137823","0.017669615384615384","12","13"
"18","5","3","30","30","130","13000000","276861","0.021297","3","4"
"21","5","3","30","30","62","6200000","111671","0.018011451612903226","10","16"
"20","5","3","30","30","79","7900000","138609","0.017545443037974683","12","15"
"18","5","3","30","30","131","13100000","277849","0.021209847328244276","3","5"
"21","5","3","30","30","63","6300000","112824","0.01790857142857143","10","13"
"20","5","3","30","30","80","8000000","139369","0.017421125","12","13"
"18","5","3","30","30","132","13200000","278950","0.021132575757575756","3","5"
"21","5","3","30","30","64","6400000","113934","0.0178021875","10","16"
"20","5","3","30","30","81","8100000","140278","0.017318271604938273","12","15"
"18","5","3","30","30","133","13300000","279863","0.02104233082706767","3","3"
"21","5","3","30","30","65","6500000","115034","0.017697538461538462","10","13"
"20","5","3","30","30","82","8200000","141144","0.01721268292682927","12","12"
"18","5","3","30","30","134","13400000","280835","0.020957835820895523","3","4"
"21","5","3","30","30","66","6600000","116014","0.017577878787878788","10","14"
"20","5","3","30","30","83","8300000","141807","0.017085180722891568","12","12"
"18","5","3","30","30","135","13500000","281941","0.020884518518518518","3","4"
"21","5","3","30","30","67","6700000","117155","0.017485820895522388","10","15"
"20","5","3","30","30","84","8400000","142434","0.01695642857142857","12","13"
"18","5","3","30","30","136","13600000","282853","0.020798014705882353","3","4"
"21","5","3","30","30","68","6800000","118151","0.01737514705882353","9","16"
"20","5","3","30","30","85","8500000","142831","0.01680364705882353","11","11"
"18","5","3","30","30","137","13700000","283672","0.020705985401459855","3","4"
"21","5","3","30","30","69","6900000","119086","0.017258840579710145","10","16"
"20","5","3","30","30","86","8600000","143133","0.016643372093023256","11","12"
"18","5","3","30","30","138","13800000","284639","0.020626014492753624","3","6"
"21","5","3","30","30","70","7000000","119839","0.01711985714285714","10","18"
"20","5","3","30","30","87","8700000","143335","0.01647528735632184","11","11"
"18","5","3","30","30","139","13900000","285406","0.020532805755395685","3","3"
"21","5","3","30","30","71","7100000","120749","0.017006901408450705","10","13"
"20","5","3","30","30","88","8800000","143620","0.016320454545454544","11","11"
"18","5","3","30","30","140","14000000","285963","0.02042592857142857","3","4"
"21","5","3","30","30","72","7200000","121699","0.016902638888888887","9","14"
"20","5","3","30","30","89","8900000","143842","0.016162022471910113","11","13"
"18","5","3","30","30","141","14100000","286483","0.020317943262411348","3","4"
"21","5","3","30","30","73","7300000","122665","0.016803424657534247","10","15"
"20","5","3","30","30","90","9000000","144004","0.016000444444444446","11","11"
"18","5","3","30","30","142","14200000","286985","0.020210211267605634","3","4"
"21","5","3","30","30","74","7400000","123749","0.016722837837837838","9","11"
"20","5","3","30","30","91","9100000","144183","0.015844285714285714","11","11"
"18","5","3","30","30","143","14300000","287355","0.020094755244755246","3","3"
"21","5","3","30","30","75","7500000","124888","0.016651733333333335","9","12"
"20","5","3","30","30","92","9200000","144389","0.01569445652173913","11","12"
"18","5","3","30","30","144","14400000","287712","0.01998","3","3"
"21","5","3","30","30","76","7600000","126017","0.016581184210526317","10","14"
"20","5","3","30","30","93","9300000","144556","0.015543655913978495","11","11"
"18","5","3","30","30","145","14500000","287719","0.019842689655172413","2","2"
"22","5","3","30","30","0","0","0","0","125","888"
"21","5","3","30","30","77","7700000","127114","0.016508311688311687","10","12"
"20","5","3","30","30","94","9400000","144744","0.015398297872340426","11","11"
"22","5","3","30","30","1","100000","7464","0.07464","94","230"
"21","5","3","30","30","78","7800000","128152","0.01642974358974359","10","12"
"20","5","3","30","30","95","9500000","144934","0.015256210526315789","11","12"
"22","5","3","30","30","2","200000","14436","0.07218","73","152"
"21","5","3","30","30","79","7900000","129210","0.016355696202531647","10","11"
"20","5","3","30","30","96","9600000","145138","0.015118541666666667","11","11"
"22","5","3","30","30","3","300000","20712","0.06904","45","94"
"21","5","3","30","30","80","8000000","130302","0.01628775","10","13"
"20","5","3","30","30","97","9700000","145339","0.01498340206185567","11","12"
"22","5","3","30","30","4","400000","25983","0.0649575","46","76"
"21","5","3","30","30","81","8100000","131478","0.01623185185185185","10","16"
"20","5","3","30","30","98","9800000","145556","0.01485265306122449","11","12"
"21","5","3","30","30","82","8200000","132647","0.016176463414634145","10","14"
"22","5","3","30","30","5","500000","31382","0.062764","38","73"
"20","5","3","30","30","99","9900000","145760","0.014723232323232324","11","11"
"21","5","3","30","30","83","8300000","133858","0.01612746987951807","10","19"
"22","5","3","30","30","6","600000","36433","0.06072166666666667","32","63"
"20","5","3","30","30","100","10000000","145869","0.0145869","11","11"
"21","5","3","30","30","84","8400000","135004","0.016071904761904763","10","13"
"22","5","3","30","30","7","700000","40953","0.05850428571428572","29","60"
"20","5","3","30","30","101","10100000","145920","0.014447524752475247","11","11"
"21","5","3","30","30","85","8500000","136131","0.016015411764705882","10","13"
"22","5","3","30","30","8","800000","45304","0.05663","26","50"
"20","5","3","30","30","102","10200000","145931","0.014306960784313726","10","10"
"23","5","3","30","30","0","0","0","0","125","891"
"21","5","3","30","30","86","8600000","137149","0.015947558139534884","10","15"
"22","5","3","30","30","9","900000","48877","0.05430777777777778","20","37"
"23","5","3","30","30","1","100000","7051","0.07051","103","259"
"21","5","3","30","30","87","8700000","138084","0.015871724137931035","9","16"
"22","5","3","30","30","10","1000000","51723","0.051723","17","24"
"23","5","3","30","30","2","200000","13894","0.06947","75","155"
"21","5","3","30","30","88","8800000","138957","0.015790568181818183","10","13"
"22","5","3","30","30","11","1100000","54372","0.04942909090909091","15","27"
"23","5","3","30","30","3","300000","19601","0.06533666666666667","56","94"
"21","5","3","30","30","89","8900000","139922","0.015721573033707865","10","15"
"22","5","3","30","30","12","1200000","56952","0.04746","16","27"
"23","5","3","30","30","4","400000","24412","0.06103","45","86"
"21","5","3","30","30","90","9000000","141030","0.01567","9","15"
"22","5","3","30","30","13","1300000","59883","0.04606384615384616","16","32"
"23","5","3","30","30","5","500000","28910","0.05782","37","61"
"21","5","3","30","30","91","9100000","142064","0.015611428571428571","10","15"
"22","5","3","30","30","14","1400000","62842","0.044887142857142855","13","25"
"23","5","3","30","30","6","600000","32975","0.05495833333333333","40","60"
"21","5","3","30","30","92","9200000","142871","0.01552945652173913","9","13"
"22","5","3","30","30","15","1500000","65646","0.043764","14","27"
"23","5","3","30","30","7","700000","36907","0.05272428571428572","35","52"
"21","5","3","30","30","93","9300000","143437","0.015423333333333334","9","11"
"22","5","3","30","30","16","1600000","68117","0.042573125","12","26"
"23","5","3","30","30","8","800000","40493","0.05061625","31","48"
"21","5","3","30","30","94","9400000","144080","0.015327659574468085","9","13"
"22","5","3","30","30","17","1700000","70620","0.041541176470588234","15","25"
"23","5","3","30","30","9","900000","43766","0.04862888888888889","27","43"
"21","5","3","30","30","95","9500000","144725","0.01523421052631579","9","15"
"22","5","3","30","30","18","1800000","73275","0.04070833333333333","14","26"
"23","5","3","30","30","10","1000000","46568","0.046568","26","37"
"21","5","3","30","30","96","9600000","145382","0.015143958333333334","9","12"
"22","5","3","30","30","19","1900000","76053","0.0400278947368421","14","30"
"23","5","3","30","30","11","1100000","48881","0.04443727272727273","22","30"
"21","5","3","30","30","97","9700000","146225","0.015074742268041237","9","12"
"22","5","3","30","30","20","2000000","78301","0.0391505","10","15"
"23","5","3","30","30","12","1200000","50984","0.042486666666666666","23","35"
"21","5","3","30","30","98","9800000","147026","0.01500265306122449","9","11"
"22","5","3","30","30","21","2100000","80480","0.038323809523809524","11","15"
"23","5","3","30","30","13","1300000","53277","0.04098230769230769","24","32"
"21","5","3","30","30","99","9900000","147814","0.01493070707070707","9","12"
"22","5","3","30","30","22","2200000","82680","0.03758181818181818","11","17"
"21","5","3","30","30","100","10000000","148520","0.014852","8","9"
"23","5","3","30","30","14","1400000","55699","0.039785","23","37"
"22","5","3","30","30","23","2300000","84644","0.03680173913043478","11","16"
"21","5","3","30","30","101","10100000","149426","0.014794653465346535","8","12"
"23","5","3","30","30","15","1500000","58401","0.038934","23","48"
"22","5","3","30","30","24","2400000","86499","0.03604125","8","18"
"21","5","3","30","30","102","10200000","150335","0.014738725490196078","9","11"
"23","5","3","30","30","16","1600000","61134","0.03820875","23","42"
"22","5","3","30","30","25","2500000","88046","0.0352184","8","22"
"21","5","3","30","30","103","10300000","151109","0.014670776699029126","9","14"
"23","5","3","30","30","17","1700000","63794","0.03752588235294118","20","33"
"22","5","3","30","30","26","2600000","89677","0.034491153846153845","7","15"
"21","5","3","30","30","104","10400000","151730","0.014589423076923076","9","15"
"23","5","3","30","30","18","1800000","66080","0.03671111111111111","22","33"
"22","5","3","30","30","27","2700000","91186","0.03377259259259259","7","12"
"21","5","3","30","30","105","10500000","152306","0.014505333333333334","9","13"
"23","5","3","30","30","19","1900000","68262","0.03592736842105263","23","35"
"22","5","3","30","30","28","2800000","92546","0.033052142857142856","7","15"
"21","5","3","30","30","106","10600000","153169","0.014449905660377358","8","13"
"23","5","3","30","30","20","2000000","70188","0.035094","20","31"
"22","5","3","30","30","29","2900000","93975","0.03240517241379311","7","9"
"21","5","3","30","30","107","10700000","153993","0.014391869158878504","8","10"
"23","5","3","30","30","21","2100000","71852","0.0342152380952381","19","25"
"22","5","3","30","30","30","3000000","95338","0.03177933333333333","7","13"
"21","5","3","30","30","108","10800000","154761","0.014329722222222223","9","12"
"23","5","3","30","30","22","2200000","73504","0.03341090909090909","22","28"
"22","5","3","30","30","31","3100000","96502","0.031129677419354837","6","10"
"21","5","3","30","30","109","10900000","155437","0.014260275229357798","8","13"
"23","5","3","30","30","23","2300000","75073","0.032640434782608696","24","34"
"22","5","3","30","30","32","3200000","97760","0.03055","6","11"
"21","5","3","30","30","110","11000000","156241","0.014203727272727272","8","13"
"23","5","3","30","30","24","2400000","76720","0.031966666666666664","20","28"
"22","5","3","30","30","33","3300000","99199","0.03006030303030303","7","10"
"21","5","3","30","30","111","11100000","157096","0.014152792792792792","9","12"
"23","5","3","30","30","25","2500000","78364","0.0313456","22","33"
"22","5","3","30","30","34","3400000","100458","0.029546470588235296","7","11"
"21","5","3","30","30","112","11200000","157838","0.014092678571428572","9","13"
"23","5","3","30","30","26","2600000","80060","0.030792307692307692","18","20"
"21","5","3","30","30","113","11300000","158645","0.014039380530973452","9","13"
"22","5","3","30","30","35","3500000","101609","0.029031142857142856","7","11"
"23","5","3","30","30","27","2700000","81589","0.030218148148148147","20","23"
"21","5","3","30","30","114","11400000","159549","0.013995526315789474","9","16"
"22","5","3","30","30","36","3600000","102776","0.028548888888888888","6","8"
"23","5","3","30","30","28","2800000","83103","0.029679642857142856","19","25"
"21","5","3","30","30","115","11500000","160276","0.01393704347826087","9","11"
"22","5","3","30","30","37","3700000","103901","0.02808135135135135","6","9"
"23","5","3","30","30","29","2900000","84792","0.029238620689655173","20","26"
"21","5","3","30","30","116","11600000","160998","0.013879137931034484","9","14"
"22","5","3","30","30","38","3800000","104981","0.027626578947368422","6","8"
"23","5","3","30","30","30","3000000","86316","0.028772","20","32"
"21","5","3","30","30","117","11700000","161735","0.013823504273504273","9","15"
"22","5","3","30","30","39","3900000","106120","0.02721025641025641","6","11"
"23","5","3","30","30","31","3100000","87806","0.028324516129032258","20","27"
"21","5","3","30","30","118","11800000","162454","0.01376728813559322","9","11"
"22","5","3","30","30","40","4000000","107407","0.02685175","6","8"
"23","5","3","30","30","32","3200000","89324","0.02791375","22","28"
"21","5","3","30","30","119","11900000","163325","0.013724789915966387","9","15"
"22","5","3","30","30","41","4100000","108766","0.026528292682926828","7","15"
"23","5","3","30","30","33","3300000","90655","0.027471212121212122","18","21"
"21","5","3","30","30","120","12000000","164297","0.013691416666666666","9","13"
"22","5","3","30","30","42","4200000","110089","0.026211666666666668","7","13"
"23","5","3","30","30","34","3400000","91796","0.026998823529411766","17","18"
"21","5","3","30","30","121","12100000","165223","0.013654793388429752","9","12"
"22","5","3","30","30","43","4300000","111231","0.02586767441860465","6","9"
"23","5","3","30","30","35","3500000","93138","0.026610857142857144","17","21"
"21","5","3","30","30","122","12200000","166064","0.013611803278688524","9","15"
"22","5","3","30","30","44","4400000","112263","0.025514318181818183","7","14"
"23","5","3","30","30","36","3600000","94697","0.026304722222222222","18","25"
"21","5","3","30","30","123","12300000","166651","0.013548861788617887","9","15"
"22","5","3","30","30","45","4500000","112960","0.025102222222222224","7","16"
"23","5","3","30","30","37","3700000","96353","0.02604135135135135","16","21"
"21","5","3","30","30","124","12400000","167480","0.013506451612903226","9","14"
"22","5","3","30","30","46","4600000","113857","0.024751521739130436","7","13"
"23","5","3","30","30","38","3800000","98388","0.02589157894736842","17","24"
"21","5","3","30","30","125","12500000","168228","0.01345824","9","17"
"22","5","3","30","30","47","4700000","114781","0.024421489361702128","7","13"
"23","5","3","30","30","39","3900000","100290","0.025715384615384616","19","26"
"21","5","3","30","30","126","12600000","168975","0.013410714285714286","9","20"
"22","5","3","30","30","48","4800000","115653","0.024094375","7","11"
"23","5","3","30","30","40","4000000","101932","0.025483","16","25"
"21","5","3","30","30","127","12700000","169606","0.0133548031496063","9","13"
"22","5","3","30","30","49","4900000","116447","0.02376469387755102","7","13"
"23","5","3","30","30","41","4100000","103544","0.025254634146341465","19","29"
"21","5","3","30","30","128","12800000","170232","0.013299375","9","12"
"22","5","3","30","30","50","5000000","117059","0.0234118","6","9"
"23","5","3","30","30","42","4200000","105292","0.02506952380952381","17","28"
"21","5","3","30","30","129","12900000","170936","0.013250852713178295","9","15"
"22","5","3","30","30","51","5100000","117624","0.023063529411764705","7","13"
"23","5","3","30","30","43","4300000","106940","0.024869767441860466","16","22"
"21","5","3","30","30","130","13000000","171586","0.013198923076923077","9","13"
"22","5","3","30","30","52","5200000","118115","0.022714423076923076","7","12"
"23","5","3","30","30","44","4400000","108837","0.02473568181818182","19","27"
"21","5","3","30","30","131","13100000","172183","0.013143740458015267","9","10"
"22","5","3","30","30","53","5300000","118443","0.022347735849056603","5","6"
"21","5","3","30","30","132","13200000","172591","0.013075075757575758","9","12"
"23","5","3","30","30","45","4500000","110979","0.024662","18","33"
"22","5","3","30","30","54","5400000","118466","0.021938148148148148","4","5"
"24","5","3","30","30","0","0","0","0","125","888"
"21","5","3","30","30","133","13300000","172961","0.013004586466165414","7","9"
"23","5","3","30","30","46","4600000","112982","0.024561304347826086","18","28"
"24","5","3","30","30","1","100000","7208","0.07208","99","238"
"21","5","3","30","30","134","13400000","173394","0.012939850746268657","7","8"
"23","5","3","30","30","47","4700000","115316","0.02453531914893617","17","24"
"24","5","3","30","30","2","200000","13483","0.067415","86","145"
"21","5","3","30","30","135","13500000","173848","0.01287762962962963","7","9"
"23","5","3","30","30","48","4800000","117818","0.024545416666666667","18","26"
"24","5","3","30","30","3","300000","18337","0.061123333333333335","59","96"
"21","5","3","30","30","136","13600000","174250","0.0128125","7","8"
"23","5","3","30","30","49","4900000","120212","0.024533061224489797","18","24"
"24","5","3","30","30","4","400000","22350","0.055875","53","86"
"21","5","3","30","30","137","13700000","174677","0.01275014598540146","7","10"
"23","5","3","30","30","50","5000000","122534","0.0245068","19","31"
"24","5","3","30","30","5","500000","26654","0.053308","48","90"
"21","5","3","30","30","138","13800000","175119","0.012689782608695651","7","9"
"23","5","3","30","30","51","5100000","125029","0.024515490196078432","18","25"
"24","5","3","30","30","6","600000","31141","0.051901666666666665","37","74"
"21","5","3","30","30","139","13900000","175502","0.012626043165467626","7","9"
"23","5","3","30","30","52","5200000","127423","0.024504423076923076","17","27"
"21","5","3","30","30","140","14000000","175910","0.012565","7","8"
"24","5","3","30","30","7","700000","34750","0.04964285714285714","35","49"
"23","5","3","30","30","53","5300000","129679","0.024467735849056604","15","22"
"21","5","3","30","30","141","14100000","176274","0.012501702127659574","7","8"
"24","5","3","30","30","8","800000","37897","0.04737125","31","46"
"23","5","3","30","30","54","5400000","131789","0.02440537037037037","16","24"
"21","5","3","30","30","142","14200000","176641","0.01243950704225352","7","8"
"24","5","3","30","30","9","900000","41570","0.04618888888888889","30","44"
"23","5","3","30","30","55","5500000","133907","0.024346727272727273","15","19"
"21","5","3","30","30","143","14300000","176963","0.012375034965034965","7","8"
"24","5","3","30","30","10","1000000","45312","0.045312","27","40"
"23","5","3","30","30","56","5600000","135764","0.02424357142857143","13","16"
"21","5","3","30","30","144","14400000","177160","0.012302777777777777","7","9"
"24","5","3","30","30","11","1100000","49078","0.044616363636363635","28","45"
"23","5","3","30","30","57","5700000","137626","0.024144912280701755","12","14"
"21","5","3","30","30","145","14500000","177332","0.012229793103448275","7","9"
"24","5","3","30","30","12","1200000","53095","0.04424583333333333","23","41"
"23","5","3","30","30","58","5800000","139464","0.02404551724137931","12","16"
"21","5","3","30","30","146","14600000","177604","0.012164657534246575","7","8"
"24","5","3","30","30","13","1300000","56870","0.043746153846153844","23","47"
"23","5","3","30","30","59","5900000","141236","0.023938305084745762","12","12"
"21","5","3","30","30","147","14700000","177811","0.012095986394557823","7","10"
"24","5","3","30","30","14","1400000","60256","0.04304","22","38"
"23","5","3","30","30","60","6000000","143001","0.0238335","12","12"
"21","5","3","30","30","148","14800000","178241","0.01204331081081081","7","9"
"24","5","3","30","30","15","1500000","63579","0.042386","24","34"
"23","5","3","30","30","61","6100000","144554","0.02369737704918033","12","15"
"21","5","3","30","30","149","14900000","178652","0.01199006711409396","7","9"
"24","5","3","30","30","16","1600000","66989","0.041868125","26","33"
"23","5","3","30","30","62","6200000","146129","0.0235691935483871","13","17"
"21","5","3","30","30","150","15000000","178894","0.011926266666666666","7","8"
"24","5","3","30","30","17","1700000","70414","0.04142","22","40"
"23","5","3","30","30","63","6300000","147597","0.023428095238095237","13","15"
"21","5","3","30","30","151","15100000","179109","0.011861523178807946","7","8"
"24","5","3","30","30","18","1800000","73482","0.040823333333333336","20","33"
"23","5","3","30","30","64","6400000","148990","0.0232796875","13","20"
"21","5","3","30","30","152","15200000","179216","0.011790526315789474","6","7"
"25","5","3","30","30","0","0","0","0","125","878"
"24","5","3","30","30","19","1900000","76050","0.04002631578947369","17","25"
"23","5","3","30","30","65","6500000","150597","0.023168769230769232","13","17"
"25","5","3","30","30","1","100000","7576","0.07576","95","205"
"24","5","3","30","30","20","2000000","78476","0.039238","18","24"
"23","5","3","30","30","66","6600000","151897","0.02301469696969697","13","15"
"25","5","3","30","30","2","200000","14229","0.071145","75","138"
"24","5","3","30","30","21","2100000","80974","0.03855904761904762","16","28"
"23","5","3","30","30","67","6700000","153148","0.022857910447761195","12","13"
"25","5","3","30","30","3","300000","20434","0.06811333333333333","61","115"
"24","5","3","30","30","22","2200000","83965","0.03816590909090909","21","33"
"23","5","3","30","30","68","6800000","154412","0.02270764705882353","11","11"
"25","5","3","30","30","4","400000","25970","0.064925","51","87"
"24","5","3","30","30","23","2300000","86759","0.037721304347826085","20","31"
"23","5","3","30","30","69","6900000","155532","0.022540869565217392","11","14"
"25","5","3","30","30","5","500000","30252","0.060504","38","64"
"24","5","3","30","30","24","2400000","89237","0.03718208333333333","19","35"
"23","5","3","30","30","70","7000000","156673","0.022381857142857144","11","13"
"25","5","3","30","30","6","600000","33933","0.056555","35","52"
"24","5","3","30","30","25","2500000","91735","0.036694","18","39"
"23","5","3","30","30","71","7100000","157635","0.02220211267605634","11","11"
"25","5","3","30","30","7","700000","37454","0.05350571428571429","33","55"
"23","5","3","30","30","72","7200000","158548","0.022020555555555557","9","10"
"24","5","3","30","30","26","2600000","94263","0.036255","17","28"
"25","5","3","30","30","8","800000","40670","0.0508375","34","51"
"23","5","3","30","30","73","7300000","159383","0.021833287671232878","9","11"
"24","5","3","30","30","27","2700000","96821","0.03585962962962963","19","29"
"25","5","3","30","30","9","900000","44355","0.04928333333333333","32","43"
"23","5","3","30","30","74","7400000","159823","0.0215977027027027","8","8"
"24","5","3","30","30","28","2800000","98865","0.035308928571428574","18","27"
"25","5","3","30","30","10","1000000","47957","0.047957","32","52"
"23","5","3","30","30","75","7500000","160157","0.021354266666666667","8","9"
"24","5","3","30","30","29","2900000","100864","0.03478068965517241","16","25"
"25","5","3","30","30","11","1100000","51719","0.04701727272727273","33","58"
"23","5","3","30","30","76","7600000","160412","0.021106842105263156","7","7"
"26","5","3","30","30","0","0","0","0","125","883"
"24","5","3","30","30","30","3000000","102703","0.03423433333333333","14","25"
"25","5","3","30","30","12","1200000","55632","0.04636","27","40"
"26","5","3","30","30","1","100000","7390","0.0739","93","227"
"24","5","3","30","30","31","3100000","104446","0.03369225806451613","14","22"
"25","5","3","30","30","13","1300000","58955","0.04535","24","43"
"24","5","3","30","30","32","3200000","105986","0.033120625","14","21"
"26","5","3","30","30","2","200000","13934","0.06967","64","120"
"25","5","3","30","30","14","1400000","62225","0.044446428571428574","26","38"
"24","5","3","30","30","33","3300000","107231","0.032494242424242425","12","19"
"26","5","3","30","30","3","300000","19610","0.06536666666666667","55","101"
"25","5","3","30","30","15","1500000","65269","0.043512666666666665","22","42"
"24","5","3","30","30","34","3400000","108553","0.03192735294117647","13","13"
"26","5","3","30","30","4","400000","24368","0.06092","38","70"
"25","5","3","30","30","16","1600000","68030","0.04251875","23","33"
"24","5","3","30","30","35","3500000","110024","0.03143542857142857","11","13"
"26","5","3","30","30","5","500000","28440","0.05688","29","56"
"25","5","3","30","30","17","1700000","70944","0.04173176470588235","22","37"
"24","5","3","30","30","36","3600000","111204","0.03089","11","12"
"26","5","3","30","30","6","600000","32599","0.05433166666666667","23","42"
"25","5","3","30","30","18","1800000","74108","0.04117111111111111","21","40"
"24","5","3","30","30","37","3700000","112672","0.030451891891891892","12","16"
"26","5","3","30","30","7","700000","36689","0.05241285714285714","19","42"
"25","5","3","30","30","19","1900000","76767","0.040403684210526314","21","33"
"24","5","3","30","30","38","3800000","114180","0.03004736842105263","15","22"
"26","5","3","30","30","8","800000","40648","0.05081","17","32"
"25","5","3","30","30","20","2000000","78993","0.0394965","13","20"
"24","5","3","30","30","39","3900000","115640","0.029651282051282053","12","14"
"26","5","3","30","30","9","900000","43842","0.04871333333333333","16","24"
"25","5","3","30","30","21","2100000","81207","0.03867","14","23"
"24","5","3","30","30","40","4000000","116846","0.0292115","10","10"
"26","5","3","30","30","10","1000000","46642","0.046642","16","23"
"25","5","3","30","30","22","2200000","83081","0.03776409090909091","13","17"
"24","5","3","30","30","41","4100000","118083","0.028800731707317073","10","13"
"26","5","3","30","30","11","1100000","49378","0.044889090909090906","15","26"
"25","5","3","30","30","23","2300000","84560","0.036765217391304346","11","19"
"24","5","3","30","30","42","4200000","119490","0.02845","13","16"
"26","5","3","30","30","12","1200000","52427","0.04368916666666667","16","26"
"25","5","3","30","30","24","2400000","86373","0.03598875","12","20"
"24","5","3","30","30","43","4300000","120672","0.028063255813953487","10","12"
"26","5","3","30","30","13","1300000","55698","0.042844615384615384","14","28"
"25","5","3","30","30","25","2500000","87775","0.03511","12","18"
"24","5","3","30","30","44","4400000","121832","0.02768909090909091","11","14"
"26","5","3","30","30","14","1400000","58709","0.041935","12","18"
"25","5","3","30","30","26","2600000","88821","0.034161923076923076","9","12"
"24","5","3","30","30","45","4500000","123044","0.02734311111111111","11","14"
"26","5","3","30","30","15","1500000","61692","0.041128","11","22"
"25","5","3","30","30","27","2700000","89665","0.03320925925925926","9","9"
"24","5","3","30","30","46","4600000","124409","0.027045434782608697","11","17"
"26","5","3","30","30","16","1600000","64338","0.04021125","11","22"
"25","5","3","30","30","28","2800000","90613","0.03236178571428571","9","11"
"24","5","3","30","30","47","4700000","125926","0.02679276595744681","11","17"
"25","5","3","30","30","29","2900000","91550","0.03156896551724138","9","10"
"26","5","3","30","30","17","1700000","67142","0.03949529411764706","11","18"
"24","5","3","30","30","48","4800000","127550","0.02657291666666667","11","15"
"25","5","3","30","30","30","3000000","92700","0.0309","9","9"
"26","5","3","30","30","18","1800000","70269","0.039038333333333335","11","20"
"24","5","3","30","30","49","4900000","129368","0.026401632653061224","12","23"
"25","5","3","30","30","31","3100000","93823","0.03026548387096774","9","10"
"26","5","3","30","30","19","1900000","72907","0.038372105263157895","10","23"
"24","5","3","30","30","50","5000000","131152","0.0262304","12","20"
"25","5","3","30","30","32","3200000","94986","0.029683125","9","11"
"26","5","3","30","30","20","2000000","75549","0.0377745","12","17"
"24","5","3","30","30","51","5100000","132743","0.026028039215686274","12","19"
"25","5","3","30","30","33","3300000","96249","0.029166363636363636","10","14"
"26","5","3","30","30","21","2100000","78236","0.0372552380952381","12","23"
"24","5","3","30","30","52","5200000","134222","0.025811923076923076","13","16"
"25","5","3","30","30","34","3400000","97417","0.028652058823529412","9","12"
"26","5","3","30","30","22","2200000","81200","0.03690909090909091","12","25"
"24","5","3","30","30","53","5300000","135898","0.0256411320754717","13","22"
"25","5","3","30","30","35","3500000","98785","0.028224285714285716","10","14"
"26","5","3","30","30","23","2300000","84145","0.03658478260869565","11","20"
"24","5","3","30","30","54","5400000","137839","0.02552574074074074","13","23"
"25","5","3","30","30","36","3600000","100480","0.027911111111111112","11","14"
"26","5","3","30","30","24","2400000","86835","0.03618125","11","16"
"24","5","3","30","30","55","5500000","139713","0.025402363636363636","12","20"
"25","5","3","30","30","37","3700000","102316","0.027652972972972974","13","20"
"26","5","3","30","30","25","2500000","89811","0.0359244","11","25"
"24","5","3","30","30","56","5600000","141532","0.02527357142857143","13","24"
"25","5","3","30","30","38","3800000","103750","0.02730263157894737","11","17"
"26","5","3","30","30","26","2600000","92755","0.035675","11","17"
"24","5","3","30","30","57","5700000","143358","0.025150526315789474","13","20"
"25","5","3","30","30","39","3900000","105534","0.02706","12","22"
"26","5","3","30","30","27","2700000","95216","0.035265185185185184","10","20"
"24","5","3","30","30","58","5800000","145323","0.025055689655172415","13","16"
"25","5","3","30","30","40","4000000","107628","0.026907","11","22"
"26","5","3","30","30","28","2800000","98114","0.035040714285714286","9","16"
"24","5","3","30","30","59","5900000","147109","0.024933728813559323","13","16"
"25","5","3","30","30","41","4100000","109474","0.026700975609756098","14","24"
"26","5","3","30","30","29","2900000","100713","0.034728620689655175","9","17"
"25","5","3","30","30","42","4200000","111266","0.02649190476190476","14","25"
"24","5","3","30","30","60","6000000","149040","0.02484","13","17"
"26","5","3","30","30","30","3000000","102975","0.034325","9","22"
"25","5","3","30","30","43","4300000","112820","0.026237209302325582","14","20"
"24","5","3","30","30","61","6100000","150841","0.024728032786885245","13","19"
"26","5","3","30","30","31","3100000","105266","0.03395677419354839","7","11"
"25","5","3","30","30","44","4400000","114104","0.025932727272727274","11","19"
"24","5","3","30","30","62","6200000","152550","0.024604838709677418","13","18"
"26","5","3","30","30","32","3200000","107362","0.033550625","8","14"
"25","5","3","30","30","45","4500000","115150","0.02558888888888889","8","10"
"24","5","3","30","30","63","6300000","154223","0.02447984126984127","13","26"
"26","5","3","30","30","33","3300000","109378","0.033144848484848485","9","16"
"25","5","3","30","30","46","4600000","115989","0.025215","9","11"
"24","5","3","30","30","64","6400000","156055","0.02438359375","12","15"
"26","5","3","30","30","34","3400000","111373","0.03275676470588235","9","12"
"25","5","3","30","30","47","4700000","116842","0.02486","9","13"
"24","5","3","30","30","65","6500000","157789","0.024275230769230768","12","19"
"25","5","3","30","30","48","4800000","117727","0.024526458333333334","9","10"
"26","5","3","30","30","35","3500000","113318","0.03237657142857143","7","11"
"24","5","3","30","30","66","6600000","159532","0.024171515151515152","12","15"
"25","5","3","30","30","49","4900000","118493","0.024182244897959185","10","10"
"26","5","3","30","30","36","3600000","115149","0.03198583333333333","7","10"
"24","5","3","30","30","67","6700000","161291","0.02407328358208955","12","16"
"25","5","3","30","30","50","5000000","119374","0.0238748","9","12"
"26","5","3","30","30","37","3700000","117289","0.03169972972972973","7","15"
"24","5","3","30","30","68","6800000","162927","0.02395985294117647","12","17"
"25","5","3","30","30","51","5100000","120242","0.02357686274509804","10","13"
"26","5","3","30","30","38","3800000","119165","0.03135921052631579","8","12"
"24","5","3","30","30","69","6900000","164904","0.02389913043478261","12","17"
"25","5","3","30","30","52","5200000","120969","0.02326326923076923","9","11"
"26","5","3","30","30","39","3900000","121116","0.031055384615384617","8","17"
"24","5","3","30","30","70","7000000","166817","0.023831","12","13"
"25","5","3","30","30","53","5300000","121907","0.023001320754716982","10","11"
"26","5","3","30","30","40","4000000","123091","0.03077275","9","21"
"24","5","3","30","30","71","7100000","168742","0.023766478873239436","12","18"
"25","5","3","30","30","54","5400000","122847","0.022749444444444444","10","12"
"26","5","3","30","30","41","4100000","125052","0.03050048780487805","9","20"
"24","5","3","30","30","72","7200000","170386","0.023664722222222222","12","16"
"25","5","3","30","30","55","5500000","123832","0.022514909090909092","9","13"
"26","5","3","30","30","42","4200000","127117","0.03026595238095238","8","15"
"24","5","3","30","30","73","7300000","171797","0.023533835616438355","12","19"
"25","5","3","30","30","56","5600000","124759","0.022278392857142858","9","10"
"26","5","3","30","30","43","4300000","129042","0.030009767441860465","9","16"
"24","5","3","30","30","74","7400000","173057","0.023386081081081082","12","18"
"25","5","3","30","30","57","5700000","125733","0.022058421052631578","9","10"
"26","5","3","30","30","44","4400000","131054","0.029785","9","17"
"24","5","3","30","30","75","7500000","174321","0.0232428","10","15"
"25","5","3","30","30","58","5800000","126647","0.021835689655172415","9","9"
"26","5","3","30","30","45","4500000","132983","0.029551777777777778","9","14"
"24","5","3","30","30","76","7600000","175295","0.02306513157894737","10","13"
"25","5","3","30","30","59","5900000","127391","0.02159169491525424","10","11"
"26","5","3","30","30","46","4600000","134970","0.029341304347826086","8","15"
"24","5","3","30","30","77","7700000","176217","0.022885324675324677","10","16"
"25","5","3","30","30","60","6000000","128305","0.021384166666666666","9","12"
"26","5","3","30","30","47","4700000","136952","0.02913872340425532","8","21"
"24","5","3","30","30","78","7800000","177387","0.022741923076923076","10","13"
"25","5","3","30","30","61","6100000","129313","0.021198852459016395","10","12"
"26","5","3","30","30","48","4800000","138603","0.028875625","8","17"
"24","5","3","30","30","79","7900000","178485","0.022593037974683546","10","11"
"25","5","3","30","30","62","6200000","130494","0.02104741935483871","9","13"
"26","5","3","30","30","49","4900000","139969","0.028565102040816328","7","13"
"24","5","3","30","30","80","8000000","179817","0.022477125","10","16"
"25","5","3","30","30","63","6300000","131606","0.02088984126984127","9","12"
"26","5","3","30","30","50","5000000","141495","0.028299","6","10"
"24","5","3","30","30","81","8100000","181205","0.022370987654320988","10","19"
"25","5","3","30","30","64","6400000","132578","0.0207153125","9","9"
"26","5","3","30","30","51","5100000","142734","0.027987058823529413","6","10"
"25","5","3","30","30","65","6500000","133402","0.020523384615384617","10","11"
"24","5","3","30","30","82","8200000","182502","0.022256341463414635","10","20"
"26","5","3","30","30","52","5200000","143641","0.027623269230769232","5","15"
"25","5","3","30","30","66","6600000","134294","0.02034757575757576","9","10"
"24","5","3","30","30","83","8300000","183823","0.02214734939759036","10","14"
"26","5","3","30","30","53","5300000","144611","0.027285094339622642","6","7"
"25","5","3","30","30","67","6700000","135187","0.02017716417910448","9","11"
"24","5","3","30","30","84","8400000","185206","0.022048333333333333","11","17"
"26","5","3","30","30","54","5400000","145521","0.026948333333333335","5","8"
"25","5","3","30","30","68","6800000","136228","0.020033529411764707","9","11"
"24","5","3","30","30","85","8500000","186498","0.021940941176470587","10","14"
"26","5","3","30","30","55","5500000","146470","0.02663090909090909","5","5"
"25","5","3","30","30","69","6900000","137166","0.019879130434782608","9","11"
"24","5","3","30","30","86","8600000","187674","0.021822558139534882","10","12"
"26","5","3","30","30","56","5600000","147489","0.02633732142857143","6","12"
"25","5","3","30","30","70","7000000","138092","0.019727428571428573","10","15"
"24","5","3","30","30","87","8700000","188825","0.021704022988505746","10","12"
"26","5","3","30","30","57","5700000","148533","0.026058421052631578","5","8"
"25","5","3","30","30","71","7100000","138884","0.01956112676056338","10","12"
"24","5","3","30","30","88","8800000","189806","0.021568863636363636","9","9"
"26","5","3","30","30","58","5800000","149429","0.02576362068965517","5","6"
"25","5","3","30","30","72","7200000","139679","0.01939986111111111","10","11"
"24","5","3","30","30","89","8900000","190582","0.021413707865168538","8","8"
"26","5","3","30","30","59","5900000","150397","0.025491016949152543","5","5"
"25","5","3","30","30","73","7300000","140590","0.01925890410958904","10","12"
"24","5","3","30","30","90","9000000","191119","0.021235444444444446","8","8"
"26","5","3","30","30","60","6000000","150955","0.025159166666666666","4","4"
"25","5","3","30","30","74","7400000","141631","0.019139324324324324","9","14"
"24","5","3","30","30","91","9100000","191581","0.021052857142857144","8","8"
"25","5","3","30","30","75","7500000","142645","0.019019333333333333","9","12"
"26","5","3","30","30","61","6100000","151543","0.02484311475409836","4","5"
"24","5","3","30","30","92","9200000","191919","0.020860760869565217","8","8"
"25","5","3","30","30","76","7600000","143548","0.018887894736842107","9","10"
"26","5","3","30","30","62","6200000","152172","0.024543870967741934","4","4"
"24","5","3","30","30","93","9300000","192429","0.020691290322580644","8","11"
"25","5","3","30","30","77","7700000","144530","0.01877012987012987","9","10"
"26","5","3","30","30","63","6300000","152709","0.024239523809523808","4","4"
"24","5","3","30","30","94","9400000","192801","0.020510744680851064","8","10"
"25","5","3","30","30","78","7800000","145627","0.018670128205128204","9","11"
"26","5","3","30","30","64","6400000","153159","0.02393109375","4","6"
"24","5","3","30","30","95","9500000","192890","0.02030421052631579","7","7"
"27","5","3","30","30","0","0","0","0","125","885"
"25","5","3","30","30","79","7900000","146595","0.01855632911392405","10","12"
"26","5","3","30","30","65","6500000","153647","0.023638","4","4"
"27","5","3","30","30","1","100000","7366","0.07366","101","234"
"25","5","3","30","30","80","8000000","146984","0.018373","8","10"
"26","5","3","30","30","66","6600000","154138","0.023354242424242423","4","4"
"25","5","3","30","30","81","8100000","147601","0.018222345679012347","9","12"
"27","5","3","30","30","2","200000","14172","0.07086","62","128"
"26","5","3","30","30","67","6700000","154596","0.023074029850746268","4","4"
"25","5","3","30","30","82","8200000","148123","0.018063780487804878","9","12"
"27","5","3","30","30","3","300000","19597","0.06532333333333333","47","89"
"26","5","3","30","30","68","6800000","155074","0.022805","4","5"
"25","5","3","30","30","83","8300000","148663","0.017911204819277108","9","11"
"27","5","3","30","30","4","400000","24254","0.060635","39","62"
"26","5","3","30","30","69","6900000","155515","0.02253840579710145","4","5"
"25","5","3","30","30","84","8400000","149234","0.017765952380952382","9","11"
"26","5","3","30","30","70","7000000","155908","0.02227257142857143","4","5"
"27","5","3","30","30","5","500000","28358","0.056716","32","53"
"25","5","3","30","30","85","8500000","150014","0.01764870588235294","11","12"
"26","5","3","30","30","71","7100000","156378","0.022025070422535212","4","4"
"27","5","3","30","30","6","600000","31997","0.05332833333333333","30","43"
"25","5","3","30","30","86","8600000","150846","0.017540232558139534","10","16"
"26","5","3","30","30","72","7200000","156809","0.02177902777777778","4","6"
"27","5","3","30","30","7","700000","35787","0.05112428571428571","28","54"
"25","5","3","30","30","87","8700000","151967","0.017467471264367818","9","16"
"26","5","3","30","30","73","7300000","157161","0.02152890410958904","4","5"
"27","5","3","30","30","8","800000","39521","0.04940125","24","39"
"25","5","3","30","30","88","8800000","153215","0.017410795454545453","11","17"
"26","5","3","30","30","74","7400000","157363","0.02126527027027027","4","4"
"27","5","3","30","30","9","900000","42857","0.04761888888888889","23","34"
"25","5","3","30","30","89","8900000","154482","0.01735752808988764","10","13"
"26","5","3","30","30","75","7500000","157463","0.020995066666666666","3","3"
"28","5","3","30","30","0","0","0","0","125","886"
"27","5","3","30","30","10","1000000","45722","0.045722","21","31"
"25","5","3","30","30","90","9000000","155641","0.017293444444444445","12","21"
"27","5","3","30","30","11","1100000","48373","0.04397545454545455","20","34"
"28","5","3","30","30","1","100000","7184","0.07184","89","209"
"25","5","3","30","30","91","9100000","156863","0.017237692307692308","11","19"
"27","5","3","30","30","12","1200000","50749","0.04229083333333333","20","28"
"28","5","3","30","30","2","200000","13327","0.066635","70","136"
"25","5","3","30","30","92","9200000","158124","0.017187391304347824","9","12"
"27","5","3","30","30","13","1300000","52735","0.040565384615384614","16","24"
"28","5","3","30","30","3","300000","19013","0.06337666666666666","48","105"
"25","5","3","30","30","93","9300000","159146","0.01711247311827957","9","12"
"27","5","3","30","30","14","1400000","55020","0.0393","20","31"
"28","5","3","30","30","4","400000","25082","0.062705","39","98"
"25","5","3","30","30","94","9400000","160261","0.01704904255319149","8","13"
"27","5","3","30","30","15","1500000","57971","0.03864733333333333","26","52"
"28","5","3","30","30","5","500000","30384","0.060768","35","70"
"25","5","3","30","30","95","9500000","161555","0.01700578947368421","9","15"
"27","5","3","30","30","16","1600000","60788","0.0379925","17","31"
"28","5","3","30","30","6","600000","34667","0.057778333333333334","30","55"
"25","5","3","30","30","96","9600000","162657","0.0169434375","9","11"
"27","5","3","30","30","17","1700000","63506","0.0373564705882353","17","28"
"25","5","3","30","30","97","9700000","163975","0.01690463917525773","10","12"
"28","5","3","30","30","7","700000","38834","0.05547714285714286","27","51"
"27","5","3","30","30","18","1800000","66216","0.03678666666666667","17","34"
"25","5","3","30","30","98","9800000","165353","0.016872755102040816","8","9"
"28","5","3","30","30","8","800000","42002","0.0525025","26","36"
"27","5","3","30","30","19","1900000","68867","0.03624578947368421","16","26"
"25","5","3","30","30","99","9900000","166575","0.016825757575757577","8","12"
"28","5","3","30","30","9","900000","45219","0.050243333333333334","26","33"
"27","5","3","30","30","20","2000000","71310","0.035655","15","32"
"25","5","3","30","30","100","10000000","167827","0.0167827","8","13"
"28","5","3","30","30","10","1000000","48412","0.048412","21","40"
"27","5","3","30","30","21","2100000","73700","0.035095238095238096","14","23"
"25","5","3","30","30","101","10100000","169023","0.016734950495049503","8","11"
"28","5","3","30","30","11","1100000","51472","0.04679272727272727","22","36"
"27","5","3","30","30","22","2200000","76109","0.034595","15","26"
"25","5","3","30","30","102","10200000","170342","0.016700196078431373","7","8"
"28","5","3","30","30","12","1200000","54238","0.04519833333333333","20","30"
"27","5","3","30","30","23","2300000","78159","0.03398217391304348","14","24"
"25","5","3","30","30","103","10300000","171604","0.016660582524271845","7","10"
"28","5","3","30","30","13","1300000","56492","0.04345538461538462","17","23"
"27","5","3","30","30","24","2400000","80088","0.03337","11","13"
"25","5","3","30","30","104","10400000","173008","0.016635384615384614","7","10"
"28","5","3","30","30","14","1400000","58492","0.04178","16","29"
"27","5","3","30","30","25","2500000","82116","0.0328464","13","18"
"25","5","3","30","30","105","10500000","174559","0.016624666666666666","8","13"
"28","5","3","30","30","15","1500000","60558","0.040372","19","27"
"27","5","3","30","30","26","2600000","84209","0.03238807692307692","11","24"
"25","5","3","30","30","106","10600000","176258","0.01662811320754717","7","12"
"28","5","3","30","30","16","1600000","63001","0.039375625","17","28"
"27","5","3","30","30","27","2700000","86119","0.031895925925925925","13","20"
"25","5","3","30","30","107","10700000","178040","0.0166392523364486","7","12"
"28","5","3","30","30","17","1700000","65108","0.03829882352941177","15","21"
"27","5","3","30","30","28","2800000","87640","0.0313","10","17"
"25","5","3","30","30","108","10800000","179574","0.016627222222222224","6","9"
"28","5","3","30","30","18","1800000","66251","0.03680611111111111","12","15"
"27","5","3","30","30","29","2900000","88582","0.03054551724137931","10","18"
"25","5","3","30","30","109","10900000","180929","0.016598990825688074","6","7"
"28","5","3","30","30","19","1900000","67174","0.035354736842105265","15","19"
"27","5","3","30","30","30","3000000","89540","0.029846666666666667","9","12"
"25","5","3","30","30","110","11000000","182010","0.016546363636363637","6","9"
"28","5","3","30","30","20","2000000","68608","0.034304","15","20"
"25","5","3","30","30","111","11100000","183027","0.01648891891891892","6","6"
"27","5","3","30","30","31","3100000","90829","0.02929967741935484","10","14"
"28","5","3","30","30","21","2100000","70242","0.03344857142857143","13","26"
"25","5","3","30","30","112","11200000","184155","0.016442410714285715","6","8"
"27","5","3","30","30","32","3200000","92146","0.028795625","8","12"
"28","5","3","30","30","22","2200000","72354","0.032888181818181816","15","29"
"25","5","3","30","30","113","11300000","185368","0.01640424778761062","6","8"
"27","5","3","30","30","33","3300000","93559","0.02835121212121212","8","13"
"28","5","3","30","30","23","2300000","75001","0.032609130434782606","15","34"
"25","5","3","30","30","114","11400000","186431","0.01635359649122807","6","6"
"27","5","3","30","30","34","3400000","95010","0.027944117647058824","7","9"
"28","5","3","30","30","24","2400000","77387","0.03224458333333333","15","23"
"25","5","3","30","30","115","11500000","187315","0.016288260869565217","5","6"
"27","5","3","30","30","35","3500000","96268","0.027505142857142856","7","12"
"28","5","3","30","30","25","2500000","79917","0.0319668","15","31"
"25","5","3","30","30","116","11600000","188194","0.01622362068965517","5","6"
"27","5","3","30","30","36","3600000","97195","0.026998611111111112","6","10"
"28","5","3","30","30","26","2600000","82316","0.03166","14","24"
"25","5","3","30","30","117","11700000","189155","0.016167094017094017","5","6"
"27","5","3","30","30","37","3700000","98079","0.026507837837837837","5","6"
"28","5","3","30","30","27","2700000","84831","0.03141888888888889","14","29"
"25","5","3","30","30","118","11800000","189996","0.01610135593220339","5","5"
"27","5","3","30","30","38","3800000","98895","0.026025","5","5"
"25","5","3","30","30","119","11900000","190900","0.016042016806722688","5","7"
"28","5","3","30","30","28","2800000","87570","0.031275","15","21"
"27","5","3","30","30","39","3900000","99627","0.025545384615384616","5","6"
"25","5","3","30","30","120","12000000","191739","0.01597825","5","7"
"28","5","3","30","30","29","2900000","90664","0.03126344827586207","17","32"
"27","5","3","30","30","40","4000000","100484","0.025121","5","5"
"25","5","3","30","30","121","12100000","192408","0.015901487603305786","5","5"
"28","5","3","30","30","30","3000000","93464","0.031154666666666667","14","24"
"27","5","3","30","30","41","4100000","101322","0.02471268292682927","5","7"
"25","5","3","30","30","122","12200000","193098","0.015827704918032787","5","5"
"27","5","3","30","30","42","4200000","102204","0.024334285714285715","5","5"
"28","5","3","30","30","31","3100000","96012","0.030971612903225806","13","26"
"25","5","3","30","30","123","12300000","193814","0.015757235772357724","5","5"
"27","5","3","30","30","43","4300000","102942","0.02394","5","5"
"28","5","3","30","30","32","3200000","98916","0.03091125","14","29"
"25","5","3","30","30","124","12400000","194556","0.01569","5","6"
"27","5","3","30","30","44","4400000","103664","0.02356","5","6"
"28","5","3","30","30","33","3300000","101535","0.03076818181818182","13","25"
"25","5","3","30","30","125","12500000","195263","0.01562104","5","5"
"27","5","3","30","30","45","4500000","104568","0.023237333333333332","5","8"
"28","5","3","30","30","34","3400000","103946","0.03057235294117647","13","21"
"25","5","3","30","30","126","12600000","195842","0.015543015873015873","5","6"
"27","5","3","30","30","46","4600000","105411","0.022915434782608695","5","8"
"28","5","3","30","30","35","3500000","106450","0.030414285714285713","12","18"
"25","5","3","30","30","127","12700000","196470","0.01547007874015748","5","9"
"27","5","3","30","30","47","4700000","106195","0.02259468085106383","5","8"
"28","5","3","30","30","36","3600000","108876","0.030243333333333334","13","25"
"25","5","3","30","30","128","12800000","197164","0.0154034375","5","5"
"27","5","3","30","30","48","4800000","106817","0.022253541666666668","5","6"
"28","5","3","30","30","37","3700000","110999","0.02999972972972973","11","23"
"25","5","3","30","30","129","12900000","197743","0.015328914728682171","5","6"
"27","5","3","30","30","49","4900000","107422","0.021922857142857143","5","5"
"28","5","3","30","30","38","3800000","112914","0.02971421052631579","12","21"
"25","5","3","30","30","130","13000000","198394","0.015261076923076922","5","5"
"27","5","3","30","30","50","5000000","108077","0.0216154","5","5"
"28","5","3","30","30","39","3900000","114745","0.029421794871794874","12","24"
"25","5","3","30","30","131","13100000","199009","0.015191526717557252","5","5"
"27","5","3","30","30","51","5100000","108635","0.021300980392156863","5","7"
"28","5","3","30","30","40","4000000","116820","0.029205","12","29"
"25","5","3","30","30","132","13200000","199699","0.015128712121212121","5","5"
"27","5","3","30","30","52","5200000","109267","0.021012884615384614","5","6"
"25","5","3","30","30","133","13300000","200424","0.015069473684210527","5","5"
"28","5","3","30","30","41","4100000","118883","0.028995853658536585","12","21"
"27","5","3","30","30","53","5300000","109840","0.020724528301886792","5","5"
"25","5","3","30","30","134","13400000","201117","0.015008731343283581","5","7"
"28","5","3","30","30","42","4200000","120855","0.028775","12","23"
"27","5","3","30","30","54","5400000","110334","0.020432222222222223","5","5"
"25","5","3","30","30","135","13500000","201961","0.014960074074074074","5","7"
"28","5","3","30","30","43","4300000","122831","0.028565348837209303","12","23"
"27","5","3","30","30","55","5500000","110981","0.020178363636363637","5","5"
"25","5","3","30","30","136","13600000","202802","0.014911911764705882","5","7"
"28","5","3","30","30","44","4400000","124849","0.028374772727272728","12","21"
"27","5","3","30","30","56","5600000","111616","0.019931428571428572","5","8"
"25","5","3","30","30","137","13700000","203559","0.014858321167883212","5","7"
"28","5","3","30","30","45","4500000","126759","0.028168666666666668","12","20"
"27","5","3","30","30","57","5700000","112267","0.019695964912280702","5","6"
"25","5","3","30","30","138","13800000","204274","0.014802463768115942","5","7"
"28","5","3","30","30","46","4600000","128599","0.02795630434782609","12","20"
"27","5","3","30","30","58","5800000","113036","0.01948896551724138","5","5"
"25","5","3","30","30","139","13900000","204970","0.014746043165467626","5","6"
"28","5","3","30","30","47","4700000","130531","0.02777255319148936","12","20"
"27","5","3","30","30","59","5900000","113785","0.019285593220338983","5","6"
"25","5","3","30","30","140","14000000","205720","0.014694285714285714","5","6"
"28","5","3","30","30","48","4800000","132317","0.027566041666666666","11","23"
"27","5","3","30","30","60","6000000","114394","0.019065666666666668","5","5"
"25","5","3","30","30","141","14100000","206415","0.01463936170212766","5","8"
"28","5","3","30","30","49","4900000","134141","0.027375714285714284","12","21"
"27","5","3","30","30","61","6100000","115117","0.018871639344262295","5","7"
"25","5","3","30","30","142","14200000","207130","0.01458661971830986","5","5"
"27","5","3","30","30","62","6200000","116090","0.018724193548387096","5","7"
"28","5","3","30","30","50","5000000","136335","0.027267","13","21"
"25","5","3","30","30","143","14300000","207844","0.014534545454545455","5","5"
"27","5","3","30","30","63","6300000","116903","0.018556031746031747","5","8"
"28","5","3","30","30","51","5100000","139144","0.02728313725490196","12","20"
"25","5","3","30","30","144","14400000","208618","0.01448736111111111","5","8"
"27","5","3","30","30","64","6400000","117630","0.0183796875","5","6"
"28","5","3","30","30","52","5200000","141544","0.02722","10","13"
"25","5","3","30","30","145","14500000","209417","0.014442551724137932","5","7"
"27","5","3","30","30","65","6500000","118331","0.01820476923076923","5","6"
"28","5","3","30","30","53","5300000","143690","0.02711132075471698","10","14"
"25","5","3","30","30","146","14600000","210140","0.014393150684931506","5","6"
"27","5","3","30","30","66","6600000","119103","0.01804590909090909","5","6"
"28","5","3","30","30","54","5400000","145453","0.02693574074074074","10","14"
"25","5","3","30","30","147","14700000","210895","0.014346598639455782","5","6"
"27","5","3","30","30","67","6700000","119885","0.017893283582089553","5","7"
"25","5","3","30","30","148","14800000","211772","0.014308918918918919","5","9"
"28","5","3","30","30","55","5500000","147304","0.026782545454545455","10","13"
"27","5","3","30","30","68","6800000","120661","0.017744264705882352","5","6"
"25","5","3","30","30","149","14900000","212556","0.014265503355704697","5","5"
"28","5","3","30","30","56","5600000","149071","0.02661982142857143","10","14"
"27","5","3","30","30","69","6900000","121331","0.017584202898550724","5","6"
"25","5","3","30","30","150","15000000","213461","0.014230733333333334","5","8"
"28","5","3","30","30","57","5700000","150903","0.02647421052631579","9","10"
"27","5","3","30","30","70","7000000","122045","0.017435","5","6"
"25","5","3","30","30","151","15100000","214362","0.01419615894039735","5","9"
"28","5","3","30","30","58","5800000","152698","0.026327241379310345","9","18"
"27","5","3","30","30","71","7100000","122828","0.017299718309859154","5","6"
"25","5","3","30","30","152","15200000","215264","0.014162105263157894","5","7"
"28","5","3","30","30","59","5900000","154630","0.026208474576271186","10","17"
"27","5","3","30","30","72","7200000","123507","0.01715375","5","5"
"25","5","3","30","30","153","15300000","216146","0.01412718954248366","5","6"
"28","5","3","30","30","60","6000000","156473","0.026078833333333332","9","16"
"27","5","3","30","30","73","7300000","124124","0.017003287671232877","5","6"
"25","5","3","30","30","154","15400000","217075","0.01409577922077922","5","7"
"28","5","3","30","30","61","6100000","158301","0.025950983606557378","10","16"
"27","5","3","30","30","74","7400000","124892","0.016877297297297297","5","6"
"25","5","3","30","30","155","15500000","218021","0.014065870967741936","5","6"
"28","5","3","30","30","62","6200000","160055","0.025815322580645162","10","18"
"27","5","3","30","30","75","7500000","125739","0.0167652","5","7"
"25","5","3","30","30","156","15600000","218999","0.014038397435897436","5","7"
"28","5","3","30","30","63","6300000","161876","0.025694603174603176","9","15"
"27","5","3","30","30","76","7600000","126498","0.016644473684210525","5","6"
"25","5","3","30","30","157","15700000","220083","0.014018025477707006","5","5"
"28","5","3","30","30","64","6400000","163845","0.02560078125","9","12"
"27","5","3","30","30","77","7700000","127265","0.01652792207792208","5","7"
"25","5","3","30","30","158","15800000","221043","0.01399006329113924","5","5"
"28","5","3","30","30","65","6500000","165675","0.02548846153846154","10","13"
"27","5","3","30","30","78","7800000","128018","0.016412564102564104","5","6"
"25","5","3","30","30","159","15900000","221973","0.01396056603773585","5","7"
"28","5","3","30","30","66","6600000","167704","0.02540969696969697","9","12"
"27","5","3","30","30","79","7900000","128762","0.016298987341772153","5","6"
"25","5","3","30","30","160","16000000","222816","0.013926","5","5"
"28","5","3","30","30","67","6700000","169448","0.025290746268656718","9","15"
"27","5","3","30","30","80","8000000","129569","0.016196125","5","7"
"25","5","3","30","30","161","16100000","223558","0.013885590062111802","5","7"
"28","5","3","30","30","68","6800000","171338","0.025196764705882353","8","13"
"27","5","3","30","30","81","8100000","130565","0.016119135802469136","5","6"
"25","5","3","30","30","162","16200000","224442","0.013854444444444445","5","6"
"28","5","3","30","30","69","6900000","173322","0.02511913043478261","8","15"
"27","5","3","30","30","82","8200000","131551","0.01604280487804878","5","5"
"25","5","3","30","30","163","16300000","225386","0.013827361963190184","5","7"
"25","5","3","30","30","164","16400000","226318","0.013799878048780488","5","5"
"27","5","3","30","30","83","8300000","132421","0.01595433734939759","5","7"
"28","5","3","30","30","70","7000000","175298","0.025042571428571428","8","11"
"25","5","3","30","30","165","16500000","227690","0.01379939393939394","5","6"
"27","5","3","30","30","84","8400000","133310","0.015870238095238094","5","6"
"28","5","3","30","30","71","7100000","177145","0.02495","8","11"
"25","5","3","30","30","166","16600000","228856","0.013786506024096385","5","8"
"27","5","3","30","30","85","8500000","133965","0.015760588235294117","5","6"
"28","5","3","30","30","72","7200000","179058","0.024869166666666668","9","15"
"25","5","3","30","30","167","16700000","229822","0.013761796407185629","5","8"
"27","5","3","30","30","86","8600000","134601","0.015651279069767442","5","5"
"28","5","3","30","30","73","7300000","180993","0.024793561643835615","10","20"
"25","5","3","30","30","168","16800000","230829","0.01373982142857143","5","8"
"27","5","3","30","30","87","8700000","135282","0.015549655172413792","5","5"
"28","5","3","30","30","74","7400000","183089","0.024741756756756758","10","21"
"25","5","3","30","30","169","16900000","231943","0.013724437869822486","5","6"
"27","5","3","30","30","88","8800000","135993","0.01545375","5","7"
"28","5","3","30","30","75","7500000","184973","0.024663066666666667","10","18"
"25","5","3","30","30","170","17000000","232954","0.013703176470588236","5","6"
"27","5","3","30","30","89","8900000","136746","0.015364719101123596","5","7"
"28","5","3","30","30","76","7600000","186871","0.02458828947368421","10","19"
"25","5","3","30","30","171","17100000","233898","0.013678245614035087","5","5"
"27","5","3","30","30","90","9000000","137528","0.015280888888888889","5","7"
"28","5","3","30","30","77","7700000","188767","0.024515194805194804","10","18"
"25","5","3","30","30","172","17200000","234704","0.013645581395348837","5","6"
"27","5","3","30","30","91","9100000","138288","0.015196483516483516","5","8"
"28","5","3","30","30","78","7800000","190537","0.02442782051282051","9","21"
"25","5","3","30","30","173","17300000","235595","0.013618208092485548","5","5"
"27","5","3","30","30","92","9200000","139012","0.01511","5","6"
"28","5","3","30","30","79","7900000","192129","0.02432012658227848","9","13"
"25","5","3","30","30","174","17400000","236569","0.013595919540229885","5","7"
"27","5","3","30","30","93","9300000","139627","0.015013655913978494","5","6"
"28","5","3","30","30","80","8000000","193525","0.024190625","8","15"
"25","5","3","30","30","175","17500000","237532","0.013573257142857143","5","6"
"27","5","3","30","30","94","9400000","140241","0.014919255319148936","5","6"
"28","5","3","30","30","81","8100000","194932","0.02406567901234568","8","13"
"25","5","3","30","30","176","17600000","238315","0.013540625","5","5"
"27","5","3","30","30","95","9500000","140885","0.01483","5","7"
"28","5","3","30","30","82","8200000","196372","0.02394780487804878","8","12"
"25","5","3","30","30","177","17700000","238956","0.013500338983050848","5","5"
"27","5","3","30","30","96","9600000","141507","0.0147403125","5","6"
"28","5","3","30","30","83","8300000","197756","0.023826024096385543","8","10"
"25","5","3","30","30","178","17800000","239589","0.013460056179775281","5","5"
"27","5","3","30","30","97","9700000","142157","0.014655360824742268","5","5"
"28","5","3","30","30","84","8400000","199192","0.023713333333333333","8","13"
"25","5","3","30","30","179","17900000","240102","0.013413519553072626","5","5"
"27","5","3","30","30","98","9800000","142772","0.014568571428571429","5","5"
"28","5","3","30","30","85","8500000","200542","0.023593176470588235","8","14"
"25","5","3","30","30","180","18000000","240504","0.013361333333333333","5","7"
"27","5","3","30","30","99","9900000","143360","0.01448080808080808","5","6"
"25","5","3","30","30","181","18100000","240993","0.013314530386740332","5","5"
"28","5","3","30","30","86","8600000","202138","0.02350441860465116","8","10"
"27","5","3","30","30","100","10000000","143964","0.0143964","5","6"
"25","5","3","30","30","182","18200000","241598","0.013274615384615385","5","7"
"28","5","3","30","30","87","8700000","203749","0.023419425287356323","8","15"
"27","5","3","30","30","101","10100000","144604","0.014317227722772278","5","5"
"25","5","3","30","30","183","18300000","242080","0.013228415300546447","5","5"
"28","5","3","30","30","88","8800000","205365","0.02333693181818182","8","11"
"27","5","3","30","30","102","10200000","145301","0.014245196078431372","5","6"
"25","5","3","30","30","184","18400000","242691","0.013189728260869565","5","5"
"28","5","3","30","30","89","8900000","207019","0.023260561797752807","8","18"
"27","5","3","30","30","103","10300000","146053","0.01417990291262136","5","5"
"25","5","3","30","30","185","18500000","243282","0.013150378378378378","5","5"
"28","5","3","30","30","90","9000000","208551","0.023172333333333333","8","13"
"27","5","3","30","30","104","10400000","146693","0.014105096153846154","5","6"
"25","5","3","30","30","186","18600000","244105","0.013123924731182795","5","6"
"28","5","3","30","30","91","9100000","209907","0.023066703296703298","8","12"
"27","5","3","30","30","105","10500000","147398","0.014037904761904762","5","7"
"25","5","3","30","30","187","18700000","244751","0.013088288770053476","5","6"
"27","5","3","30","30","106","10600000","148068","0.013968679245283019","5","7"
"28","5","3","30","30","92","9200000","211191","0.02295554347826087","8","15"
"25","5","3","30","30","188","18800000","245433","0.013054946808510638","5","6"
"27","5","3","30","30","107","10700000","148716","0.013898691588785046","5","5"
"28","5","3","30","30","93","9300000","212630","0.022863440860215054","8","14"
"25","5","3","30","30","189","18900000","246101","0.013021216931216932","5","5"
"27","5","3","30","30","108","10800000","149331","0.013826944444444444","5","5"
"28","5","3","30","30","94","9400000","213932","0.022758723404255318","8","12"
"25","5","3","30","30","190","19000000","246975","0.012998684210526315","5","6"
"27","5","3","30","30","109","10900000","150003","0.013761743119266055","5","6"
"28","5","3","30","30","95","9500000","215064","0.022638315789473683","8","15"
"25","5","3","30","30","191","19100000","247853","0.012976596858638743","5","5"
"27","5","3","30","30","110","11000000","150688","0.013698909090909091","5","5"
"28","5","3","30","30","96","9600000","216160","0.022516666666666667","7","11"
"25","5","3","30","30","192","19200000","248546","0.012945104166666667","5","5"
"27","5","3","30","30","111","11100000","151368","0.013636756756756756","5","6"
"28","5","3","30","30","97","9700000","217353","0.022407525773195876","7","9"
"25","5","3","30","30","193","19300000","249279","0.0129160103626943","5","6"
"27","5","3","30","30","112","11200000","152093","0.013579732142857143","5","7"
"28","5","3","30","30","98","9800000","218678","0.02231408163265306","7","10"
"25","5","3","30","30","194","19400000","249780","0.012875257731958762","5","5"
"27","5","3","30","30","113","11300000","152745","0.013517256637168141","5","5"
"28","5","3","30","30","99","9900000","219792","0.02220121212121212","7","10"
"25","5","3","30","30","195","19500000","250066","0.012823897435897435","5","5"
"27","5","3","30","30","114","11400000","153374","0.013453859649122806","5","6"
"28","5","3","30","30","100","10000000","220807","0.0220807","7","12"
"25","5","3","30","30","196","19600000","250216","0.012766122448979593","4","4"
"29","5","3","30","30","0","0","0","0","125","888"
"27","5","3","30","30","115","11500000","154067","0.01339713043478261","5","7"
"28","5","3","30","30","101","10100000","221880","0.02196831683168317","7","8"
"29","5","3","30","30","1","100000","6838","0.06838","100","220"
"27","5","3","30","30","116","11600000","154711","0.013337155172413793","5","9"
"28","5","3","30","30","102","10200000","222698","0.02183313725490196","7","9"
"29","5","3","30","30","2","200000","13057","0.065285","84","155"
"27","5","3","30","30","117","11700000","155418","0.013283589743589744","5","7"
"28","5","3","30","30","103","10300000","223636","0.021712233009708738","7","9"
"29","5","3","30","30","3","300000","18201","0.06067","64","108"
"27","5","3","30","30","118","11800000","156065","0.01322584745762712","5","6"
"28","5","3","30","30","104","10400000","224433","0.021580096153846155","6","8"
"29","5","3","30","30","4","400000","23095","0.0577375","53","90"
"27","5","3","30","30","119","11900000","156684","0.01316672268907563","5","8"
"28","5","3","30","30","105","10500000","225033","0.021431714285714287","6","9"
"29","5","3","30","30","5","500000","26696","0.053392","45","63"
"27","5","3","30","30","120","12000000","157356","0.013113","5","6"
"28","5","3","30","30","106","10600000","225658","0.021288490566037734","6","11"
"29","5","3","30","30","6","600000","30029","0.050048333333333334","40","58"
"27","5","3","30","30","121","12100000","157930","0.01305206611570248","5","8"
"28","5","3","30","30","107","10700000","226072","0.02112822429906542","6","8"
"29","5","3","30","30","7","700000","33120","0.04731428571428571","41","67"
"27","5","3","30","30","122","12200000","158593","0.012999426229508197","5","7"
"28","5","3","30","30","108","10800000","226146","0.020939444444444445","5","6"
"30","5","3","30","30","0","0","0","0","125","873"
"29","5","3","30","30","8","800000","36645","0.04580625","38","54"
"27","5","3","30","30","123","12300000","159386","0.01295821138211382","5","5"
"30","5","3","30","30","1","100000","7685","0.07685","100","231"
"29","5","3","30","30","9","900000","39223","0.04358111111111111","32","48"
"27","5","3","30","30","124","12400000","160042","0.012906612903225806","5","7"
"30","5","3","30","30","2","200000","14921","0.074605","69","136"
"29","5","3","30","30","10","1000000","41720","0.04172","32","45"
"27","5","3","30","30","125","12500000","160835","0.0128668","5","5"
"30","5","3","30","30","3","300000","20830","0.06943333333333333","61","105"
"29","5","3","30","30","11","1100000","43844","0.03985818181818182","28","45"
"27","5","3","30","30","126","12600000","161482","0.012816031746031745","5","6"
"29","5","3","30","30","12","1200000","45878","0.038231666666666664","26","32"
"30","5","3","30","30","4","400000","25539","0.0638475","47","73"
"27","5","3","30","30","127","12700000","162093","0.012763228346456693","5","5"
"29","5","3","30","30","13","1300000","47583","0.03660230769230769","22","29"
"30","5","3","30","30","5","500000","30180","0.06036","39","75"
"27","5","3","30","30","128","12800000","162660","0.0127078125","5","7"
"29","5","3","30","30","14","1400000","48954","0.034967142857142856","21","23"
"27","5","3","30","30","129","12900000","163196","0.012650852713178295","5","5"
"30","5","3","30","30","6","600000","34512","0.05752","34","58"
"29","5","3","30","30","15","1500000","50191","0.033460666666666666","20","24"
"27","5","3","30","30","130","13000000","163742","0.012595538461538462","5","6"
"30","5","3","30","30","7","700000","38023","0.05431857142857143","33","47"
"29","5","3","30","30","16","1600000","51365","0.032103125","20","23"
"27","5","3","30","30","131","13100000","164543","0.012560534351145038","5","6"
"30","5","3","30","30","8","800000","41194","0.0514925","32","56"
"29","5","3","30","30","17","1700000","52416","0.030832941176470587","21","25"
"27","5","3","30","30","132","13200000","165171","0.012512954545454546","5","7"
"30","5","3","30","30","9","900000","44616","0.04957333333333333","26","45"
"29","5","3","30","30","18","1800000","53318","0.029621111111111112","21","23"
"27","5","3","30","30","133","13300000","165816","0.012467368421052632","5","6"
"30","5","3","30","30","10","1000000","47369","0.047369","24","44"
"29","5","3","30","30","19","1900000","54202","0.02852736842105263","20","26"
"27","5","3","30","30","134","13400000","166445","0.012421268656716418","5","7"
"30","5","3","30","30","11","1100000","50684","0.04607636363636364","27","40"
"29","5","3","30","30","20","2000000","55126","0.027563","21","25"
"27","5","3","30","30","135","13500000","167089","0.012376962962962963","5","6"
"30","5","3","30","30","12","1200000","54196","0.04516333333333333","23","39"
"29","5","3","30","30","21","2100000","56076","0.026702857142857143","20","28"
"27","5","3","30","30","136","13600000","167730","0.012333088235294118","5","5"
"30","5","3","30","30","13","1300000","57690","0.04437692307692308","21","39"
"29","5","3","30","30","22","2200000","56789","0.02581318181818182","19","21"
"27","5","3","30","30","137","13700000","168517","0.01230051094890511","5","7"
"30","5","3","30","30","14","1400000","61038","0.04359857142857143","22","40"
"29","5","3","30","30","23","2300000","57477","0.02499","19","23"
"27","5","3","30","30","138","13800000","169162","0.012258115942028986","5","6"
"30","5","3","30","30","15","1500000","64691","0.04312733333333333","25","44"
"29","5","3","30","30","24","2400000","58139","0.024224583333333334","19","20"
"27","5","3","30","30","139","13900000","169813","0.012216762589928057","5","8"
"30","5","3","30","30","16","1600000","68306","0.04269125","25","39"
"29","5","3","30","30","25","2500000","58673","0.0234692","19","23"
"27","5","3","30","30","140","14000000","170487","0.012177642857142857","5","5"
"30","5","3","30","30","17","1700000","71958","0.042328235294117646","26","39"
"29","5","3","30","30","26","2600000","59526","0.022894615384615385","19","23"
"27","5","3","30","30","141","14100000","171093","0.012134255319148936","5","5"
"30","5","3","30","30","18","1800000","75847","0.04213722222222222","26","49"
"29","5","3","30","30","27","2700000","60347","0.02235074074074074","19","21"
"27","5","3","30","30","142","14200000","171716","0.012092676056338028","5","6"
"30","5","3","30","30","19","1900000","80149","0.04218368421052632","26","47"
"29","5","3","30","30","28","2800000","60940","0.021764285714285715","19","19"
"27","5","3","30","30","143","14300000","172414","0.012056923076923076","5","5"
"29","5","3","30","30","29","2900000","61571","0.021231379310344828","18","20"
"30","5","3","30","30","20","2000000","84120","0.04206","22","39"
"27","5","3","30","30","144","14400000","173289","0.012033958333333334","5","9"
"29","5","3","30","30","30","3000000","62312","0.020770666666666666","19","22"
"30","5","3","30","30","21","2100000","87685","0.041754761904761906","18","27"
"27","5","3","30","30","145","14500000","174093","0.012006413793103448","5","5"
"29","5","3","30","30","31","3100000","63040","0.02033548387096774","20","23"
"30","5","3","30","30","22","2200000","90565","0.04116590909090909","18","33"
"27","5","3","30","30","146","14600000","174708","0.011966301369863014","5","6"
"29","5","3","30","30","32","3200000","63669","0.0198965625","16","16"
"30","5","3","30","30","23","2300000","93455","0.040632608695652175","14","28"
"27","5","3","30","30","147","14700000","175398","0.011931836734693878","5","5"
"29","5","3","30","30","33","3300000","64049","0.01940878787878788","18","18"
"30","5","3","30","30","24","2400000","95995","0.03999791666666667","14","28"
"27","5","3","30","30","148","14800000","176057","0.011895743243243244","5","5"
"29","5","3","30","30","34","3400000","64356","0.01892823529411765","16","16"
"30","5","3","30","30","25","2500000","98540","0.039416","14","23"
"27","5","3","30","30","149","14900000","176685","0.011858053691275168","5","6"
"29","5","3","30","30","35","3500000","64581","0.018451714285714287","16","17"
"27","5","3","30","30","150","15000000","177323","0.011821533333333334","5","7"
"30","5","3","30","30","26","2600000","101212","0.03892769230769231","18","28"
"29","5","3","30","30","36","3600000","64843","0.018011944444444445","16","17"
"27","5","3","30","30","151","15100000","177948","0.011784635761589404","5","6"
"30","5","3","30","30","27","2700000","104455","0.038687037037037034","16","29"
"29","5","3","30","30","37","3700000","65080","0.01758918918918919","15","15"
"27","5","3","30","30","152","15200000","178794","0.011762763157894736","5","9"
"30","5","3","30","30","28","2800000","107998","0.038570714285714285","18","32"
"29","5","3","30","30","38","3800000","65273","0.017177105263157896","15","15"
"27","5","3","30","30","153","15300000","179596","0.01173830065359477","5","7"
"30","5","3","30","30","29","2900000","111599","0.03848241379310345","17","33"
"29","5","3","30","30","39","3900000","65577","0.016814615384615386","15","15"
"27","5","3","30","30","154","15400000","180309","0.011708376623376624","5","6"
"30","5","3","30","30","30","3000000","114999","0.038333","18","28"
"29","5","3","30","30","40","4000000","65994","0.0164985","15","17"
"27","5","3","30","30","155","15500000","180902","0.011671096774193548","5","6"
"30","5","3","30","30","31","3100000","117804","0.03800129032258064","17","33"
"29","5","3","30","30","41","4100000","66507","0.01622121951219512","15","17"
"27","5","3","30","30","156","15600000","181658","0.01164474358974359","5","7"
"30","5","3","30","30","32","3200000","120884","0.03777625","16","33"
"29","5","3","30","30","42","4200000","66912","0.015931428571428572","15","15"
"27","5","3","30","30","157","15700000","182515","0.01162515923566879","5","6"
"29","5","3","30","30","43","4300000","67248","0.015639069767441862","15","17"
"30","5","3","30","30","33","3300000","123874","0.037537575757575756","14","22"
"27","5","3","30","30","158","15800000","183119","0.011589810126582278","5","6"
"29","5","3","30","30","44","4400000","67491","0.015338863636363637","15","17"
"30","5","3","30","30","34","3400000","126497","0.037205","12","19"
"27","5","3","30","30","159","15900000","184107","0.011579056603773586","5","7"
"29","5","3","30","30","45","4500000","67688","0.015041777777777777","14","14"
"30","5","3","30","30","35","3500000","129501","0.037000285714285715","12","23"
"27","5","3","30","30","160","16000000","184735","0.0115459375","5","6"
"29","5","3","30","30","46","4600000","67943","0.014770217391304347","16","19"
"30","5","3","30","30","36","3600000","132601","0.03683361111111111","14","21"
"27","5","3","30","30","161","16100000","185526","0.011523354037267081","5","5"
"29","5","3","30","30","47","4700000","68347","0.014541914893617022","16","17"
"30","5","3","30","30","37","3700000","136022","0.0367627027027027","14","25"
"27","5","3","30","30","162","16200000","186234","0.011495925925925925","5","6"
"29","5","3","30","30","48","4800000","68800","0.014333333333333333","16","18"
"30","5","3","30","30","38","3800000","139372","0.03667684210526316","13","30"
"27","5","3","30","30","163","16300000","186759","0.01145760736196319","5","8"
"29","5","3","30","30","49","4900000","69210","0.014124489795918368","15","22"
"30","5","3","30","30","39","3900000","142376","0.036506666666666666","12","34"
"27","5","3","30","30","164","16400000","187385","0.011425914634146342","5","8"
"29","5","3","30","30","50","5000000","69571","0.0139142","16","21"
"30","5","3","30","30","40","4000000","145200","0.0363","12","23"
"27","5","3","30","30","165","16500000","188035","0.011396060606060606","5","6"
"29","5","3","30","30","51","5100000","70021","0.013729607843137256","14","14"
"30","5","3","30","30","41","4100000","148115","0.03612560975609756","9","15"
"27","5","3","30","30","166","16600000","188821","0.011374759036144579","5","5"
"29","5","3","30","30","52","5200000","70404","0.013539230769230769","14","14"
"30","5","3","30","30","42","4200000","150771","0.03589785714285714","9","14"
"27","5","3","30","30","167","16700000","189392","0.011340838323353293","5","6"
"29","5","3","30","30","53","5300000","70805","0.01335943396226415","14","16"
"30","5","3","30","30","43","4300000","153236","0.03563627906976744","9","15"
"27","5","3","30","30","168","16800000","189972","0.011307857142857142","5","5"
"29","5","3","30","30","54","5400000","71203","0.013185740740740741","14","17"
"30","5","3","30","30","44","4400000","155609","0.03536568181818182","9","16"
"27","5","3","30","30","169","16900000","190623","0.011279467455621302","5","7"
"29","5","3","30","30","55","5500000","71541","0.013007454545454546","14","14"
"30","5","3","30","30","45","4500000","157739","0.03505311111111111","9","10"
"27","5","3","30","30","170","17000000","191314","0.011253764705882354","5","6"
"29","5","3","30","30","56","5600000","71901","0.012839464285714286","14","18"
"30","5","3","30","30","46","4600000","159757","0.03472978260869565","7","13"
"29","5","3","30","30","57","5700000","72307","0.012685438596491228","14","16"
"27","5","3","30","30","171","17100000","191972","0.011226432748538013","5","5"
"29","5","3","30","30","58","5800000","72749","0.012542931034482759","14","14"
"27","5","3","30","30","172","17200000","192545","0.011194476744186046","5","6"
"30","5","3","30","30","47","4700000","161701","0.03440446808510638","7","8"
"29","5","3","30","30","59","5900000","73116","0.012392542372881355","14","16"
"27","5","3","30","30","173","17300000","193177","0.011166300578034681","5","8"
"30","5","3","30","30","48","4800000","163515","0.034065625","7","10"
"29","5","3","30","30","60","6000000","73476","0.012246","14","14"
"27","5","3","30","30","174","17400000","193984","0.011148505747126437","5","5"
"30","5","3","30","30","49","4900000","165445","0.03376428571428571","7","10"
"29","5","3","30","30","61","6100000","73908","0.012116065573770492","14","15"
"27","5","3","30","30","175","17500000","194665","0.011123714285714285","5","7"
"30","5","3","30","30","50","5000000","167102","0.0334204","7","8"
"29","5","3","30","30","62","6200000","74258","0.011977096774193549","13","15"
"27","5","3","30","30","176","17600000","195288","0.01109590909090909","5","7"
"30","5","3","30","30","51","5100000","168639","0.033066470588235294","7","8"
"29","5","3","30","30","63","6300000","74572","0.011836825396825398","13","14"
"27","5","3","30","30","177","17700000","195932","0.01106960451977401","5","7"
"30","5","3","30","30","52","5200000","170410","0.032771153846153846","7","9"
"29","5","3","30","30","64","6400000","74908","0.011704375","13","14"
"27","5","3","30","30","178","17800000","196601","0.011045","5","6"
"30","5","3","30","30","53","5300000","172281","0.032505849056603774","7","11"
"29","5","3","30","30","65","6500000","75072","0.011549538461538462","12","13"
"27","5","3","30","30","179","17900000","197279","0.011021173184357542","5","6"
"30","5","3","30","30","54","5400000","173989","0.032220185185185185","7","9"
"29","5","3","30","30","66","6600000","75264","0.011403636363636364","12","12"
"27","5","3","30","30","180","18000000","198047","0.01100261111111111","5","5"
"30","5","3","30","30","55","5500000","175375","0.031886363636363636","6","7"
"29","5","3","30","30","67","6700000","75369","0.01124910447761194","12","12"
"27","5","3","30","30","181","18100000","198755","0.010980939226519337","5","5"
"30","5","3","30","30","56","5600000","176171","0.03145910714285714","6","6"
"29","5","3","30","30","68","6800000","75447","0.011095147058823529","12","12"
"27","5","3","30","30","182","18200000","199410","0.010956593406593407","5","5"
"30","5","3","30","30","57","5700000","177110","0.031071929824561403","6","9"
"29","5","3","30","30","69","6900000","75547","0.010948840579710144","12","12"
"27","5","3","30","30","183","18300000","199964","0.010926994535519126","5","7"
"30","5","3","30","30","58","5800000","177672","0.030633103448275863","5","5"
"29","5","3","30","30","70","7000000","75649","0.010807","12","12"
"27","5","3","30","30","184","18400000","200567","0.010900380434782609","5","8"
"30","5","3","30","30","59","5900000","177797","0.03013508474576271","4","4"
"31","5","3","30","30","0","0","0","0","125","889"
"29","5","3","30","30","71","7100000","75766","0.010671267605633803","12","12"
"27","5","3","30","30","185","18500000","201240","0.010877837837837839","5","8"
"29","5","3","30","30","72","7200000","75875","0.010538194444444444","12","12"
"31","5","3","30","30","1","100000","7472","0.07472","99","233"
"27","5","3","30","30","186","18600000","201866","0.010853010752688172","5","6"
"29","5","3","30","30","73","7300000","75976","0.010407671232876713","12","13"
"31","5","3","30","30","2","200000","13884","0.06942","75","152"
"27","5","3","30","30","187","18700000","202536","0.010830802139037433","5","5"
"29","5","3","30","30","74","7400000","76073","0.010280135135135135","12","12"
"31","5","3","30","30","3","300000","19870","0.06623333333333334","56","99"
"27","5","3","30","30","188","18800000","203327","0.010815265957446809","5","9"
"29","5","3","30","30","75","7500000","76186","0.010158133333333333","12","12"
"31","5","3","30","30","4","400000","25407","0.0635175","50","99"
"27","5","3","30","30","189","18900000","204064","0.010797037037037037","5","5"
"29","5","3","30","30","76","7600000","76306","0.010040263157894736","12","12"
"31","5","3","30","30","5","500000","30516","0.061032","38","66"
"27","5","3","30","30","190","19000000","204684","0.010772842105263157","5","5"
"29","5","3","30","30","77","7700000","76475","0.009931818181818182","12","12"
"31","5","3","30","30","6","600000","34109","0.056848333333333334","27","39"
"27","5","3","30","30","191","19100000","205350","0.01075130890052356","5","5"
"29","5","3","30","30","78","7800000","76625","0.009823717948717949","12","12"
"31","5","3","30","30","7","700000","37101","0.053001428571428574","28","51"
"27","5","3","30","30","192","19200000","205981","0.010728177083333333","5","5"
"29","5","3","30","30","79","7900000","76750","0.009715189873417721","12","12"
"31","5","3","30","30","8","800000","40513","0.05064125","23","44"
"27","5","3","30","30","193","19300000","206659","0.010707720207253886","5","8"
"29","5","3","30","30","80","8000000","76863","0.009607875","12","12"
"27","5","3","30","30","194","19400000","207441","0.010692835051546392","5","9"
"31","5","3","30","30","9","900000","43664","0.048515555555555555","20","42"
"29","5","3","30","30","81","8100000","76972","0.009502716049382716","12","13"
"27","5","3","30","30","195","19500000","208186","0.010676205128205128","5","5"
"31","5","3","30","30","10","1000000","47583","0.047583","26","64"
"29","5","3","30","30","82","8200000","77108","0.009403414634146342","12","12"
"27","5","3","30","30","196","19600000","209058","0.010666224489795918","5","8"
"31","5","3","30","30","11","1100000","51476","0.046796363636363636","22","53"
"29","5","3","30","30","83","8300000","77230","0.009304819277108434","12","12"
"27","5","3","30","30","197","19700000","209829","0.010651218274111675","5","6"
"31","5","3","30","30","12","1200000","54708","0.04559","18","38"
"29","5","3","30","30","84","8400000","77316","0.009204285714285713","12","12"
"27","5","3","30","30","198","19800000","210666","0.010639696969696969","5","5"
"29","5","3","30","30","85","8500000","77472","0.009114352941176471","12","12"
"31","5","3","30","30","13","1300000","57710","0.04439230769230769","16","30"
"27","5","3","30","30","199","19900000","211592","0.010632763819095477","5","9"
"29","5","3","30","30","86","8600000","77615","0.009025","12","12"
"31","5","3","30","30","14","1400000","60369","0.04312071428571428","12","23"
"29","5","3","30","30","87","8700000","77715","0.008932758620689655","12","12"
"27","5","3","30","30","200","20000000","212221","0.01061105","5","5"
"31","5","3","30","30","15","1500000","62740","0.041826666666666665","12","19"
"29","5","3","30","30","88","8800000","77842","0.008845681818181819","12","13"
"27","5","3","30","30","201","20100000","212933","0.010593681592039801","5","6"
"31","5","3","30","30","16","1600000","65207","0.040754375","11","20"
"29","5","3","30","30","89","8900000","77984","0.008762247191011235","12","12"
"27","5","3","30","30","202","20200000","213577","0.010573118811881188","5","6"
"31","5","3","30","30","17","1700000","67454","0.039678823529411766","15","27"
"29","5","3","30","30","90","9000000","78111","0.008679","12","12"
"27","5","3","30","30","203","20300000","214216","0.010552512315270936","5","7"
"31","5","3","30","30","18","1800000","70137","0.038965","11","21"
"29","5","3","30","30","91","9100000","78220","0.008595604395604396","12","14"
"27","5","3","30","30","204","20400000","215021","0.010540245098039216","5","5"
"31","5","3","30","30","19","1900000","73019","0.03843105263157895","12","28"
"29","5","3","30","30","92","9200000","78355","0.008516847826086957","12","12"
"27","5","3","30","30","205","20500000","215748","0.010524292682926829","5","5"
"31","5","3","30","30","20","2000000","75728","0.037864","10","23"
"29","5","3","30","30","93","9300000","78478","0.008438494623655915","12","12"
"27","5","3","30","30","206","20600000","216730","0.010520873786407767","5","5"
"31","5","3","30","30","21","2100000","78496","0.03737904761904762","9","15"
"29","5","3","30","30","94","9400000","78573","0.008358829787234042","12","12"
"27","5","3","30","30","207","20700000","217831","0.010523236714975846","5","8"
"31","5","3","30","30","22","2200000","81325","0.03696590909090909","9","19"
"29","5","3","30","30","95","9500000","78800","0.008294736842105263","12","13"
"27","5","3","30","30","208","20800000","218779","0.010518221153846154","5","6"
"31","5","3","30","30","23","2300000","84193","0.036605652173913046","8","17"
"29","5","3","30","30","96","9600000","79017","0.0082309375","12","13"
"27","5","3","30","30","209","20900000","219591","0.010506746411483253","5","6"
"31","5","3","30","30","24","2400000","86965","0.036235416666666666","8","18"
"29","5","3","30","30","97","9700000","79240","0.008169072164948454","12","15"
"27","5","3","30","30","210","21000000","220371","0.010493857142857143","5","6"
"31","5","3","30","30","25","2500000","89258","0.0357032","8","20"
"29","5","3","30","30","98","9800000","79426","0.008104693877551021","12","12"
"27","5","3","30","30","211","21100000","221086","0.010478009478672987","5","6"
"31","5","3","30","30","26","2600000","91480","0.035184615384615384","8","17"
"29","5","3","30","30","99","9900000","79693","0.00804979797979798","12","14"
"27","5","3","30","30","212","21200000","221732","0.010459056603773585","5","6"
"31","5","3","30","30","27","2700000","93247","0.03453592592592593","7","8"
"29","5","3","30","30","100","10000000","79868","0.0079868","12","13"
"27","5","3","30","30","213","21300000","222449","0.010443615023474179","5","6"
"31","5","3","30","30","28","2800000","94413","0.03371892857142857","6","9"
"29","5","3","30","30","101","10100000","80046","0.007925346534653465","12","14"
"27","5","3","30","30","214","21400000","223196","0.010429719626168224","5","6"
"31","5","3","30","30","29","2900000","95434","0.032908275862068966","5","5"
"29","5","3","30","30","102","10200000","80226","0.007865294117647059","12","13"
"27","5","3","30","30","215","21500000","223919","0.010414837209302325","5","6"
"29","5","3","30","30","103","10300000","80412","0.007806990291262136","12","12"
"31","5","3","30","30","30","3000000","96448","0.032149333333333335","4","6"
"27","5","3","30","30","216","21600000","224718","0.010403611111111112","5","7"
"29","5","3","30","30","104","10400000","80540","0.007744230769230769","12","13"
"31","5","3","30","30","31","3100000","97263","0.031375161290322584","4","4"
"27","5","3","30","30","217","21700000","225483","0.010390921658986176","5","7"
"29","5","3","30","30","105","10500000","80638","0.007679809523809524","12","12"
"31","5","3","30","30","32","3200000","97914","0.030598125","4","4"
"27","5","3","30","30","218","21800000","226433","0.01038683486238532","5","8"
"29","5","3","30","30","106","10600000","80737","0.007616698113207547","12","12"
"31","5","3","30","30","33","3300000","98662","0.029897575757575758","4","5"
"27","5","3","30","30","219","21900000","227480","0.010387214611872145","5","8"
"29","5","3","30","30","107","10700000","80843","0.007555420560747664","12","12"
"31","5","3","30","30","34","3400000","99338","0.029217058823529412","4","4"
"27","5","3","30","30","220","22000000","228440","0.010383636363636364","5","6"
"29","5","3","30","30","108","10800000","80983","0.007498425925925926","12","13"
"31","5","3","30","30","35","3500000","100123","0.02860657142857143","4","5"
"27","5","3","30","30","221","22100000","229200","0.0103710407239819","5","6"
"29","5","3","30","30","109","10900000","81140","0.007444036697247707","12","12"
"31","5","3","30","30","36","3600000","100947","0.028040833333333334","4","5"
"27","5","3","30","30","222","22200000","229872","0.010354594594594594","5","6"
"29","5","3","30","30","110","11000000","81296","0.007390545454545454","12","12"
"31","5","3","30","30","37","3700000","101631","0.02746783783783784","4","7"
"27","5","3","30","30","223","22300000","230729","0.01034659192825112","5","7"
"29","5","3","30","30","111","11100000","81412","0.007334414414414414","12","12"
"31","5","3","30","30","38","3800000","102365","0.02693815789473684","4","4"
"27","5","3","30","30","224","22400000","231547","0.010336919642857142","5","5"
"29","5","3","30","30","112","11200000","81541","0.007280446428571429","12","13"
"31","5","3","30","30","39","3900000","103198","0.02646102564102564","4","7"
"27","5","3","30","30","225","22500000","232263","0.0103228","5","7"
"29","5","3","30","30","113","11300000","81666","0.007227079646017699","12","12"
"31","5","3","30","30","40","4000000","103962","0.0259905","4","5"
"27","5","3","30","30","226","22600000","232875","0.010304203539823009","5","6"
"29","5","3","30","30","114","11400000","81803","0.007175701754385965","12","13"
"31","5","3","30","30","41","4100000","104716","0.02554048780487805","4","5"
"27","5","3","30","30","227","22700000","233585","0.010290088105726873","5","5"
"29","5","3","30","30","115","11500000","81969","0.007127739130434783","12","12"
"31","5","3","30","30","42","4200000","105392","0.025093333333333332","4","5"
"27","5","3","30","30","228","22800000","234192","0.010271578947368422","5","6"
"29","5","3","30","30","116","11600000","82079","0.007075775862068965","12","12"
"31","5","3","30","30","43","4300000","106073","0.02466813953488372","4","4"
"27","5","3","30","30","229","22900000","234945","0.010259606986899563","5","5"
"29","5","3","30","30","117","11700000","82174","0.007023418803418804","12","12"
"31","5","3","30","30","44","4400000","106807","0.02427431818181818","4","5"
"27","5","3","30","30","230","23000000","235654","0.010245826086956521","5","5"
"29","5","3","30","30","118","11800000","82317","0.006976016949152542","12","12"
"31","5","3","30","30","45","4500000","107320","0.023848888888888888","4","5"
"27","5","3","30","30","231","23100000","236388","0.010233246753246753","5","5"
"29","5","3","30","30","119","11900000","82503","0.006933025210084033","12","14"
"31","5","3","30","30","46","4600000","108160","0.02351304347826087","4","6"
"29","5","3","30","30","120","12000000","82689","0.00689075","12","12"
"27","5","3","30","30","232","23200000","237087","0.01021926724137931","5","5"
"31","5","3","30","30","47","4700000","108949","0.02318063829787234","4","5"
"29","5","3","30","30","121","12100000","82790","0.006842148760330578","12","12"
"27","5","3","30","30","233","23300000","237753","0.010203991416309012","5","5"
"31","5","3","30","30","48","4800000","109389","0.022789375","4","5"
"29","5","3","30","30","122","12200000","82903","0.006795327868852459","12","12"
"27","5","3","30","30","234","23400000","238432","0.01018940170940171","5","5"
"31","5","3","30","30","49","4900000","109482","0.022343265306122448","3","3"
"32","5","3","30","30","0","0","0","0","125","880"
"29","5","3","30","30","123","12300000","83002","0.006748130081300813","12","12"
"27","5","3","30","30","235","23500000","239046","0.010172170212765957","5","5"
"32","5","3","30","30","1","100000","7389","0.07389","93","215"
"29","5","3","30","30","124","12400000","83096","0.006701290322580645","12","13"
"27","5","3","30","30","236","23600000","239600","0.010152542372881357","5","5"
"29","5","3","30","30","125","12500000","83217","0.00665736","12","12"
"32","5","3","30","30","2","200000","14181","0.070905","73","141"
"27","5","3","30","30","237","23700000","240282","0.010138481012658228","5","5"
"29","5","3","30","30","126","12600000","83391","0.006618333333333334","12","13"
"32","5","3","30","30","3","300000","19797","0.06599","56","93"
"27","5","3","30","30","238","23800000","240918","0.010122605042016806","5","6"
"29","5","3","30","30","127","12700000","83504","0.006575118110236221","12","12"
"27","5","3","30","30","239","23900000","241629","0.01011","5","5"
"32","5","3","30","30","4","400000","24363","0.0609075","49","68"
"29","5","3","30","30","128","12800000","83631","0.006533671875","12","12"
"27","5","3","30","30","240","24000000","242306","0.010096083333333334","5","7"
"32","5","3","30","30","5","500000","28632","0.057264","38","72"
"29","5","3","30","30","129","12900000","83741","0.0064915503875968995","12","12"
"27","5","3","30","30","241","24100000","242984","0.010082323651452282","5","5"
"32","5","3","30","30","6","600000","32779","0.05463166666666667","31","50"
"29","5","3","30","30","130","13000000","83868","0.006451384615384616","12","12"
"27","5","3","30","30","242","24200000","243741","0.01007194214876033","5","5"
"32","5","3","30","30","7","700000","36131","0.051615714285714286","25","46"
"29","5","3","30","30","131","13100000","84001","0.006412290076335878","12","12"
"27","5","3","30","30","243","24300000","244542","0.010063456790123456","5","5"
"32","5","3","30","30","8","800000","38955","0.04869375","24","38"
"29","5","3","30","30","132","13200000","84167","0.006376287878787879","12","14"
"27","5","3","30","30","244","24400000","245301","0.010053319672131147","5","6"
"32","5","3","30","30","9","900000","41686","0.04631777777777778","19","27"
"29","5","3","30","30","133","13300000","84316","0.0063395488721804515","12","12"
"27","5","3","30","30","245","24500000","246133","0.010046244897959184","5","7"
"32","5","3","30","30","10","1000000","44081","0.044081","20","31"
"29","5","3","30","30","134","13400000","84402","0.006298656716417911","12","12"
"27","5","3","30","30","246","24600000","247124","0.010045691056910569","5","6"
"32","5","3","30","30","11","1100000","46492","0.042265454545454544","18","26"
"29","5","3","30","30","135","13500000","84485","0.006258148148148148","12","12"
"27","5","3","30","30","247","24700000","248108","0.010044858299595142","5","6"
"32","5","3","30","30","12","1200000","48987","0.0408225","16","20"
"29","5","3","30","30","136","13600000","84612","0.0062214705882352945","12","12"
"27","5","3","30","30","248","24800000","248707","0.010028508064516129","5","8"
"32","5","3","30","30","13","1300000","50776","0.03905846153846154","14","20"
"29","5","3","30","30","137","13700000","84738","0.006185255474452555","12","12"
"27","5","3","30","30","249","24900000","249360","0.010014457831325301","5","5"
"32","5","3","30","30","14","1400000","52407","0.03743357142857143","13","20"
"29","5","3","30","30","138","13800000","84826","0.006146811594202899","12","12"
"27","5","3","30","30","250","25000000","249950","0.009998","5","5"
"32","5","3","30","30","15","1500000","53745","0.03583","14","21"
"29","5","3","30","30","139","13900000","84915","0.006108992805755395","12","12"
"27","5","3","30","30","251","25100000","250534","0.009981434262948207","5","5"
"32","5","3","30","30","16","1600000","54980","0.0343625","12","20"
"29","5","3","30","30","140","14000000","84997","0.006071214285714286","12","12"
"27","5","3","30","30","252","25200000","251121","0.009965119047619047","5","5"
"32","5","3","30","30","17","1700000","56452","0.03320705882352941","12","14"
"29","5","3","30","30","141","14100000","85146","0.0060387234042553195","12","12"
"27","5","3","30","30","253","25300000","251776","0.009951620553359684","5","6"
"32","5","3","30","30","18","1800000","57741","0.032078333333333334","14","18"
"29","5","3","30","30","142","14200000","85308","0.006007605633802817","12","12"
"27","5","3","30","30","254","25400000","252422","0.00993787401574803","5","5"
"29","5","3","30","30","143","14300000","85434","0.0059744055944055945","12","14"
"32","5","3","30","30","19","1900000","59327","0.031224736842105263","15","23"
"27","5","3","30","30","255","25500000","253227","0.009930470588235294","5","5"
"29","5","3","30","30","144","14400000","85537","0.005940069444444445","12","12"
"32","5","3","30","30","20","2000000","60765","0.0303825","13","19"
"27","5","3","30","30","256","25600000","253972","0.00992078125","5","5"
"29","5","3","30","30","145","14500000","85654","0.0059071724137931035","12","12"
"32","5","3","30","30","21","2100000","62271","0.029652857142857144","15","25"
"27","5","3","30","30","257","25700000","254646","0.0099084046692607","5","6"
"29","5","3","30","30","146","14600000","85756","0.005873698630136986","12","12"
"32","5","3","30","30","22","2200000","63202","0.02872818181818182","13","17"
"27","5","3","30","30","258","25800000","255579","0.009906162790697674","5","6"
"29","5","3","30","30","147","14700000","85877","0.005841972789115646","12","12"
"32","5","3","30","30","23","2300000","63959","0.027808260869565216","13","15"
"27","5","3","30","30","259","25900000","256352","0.009897760617760617","5","5"
"29","5","3","30","30","148","14800000","85991","0.005810202702702703","12","12"
"32","5","3","30","30","24","2400000","64659","0.02694125","12","14"
"27","5","3","30","30","260","26000000","257019","0.009885346153846154","5","6"
"29","5","3","30","30","149","14900000","86135","0.005780872483221476","12","12"
"32","5","3","30","30","25","2500000","65164","0.0260656","9","10"
"27","5","3","30","30","261","26100000","257662","0.009872107279693487","5","5"
"29","5","3","30","30","150","15000000","86257","0.005750466666666666","12","12"
"32","5","3","30","30","26","2600000","65435","0.025167307692307694","9","10"
"27","5","3","30","30","262","26200000","258240","0.009856488549618321","5","6"
"29","5","3","30","30","151","15100000","86378","0.005720397350993377","12","12"
"32","5","3","30","30","27","2700000","65697","0.024332222222222224","8","8"
"29","5","3","30","30","152","15200000","86551","0.0056941447368421055","12","12"
"27","5","3","30","30","263","26300000","258869","0.009842927756653993","5","5"
"32","5","3","30","30","28","2800000","65921","0.023543214285714285","8","8"
"29","5","3","30","30","153","15300000","86699","0.005666601307189542","12","12"
"27","5","3","30","30","264","26400000","259526","0.009830530303030303","5","6"
"32","5","3","30","30","29","2900000","66100","0.022793103448275863","8","8"
"29","5","3","30","30","154","15400000","86796","0.005636103896103896","12","13"
"27","5","3","30","30","265","26500000","260298","0.009822566037735849","5","5"
"32","5","3","30","30","30","3000000","66284","0.022094666666666665","8","8"
"29","5","3","30","30","155","15500000","86917","0.005607548387096774","12","14"
"27","5","3","30","30","266","26600000","261125","0.00981672932330827","5","8"
"32","5","3","30","30","31","3100000","66460","0.021438709677419353","8","9"
"29","5","3","30","30","156","15600000","87179","0.0055883974358974355","12","15"
"27","5","3","30","30","267","26700000","262129","0.009817565543071161","5","6"
"32","5","3","30","30","32","3200000","66742","0.020856875","8","10"
"29","5","3","30","30","157","15700000","87283","0.005559426751592357","12","12"
"27","5","3","30","30","268","26800000","263106","0.009817388059701492","5","5"
"32","5","3","30","30","33","3300000","66975","0.020295454545454547","7","7"
"33","5","3","30","30","0","0","0","0","125","886"
"29","5","3","30","30","158","15800000","87366","0.005529493670886076","12","12"
"27","5","3","30","30","269","26900000","263981","0.009813420074349443","5","6"
"33","5","3","30","30","1","100000","7373","0.07373","107","245"
"29","5","3","30","30","159","15900000","87461","0.005500691823899371","12","12"
"27","5","3","30","30","270","27000000","264898","0.009811037037037037","5","5"
"29","5","3","30","30","160","16000000","87577","0.0054735625","12","12"
"33","5","3","30","30","2","200000","14301","0.071505","79","158"
"27","5","3","30","30","271","27100000","265877","0.009810959409594096","5","7"
"29","5","3","30","30","161","16100000","87708","0.005447701863354038","12","12"
"33","5","3","30","30","3","300000","20555","0.06851666666666667","62","106"
"27","5","3","30","30","272","27200000","266505","0.009797977941176471","5","6"
"29","5","3","30","30","162","16200000","87798","0.005419629629629629","12","12"
"33","5","3","30","30","4","400000","26112","0.06528","47","81"
"27","5","3","30","30","273","27300000","267148","0.009785641025641025","5","5"
"29","5","3","30","30","163","16300000","87898","0.005392515337423313","12","12"
"33","5","3","30","30","5","500000","31151","0.062302","44","64"
"27","5","3","30","30","274","27400000","267690","0.00976970802919708","5","6"
"29","5","3","30","30","164","16400000","87972","0.005364146341463415","12","12"
"33","5","3","30","30","6","600000","35831","0.05971833333333333","38","68"
"27","5","3","30","30","275","27500000","268322","0.009757163636363636","5","5"
"29","5","3","30","30","165","16500000","88093","0.005338969696969697","12","13"
"27","5","3","30","30","276","27600000","268979","0.009745615942028985","5","6"
"33","5","3","30","30","7","700000","40991","0.058558571428571425","38","72"
"29","5","3","30","30","166","16600000","88202","0.005313373493975903","12","13"
"27","5","3","30","30","277","27700000","269630","0.009733935018050541","5","6"
"33","5","3","30","30","8","800000","46222","0.0577775","36","58"
"29","5","3","30","30","167","16700000","88300","0.005287425149700598","12","12"
"27","5","3","30","30","278","27800000","270363","0.009725287769784173","5","6"
"33","5","3","30","30","9","900000","51090","0.05676666666666667","32","61"
"29","5","3","30","30","168","16800000","88417","0.005262916666666667","12","12"
"27","5","3","30","30","279","27900000","271106","0.009717060931899642","5","7"
"33","5","3","30","30","10","1000000","55779","0.055779","27","50"
"29","5","3","30","30","169","16900000","88530","0.005238461538461538","12","12"
"27","5","3","30","30","280","28000000","271836","0.009708428571428571","5","8"
"33","5","3","30","30","11","1100000","60303","0.054820909090909094","27","51"
"29","5","3","30","30","170","17000000","88731","0.005219470588235294","12","12"
"27","5","3","30","30","281","28100000","272633","0.009702241992882563","5","6"
"33","5","3","30","30","12","1200000","64710","0.053925","27","50"
"29","5","3","30","30","171","17100000","88870","0.005197076023391813","12","12"
"27","5","3","30","30","282","28200000","273287","0.009691028368794326","5","6"
"29","5","3","30","30","172","17200000","88992","0.005173953488372093","12","12"
"33","5","3","30","30","13","1300000","69063","0.053125384615384616","26","45"
"27","5","3","30","30","283","28300000","273896","0.009678303886925796","5","8"
"29","5","3","30","30","173","17300000","89083","0.005149306358381503","12","12"
"33","5","3","30","30","14","1400000","73121","0.052229285714285714","21","34"
"27","5","3","30","30","284","28400000","274471","0.009664471830985915","5","6"
"29","5","3","30","30","174","17400000","89224","0.005127816091954023","12","12"
"33","5","3","30","30","15","1500000","77339","0.05155933333333333","23","34"
"27","5","3","30","30","285","28500000","275133","0.009653789473684211","5","5"
"29","5","3","30","30","175","17500000","89356","0.0051060571428571426","12","12"
"33","5","3","30","30","16","1600000","80981","0.050613125","16","30"
"27","5","3","30","30","286","28600000","275688","0.009639440559440559","5","6"
"29","5","3","30","30","176","17600000","89542","0.005087613636363637","12","12"
"33","5","3","30","30","17","1700000","83896","0.04935058823529412","20","37"
"27","5","3","30","30","287","28700000","276345","0.009628745644599304","5","5"
"29","5","3","30","30","177","17700000","89663","0.005065706214689265","12","12"
"33","5","3","30","30","18","1800000","87049","0.04836055555555555","17","31"
"27","5","3","30","30","288","28800000","277018","0.009618680555555556","5","7"
"29","5","3","30","30","178","17800000","89750","0.005042134831460674","12","12"
"33","5","3","30","30","19","1900000","89459","0.04708368421052632","12","20"
"27","5","3","30","30","289","28900000","277713","0.009609446366782006","5","6"
"29","5","3","30","30","179","17900000","89868","0.005020558659217877","12","12"
"33","5","3","30","30","20","2000000","91290","0.045645","10","20"
"29","5","3","30","30","180","18000000","90008","0.0050004444444444445","12","13"
"27","5","3","30","30","290","29000000","278526","0.009604344827586207","5","5"
"33","5","3","30","30","21","2100000","93394","0.04447333333333333","11","30"
"29","5","3","30","30","181","18100000","90167","0.004981602209944752","12","14"
"27","5","3","30","30","291","29100000","279371","0.009600378006872853","5","7"
"33","5","3","30","30","22","2200000","95189","0.04326772727272727","12","27"
"29","5","3","30","30","182","18200000","90286","0.00496076923076923","12","14"
"27","5","3","30","30","292","29200000","280114","0.009592945205479451","5","7"
"33","5","3","30","30","23","2300000","97042","0.04219217391304348","12","20"
"29","5","3","30","30","183","18300000","90440","0.0049420765027322405","12","13"
"27","5","3","30","30","293","29300000","280612","0.009577201365187714","5","5"
"33","5","3","30","30","24","2400000","98995","0.04124791666666667","10","20"
"29","5","3","30","30","184","18400000","90603","0.004924076086956522","12","12"
"27","5","3","30","30","294","29400000","280978","0.009557074829931973","5","8"
"33","5","3","30","30","25","2500000","100967","0.0403868","10","16"
"29","5","3","30","30","185","18500000","90730","0.004904324324324324","12","12"
"27","5","3","30","30","295","29500000","281349","0.009537254237288136","5","6"
"29","5","3","30","30","186","18600000","90892","0.004886666666666667","12","13"
"33","5","3","30","30","26","2600000","103115","0.03965961538461538","8","13"
"27","5","3","30","30","296","29600000","281611","0.009513885135135135","5","5"
"29","5","3","30","30","187","18700000","91053","0.004869144385026738","12","12"
"33","5","3","30","30","27","2700000","105433","0.03904925925925926","9","14"
"27","5","3","30","30","297","29700000","281831","0.00948925925925926","5","5"
"29","5","3","30","30","188","18800000","91179","0.004849946808510639","12","12"
"33","5","3","30","30","28","2800000","108099","0.03860678571428571","12","19"
"27","5","3","30","30","298","29800000","281910","0.009460067114093959","4","4"
"34","5","3","30","30","0","0","0","0","125","887"
"29","5","3","30","30","189","18900000","91306","0.004831005291005291","12","12"
"33","5","3","30","30","29","2900000","110651","0.03815551724137931","9","13"
"34","5","3","30","30","1","100000","6980","0.0698","95","220"
"29","5","3","30","30","190","19000000","91530","0.004817368421052632","12","12"
"33","5","3","30","30","30","3000000","112999","0.037666333333333336","11","18"
"34","5","3","30","30","2","200000","12953","0.064765","83","150"
"29","5","3","30","30","191","19100000","91683","0.004800157068062827","12","13"
"33","5","3","30","30","31","3100000","114985","0.03709193548387097","8","14"
"34","5","3","30","30","3","300000","18808","0.06269333333333334","54","115"
"29","5","3","30","30","192","19200000","91849","0.0047838020833333335","12","12"
"33","5","3","30","30","32","3200000","116973","0.0365540625","8","12"
"34","5","3","30","30","4","400000","23877","0.0596925","36","75"
"29","5","3","30","30","193","19300000","91964","0.004764974093264249","12","12"
"33","5","3","30","30","33","3300000","118739","0.03598151515151515","8","11"
"29","5","3","30","30","194","19400000","92109","0.004747886597938144","12","12"
"34","5","3","30","30","5","500000","29064","0.058128","25","50"
"33","5","3","30","30","34","3400000","120206","0.03535470588235294","6","9"
"29","5","3","30","30","195","19500000","92257","0.0047311282051282055","12","12"
"34","5","3","30","30","6","600000","33265","0.05544166666666667","23","51"
"33","5","3","30","30","35","3500000","121538","0.03472514285714286","7","14"
"29","5","3","30","30","196","19600000","92355","0.004711989795918367","12","12"
"34","5","3","30","30","7","700000","37141","0.05305857142857143","21","36"
"33","5","3","30","30","36","3600000","123252","0.034236666666666665","8","12"
"29","5","3","30","30","197","19700000","92506","0.004695736040609137","12","12"
"34","5","3","30","30","8","800000","40502","0.0506275","19","35"
"33","5","3","30","30","37","3700000","125137","0.033820810810810814","9","12"
"29","5","3","30","30","198","19800000","92609","0.004677222222222222","12","12"
"34","5","3","30","30","9","900000","44194","0.049104444444444444","20","45"
"33","5","3","30","30","38","3800000","127123","0.03345342105263158","7","12"
"29","5","3","30","30","199","19900000","92692","0.0046578894472361805","12","12"
"34","5","3","30","30","10","1000000","48145","0.048145","22","45"
"33","5","3","30","30","39","3900000","129111","0.03310538461538461","8","15"
"29","5","3","30","30","200","20000000","92803","0.00464015","12","12"
"34","5","3","30","30","11","1100000","51800","0.04709090909090909","18","35"
"29","5","3","30","30","201","20100000","92896","0.004621691542288558","12","12"
"33","5","3","30","30","40","4000000","131294","0.0328235","7","15"
"34","5","3","30","30","12","1200000","55205","0.046004166666666665","19","41"
"29","5","3","30","30","202","20200000","92980","0.0046029702970297025","12","12"
"33","5","3","30","30","41","4100000","133612","0.03258829268292683","7","11"
"34","5","3","30","30","13","1300000","58542","0.04503230769230769","21","44"
"29","5","3","30","30","203","20300000","93193","0.004590788177339902","12","12"
"33","5","3","30","30","42","4200000","136158","0.03241857142857143","8","13"
"34","5","3","30","30","14","1400000","61630","0.04402142857142857","21","42"
"29","5","3","30","30","204","20400000","93407","0.004578774509803921","12","12"
"33","5","3","30","30","43","4300000","138410","0.032188372093023256","7","10"
"34","5","3","30","30","15","1500000","65309","0.04353933333333333","18","32"
"29","5","3","30","30","205","20500000","93584","0.004565073170731708","12","12"
"33","5","3","30","30","44","4400000","140681","0.03197295454545455","8","15"
"34","5","3","30","30","16","1600000","69272","0.043295","23","46"
"29","5","3","30","30","206","20600000","93816","0.004554174757281554","12","12"
"33","5","3","30","30","45","4500000","143101","0.03180022222222222","7","13"
"34","5","3","30","30","17","1700000","72983","0.042931176470588236","20","38"
"29","5","3","30","30","207","20700000","94016","0.0045418357487922705","12","12"
"33","5","3","30","30","46","4600000","145461","0.03162195652173913","7","13"
"29","5","3","30","30","208","20800000","94243","0.004530913461538461","12","12"
"34","5","3","30","30","18","1800000","76103","0.042279444444444446","15","32"
"33","5","3","30","30","47","4700000","147701","0.03142574468085106","7","12"
"29","5","3","30","30","209","20900000","94459","0.004519569377990431","12","13"
"34","5","3","30","30","19","1900000","79128","0.041646315789473684","15","27"
"33","5","3","30","30","48","4800000","150218","0.031295416666666666","8","15"
"29","5","3","30","30","210","21000000","94672","0.004508190476190476","12","13"
"34","5","3","30","30","20","2000000","82149","0.0410745","14","29"
"33","5","3","30","30","49","4900000","152657","0.031154489795918366","8","15"
"29","5","3","30","30","211","21100000","94843","0.004494928909952607","12","12"
"34","5","3","30","30","21","2100000","84745","0.04035476190476191","14","25"
"33","5","3","30","30","50","5000000","154722","0.0309444","8","16"
"29","5","3","30","30","212","21200000","95031","0.004482594339622641","12","13"
"34","5","3","30","30","22","2200000","87267","0.039666818181818185","11","25"
"33","5","3","30","30","51","5100000","157365","0.030855882352941177","8","18"
"29","5","3","30","30","213","21300000","95205","0.004469718309859155","12","14"
"34","5","3","30","30","23","2300000","89770","0.039030434782608696","11","19"
"29","5","3","30","30","214","21400000","95376","0.004456822429906542","12","12"
"33","5","3","30","30","52","5200000","159762","0.03072346153846154","7","14"
"34","5","3","30","30","24","2400000","92236","0.03843166666666667","11","15"
"29","5","3","30","30","215","21500000","95560","0.004444651162790698","12","12"
"33","5","3","30","30","53","5300000","162279","0.03061867924528302","7","15"
"34","5","3","30","30","25","2500000","94874","0.0379496","11","22"
"29","5","3","30","30","216","21600000","95688","0.00443","12","13"
"33","5","3","30","30","54","5400000","164506","0.030464074074074074","7","13"
"34","5","3","30","30","26","2600000","97549","0.03751884615384615","11","21"
"29","5","3","30","30","217","21700000","95862","0.004417603686635945","12","12"
"33","5","3","30","30","55","5500000","166568","0.03028509090909091","10","22"
"34","5","3","30","30","27","2700000","100264","0.037134814814814815","10","15"
"29","5","3","30","30","218","21800000","96062","0.0044065137614678895","12","13"
"33","5","3","30","30","56","5600000","168459","0.030081964285714285","8","12"
"34","5","3","30","30","28","2800000","102796","0.036712857142857144","10","17"
"29","5","3","30","30","219","21900000","96261","0.0043954794520547945","12","13"
"33","5","3","30","30","57","5700000","170169","0.02985421052631579","7","17"
"34","5","3","30","30","29","2900000","105151","0.03625896551724138","8","16"
"29","5","3","30","30","220","22000000","96445","0.004383863636363636","12","12"
"33","5","3","30","30","58","5800000","171892","0.02963655172413793","7","13"
"29","5","3","30","30","221","22100000","96606","0.00437131221719457","12","12"
"34","5","3","30","30","30","3000000","107433","0.035811","8","17"
"33","5","3","30","30","59","5900000","173500","0.02940677966101695","6","21"
"29","5","3","30","30","222","22200000","96797","0.004360225225225225","12","12"
"34","5","3","30","30","31","3100000","109612","0.03535870967741935","8","13"
"33","5","3","30","30","60","6000000","174940","0.029156666666666668","6","11"
"29","5","3","30","30","223","22300000","96981","0.004348923766816144","12","12"
"34","5","3","30","30","32","3200000","111744","0.03492","8","16"
"33","5","3","30","30","61","6100000","176581","0.028947704918032786","6","10"
"29","5","3","30","30","224","22400000","97135","0.004336383928571428","12","12"
"34","5","3","30","30","33","3300000","113872","0.034506666666666665","9","20"
"33","5","3","30","30","62","6200000","178335","0.028763709677419355","6","10"
"29","5","3","30","30","225","22500000","97327","0.004325644444444445","12","12"
"34","5","3","30","30","34","3400000","116246","0.03419","9","14"
"33","5","3","30","30","63","6300000","180320","0.028622222222222223","5","13"
"29","5","3","30","30","226","22600000","97518","0.004314955752212389","12","13"
"34","5","3","30","30","35","3500000","118551","0.03387171428571428","8","16"
"33","5","3","30","30","64","6400000","182256","0.0284775","5","12"
"29","5","3","30","30","227","22700000","97687","0.004303392070484581","12","13"
"34","5","3","30","30","36","3600000","120737","0.03353805555555556","8","18"
"33","5","3","30","30","65","6500000","183744","0.028268307692307693","4","10"
"29","5","3","30","30","228","22800000","97896","0.004293684210526316","12","12"
"34","5","3","30","30","37","3700000","122895","0.033214864864864864","7","18"
"33","5","3","30","30","66","6600000","184920","0.028018181818181817","5","8"
"29","5","3","30","30","229","22900000","98049","0.004281615720524017","12","12"
"34","5","3","30","30","38","3800000","125257","0.03296236842105263","8","13"
"29","5","3","30","30","230","23000000","98131","0.0042665652173913046","12","12"
"33","5","3","30","30","67","6700000","186265","0.027800746268656716","4","9"
"34","5","3","30","30","39","3900000","127455","0.03268076923076923","7","16"
"29","5","3","30","30","231","23100000","98248","0.0042531601731601735","12","13"
"33","5","3","30","30","68","6800000","187114","0.02751676470588235","3","4"
"34","5","3","30","30","40","4000000","129267","0.03231675","6","12"
"29","5","3","30","30","232","23200000","98334","0.004238534482758621","12","12"
"33","5","3","30","30","69","6900000","188019","0.02724913043478261","3","4"
"34","5","3","30","30","41","4100000","131055","0.031964634146341465","6","12"
"29","5","3","30","30","233","23300000","98451","0.004225364806866953","12","12"
"33","5","3","30","30","70","7000000","188909","0.026987","3","4"
"29","5","3","30","30","234","23400000","98557","0.004211837606837607","12","12"
"34","5","3","30","30","42","4200000","133133","0.031698333333333335","6","12"
"33","5","3","30","30","71","7100000","189903","0.026746901408450704","3","4"
"29","5","3","30","30","235","23500000","98684","0.00419931914893617","12","13"
"34","5","3","30","30","43","4300000","135035","0.03140348837209302","6","10"
"33","5","3","30","30","72","7200000","191041","0.026533472222222222","3","6"
"29","5","3","30","30","236","23600000","98832","0.004187796610169492","12","12"
"34","5","3","30","30","44","4400000","137036","0.031144545454545456","5","13"
"33","5","3","30","30","73","7300000","192017","0.026303698630136985","3","5"
"29","5","3","30","30","237","23700000","99064","0.004179915611814346","12","14"
"34","5","3","30","30","45","4500000","139063","0.03090288888888889","5","11"
"33","5","3","30","30","74","7400000","193080","0.026091891891891893","3","5"
"29","5","3","30","30","238","23800000","99187","0.004167521008403362","12","12"
"34","5","3","30","30","46","4600000","141031","0.030658913043478262","5","9"
"33","5","3","30","30","75","7500000","193949","0.025859866666666665","3","6"
"29","5","3","30","30","239","23900000","99294","0.004154560669456067","12","12"
"34","5","3","30","30","47","4700000","142932","0.030411063829787234","6","13"
"33","5","3","30","30","76","7600000","195045","0.025663815789473684","3","4"
"29","5","3","30","30","240","24000000","99402","0.00414175","12","14"
"34","5","3","30","30","48","4800000","144797","0.030166041666666667","6","10"
"33","5","3","30","30","77","7700000","196099","0.025467402597402596","3","4"
"29","5","3","30","30","241","24100000","99542","0.004130373443983403","12","13"
"33","5","3","30","30","78","7800000","197092","0.02526820512820513","3","3"
"34","5","3","30","30","49","4900000","146378","0.029873061224489798","6","15"
"29","5","3","30","30","242","24200000","99673","0.004118719008264463","12","14"
"33","5","3","30","30","79","7900000","198133","0.02508012658227848","3","5"
"34","5","3","30","30","50","5000000","147729","0.0295458","5","8"
"29","5","3","30","30","243","24300000","99774","0.004105925925925926","12","12"
"33","5","3","30","30","80","8000000","199380","0.0249225","3","6"
"34","5","3","30","30","51","5100000","149306","0.029275686274509802","6","9"
"29","5","3","30","30","244","24400000","99889","0.004093811475409836","12","13"
"33","5","3","30","30","81","8100000","200404","0.024741234567901234","3","5"
"34","5","3","30","30","52","5200000","150517","0.028945576923076925","4","6"
"29","5","3","30","30","245","24500000","99998","0.004081551020408163","12","13"
"33","5","3","30","30","82","8200000","201447","0.02456670731707317","3","4"
"34","5","3","30","30","53","5300000","151625","0.028608490566037734","4","7"
"29","5","3","30","30","246","24600000","100115","0.004069715447154471","12","12"
"33","5","3","30","30","83","8300000","202462","0.02439301204819277","3","3"
"34","5","3","30","30","54","5400000","152818","0.02829962962962963","4","7"
"29","5","3","30","30","247","24700000","100253","0.0040588259109311745","12","12"
"33","5","3","30","30","84","8400000","203337","0.024206785714285715","3","4"
"29","5","3","30","30","248","24800000","100357","0.0040466532258064515","12","12"
"34","5","3","30","30","55","5500000","153846","0.027972","4","9"
"29","5","3","30","30","249","24900000","100450","0.004034136546184739","12","12"
"33","5","3","30","30","85","8500000","204248","0.024029176470588234","3","4"
"34","5","3","30","30","56","5600000","154958","0.02767107142857143","4","8"
"29","5","3","30","30","250","25000000","100521","0.00402084","12","12"
"33","5","3","30","30","86","8600000","205107","0.023849651162790697","3","4"
"34","5","3","30","30","57","5700000","156072","0.02738105263157895","4","6"
"29","5","3","30","30","251","25100000","100664","0.004010517928286853","12","13"
"33","5","3","30","30","87","8700000","206100","0.023689655172413792","3","4"
"34","5","3","30","30","58","5800000","157266","0.027114827586206897","4","8"
"29","5","3","30","30","252","25200000","100769","0.003998769841269841","12","12"
"33","5","3","30","30","88","8800000","207233","0.023549204545454547","3","6"
"34","5","3","30","30","59","5900000","158388","0.02684542372881356","4","8"
"29","5","3","30","30","253","25300000","100905","0.0039883399209486164","12","12"
"33","5","3","30","30","89","8900000","208249","0.023398764044943822","3","3"
"34","5","3","30","30","60","6000000","159419","0.026569833333333334","4","7"
"29","5","3","30","30","254","25400000","101092","0.00398","12","12"
"33","5","3","30","30","90","9000000","209353","0.023261444444444446","3","3"
"34","5","3","30","30","61","6100000","160572","0.02632327868852459","4","8"
"29","5","3","30","30","255","25500000","101300","0.003972549019607843","12","12"
"33","5","3","30","30","91","9100000","210604","0.023143296703296703","3","4"
"34","5","3","30","30","62","6200000","161662","0.02607451612903226","4","8"
"29","5","3","30","30","256","25600000","101422","0.003961796875","12","12"
"33","5","3","30","30","92","9200000","211739","0.023015108695652174","3","6"
"34","5","3","30","30","63","6300000","162612","0.025811428571428572","4","8"
"29","5","3","30","30","257","25700000","101533","0.003950700389105059","12","12"
"33","5","3","30","30","93","9300000","212904","0.022892903225806453","3","5"
"34","5","3","30","30","64","6400000","163503","0.02554734375","4","6"
"29","5","3","30","30","258","25800000","101761","0.0039442248062015505","12","13"
"33","5","3","30","30","94","9400000","213933","0.022758829787234043","3","4"
"34","5","3","30","30","65","6500000","164333","0.025282","4","8"
"29","5","3","30","30","259","25900000","101972","0.003937142857142857","12","13"
"33","5","3","30","30","95","9500000","214777","0.022608105263157895","3","4"
"34","5","3","30","30","66","6600000","165145","0.025021969696969695","4","7"
"29","5","3","30","30","260","26000000","102184","0.003930153846153846","12","12"
"33","5","3","30","30","96","9600000","215759","0.022474895833333335","3","3"
"34","5","3","30","30","67","6700000","166012","0.024777910447761193","4","7"
"29","5","3","30","30","261","26100000","102383","0.00392272030651341","12","12"
"33","5","3","30","30","97","9700000","216497","0.022319278350515465","3","5"
"34","5","3","30","30","68","6800000","166865","0.024538970588235294","4","8"
"29","5","3","30","30","262","26200000","102607","0.003916297709923664","12","13"
"33","5","3","30","30","98","9800000","217489","0.022192755102040815","3","3"
"34","5","3","30","30","69","6900000","167586","0.02428782608695652","4","8"
"29","5","3","30","30","263","26300000","102843","0.003910380228136882","12","12"
"33","5","3","30","30","99","9900000","218350","0.022055555555555554","3","4"
"34","5","3","30","30","70","7000000","168141","0.024020142857142858","3","6"
"29","5","3","30","30","264","26400000","103086","0.003904772727272727","12","14"
"33","5","3","30","30","100","10000000","219171","0.0219171","3","3"
"34","5","3","30","30","71","7100000","168482","0.02372985915492958","3","5"
"29","5","3","30","30","265","26500000","103341","0.0038996603773584905","12","12"
"33","5","3","30","30","101","10100000","219928","0.021775049504950496","3","3"
"34","5","3","30","30","72","7200000","168589","0.023415138888888888","3","5"
"29","5","3","30","30","266","26600000","103593","0.003894473684210526","12","12"
"33","5","3","30","30","102","10200000","220820","0.02164901960784314","3","4"
"34","5","3","30","30","73","7300000","168607","0.023096849315068495","2","4"
"29","5","3","30","30","267","26700000","103811","0.0038880524344569287","12","12"
"35","5","3","30","30","0","0","0","0","125","880"
"33","5","3","30","30","103","10300000","221811","0.02153504854368932","3","3"
"29","5","3","30","30","268","26800000","103919","0.0038775746268656717","11","11"
"36","5","3","30","30","0","0","0","0","125","889"
"35","5","3","30","30","1","100000","6839","0.06839","93","214"
"33","5","3","30","30","104","10400000","222612","0.021405","3","4"
"36","5","3","30","30","1","100000","7359","0.07359","100","243"
"35","5","3","30","30","2","200000","13002","0.06501","67","137"
"33","5","3","30","30","105","10500000","223557","0.021291142857142856","3","6"
"35","5","3","30","30","3","300000","19064","0.06354666666666667","61","120"
"36","5","3","30","30","2","200000","14765","0.073825","80","154"
"33","5","3","30","30","106","10600000","224499","0.021179150943396226","3","5"
"35","5","3","30","30","4","400000","24111","0.0602775","42","87"
"36","5","3","30","30","3","300000","20621","0.06873666666666667","58","112"
"33","5","3","30","30","107","10700000","225403","0.021065700934579438","3","4"
"35","5","3","30","30","5","500000","29233","0.058466","47","92"
"36","5","3","30","30","4","400000","26086","0.065215","55","103"
"33","5","3","30","30","108","10800000","226274","0.020951296296296298","3","3"
"35","5","3","30","30","6","600000","33748","0.05624666666666667","37","68"
"36","5","3","30","30","5","500000","31047","0.062094","43","82"
"33","5","3","30","30","109","10900000","227000","0.020825688073394494","3","4"
"35","5","3","30","30","7","700000","38680","0.05525714285714286","32","67"
"36","5","3","30","30","6","600000","35838","0.05973","37","71"
"33","5","3","30","30","110","11000000","227846","0.020713272727272726","3","6"
"35","5","3","30","30","8","800000","42893","0.05361625","29","60"
"36","5","3","30","30","7","700000","40403","0.05771857142857143","38","72"
"33","5","3","30","30","111","11100000","229036","0.020633873873873873","3","5"
"36","5","3","30","30","8","800000","44354","0.0554425","32","47"
"35","5","3","30","30","9","900000","46491","0.05165666666666666","25","53"
"33","5","3","30","30","112","11200000","229991","0.020534910714285714","3","3"
"36","5","3","30","30","9","900000","47836","0.053151111111111114","31","43"
"35","5","3","30","30","10","1000000","50257","0.050257","27","53"
"33","5","3","30","30","113","11300000","230777","0.02042274336283186","3","3"
"36","5","3","30","30","10","1000000","51271","0.051271","25","39"
"35","5","3","30","30","11","1100000","54104","0.049185454545454546","23","53"
"33","5","3","30","30","114","11400000","231599","0.020315701754385965","3","4"
"36","5","3","30","30","11","1100000","54428","0.04948","28","47"
"35","5","3","30","30","12","1200000","58105","0.04842083333333334","25","57"
"33","5","3","30","30","115","11500000","232634","0.02022904347826087","3","4"
"36","5","3","30","30","12","1200000","57670","0.048058333333333335","23","37"
"35","5","3","30","30","13","1300000","62209","0.04785307692307692","26","52"
"33","5","3","30","30","116","11600000","233569","0.020135258620689656","3","3"
"36","5","3","30","30","13","1300000","60819","0.046783846153846155","24","38"
"35","5","3","30","30","14","1400000","66552","0.047537142857142854","26","61"
"33","5","3","30","30","117","11700000","234455","0.020038888888888887","3","4"
"36","5","3","30","30","14","1400000","64156","0.04582571428571429","24","41"
"35","5","3","30","30","15","1500000","70613","0.04707533333333333","23","59"
"33","5","3","30","30","118","11800000","235378","0.01994728813559322","3","4"
"36","5","3","30","30","15","1500000","67349","0.04489933333333333","23","40"
"35","5","3","30","30","16","1600000","74740","0.0467125","24","53"
"33","5","3","30","30","119","11900000","236234","0.01985159663865546","3","5"
"36","5","3","30","30","16","1600000","70580","0.0441125","18","39"
"35","5","3","30","30","17","1700000","78599","0.04623470588235294","21","60"
"33","5","3","30","30","120","12000000","237068","0.019755666666666668","3","4"
"36","5","3","30","30","17","1700000","73710","0.04335882352941176","19","30"
"35","5","3","30","30","18","1800000","82059","0.045588333333333335","22","51"
"33","5","3","30","30","121","12100000","237901","0.019661239669421487","3","3"
"36","5","3","30","30","18","1800000","76689","0.042605","18","32"
"35","5","3","30","30","19","1900000","85449","0.04497315789473684","22","40"
"33","5","3","30","30","122","12200000","238720","0.0195672131147541","3","6"
"36","5","3","30","30","19","1900000","79843","0.04202263157894737","16","28"
"35","5","3","30","30","20","2000000","88706","0.044353","21","34"
"33","5","3","30","30","123","12300000","239657","0.01948430894308943","3","3"
"36","5","3","30","30","20","2000000","83186","0.041593","16","30"
"35","5","3","30","30","21","2100000","91721","0.04367666666666667","20","35"
"33","5","3","30","30","124","12400000","240557","0.019399758064516128","3","3"
"36","5","3","30","30","21","2100000","86243","0.04106809523809524","16","30"
"33","5","3","30","30","125","12500000","241342","0.01930736","3","5"
"35","5","3","30","30","22","2200000","94424","0.04292","17","36"
"36","5","3","30","30","22","2200000","89070","0.04048636363636364","15","30"
"33","5","3","30","30","126","12600000","242168","0.01921968253968254","3","3"
"35","5","3","30","30","23","2300000","97206","0.04226347826086956","19","38"
"36","5","3","30","30","23","2300000","92068","0.0400295652173913","15","32"
"33","5","3","30","30","127","12700000","242956","0.019130393700787403","3","3"
"35","5","3","30","30","24","2400000","99457","0.04144041666666667","19","36"
"36","5","3","30","30","24","2400000","94610","0.039420833333333336","14","26"
"33","5","3","30","30","128","12800000","243742","0.01904234375","3","4"
"35","5","3","30","30","25","2500000","101775","0.04071","18","25"
"36","5","3","30","30","25","2500000","97162","0.0388648","14","24"
"33","5","3","30","30","129","12900000","244609","0.018961937984496125","3","3"
"35","5","3","30","30","26","2600000","104548","0.04021076923076923","19","32"
"36","5","3","30","30","26","2600000","99838","0.03839923076923077","14","36"
"33","5","3","30","30","130","13000000","245433","0.01887946153846154","3","4"
"35","5","3","30","30","27","2700000","107306","0.039742962962962966","19","35"
"36","5","3","30","30","27","2700000","102277","0.03788037037037037","14","23"
"33","5","3","30","30","131","13100000","246274","0.018799541984732826","3","3"
"35","5","3","30","30","28","2800000","110071","0.03931107142857143","15","28"
"36","5","3","30","30","28","2800000","104839","0.0374425","13","22"
"33","5","3","30","30","132","13200000","247324","0.018736666666666665","3","3"
"35","5","3","30","30","29","2900000","112380","0.038751724137931036","17","40"
"36","5","3","30","30","29","2900000","107475","0.03706034482758621","11","18"
"33","5","3","30","30","133","13300000","248197","0.018661428571428572","3","5"
"35","5","3","30","30","30","3000000","114927","0.038309","16","29"
"36","5","3","30","30","30","3000000","109995","0.036665","11","17"
"33","5","3","30","30","134","13400000","249316","0.018605671641791045","3","3"
"35","5","3","30","30","31","3100000","117509","0.03790612903225807","17","31"
"36","5","3","30","30","31","3100000","112400","0.036258064516129035","11","18"
"33","5","3","30","30","135","13500000","250334","0.01854325925925926","3","3"
"35","5","3","30","30","32","3200000","119982","0.037494375","14","17"
"36","5","3","30","30","32","3200000","114810","0.035878125","12","19"
"33","5","3","30","30","136","13600000","251269","0.018475661764705883","3","5"
"35","5","3","30","30","33","3300000","122278","0.037053939393939396","14","24"
"36","5","3","30","30","33","3300000","117114","0.03548909090909091","11","21"
"33","5","3","30","30","137","13700000","252213","0.01840970802919708","3","4"
"35","5","3","30","30","34","3400000","124578","0.03664058823529412","14","25"
"36","5","3","30","30","34","3400000","119435","0.03512794117647059","12","26"
"33","5","3","30","30","138","13800000","253197","0.018347608695652173","3","4"
"35","5","3","30","30","35","3500000","126970","0.036277142857142855","14","29"
"36","5","3","30","30","35","3500000","121846","0.034813142857142855","12","22"
"33","5","3","30","30","139","13900000","254142","0.018283597122302157","3","6"
"35","5","3","30","30","36","3600000","129137","0.03587138888888889","13","24"
"36","5","3","30","30","36","3600000","124276","0.034521111111111114","12","18"
"33","5","3","30","30","140","14000000","254979","0.018212785714285713","3","3"
"35","5","3","30","30","37","3700000","131080","0.035427027027027026","12","20"
"36","5","3","30","30","37","3700000","126349","0.03414837837837838","12","22"
"33","5","3","30","30","141","14100000","255766","0.018139432624113477","3","3"
"35","5","3","30","30","38","3800000","132979","0.03499447368421053","12","30"
"36","5","3","30","30","38","3800000","128721","0.03387394736842105","12","27"
"33","5","3","30","30","142","14200000","256809","0.018085140845070423","3","7"
"35","5","3","30","30","39","3900000","134770","0.03455641025641026","13","17"
"36","5","3","30","30","39","3900000","131147","0.0336274358974359","11","17"
"33","5","3","30","30","143","14300000","257740","0.018023776223776225","3","3"
"35","5","3","30","30","40","4000000","136752","0.034188","13","21"
"36","5","3","30","30","40","4000000","133586","0.0333965","12","20"
"33","5","3","30","30","144","14400000","258529","0.017953402777777776","3","3"
"35","5","3","30","30","41","4100000","138769","0.03384609756097561","15","25"
"36","5","3","30","30","41","4100000","135970","0.03316341463414634","11","21"
"33","5","3","30","30","145","14500000","259361","0.01788696551724138","3","4"
"35","5","3","30","30","42","4200000","140698","0.03349952380952381","13","21"
"36","5","3","30","30","42","4200000","138412","0.03295523809523809","11","22"
"33","5","3","30","30","146","14600000","260203","0.017822123287671233","3","5"
"35","5","3","30","30","43","4300000","142393","0.0331146511627907","14","22"
"36","5","3","30","30","43","4300000","140523","0.03267976744186046","10","17"
"33","5","3","30","30","147","14700000","261318","0.01777673469387755","3","4"
"35","5","3","30","30","44","4400000","143918","0.03270863636363636","14","22"
"36","5","3","30","30","44","4400000","142249","0.03232931818181818","8","23"
"33","5","3","30","30","148","14800000","262208","0.017716756756756758","3","4"
"35","5","3","30","30","45","4500000","145493","0.03233177777777778","13","25"
"36","5","3","30","30","45","4500000","143618","0.03191511111111111","8","15"
"33","5","3","30","30","149","14900000","263117","0.017658859060402685","3","6"
"35","5","3","30","30","46","4600000","146798","0.03191260869565218","13","19"
"36","5","3","30","30","46","4600000","144916","0.031503478260869563","8","14"
"33","5","3","30","30","150","15000000","263955","0.017597","3","3"
"36","5","3","30","30","47","4700000","146504","0.031171063829787234","8","18"
"35","5","3","30","30","47","4700000","148102","0.03151106382978723","11","13"
"33","5","3","30","30","151","15100000","264731","0.01753185430463576","3","4"
"36","5","3","30","30","48","4800000","148125","0.030859375","8","13"
"35","5","3","30","30","48","4800000","149220","0.0310875","12","14"
"33","5","3","30","30","152","15200000","265561","0.01747111842105263","3","3"
"36","5","3","30","30","49","4900000","149841","0.030579795918367347","8","17"
"35","5","3","30","30","49","4900000","150208","0.03065469387755102","11","13"
"33","5","3","30","30","153","15300000","266348","0.017408366013071896","3","4"
"36","5","3","30","30","50","5000000","151481","0.0302962","8","15"
"35","5","3","30","30","50","5000000","151246","0.0302492","9","13"
"33","5","3","30","30","154","15400000","267176","0.017349090909090908","3","5"
"36","5","3","30","30","51","5100000","153430","0.030084313725490197","8","22"
"35","5","3","30","30","51","5100000","152344","0.029871372549019608","9","11"
"33","5","3","30","30","155","15500000","268121","0.017298129032258063","3","4"
"36","5","3","30","30","52","5200000","155343","0.029873653846153845","8","17"
"35","5","3","30","30","52","5200000","153193","0.02946019230769231","9","10"
"33","5","3","30","30","156","15600000","269006","0.01724397435897436","3","5"
"36","5","3","30","30","53","5300000","157144","0.029649811320754716","8","25"
"35","5","3","30","30","53","5300000","153882","0.02903433962264151","9","11"
"33","5","3","30","30","157","15700000","269848","0.017187770700636942","3","4"
"36","5","3","30","30","54","5400000","159084","0.02946","8","19"
"35","5","3","30","30","54","5400000","154592","0.02862814814814815","9","10"
"33","5","3","30","30","158","15800000","270808","0.01713974683544304","3","6"
"36","5","3","30","30","55","5500000","161060","0.029283636363636362","8","20"
"35","5","3","30","30","55","5500000","155310","0.02823818181818182","9","9"
"33","5","3","30","30","159","15900000","271685","0.017087106918238993","3","4"
"36","5","3","30","30","56","5600000","162505","0.02901875","8","13"
"35","5","3","30","30","56","5600000","155978","0.027853214285714287","9","9"
"33","5","3","30","30","160","16000000","272635","0.0170396875","3","5"
"36","5","3","30","30","57","5700000","163671","0.02871421052631579","8","13"
"35","5","3","30","30","57","5700000","156667","0.02748543859649123","9","10"
"33","5","3","30","30","161","16100000","273609","0.016994347826086956","3","4"
"36","5","3","30","30","58","5800000","164824","0.028417931034482757","7","10"
"35","5","3","30","30","58","5800000","157301","0.027120862068965516","9","10"
"33","5","3","30","30","162","16200000","274625","0.01695216049382716","3","5"
"36","5","3","30","30","59","5900000","166092","0.028151186440677965","8","12"
"35","5","3","30","30","59","5900000","158017","0.026782542372881357","9","9"
"33","5","3","30","30","163","16300000","275588","0.01690723926380368","3","4"
"36","5","3","30","30","60","6000000","167334","0.027889","7","11"
"35","5","3","30","30","60","6000000","158650","0.026441666666666665","9","9"
"33","5","3","30","30","164","16400000","276559","0.016863353658536584","3","6"
"36","5","3","30","30","61","6100000","168676","0.027651803278688526","6","10"
"33","5","3","30","30","165","16500000","277441","0.01681460606060606","3","3"
"35","5","3","30","30","61","6100000","159317","0.02611754098360656","9","9"
"36","5","3","30","30","62","6200000","169872","0.027398709677419354","6","7"
"33","5","3","30","30","166","16600000","278386","0.01677024096385542","3","6"
"35","5","3","30","30","62","6200000","160007","0.02580758064516129","9","12"
"36","5","3","30","30","63","6300000","170997","0.027142380952380953","6","8"
"33","5","3","30","30","167","16700000","279285","0.016723652694610777","3","4"
"35","5","3","30","30","63","6300000","160726","0.025512063492063492","9","11"
"36","5","3","30","30","64","6400000","171953","0.02686765625","6","8"
"33","5","3","30","30","168","16800000","280294","0.016684166666666667","3","3"
"35","5","3","30","30","64","6400000","161423","0.02522234375","9","9"
"36","5","3","30","30","65","6500000","172430","0.026527692307692308","5","7"
"33","5","3","30","30","169","16900000","281352","0.016648047337278107","3","4"
"35","5","3","30","30","65","6500000","162165","0.024948461538461537","9","9"
"36","5","3","30","30","66","6600000","172665","0.026161363636363635","5","7"
"33","5","3","30","30","170","17000000","282182","0.016598941176470587","3","5"
"35","5","3","30","30","66","6600000","163097","0.024711666666666667","9","9"
"36","5","3","30","30","67","6700000","172689","0.025774477611940298","4","5"
"37","5","3","30","30","0","0","0","0","125","892"
"33","5","3","30","30","171","17100000","283126","0.016557076023391813","3","3"
"35","5","3","30","30","67","6700000","163985","0.02447537313432836","9","10"
"37","5","3","30","30","1","100000","8439","0.08439","89","207"
"33","5","3","30","30","172","17200000","283924","0.016507209302325583","3","3"
"35","5","3","30","30","68","6800000","164722","0.024223823529411766","9","11"
"37","5","3","30","30","2","200000","15245","0.076225","61","112"
"33","5","3","30","30","173","17300000","284823","0.016463757225433525","3","3"
"35","5","3","30","30","69","6900000","165613","0.024001884057971015","9","13"
"33","5","3","30","30","174","17400000","285598","0.01641367816091954","3","5"
"35","5","3","30","30","70","7000000","166463","0.02378042857142857","9","10"
"37","5","3","30","30","3","300000","21460","0.07153333333333334","42","85"
"33","5","3","30","30","175","17500000","286375","0.016364285714285713","3","4"
"35","5","3","30","30","71","7100000","167323","0.02356661971830986","9","12"
"37","5","3","30","30","4","400000","25919","0.0647975","27","45"
"33","5","3","30","30","176","17600000","287218","0.016319204545454546","3","3"
"35","5","3","30","30","72","7200000","168134","0.023351944444444446","9","11"
"37","5","3","30","30","5","500000","29084","0.058168","18","31"
"33","5","3","30","30","177","17700000","288022","0.016272429378531073","3","4"
"35","5","3","30","30","73","7300000","168936","0.023141917808219177","9","12"
"37","5","3","30","30","6","600000","31610","0.05268333333333333","12","16"
"33","5","3","30","30","178","17800000","289014","0.016236741573033706","3","4"
"37","5","3","30","30","7","700000","33557","0.04793857142857143","12","17"
"35","5","3","30","30","74","7400000","169756","0.02294","9","10"
"33","5","3","30","30","179","17900000","289921","0.016196703910614525","3","4"
"37","5","3","30","30","8","800000","35523","0.04440375","11","17"
"35","5","3","30","30","75","7500000","170431","0.022724133333333334","9","11"
"33","5","3","30","30","180","18000000","290773","0.016154055555555557","3","4"
"37","5","3","30","30","9","900000","37307","0.041452222222222224","13","17"
"35","5","3","30","30","76","7600000","171170","0.02252236842105263","9","10"
"37","5","3","30","30","10","1000000","39012","0.039012","16","21"
"33","5","3","30","30","181","18100000","291599","0.016110441988950275","3","5"
"35","5","3","30","30","77","7700000","172021","0.02234038961038961","9","10"
"33","5","3","30","30","182","18200000","292368","0.016064175824175825","3","4"
"37","5","3","30","30","11","1100000","41220","0.037472727272727276","17","28"
"35","5","3","30","30","78","7800000","172921","0.022169358974358976","9","10"
"37","5","3","30","30","12","1200000","43314","0.036095","16","21"
"33","5","3","30","30","183","18300000","293198","0.01602174863387978","3","5"
"35","5","3","30","30","79","7900000","173875","0.022009493670886077","9","13"
"37","5","3","30","30","13","1300000","45166","0.034743076923076925","9","16"
"33","5","3","30","30","184","18400000","294003","0.01597842391304348","3","3"
"35","5","3","30","30","80","8000000","174821","0.021852625","9","10"
"37","5","3","30","30","14","1400000","46624","0.03330285714285714","10","13"
"33","5","3","30","30","185","18500000","294839","0.015937243243243242","3","4"
"35","5","3","30","30","81","8100000","175730","0.02169506172839506","9","11"
"37","5","3","30","30","15","1500000","48213","0.032142","11","16"
"33","5","3","30","30","186","18600000","295700","0.015897849462365592","3","5"
"35","5","3","30","30","82","8200000","176516","0.021526341463414634","9","10"
"37","5","3","30","30","16","1600000","49471","0.030919375","8","13"
"33","5","3","30","30","187","18700000","296617","0.01586187165775401","3","3"
"35","5","3","30","30","83","8300000","177271","0.021357951807228916","9","12"
"37","5","3","30","30","17","1700000","50573","0.029748823529411765","6","9"
"33","5","3","30","30","188","18800000","297534","0.01582627659574468","3","4"
"35","5","3","30","30","84","8400000","178124","0.021205238095238096","9","10"
"37","5","3","30","30","18","1800000","51260","0.02847777777777778","6","9"
"33","5","3","30","30","189","18900000","298368","0.015786666666666668","3","3"
"35","5","3","30","30","85","8500000","179058","0.02106564705882353","9","11"
"37","5","3","30","30","19","1900000","51798","0.027262105263157893","6","7"
"33","5","3","30","30","190","19000000","299238","0.01574936842105263","3","5"
"35","5","3","30","30","86","8600000","179994","0.02092953488372093","9","12"
"37","5","3","30","30","20","2000000","52358","0.026179","6","6"
"33","5","3","30","30","191","19100000","300092","0.015711623036649216","3","5"
"35","5","3","30","30","87","8700000","180797","0.02078126436781609","9","10"
"37","5","3","30","30","21","2100000","52947","0.025212857142857144","6","7"
"33","5","3","30","30","192","19200000","300947","0.015674322916666667","3","4"
"35","5","3","30","30","88","8800000","181503","0.02062534090909091","9","9"
"37","5","3","30","30","22","2200000","53556","0.024343636363636362","6","7"
"33","5","3","30","30","193","19300000","301841","0.015639430051813473","3","4"
"35","5","3","30","30","89","8900000","182176","0.02046921348314607","9","9"
"37","5","3","30","30","23","2300000","54193","0.02356217391304348","6","7"
"33","5","3","30","30","194","19400000","302608","0.015598350515463917","3","4"
"35","5","3","30","30","90","9000000","183006","0.020334","9","9"
"37","5","3","30","30","24","2400000","54790","0.022829166666666668","6","6"
"33","5","3","30","30","195","19500000","303421","0.015560051282051282","3","4"
"35","5","3","30","30","91","9100000","183974","0.020216923076923077","9","12"
"37","5","3","30","30","25","2500000","55284","0.0221136","6","8"
"33","5","3","30","30","196","19600000","304164","0.015518571428571428","3","4"
"35","5","3","30","30","92","9200000","184965","0.020104891304347824","9","9"
"37","5","3","30","30","26","2600000","56014","0.021543846153846153","6","8"
"33","5","3","30","30","197","19700000","304963","0.01548035532994924","3","4"
"35","5","3","30","30","93","9300000","185987","0.019998602150537635","9","12"
"37","5","3","30","30","27","2700000","56635","0.020975925925925926","6","6"
"33","5","3","30","30","198","19800000","305840","0.015446464646464646","3","6"
"35","5","3","30","30","94","9400000","186821","0.019874574468085108","9","9"
"37","5","3","30","30","28","2800000","57377","0.020491785714285716","6","6"
"33","5","3","30","30","199","19900000","306757","0.015414924623115578","3","4"
"35","5","3","30","30","95","9500000","187613","0.019748736842105263","9","9"
"37","5","3","30","30","29","2900000","57982","0.019993793103448277","6","8"
"33","5","3","30","30","200","20000000","307511","0.01537555","3","3"
"35","5","3","30","30","96","9600000","188375","0.019622395833333334","9","10"
"37","5","3","30","30","30","3000000","58454","0.019484666666666667","6","6"
"33","5","3","30","30","201","20100000","308344","0.01534049751243781","3","5"
"35","5","3","30","30","97","9700000","189197","0.01950484536082474","9","10"
"37","5","3","30","30","31","3100000","58909","0.01900290322580645","6","6"
"33","5","3","30","30","202","20200000","309121","0.015303019801980199","3","4"
"35","5","3","30","30","98","9800000","190146","0.01940265306122449","9","12"
"37","5","3","30","30","32","3200000","59467","0.0185834375","6","7"
"33","5","3","30","30","203","20300000","309844","0.015263251231527093","3","3"
"35","5","3","30","30","99","9900000","190871","0.01927989898989899","9","9"
"37","5","3","30","30","33","3300000","59982","0.018176363636363636","6","6"
"33","5","3","30","30","204","20400000","310633","0.015227107843137255","3","3"
"35","5","3","30","30","100","10000000","191630","0.019163","9","11"
"37","5","3","30","30","34","3400000","60482","0.017788823529411763","6","6"
"33","5","3","30","30","205","20500000","311394","0.015189951219512195","3","5"
"35","5","3","30","30","101","10100000","192328","0.01904237623762376","9","10"
"37","5","3","30","30","35","3500000","60979","0.01742257142857143","6","7"
"33","5","3","30","30","206","20600000","312277","0.015159077669902913","3","5"
"35","5","3","30","30","102","10200000","193144","0.018935686274509804","9","11"
"37","5","3","30","30","36","3600000","61490","0.017080555555555557","6","6"
"33","5","3","30","30","207","20700000","313090","0.01512512077294686","3","3"
"35","5","3","30","30","103","10300000","194076","0.018842330097087377","9","11"
"37","5","3","30","30","37","3700000","61968","0.016748108108108107","6","8"
"33","5","3","30","30","208","20800000","314049","0.015098509615384616","3","3"
"35","5","3","30","30","104","10400000","194905","0.018740865384615384","9","9"
"37","5","3","30","30","38","3800000","62395","0.016419736842105265","6","7"
"33","5","3","30","30","209","20900000","314884","0.01506622009569378","3","4"
"35","5","3","30","30","105","10500000","195630","0.018631428571428573","9","10"
"37","5","3","30","30","39","3900000","62831","0.01611051282051282","6","7"
"33","5","3","30","30","210","21000000","315712","0.015033904761904762","3","3"
"37","5","3","30","30","40","4000000","63419","0.01585475","6","6"
"35","5","3","30","30","106","10600000","196391","0.018527452830188678","9","11"
"33","5","3","30","30","211","21100000","316569","0.015003270142180095","3","3"
"37","5","3","30","30","41","4100000","63911","0.015588048780487805","6","7"
"35","5","3","30","30","107","10700000","197133","0.018423644859813085","9","9"
"33","5","3","30","30","212","21200000","317427","0.014972971698113208","3","4"
"37","5","3","30","30","42","4200000","64341","0.015319285714285714","6","6"
"35","5","3","30","30","108","10800000","197845","0.01831898148148148","9","12"
"33","5","3","30","30","213","21300000","318329","0.014945023474178403","3","3"
"37","5","3","30","30","43","4300000","64872","0.015086511627906977","6","6"
"35","5","3","30","30","109","10900000","198550","0.018215596330275228","9","10"
"33","5","3","30","30","214","21400000","319368","0.014923738317757009","3","6"
"37","5","3","30","30","44","4400000","65424","0.01486909090909091","6","7"
"35","5","3","30","30","110","11000000","199351","0.01812281818181818","9","12"
"33","5","3","30","30","215","21500000","320412","0.014902883720930233","3","6"
"37","5","3","30","30","45","4500000","65981","0.014662444444444445","6","6"
"35","5","3","30","30","111","11100000","200151","0.01803162162162162","9","12"
"33","5","3","30","30","216","21600000","321307","0.014875324074074074","3","3"
"37","5","3","30","30","46","4600000","66502","0.014456956521739131","6","6"
"35","5","3","30","30","112","11200000","200905","0.017937946428571428","9","12"
"33","5","3","30","30","217","21700000","322218","0.014848755760368664","3","4"
"37","5","3","30","30","47","4700000","66989","0.014252978723404256","6","8"
"35","5","3","30","30","113","11300000","201697","0.01784929203539823","9","11"
"33","5","3","30","30","218","21800000","323005","0.014816743119266056","3","4"
"37","5","3","30","30","48","4800000","67432","0.014048333333333333","6","7"
"35","5","3","30","30","114","11400000","202430","0.017757017543859648","9","11"
"33","5","3","30","30","219","21900000","323933","0.014791461187214612","3","3"
"37","5","3","30","30","49","4900000","67875","0.01385204081632653","6","6"
"35","5","3","30","30","115","11500000","203194","0.01766904347826087","9","9"
"33","5","3","30","30","220","22000000","324877","0.014767136363636364","3","5"
"37","5","3","30","30","50","5000000","68323","0.0136646","6","7"
"35","5","3","30","30","116","11600000","203912","0.017578620689655173","9","12"
"33","5","3","30","30","221","22100000","325892","0.014746244343891404","3","9"
"37","5","3","30","30","51","5100000","68800","0.013490196078431372","6","7"
"35","5","3","30","30","117","11700000","204755","0.01750042735042735","9","10"
"33","5","3","30","30","222","22200000","326912","0.014725765765765765","3","3"
"37","5","3","30","30","52","5200000","69324","0.013331538461538462","6","9"
"35","5","3","30","30","118","11800000","205454","0.01741135593220339","9","9"
"33","5","3","30","30","223","22300000","327818","0.014700358744394619","3","3"
"37","5","3","30","30","53","5300000","69873","0.013183584905660378","6","6"
"35","5","3","30","30","119","11900000","206127","0.017321596638655463","9","9"
"33","5","3","30","30","224","22400000","328575","0.014668526785714286","3","5"
"37","5","3","30","30","54","5400000","70520","0.01305925925925926","6","6"
"35","5","3","30","30","120","12000000","206780","0.017231666666666666","9","12"
"33","5","3","30","30","225","22500000","329478","0.014643466666666667","3","5"
"37","5","3","30","30","55","5500000","71035","0.012915454545454546","6","9"
"35","5","3","30","30","121","12100000","207605","0.017157438016528925","9","9"
"33","5","3","30","30","226","22600000","330337","0.014616681415929204","3","5"
"37","5","3","30","30","56","5600000","71564","0.012779285714285714","6","7"
"35","5","3","30","30","122","12200000","208447","0.017085819672131148","9","9"
"33","5","3","30","30","227","22700000","331146","0.014587929515418502","3","5"
"37","5","3","30","30","57","5700000","72103","0.012649649122807017","6","6"
"35","5","3","30","30","123","12300000","209252","0.017012357723577235","9","9"
"33","5","3","30","30","228","22800000","331977","0.014560394736842106","3","4"
"37","5","3","30","30","58","5800000","72703","0.012535","6","7"
"35","5","3","30","30","124","12400000","210050","0.01693951612903226","9","11"
"33","5","3","30","30","229","22900000","332759","0.014530960698689956","3","3"
"37","5","3","30","30","59","5900000","73275","0.012419491525423728","6","7"
"35","5","3","30","30","125","12500000","210940","0.0168752","9","10"
"33","5","3","30","30","230","23000000","333541","0.014501782608695652","3","3"
"37","5","3","30","30","60","6000000","73784","0.012297333333333334","6","7"
"35","5","3","30","30","126","12600000","211674","0.01679952380952381","9","10"
"33","5","3","30","30","231","23100000","334346","0.014473852813852814","3","3"
"37","5","3","30","30","61","6100000","74313","0.012182459016393442","6","7"
"35","5","3","30","30","127","12700000","212322","0.016718267716535434","9","11"
"33","5","3","30","30","232","23200000","335189","0.014447801724137932","3","4"
"37","5","3","30","30","62","6200000","74813","0.012066612903225806","6","6"
"35","5","3","30","30","128","12800000","213043","0.016643984375","9","10"
"33","5","3","30","30","233","23300000","336051","0.014422789699570816","3","3"
"37","5","3","30","30","63","6300000","75386","0.011966031746031745","6","9"
"35","5","3","30","30","129","12900000","213610","0.01655891472868217","9","9"
"33","5","3","30","30","234","23400000","336837","0.01439474358974359","3","8"
"37","5","3","30","30","64","6400000","75985","0.01187265625","6","6"
"35","5","3","30","30","130","13000000","214362","0.016489384615384614","8","12"
"33","5","3","30","30","235","23500000","337706","0.014370468085106383","3","4"
"37","5","3","30","30","65","6500000","76670","0.011795384615384616","6","6"
"35","5","3","30","30","131","13100000","214983","0.01641091603053435","8","9"
"37","5","3","30","30","66","6600000","77313","0.011714090909090908","6","8"
"33","5","3","30","30","236","23600000","338557","0.01434563559322034","3","5"
"35","5","3","30","30","132","13200000","215673","0.016338863636363637","8","8"
"37","5","3","30","30","67","6700000","77889","0.011625223880597014","6","6"
"33","5","3","30","30","237","23700000","339450","0.014322784810126582","3","4"
"35","5","3","30","30","133","13300000","216399","0.016270601503759398","8","9"
"37","5","3","30","30","68","6800000","78484","0.011541764705882354","6","6"
"33","5","3","30","30","238","23800000","340387","0.014301974789915966","3","4"
"35","5","3","30","30","134","13400000","217283","0.016215149253731343","8","11"
"37","5","3","30","30","69","6900000","78983","0.011446811594202898","6","6"
"33","5","3","30","30","239","23900000","341289","0.014279874476987447","3","5"
"35","5","3","30","30","135","13500000","218366","0.01617525925925926","8","11"
"37","5","3","30","30","70","7000000","79516","0.01135942857142857","6","7"
"33","5","3","30","30","240","24000000","342259","0.014260791666666666","3","4"
"35","5","3","30","30","136","13600000","218968","0.016100588235294117","8","8"
"37","5","3","30","30","71","7100000","80095","0.011280985915492958","6","6"
"33","5","3","30","30","241","24100000","343165","0.014239211618257261","3","6"
"35","5","3","30","30","137","13700000","219632","0.016031532846715327","8","12"
"37","5","3","30","30","72","7200000","80601","0.011194583333333334","6","7"
"33","5","3","30","30","242","24200000","344163","0.014221611570247934","3","4"
"35","5","3","30","30","138","13800000","220349","0.01596731884057971","8","8"
"37","5","3","30","30","73","7300000","81096","0.01110904109589041","6","8"
"33","5","3","30","30","243","24300000","345037","0.014199053497942387","3","5"
"35","5","3","30","30","139","13900000","221017","0.015900503597122303","8","9"
"37","5","3","30","30","74","7400000","81654","0.011034324324324324","6","7"
"33","5","3","30","30","244","24400000","345891","0.014175860655737706","3","6"
"35","5","3","30","30","140","14000000","221817","0.01584407142857143","8","9"
"37","5","3","30","30","75","7500000","82164","0.0109552","6","8"
"33","5","3","30","30","245","24500000","347103","0.014167469387755103","3","6"
"35","5","3","30","30","141","14100000","222332","0.01576822695035461","8","8"
"37","5","3","30","30","76","7600000","82659","0.010876184210526316","6","6"
"33","5","3","30","30","246","24600000","348167","0.014153130081300813","3","3"
"35","5","3","30","30","142","14200000","222878","0.0156956338028169","8","12"
"37","5","3","30","30","77","7700000","83174","0.010801818181818182","6","7"
"33","5","3","30","30","247","24700000","349104","0.014133765182186234","3","5"
"35","5","3","30","30","143","14300000","223460","0.015626573426573427","8","8"
"37","5","3","30","30","78","7800000","83777","0.010740641025641026","6","7"
"33","5","3","30","30","248","24800000","350057","0.014115201612903226","3","4"
"35","5","3","30","30","144","14400000","224061","0.015559791666666666","8","10"
"37","5","3","30","30","79","7900000","84434","0.010687848101265824","6","6"
"33","5","3","30","30","249","24900000","350871","0.01409120481927711","3","6"
"35","5","3","30","30","145","14500000","224561","0.01548696551724138","8","9"
"37","5","3","30","30","80","8000000","85035","0.010629375","6","6"
"33","5","3","30","30","250","25000000","351747","0.01406988","3","5"
"35","5","3","30","30","146","14600000","225213","0.01542554794520548","8","10"
"37","5","3","30","30","81","8100000","85866","0.01060074074074074","6","7"
"33","5","3","30","30","251","25100000","352640","0.014049402390438247","3","6"
"35","5","3","30","30","147","14700000","225741","0.015356530612244897","8","9"
"37","5","3","30","30","82","8200000","86606","0.010561707317073172","6","10"
"33","5","3","30","30","252","25200000","353629","0.014032896825396825","3","5"
"35","5","3","30","30","148","14800000","226217","0.015284932432432433","8","8"
"37","5","3","30","30","83","8300000","87237","0.010510481927710843","6","6"
"33","5","3","30","30","253","25300000","354481","0.014011106719367589","3","3"
"35","5","3","30","30","149","14900000","226709","0.015215369127516778","8","9"
"37","5","3","30","30","84","8400000","87743","0.010445595238095238","6","6"
"33","5","3","30","30","254","25400000","355246","0.013986062992125984","3","4"
"35","5","3","30","30","150","15000000","227190","0.015146","8","9"
"37","5","3","30","30","85","8500000","88328","0.010391529411764706","6","7"
"33","5","3","30","30","255","25500000","356130","0.013965882352941177","3","5"
"37","5","3","30","30","86","8600000","88871","0.010333837209302326","6","7"
"35","5","3","30","30","151","15100000","227718","0.015080662251655629","8","10"
"33","5","3","30","30","256","25600000","356990","0.013944921875","3","3"
"37","5","3","30","30","87","8700000","89491","0.010286321839080459","6","8"
"35","5","3","30","30","152","15200000","228257","0.015016907894736841","8","8"
"33","5","3","30","30","257","25700000","357810","0.013922568093385214","3","5"
"37","5","3","30","30","88","8800000","90084","0.010236818181818182","6","6"
"35","5","3","30","30","153","15300000","228814","0.01495516339869281","8","8"
"33","5","3","30","30","258","25800000","358568","0.013897984496124031","3","6"
"37","5","3","30","30","89","8900000","90676","0.010188314606741572","6","7"
"35","5","3","30","30","154","15400000","229392","0.014895584415584416","8","9"
"33","5","3","30","30","259","25900000","359318","0.013873281853281853","3","3"
"37","5","3","30","30","90","9000000","91206","0.010134","6","6"
"35","5","3","30","30","155","15500000","229986","0.014837806451612904","8","8"
"33","5","3","30","30","260","26000000","360171","0.01385273076923077","3","5"
"37","5","3","30","30","91","9100000","91678","0.010074505494505495","6","6"
"35","5","3","30","30","156","15600000","230641","0.014784679487179488","8","8"
"33","5","3","30","30","261","26100000","360961","0.013829923371647509","3","3"
"37","5","3","30","30","92","9200000","92210","0.010022826086956522","6","8"
"35","5","3","30","30","157","15700000","231089","0.014719044585987261","8","10"
"33","5","3","30","30","262","26200000","361785","0.013808587786259542","3","5"
"37","5","3","30","30","93","9300000","92803","0.009978817204301075","6","6"
"35","5","3","30","30","158","15800000","231608","0.01465873417721519","8","9"
"33","5","3","30","30","263","26300000","362584","0.013786463878326997","3","5"
"37","5","3","30","30","94","9400000","93329","0.009928617021276596","6","6"
"35","5","3","30","30","159","15900000","232210","0.01460440251572327","8","9"
"33","5","3","30","30","264","26400000","363409","0.013765492424242425","3","4"
"37","5","3","30","30","95","9500000","93897","0.009883894736842105","6","9"
"35","5","3","30","30","160","16000000","232867","0.0145541875","8","11"
"33","5","3","30","30","265","26500000","364177","0.013742528301886792","3","3"
"37","5","3","30","30","96","9600000","94404","0.00983375","6","6"
"35","5","3","30","30","161","16100000","233543","0.014505776397515527","8","8"
"33","5","3","30","30","266","26600000","365007","0.013722067669172932","3","6"
"37","5","3","30","30","97","9700000","94921","0.009785670103092784","6","7"
"35","5","3","30","30","162","16200000","234038","0.014446790123456791","8","9"
"33","5","3","30","30","267","26700000","366005","0.013708052434456929","3","4"
"37","5","3","30","30","98","9800000","95443","0.009739081632653062","6","6"
"35","5","3","30","30","163","16300000","234532","0.014388466257668712","8","8"
"33","5","3","30","30","268","26800000","366887","0.013689813432835821","3","4"
"37","5","3","30","30","99","9900000","95961","0.009693030303030302","6","6"
"35","5","3","30","30","164","16400000","235021","0.014330548780487805","8","8"
"33","5","3","30","30","269","26900000","367885","0.013676022304832714","3","3"
"37","5","3","30","30","100","10000000","96488","0.0096488","6","6"
"35","5","3","30","30","165","16500000","235559","0.01427630303030303","8","9"
"33","5","3","30","30","270","27000000","368821","0.013660037037037037","3","6"
"37","5","3","30","30","101","10100000","96941","0.009598118811881188","6","6"
"35","5","3","30","30","166","16600000","236094","0.014222530120481927","8","8"
"33","5","3","30","30","271","27100000","369661","0.013640627306273063","3","4"
"37","5","3","30","30","102","10200000","97387","0.009547745098039215","6","6"
"35","5","3","30","30","167","16700000","236577","0.0141662874251497","8","8"
"33","5","3","30","30","272","27200000","370616","0.013625588235294118","3","4"
"37","5","3","30","30","103","10300000","97817","0.009496796116504854","6","8"
"35","5","3","30","30","168","16800000","237068","0.014111190476190477","8","9"
"33","5","3","30","30","273","27300000","371772","0.013618021978021979","3","7"
"37","5","3","30","30","104","10400000","98235","0.009445673076923077","6","6"
"35","5","3","30","30","169","16900000","237537","0.01405544378698225","8","9"
"33","5","3","30","30","274","27400000","373006","0.013613357664233577","3","4"
"37","5","3","30","30","105","10500000","98792","0.009408761904761904","6","6"
"35","5","3","30","30","170","17000000","238074","0.014004352941176471","8","8"
"33","5","3","30","30","275","27500000","373996","0.013599854545454546","3","3"
"37","5","3","30","30","106","10600000","99271","0.009365188679245283","6","6"
"35","5","3","30","30","171","17100000","238587","0.013952456140350877","8","8"
"33","5","3","30","30","276","27600000","374887","0.01358286231884058","3","3"
"37","5","3","30","30","107","10700000","99791","0.00932626168224299","6","7"
"35","5","3","30","30","172","17200000","239075","0.013899709302325581","8","8"
"33","5","3","30","30","277","27700000","375963","0.013572671480144405","3","4"
"37","5","3","30","30","108","10800000","100244","0.009281851851851852","6","6"
"35","5","3","30","30","173","17300000","239596","0.013849479768786126","8","9"
"33","5","3","30","30","278","27800000","377003","0.013561258992805756","3","3"
"37","5","3","30","30","109","10900000","100807","0.00924834862385321","6","7"
"35","5","3","30","30","174","17400000","240200","0.013804597701149425","8","10"
"33","5","3","30","30","279","27900000","377815","0.013541756272401433","3","4"
"37","5","3","30","30","110","11000000","101232","0.009202909090909091","6","7"
"35","5","3","30","30","175","17500000","240895","0.01376542857142857","8","8"
"33","5","3","30","30","280","28000000","378672","0.013524","3","4"
"37","5","3","30","30","111","11100000","101757","0.009167297297297297","6","6"
"35","5","3","30","30","176","17600000","241389","0.01371528409090909","8","8"
"33","5","3","30","30","281","28100000","379523","0.013506156583629893","3","4"
"37","5","3","30","30","112","11200000","102292","0.009133214285714286","6","7"
"35","5","3","30","30","177","17700000","241929","0.013668305084745763","8","8"
"33","5","3","30","30","282","28200000","380384","0.013488794326241135","3","3"
"37","5","3","30","30","113","11300000","102714","0.009089734513274337","6","6"
"35","5","3","30","30","178","17800000","242455","0.013621067415730338","8","10"
"33","5","3","30","30","283","28300000","381213","0.01347042402826855","3","4"
"37","5","3","30","30","114","11400000","103274","0.009059122807017544","6","8"
"35","5","3","30","30","179","17900000","242955","0.013572905027932961","8","8"
"33","5","3","30","30","284","28400000","382186","0.01345725352112676","3","5"
"37","5","3","30","30","115","11500000","103767","0.009023217391304348","6","6"
"35","5","3","30","30","180","18000000","243426","0.013523666666666666","8","8"
"33","5","3","30","30","285","28500000","383131","0.01344319298245614","3","5"
"37","5","3","30","30","116","11600000","104363","0.008996810344827586","6","10"
"35","5","3","30","30","181","18100000","243857","0.013472762430939226","8","8"
"33","5","3","30","30","286","28600000","384132","0.01343118881118881","3","4"
"37","5","3","30","30","117","11700000","104884","0.008964444444444445","6","10"
"35","5","3","30","30","182","18200000","244337","0.01342510989010989","8","11"
"33","5","3","30","30","287","28700000","385034","0.01341581881533101","3","4"
"37","5","3","30","30","118","11800000","105459","0.008937203389830508","6","7"
"35","5","3","30","30","183","18300000","244752","0.013374426229508197","8","9"
"33","5","3","30","30","288","28800000","385939","0.013400659722222222","3","4"
"37","5","3","30","30","119","11900000","106203","0.008924621848739496","6","7"
"35","5","3","30","30","184","18400000","245228","0.013327608695652174","8","10"
"33","5","3","30","30","289","28900000","386801","0.013384117647058824","3","6"
"37","5","3","30","30","120","12000000","106907","0.008908916666666667","6","7"
"35","5","3","30","30","185","18500000","245653","0.013278540540540541","8","9"
"33","5","3","30","30","290","29000000","387597","0.013365413793103449","3","3"
"37","5","3","30","30","121","12100000","107615","0.008893801652892563","6","7"
"35","5","3","30","30","186","18600000","246096","0.013230967741935483","8","8"
"33","5","3","30","30","291","29100000","388373","0.013346151202749141","3","4"
"37","5","3","30","30","122","12200000","108241","0.008872213114754099","6","7"
"35","5","3","30","30","187","18700000","246609","0.01318764705882353","8","9"
"37","5","3","30","30","123","12300000","108662","0.00883430894308943","6","8"
"33","5","3","30","30","292","29200000","389291","0.013331883561643835","3","4"
"35","5","3","30","30","188","18800000","247044","0.013140638297872341","8","8"
"37","5","3","30","30","124","12400000","109131","0.008800887096774193","6","6"
"33","5","3","30","30","293","29300000","390118","0.013314607508532424","3","4"
"35","5","3","30","30","189","18900000","247663","0.013103862433862435","8","12"
"37","5","3","30","30","125","12500000","109600","0.008768","6","6"
"33","5","3","30","30","294","29400000","391008","0.013299591836734693","3","4"
"35","5","3","30","30","190","19000000","248141","0.013060052631578948","8","11"
"37","5","3","30","30","126","12600000","110183","0.00874468253968254","6","8"
"33","5","3","30","30","295","29500000","391868","0.013283661016949153","3","3"
"35","5","3","30","30","191","19100000","248365","0.013003403141361256","8","9"
"37","5","3","30","30","127","12700000","110706","0.008717007874015748","6","6"
"33","5","3","30","30","296","29600000","392776","0.01326945945945946","3","6"
"35","5","3","30","30","192","19200000","248367","0.01293578125","7","7"
"38","5","3","30","30","0","0","0","0","125","889"
"37","5","3","30","30","128","12800000","111186","0.00868640625","6","7"
"33","5","3","30","30","297","29700000","393711","0.013256262626262626","3","6"
"37","5","3","30","30","129","12900000","111661","0.008655891472868217","6","6"
"38","5","3","30","30","1","100000","7518","0.07518","99","206"
"33","5","3","30","30","298","29800000","394707","0.01324520134228188","3","4"
"37","5","3","30","30","130","13000000","112279","0.008636846153846155","6","8"
"33","5","3","30","30","299","29900000","395525","0.013228260869565217","3","5"
"38","5","3","30","30","2","200000","14105","0.070525","66","127"
"37","5","3","30","30","131","13100000","112835","0.008613358778625953","6","8"
"33","5","3","30","30","300","30000000","396250","0.013208333333333334","3","4"
"38","5","3","30","30","3","300000","19370","0.06456666666666666","57","111"
"37","5","3","30","30","132","13200000","113359","0.00858780303030303","6","6"
"33","5","3","30","30","301","30100000","397151","0.0131943853820598","3","3"
"38","5","3","30","30","4","400000","24755","0.0618875","57","87"
"37","5","3","30","30","133","13300000","113877","0.00856218045112782","6","6"
"33","5","3","30","30","302","30200000","398099","0.013182086092715232","3","7"
"38","5","3","30","30","5","500000","29473","0.058946","45","80"
"37","5","3","30","30","134","13400000","114334","0.008532388059701492","6","6"
"33","5","3","30","30","303","30300000","399003","0.013168415841584158","3","5"
"38","5","3","30","30","6","600000","33621","0.056035","37","52"
"37","5","3","30","30","135","13500000","114810","0.008504444444444445","6","8"
"33","5","3","30","30","304","30400000","400083","0.013160625","3","3"
"38","5","3","30","30","7","700000","37547","0.05363857142857143","30","56"
"37","5","3","30","30","136","13600000","115228","0.00847264705882353","6","7"
"33","5","3","30","30","305","30500000","401146","0.013152327868852459","3","5"
"38","5","3","30","30","8","800000","41383","0.05172875","30","56"
"37","5","3","30","30","137","13700000","115720","0.008446715328467153","6","7"
"33","5","3","30","30","306","30600000","402099","0.01314049019607843","3","6"
"38","5","3","30","30","9","900000","45247","0.05027444444444444","22","34"
"37","5","3","30","30","138","13800000","116252","0.008424057971014493","6","6"
"33","5","3","30","30","307","30700000","402991","0.013126742671009772","3","4"
"38","5","3","30","30","10","1000000","48792","0.048792","18","25"
"37","5","3","30","30","139","13900000","116752","0.008399424460431655","6","6"
"33","5","3","30","30","308","30800000","403940","0.013114935064935065","3","7"
"38","5","3","30","30","11","1100000","51901","0.04718272727272727","17","26"
"37","5","3","30","30","140","14000000","117259","0.008375642857142858","6","6"
"33","5","3","30","30","309","30900000","404905","0.013103721682847897","3","4"
"38","5","3","30","30","12","1200000","54815","0.045679166666666667","18","30"
"37","5","3","30","30","141","14100000","117734","0.008349929078014184","6","6"
"33","5","3","30","30","310","31000000","405758","0.013088967741935483","3","3"
"38","5","3","30","30","13","1300000","57715","0.04439615384615385","17","35"
"37","5","3","30","30","142","14200000","118206","0.0083243661971831","6","7"
"33","5","3","30","30","311","31100000","406753","0.01307887459807074","3","3"
"38","5","3","30","30","14","1400000","60014","0.04286714285714286","14","24"
"37","5","3","30","30","143","14300000","118722","0.008302237762237763","6","6"
"33","5","3","30","30","312","31200000","407969","0.013075929487179488","3","6"
"38","5","3","30","30","15","1500000","61805","0.041203333333333335","13","24"
"37","5","3","30","30","144","14400000","119249","0.008281180555555556","6","8"
"33","5","3","30","30","313","31300000","409078","0.013069584664536742","3","5"
"38","5","3","30","30","16","1600000","63585","0.039740625","12","15"
"37","5","3","30","30","145","14500000","119821","0.00826351724137931","6","11"
"33","5","3","30","30","314","31400000","410013","0.013057738853503184","3","6"
"38","5","3","30","30","17","1700000","65569","0.03857","13","20"
"37","5","3","30","30","146","14600000","120352","0.008243287671232877","6","6"
"33","5","3","30","30","315","31500000","410884","0.013043936507936508","3","4"
"38","5","3","30","30","18","1800000","67681","0.037600555555555554","11","14"
"37","5","3","30","30","147","14700000","120988","0.00823047619047619","6","7"
"33","5","3","30","30","316","31600000","411787","0.01303123417721519","3","4"
"38","5","3","30","30","19","1900000","69897","0.0367878947368421","13","21"
"37","5","3","30","30","148","14800000","121553","0.00821304054054054","6","8"
"33","5","3","30","30","317","31700000","412831","0.013023059936908518","3","5"
"38","5","3","30","30","20","2000000","72203","0.0361015","11","21"
"37","5","3","30","30","149","14900000","122136","0.008197046979865771","6","9"
"33","5","3","30","30","318","31800000","413675","0.013008647798742138","3","5"
"38","5","3","30","30","21","2100000","74732","0.03558666666666667","11","17"
"37","5","3","30","30","150","15000000","122605","0.008173666666666666","6","7"
"33","5","3","30","30","319","31900000","414517","0.012994263322884012","3","5"
"38","5","3","30","30","22","2200000","77272","0.035123636363636364","11","17"
"37","5","3","30","30","151","15100000","123076","0.008150728476821191","6","6"
"33","5","3","30","30","320","32000000","415375","0.01298046875","3","5"
"38","5","3","30","30","23","2300000","79859","0.03472130434782609","12","15"
"37","5","3","30","30","152","15200000","123624","0.008133157894736842","6","6"
"33","5","3","30","30","321","32100000","416466","0.012974018691588785","3","5"
"38","5","3","30","30","24","2400000","82615","0.034422916666666664","10","24"
"37","5","3","30","30","153","15300000","124079","0.008109738562091504","6","8"
"33","5","3","30","30","322","32200000","417470","0.012964906832298137","3","8"
"38","5","3","30","30","25","2500000","85514","0.0342056","13","23"
"37","5","3","30","30","154","15400000","124670","0.008095454545454546","6","9"
"33","5","3","30","30","323","32300000","418290","0.012950154798761609","3","6"
"38","5","3","30","30","26","2600000","88535","0.03405192307692308","11","19"
"37","5","3","30","30","155","15500000","125368","0.00808825806451613","6","6"
"33","5","3","30","30","324","32400000","418873","0.01292817901234568","3","5"
"38","5","3","30","30","27","2700000","91358","0.033836296296296295","11","24"
"37","5","3","30","30","156","15600000","125815","0.008065064102564103","6","6"
"33","5","3","30","30","325","32500000","419360","0.012903384615384615","3","5"
"38","5","3","30","30","28","2800000","94241","0.0336575","11","24"
"37","5","3","30","30","157","15700000","126383","0.008049872611464969","6","7"
"33","5","3","30","30","326","32600000","419567","0.01287015337423313","3","3"
"38","5","3","30","30","29","2900000","96793","0.033376896551724135","12","21"
"37","5","3","30","30","158","15800000","126924","0.008033164556962026","6","6"
"33","5","3","30","30","327","32700000","419577","0.012831100917431193","2","2"
"39","5","3","30","30","0","0","0","0","125","889"
"38","5","3","30","30","30","3000000","99365","0.03312166666666667","12","20"
"37","5","3","30","30","159","15900000","127546","0.008021761006289308","6","7"
"39","5","3","30","30","1","100000","7689","0.07689","99","220"
"38","5","3","30","30","31","3100000","102120","0.03294193548387097","12","22"
"37","5","3","30","30","160","16000000","128057","0.0080035625","6","7"
"39","5","3","30","30","2","200000","13900","0.0695","73","135"
"38","5","3","30","30","32","3200000","104906","0.032783125","11","21"
"37","5","3","30","30","161","16100000","128590","0.007986956521739131","6","6"
"39","5","3","30","30","3","300000","19647","0.06549","59","101"
"38","5","3","30","30","33","3300000","107560","0.0325939393939394","11","20"
"37","5","3","30","30","162","16200000","129118","0.007970246913580246","6","7"
"39","5","3","30","30","4","400000","24878","0.062195","51","83"
"37","5","3","30","30","163","16300000","129559","0.00794840490797546","6","8"
"38","5","3","30","30","34","3400000","110063","0.03237147058823529","9","15"
"37","5","3","30","30","164","16400000","130023","0.007928231707317074","6","6"
"39","5","3","30","30","5","500000","29456","0.058912","50","80"
"38","5","3","30","30","35","3500000","112374","0.032106857142857145","9","13"
"37","5","3","30","30","165","16500000","130489","0.007908424242424243","6","6"
"39","5","3","30","30","6","600000","34336","0.05722666666666667","44","75"
"38","5","3","30","30","36","3600000","114473","0.03179805555555556","10","17"
"37","5","3","30","30","166","16600000","130987","0.00789078313253012","6","7"
"38","5","3","30","30","37","3700000","116729","0.03154837837837838","10","20"
"39","5","3","30","30","7","700000","39006","0.05572285714285714","47","77"
"37","5","3","30","30","167","16700000","131442","0.007870778443113773","6","6"
"38","5","3","30","30","38","3800000","118969","0.03130763157894737","10","24"
"39","5","3","30","30","8","800000","44209","0.05526125","40","73"
"37","5","3","30","30","168","16800000","131934","0.007853214285714286","6","7"
"38","5","3","30","30","39","3900000","121104","0.03105230769230769","10","19"
"39","5","3","30","30","9","900000","49061","0.05451222222222222","33","57"
"37","5","3","30","30","169","16900000","132393","0.007833905325443787","6","7"
"38","5","3","30","30","40","4000000","123359","0.03083975","10","14"
"39","5","3","30","30","10","1000000","53837","0.053837","26","47"
"37","5","3","30","30","170","17000000","132852","0.007814823529411765","6","6"
"38","5","3","30","30","41","4100000","125661","0.030649024390243904","10","19"
"39","5","3","30","30","11","1100000","57525","0.05229545454545455","23","38"
"37","5","3","30","30","171","17100000","133314","0.007796140350877193","6","6"
"38","5","3","30","30","42","4200000","128109","0.030502142857142856","10","19"
"39","5","3","30","30","12","1200000","61155","0.0509625","23","33"
"37","5","3","30","30","172","17200000","133808","0.00777953488372093","6","6"
"38","5","3","30","30","43","4300000","130830","0.030425581395348837","10","23"
"39","5","3","30","30","13","1300000","64518","0.049629230769230766","22","31"
"37","5","3","30","30","173","17300000","134398","0.007768670520231214","6","7"
"38","5","3","30","30","44","4400000","132985","0.030223863636363636","10","15"
"39","5","3","30","30","14","1400000","67457","0.04818357142857143","18","21"
"37","5","3","30","30","174","17400000","134941","0.0077552298850574715","6","8"
"39","5","3","30","30","15","1500000","69890","0.046593333333333334","20","27"
"38","5","3","30","30","45","4500000","135162","0.030036","10","11"
"37","5","3","30","30","175","17500000","135441","0.007739485714285715","6","6"
"38","5","3","30","30","46","4600000","137176","0.02982086956521739","8","8"
"39","5","3","30","30","16","1600000","72646","0.04540375","20","38"
"37","5","3","30","30","176","17600000","135954","0.007724659090909091","6","7"
"38","5","3","30","30","47","4700000","139422","0.029664255319148937","8","13"
"39","5","3","30","30","17","1700000","75132","0.04419529411764706","18","26"
"37","5","3","30","30","177","17700000","136383","0.007705254237288135","6","6"
"39","5","3","30","30","18","1800000","77313","0.042951666666666666","18","27"
"38","5","3","30","30","48","4800000","141542","0.029487916666666666","9","15"
"37","5","3","30","30","178","17800000","136783","0.007684438202247191","6","6"
"39","5","3","30","30","19","1900000","79558","0.04187263157894737","21","31"
"38","5","3","30","30","49","4900000","143548","0.029295510204081634","9","13"
"37","5","3","30","30","179","17900000","137275","0.007668994413407821","6","6"
"38","5","3","30","30","50","5000000","145345","0.029069","9","11"
"39","5","3","30","30","20","2000000","81722","0.040861","18","23"
"37","5","3","30","30","180","18000000","137830","0.007657222222222222","6","6"
"39","5","3","30","30","21","2100000","84031","0.04001476190476191","19","28"
"38","5","3","30","30","51","5100000","147166","0.02885607843137255","8","13"
"37","5","3","30","30","181","18100000","138482","0.007650939226519337","6","6"
"38","5","3","30","30","52","5200000","148803","0.028615961538461538","8","12"
"39","5","3","30","30","22","2200000","86877","0.03948954545454546","18","28"
"37","5","3","30","30","182","18200000","139098","0.007642747252747253","6","6"
"38","5","3","30","30","53","5300000","150510","0.02839811320754717","9","16"
"39","5","3","30","30","23","2300000","89653","0.03897956521739131","16","29"
"37","5","3","30","30","183","18300000","139674","0.0076324590163934425","6","7"
"38","5","3","30","30","54","5400000","152176","0.028180740740740742","8","9"
"39","5","3","30","30","24","2400000","92486","0.03853583333333333","17","30"
"37","5","3","30","30","184","18400000","140142","0.007616413043478261","6","7"
"38","5","3","30","30","55","5500000","154149","0.028027090909090908","8","11"
"39","5","3","30","30","25","2500000","95242","0.0380968","19","29"
"37","5","3","30","30","185","18500000","140565","0.0075981081081081085","6","6"
"38","5","3","30","30","56","5600000","155672","0.02779857142857143","8","12"
"39","5","3","30","30","26","2600000","97881","0.03764653846153846","17","31"
"37","5","3","30","30","186","18600000","141091","0.007585537634408602","6","8"
"38","5","3","30","30","57","5700000","157133","0.02756719298245614","8","11"
"39","5","3","30","30","27","2700000","100339","0.037162592592592594","16","26"
"37","5","3","30","30","187","18700000","141700","0.007577540106951872","6","8"
"38","5","3","30","30","58","5800000","158590","0.02734310344827586","7","11"
"39","5","3","30","30","28","2800000","102767","0.0367025","14","24"
"37","5","3","30","30","188","18800000","142218","0.0075647872340425535","6","6"
"38","5","3","30","30","59","5900000","160141","0.027142542372881356","7","12"
"39","5","3","30","30","29","2900000","104936","0.0361848275862069","12","28"
"37","5","3","30","30","189","18900000","142764","0.007553650793650794","6","7"
"38","5","3","30","30","60","6000000","161516","0.026919333333333333","7","10"
"39","5","3","30","30","30","3000000","107042","0.035680666666666666","12","24"
"37","5","3","30","30","190","19000000","143258","0.007539894736842106","6","8"
"38","5","3","30","30","61","6100000","162891","0.02670344262295082","7","9"
"37","5","3","30","30","191","19100000","143815","0.007529581151832461","6","7"
"39","5","3","30","30","31","3100000","109311","0.035261612903225804","13","21"
"38","5","3","30","30","62","6200000","164088","0.026465806451612905","6","7"
"37","5","3","30","30","192","19200000","144300","0.007515625","6","7"
"39","5","3","30","30","32","3200000","111554","0.034860625","13","21"
"38","5","3","30","30","63","6300000","165254","0.02623079365079365","6","7"
"37","5","3","30","30","193","19300000","144891","0.007507305699481865","6","7"
"39","5","3","30","30","33","3300000","113888","0.034511515151515154","12","20"
"38","5","3","30","30","64","6400000","166320","0.0259875","5","9"
"37","5","3","30","30","194","19400000","145422","0.007495979381443299","6","8"
"39","5","3","30","30","34","3400000","115909","0.03409088235294118","12","14"
"38","5","3","30","30","65","6500000","167108","0.025708923076923077","5","6"
"37","5","3","30","30","195","19500000","145985","0.0074864102564102565","6","7"
"39","5","3","30","30","35","3500000","117947","0.03369914285714286","11","13"
"38","5","3","30","30","66","6600000","167862","0.025433636363636363","5","6"
"37","5","3","30","30","196","19600000","146507","0.00747484693877551","6","6"
"39","5","3","30","30","36","3600000","119992","0.03333111111111111","11","18"
"38","5","3","30","30","67","6700000","168243","0.02511089552238806","5","5"
"37","5","3","30","30","197","19700000","147048","0.007464365482233503","6","7"
"39","5","3","30","30","37","3700000","121912","0.03294918918918919","9","11"
"38","5","3","30","30","68","6800000","168651","0.024801617647058825","5","7"
"37","5","3","30","30","198","19800000","147624","0.007455757575757576","6","6"
"39","5","3","30","30","38","3800000","123716","0.032556842105263155","9","11"
"38","5","3","30","30","69","6900000","169066","0.02450231884057971","5","6"
"37","5","3","30","30","199","19900000","148124","0.007443417085427136","6","8"
"39","5","3","30","30","39","3900000","125750","0.03224358974358974","9","12"
"38","5","3","30","30","70","7000000","169086","0.024155142857142858","4","4"
"40","5","3","30","30","0","0","0","0","125","887"
"37","5","3","30","30","200","20000000","148617","0.00743085","6","6"
"39","5","3","30","30","40","4000000","127706","0.0319265","9","12"
"40","5","3","30","30","1","100000","7778","0.07778","96","219"
"37","5","3","30","30","201","20100000","149165","0.007421144278606965","6","7"
"39","5","3","30","30","41","4100000","129297","0.03153585365853658","9","13"
"37","5","3","30","30","202","20200000","149628","0.007407326732673267","6","7"
"40","5","3","30","30","2","200000","14844","0.07422","77","138"
"39","5","3","30","30","42","4200000","130835","0.031151190476190475","9","9"
"37","5","3","30","30","203","20300000","150142","0.00739615763546798","6","6"
"40","5","3","30","30","3","300000","20466","0.06822","50","93"
"39","5","3","30","30","43","4300000","132631","0.030844418604651164","9","11"
"37","5","3","30","30","204","20400000","150639","0.007384264705882353","6","6"
"40","5","3","30","30","4","400000","25771","0.0644275","44","89"
"39","5","3","30","30","44","4400000","134302","0.030523181818181817","9","16"
"37","5","3","30","30","205","20500000","151170","0.007374146341463415","6","7"
"40","5","3","30","30","5","500000","31080","0.06216","37","73"
"39","5","3","30","30","45","4500000","136205","0.03026777777777778","9","18"
"37","5","3","30","30","206","20600000","151675","0.007362864077669903","6","8"
"40","5","3","30","30","6","600000","36098","0.06016333333333333","32","57"
"39","5","3","30","30","46","4600000","137935","0.029985869565217392","9","10"
"37","5","3","30","30","207","20700000","152229","0.0073540579710144926","6","7"
"40","5","3","30","30","7","700000","40896","0.058422857142857144","32","54"
"39","5","3","30","30","47","4700000","139639","0.029710425531914893","9","12"
"37","5","3","30","30","208","20800000","152708","0.00734173076923077","6","7"
"39","5","3","30","30","48","4800000","141446","0.029467916666666667","9","17"
"40","5","3","30","30","8","800000","45487","0.05685875","22","47"
"37","5","3","30","30","209","20900000","153191","0.007329712918660287","6","10"
"39","5","3","30","30","49","4900000","143086","0.029201224489795917","9","15"
"40","5","3","30","30","9","900000","49550","0.05505555555555556","22","36"
"37","5","3","30","30","210","21000000","153634","0.007315904761904762","6","8"
"39","5","3","30","30","50","5000000","144850","0.02897","9","13"
"40","5","3","30","30","10","1000000","53555","0.053555","20","36"
"37","5","3","30","30","211","21100000","154187","0.007307440758293839","6","6"
"39","5","3","30","30","51","5100000","146726","0.028769803921568627","9","15"
"40","5","3","30","30","11","1100000","57509","0.05228090909090909","22","32"
"37","5","3","30","30","212","21200000","154732","0.0072986792452830185","6","9"
"39","5","3","30","30","52","5200000","148320","0.028523076923076922","9","12"
"40","5","3","30","30","12","1200000","61480","0.05123333333333333","20","30"
"37","5","3","30","30","213","21300000","155219","0.007287276995305164","6","7"
"39","5","3","30","30","53","5300000","149762","0.028256981132075473","9","14"
"40","5","3","30","30","13","1300000","65464","0.05035692307692308","21","26"
"37","5","3","30","30","214","21400000","155679","0.007274719626168225","6","7"
"39","5","3","30","30","54","5400000","151229","0.02800537037037037","9","14"
"40","5","3","30","30","14","1400000","68924","0.04923142857142857","20","32"
"37","5","3","30","30","215","21500000","156188","0.007264558139534884","6","6"
"39","5","3","30","30","55","5500000","152623","0.027749636363636365","9","12"
"40","5","3","30","30","15","1500000","72685","0.04845666666666667","17","35"
"37","5","3","30","30","216","21600000","156723","0.007255694444444445","6","9"
"39","5","3","30","30","56","5600000","154169","0.02753017857142857","9","15"
"40","5","3","30","30","16","1600000","76200","0.047625","17","40"
"37","5","3","30","30","217","21700000","157240","0.007246082949308756","6","7"
"39","5","3","30","30","57","5700000","155602","0.02729859649122807","9","11"
"40","5","3","30","30","17","1700000","79689","0.04687588235294118","14","24"
"37","5","3","30","30","218","21800000","157784","0.007237798165137615","6","8"
"39","5","3","30","30","58","5800000","157046","0.027076896551724138","9","13"
"37","5","3","30","30","219","21900000","158355","0.007230821917808219","6","7"
"40","5","3","30","30","18","1800000","82693","0.045940555555555554","12","15"
"39","5","3","30","30","59","5900000","158515","0.026866949152542372","7","10"
"37","5","3","30","30","220","22000000","158828","0.007219454545454545","6","6"
"40","5","3","30","30","19","1900000","85695","0.045102631578947366","10","16"
"39","5","3","30","30","60","6000000","159793","0.026632166666666665","7","7"
"37","5","3","30","30","221","22100000","159351","0.007210452488687783","6","6"
"40","5","3","30","30","20","2000000","88314","0.044157","12","20"
"39","5","3","30","30","61","6100000","160842","0.026367540983606556","6","7"
"37","5","3","30","30","222","22200000","159905","0.007202927927927928","6","6"
"40","5","3","30","30","21","2100000","91337","0.043493809523809525","13","24"
"39","5","3","30","30","62","6200000","161680","0.026077419354838708","6","7"
"37","5","3","30","30","223","22300000","160424","0.00719390134529148","6","6"
"40","5","3","30","30","22","2200000","94408","0.042912727272727276","10","19"
"39","5","3","30","30","63","6300000","162587","0.025807460317460316","6","8"
"37","5","3","30","30","224","22400000","160975","0.007186383928571428","6","8"
"40","5","3","30","30","23","2300000","97214","0.04226695652173913","12","16"
"39","5","3","30","30","64","6400000","163358","0.0255246875","6","6"
"37","5","3","30","30","225","22500000","161559","0.0071804","6","8"
"40","5","3","30","30","24","2400000","100154","0.041730833333333335","13","24"
"39","5","3","30","30","65","6500000","164249","0.025269076923076922","6","7"
"37","5","3","30","30","226","22600000","162141","0.007174380530973451","6","6"
"40","5","3","30","30","25","2500000","103215","0.041286","10","19"
"39","5","3","30","30","66","6600000","165190","0.02502878787878788","6","7"
"37","5","3","30","30","227","22700000","162723","0.007168414096916299","6","6"
"40","5","3","30","30","26","2600000","105911","0.040735","10","25"
"39","5","3","30","30","67","6700000","166035","0.02478134328358209","6","7"
"37","5","3","30","30","228","22800000","163203","0.007158026315789474","6","6"
"40","5","3","30","30","27","2700000","108551","0.04020407407407407","10","19"
"39","5","3","30","30","68","6800000","166911","0.024545735294117646","6","11"
"37","5","3","30","30","229","22900000","163716","0.007149170305676856","6","6"
"40","5","3","30","30","28","2800000","111042","0.03965785714285714","10","19"
"39","5","3","30","30","69","6900000","167841","0.024324782608695653","6","9"
"37","5","3","30","30","230","23000000","164151","0.007137","6","6"
"40","5","3","30","30","29","2900000","113455","0.039122413793103446","9","29"
"39","5","3","30","30","70","7000000","168758","0.024108285714285714","6","7"
"37","5","3","30","30","231","23100000","164633","0.007126969696969697","6","8"
"40","5","3","30","30","30","3000000","115503","0.038501","9","20"
"39","5","3","30","30","71","7100000","169722","0.023904507042253522","6","7"
"37","5","3","30","30","232","23200000","165111","0.007116853448275862","6","7"
"40","5","3","30","30","31","3100000","117564","0.037923870967741934","9","26"
"39","5","3","30","30","72","7200000","170894","0.02373527777777778","6","6"
"37","5","3","30","30","233","23300000","165589","0.007106824034334764","6","8"
"40","5","3","30","30","32","3200000","119254","0.037266875","8","16"
"39","5","3","30","30","73","7300000","171875","0.023544520547945206","6","6"
"37","5","3","30","30","234","23400000","165998","0.007093931623931624","6","6"
"40","5","3","30","30","33","3300000","120586","0.03654121212121212","6","9"
"39","5","3","30","30","74","7400000","172965","0.02337364864864865","6","7"
"37","5","3","30","30","235","23500000","166545","0.007087021276595744","6","8"
"40","5","3","30","30","34","3400000","121669","0.035785","5","7"
"39","5","3","30","30","75","7500000","173950","0.023193333333333333","6","9"
"37","5","3","30","30","236","23600000","167312","0.007089491525423729","6","7"
"40","5","3","30","30","35","3500000","122625","0.03503571428571429","5","9"
"39","5","3","30","30","76","7600000","174883","0.02301092105263158","6","7"
"37","5","3","30","30","237","23700000","167861","0.007082742616033756","6","7"
"40","5","3","30","30","36","3600000","124071","0.034464166666666664","7","13"
"39","5","3","30","30","77","7700000","175691","0.022817012987012986","6","7"
"37","5","3","30","30","238","23800000","168435","0.007077100840336134","6","6"
"40","5","3","30","30","37","3700000","125597","0.033945135135135134","5","11"
"39","5","3","30","30","78","7800000","176557","0.02263551282051282","6","6"
"37","5","3","30","30","239","23900000","169104","0.0070754811715481175","6","6"
"40","5","3","30","30","38","3800000","127174","0.033466842105263156","5","14"
"39","5","3","30","30","79","7900000","177509","0.022469493670886076","6","7"
"37","5","3","30","30","240","24000000","169739","0.007072458333333333","6","8"
"40","5","3","30","30","39","3900000","128530","0.03295641025641026","5","11"
"39","5","3","30","30","80","8000000","178366","0.02229575","6","6"
"37","5","3","30","30","241","24100000","170324","0.007067385892116183","6","8"
"40","5","3","30","30","40","4000000","130089","0.03252225","5","10"
"39","5","3","30","30","81","8100000","179231","0.022127283950617284","6","7"
"37","5","3","30","30","242","24200000","170980","0.007065289256198347","6","6"
"40","5","3","30","30","41","4100000","131825","0.032152439024390245","5","13"
"39","5","3","30","30","82","8200000","180174","0.021972439024390243","6","6"
"37","5","3","30","30","243","24300000","171651","0.007063827160493827","6","9"
"40","5","3","30","30","42","4200000","133878","0.031875714285714285","5","11"
"39","5","3","30","30","83","8300000","181062","0.021814698795180724","6","6"
"37","5","3","30","30","244","24400000","172241","0.007059057377049181","6","6"
"40","5","3","30","30","43","4300000","135901","0.03160488372093023","5","12"
"39","5","3","30","30","84","8400000","181891","0.021653690476190476","6","6"
"37","5","3","30","30","245","24500000","172764","0.007051591836734694","6","7"
"40","5","3","30","30","44","4400000","137565","0.031264772727272724","5","11"
"39","5","3","30","30","85","8500000","182661","0.021489529411764706","6","6"
"37","5","3","30","30","246","24600000","173271","0.007043536585365853","6","7"
"40","5","3","30","30","45","4500000","139061","0.030902444444444444","5","17"
"39","5","3","30","30","86","8600000","183566","0.021344883720930234","6","7"
"37","5","3","30","30","247","24700000","173773","0.007035344129554656","6","8"
"40","5","3","30","30","46","4600000","140563","0.030557173913043478","5","18"
"39","5","3","30","30","87","8700000","184538","0.02121126436781609","6","6"
"37","5","3","30","30","248","24800000","174210","0.007024596774193549","6","7"
"40","5","3","30","30","47","4700000","141749","0.03015936170212766","4","13"
"37","5","3","30","30","249","24900000","174467","0.007006706827309237","6","7"
"39","5","3","30","30","88","8800000","185472","0.021076363636363636","6","7"
"40","5","3","30","30","48","4800000","143375","0.029869791666666666","4","11"
"37","5","3","30","30","250","25000000","174474","0.00697896","5","5"
"39","5","3","30","30","89","8900000","186302","0.020932808988764044","6","7"
"41","5","3","30","30","0","0","0","0","125","890"
"40","5","3","30","30","49","4900000","144956","0.029582857142857143","4","10"
"39","5","3","30","30","90","9000000","187058","0.02078422222222222","6","9"
"41","5","3","30","30","1","100000","7503","0.07503","108","240"
"40","5","3","30","30","50","5000000","146105","0.029221","4","12"
"39","5","3","30","30","91","9100000","188019","0.02066142857142857","6","8"
"41","5","3","30","30","2","200000","13792","0.06896","94","167"
"40","5","3","30","30","51","5100000","147466","0.028914901960784313","4","12"
"39","5","3","30","30","92","9200000","189016","0.020545217391304348","6","10"
"41","5","3","30","30","3","300000","19923","0.06641","72","124"
"40","5","3","30","30","52","5200000","149098","0.02867269230769231","4","15"
"39","5","3","30","30","93","9300000","190009","0.020431075268817205","6","7"
"41","5","3","30","30","4","400000","26001","0.0650025","64","109"
"40","5","3","30","30","53","5300000","150481","0.028392641509433963","4","11"
"39","5","3","30","30","94","9400000","190827","0.020300744680851066","6","6"
"41","5","3","30","30","5","500000","31572","0.063144","51","84"
"40","5","3","30","30","54","5400000","151705","0.028093518518518518","4","17"
"39","5","3","30","30","95","9500000","191643","0.020172947368421054","6","6"
"41","5","3","30","30","6","600000","36542","0.06090333333333333","50","74"
"40","5","3","30","30","55","5500000","153074","0.027831636363636364","4","9"
"39","5","3","30","30","96","9600000","192600","0.0200625","6","9"
"41","5","3","30","30","7","700000","40762","0.05823142857142857","37","63"
"40","5","3","30","30","56","5600000","154346","0.027561785714285716","3","8"
"39","5","3","30","30","97","9700000","193525","0.01995103092783505","6","7"
"41","5","3","30","30","8","800000","44111","0.05513875","29","44"
"40","5","3","30","30","57","5700000","155729","0.027320877192982457","4","9"
"39","5","3","30","30","98","9800000","194236","0.01982","6","7"
"41","5","3","30","30","9","900000","47627","0.05291888888888889","31","56"
"40","5","3","30","30","58","5800000","156945","0.02705948275862069","4","8"
"39","5","3","30","30","99","9900000","195092","0.019706262626262627","6","6"
"41","5","3","30","30","10","1000000","51262","0.051262","28","49"
"40","5","3","30","30","59","5900000","158374","0.02684305084745763","4","9"
"39","5","3","30","30","100","10000000","196002","0.0196002","6","7"
"41","5","3","30","30","11","1100000","54684","0.04971272727272727","25","46"
"40","5","3","30","30","60","6000000","159818","0.026636333333333335","3","5"
"39","5","3","30","30","101","10100000","196768","0.0194819801980198","6","7"
"41","5","3","30","30","12","1200000","57621","0.0480175","29","47"
"40","5","3","30","30","61","6100000","161260","0.02643606557377049","3","4"
"39","5","3","30","30","102","10200000","197738","0.01938607843137255","5","6"
"41","5","3","30","30","13","1300000","60427","0.04648230769230769","24","42"
"40","5","3","30","30","62","6200000","162542","0.026216451612903226","3","4"
"39","5","3","30","30","103","10300000","198542","0.019275922330097086","5","7"
"41","5","3","30","30","14","1400000","62821","0.04487214285714286","23","37"
"40","5","3","30","30","63","6300000","163936","0.026021587301587303","3","5"
"39","5","3","30","30","104","10400000","199193","0.019153173076923078","5","6"
"41","5","3","30","30","15","1500000","65147","0.043431333333333336","23","37"
"40","5","3","30","30","64","6400000","165295","0.02582734375","3","5"
"39","5","3","30","30","105","10500000","199704","0.019019428571428573","5","6"
"41","5","3","30","30","16","1600000","67836","0.0423975","24","35"
"40","5","3","30","30","65","6500000","166573","0.025626615384615383","3","4"
"39","5","3","30","30","106","10600000","199893","0.018857830188679245","5","5"
"41","5","3","30","30","17","1700000","70843","0.04167235294117647","26","49"
"40","5","3","30","30","66","6600000","167699","0.025408939393939393","3","6"
"39","5","3","30","30","107","10700000","199959","0.018687757009345794","4","4"
"42","5","3","30","30","0","0","0","0","125","887"
"41","5","3","30","30","18","1800000","73781","0.040989444444444446","25","34"
"40","5","3","30","30","67","6700000","168675","0.02517537313432836","3","6"
"42","5","3","30","30","1","100000","7801","0.07801","92","218"
"41","5","3","30","30","19","1900000","76297","0.040156315789473686","21","34"
"40","5","3","30","30","68","6800000","169476","0.02492294117647059","2","4"
"42","5","3","30","30","2","200000","14214","0.07107","73","130"
"41","5","3","30","30","20","2000000","78923","0.0394615","22","31"
"40","5","3","30","30","69","6900000","170334","0.02468608695652174","2","6"
"42","5","3","30","30","3","300000","19604","0.06534666666666666","55","94"
"40","5","3","30","30","70","7000000","171118","0.024445428571428573","2","3"
"41","5","3","30","30","21","2100000","81613","0.03886333333333333","22","30"
"42","5","3","30","30","4","400000","24833","0.0620825","47","76"
"40","5","3","30","30","71","7100000","171945","0.024217605633802815","2","3"
"41","5","3","30","30","22","2200000","83971","0.03816863636363636","20","32"
"42","5","3","30","30","5","500000","29948","0.059896","43","75"
"40","5","3","30","30","72","7200000","172784","0.023997777777777778","2","3"
"41","5","3","30","30","23","2300000","86210","0.037482608695652175","19","24"
"42","5","3","30","30","6","600000","35040","0.0584","35","72"
"40","5","3","30","30","73","7300000","173663","0.023789452054794522","2","3"
"41","5","3","30","30","24","2400000","88549","0.03689541666666667","22","30"
"42","5","3","30","30","7","700000","39694","0.05670571428571428","32","54"
"40","5","3","30","30","74","7400000","174434","0.023572162162162163","2","3"
"41","5","3","30","30","25","2500000","90823","0.0363292","22","30"
"42","5","3","30","30","8","800000","43967","0.05495875","26","45"
"40","5","3","30","30","75","7500000","175107","0.0233476","2","3"
"41","5","3","30","30","26","2600000","92870","0.03571923076923077","18","22"
"42","5","3","30","30","9","900000","47968","0.05329777777777778","25","45"
"40","5","3","30","30","76","7600000","175796","0.023131052631578948","2","2"
"41","5","3","30","30","27","2700000","94850","0.03512962962962963","21","27"
"42","5","3","30","30","10","1000000","52151","0.052151","22","41"
"40","5","3","30","30","77","7700000","176690","0.022946753246753247","2","3"
"41","5","3","30","30","28","2800000","96520","0.03447142857142857","18","20"
"42","5","3","30","30","11","1100000","56451","0.05131909090909091","22","46"
"40","5","3","30","30","78","7800000","177559","0.02276397435897436","2","2"
"41","5","3","30","30","29","2900000","98157","0.03384724137931035","16","19"
"42","5","3","30","30","12","1200000","60254","0.05021166666666667","21","38"
"40","5","3","30","30","79","7900000","178224","0.02256","2","2"
"41","5","3","30","30","30","3000000","99595","0.03319833333333334","20","23"
"42","5","3","30","30","13","1300000","63535","0.04887307692307692","20","30"
"40","5","3","30","30","80","8000000","179036","0.0223795","2","6"
"41","5","3","30","30","31","3100000","100926","0.03255677419354839","16","21"
"42","5","3","30","30","14","1400000","66698","0.04764142857142857","19","34"
"40","5","3","30","30","81","8100000","179687","0.02218358024691358","2","2"
"41","5","3","30","30","32","3200000","102233","0.0319478125","19","23"
"40","5","3","30","30","82","8200000","180265","0.021983536585365854","2","2"
"42","5","3","30","30","15","1500000","69813","0.046542","17","32"
"41","5","3","30","30","33","3300000","103938","0.031496363636363635","16","20"
"40","5","3","30","30","83","8300000","180909","0.021796265060240964","2","4"
"42","5","3","30","30","16","1600000","72551","0.045344375","15","21"
"41","5","3","30","30","34","3400000","105510","0.03103235294117647","14","23"
"40","5","3","30","30","84","8400000","181639","0.021623690476190477","2","2"
"42","5","3","30","30","17","1700000","75194","0.04423176470588235","15","24"
"41","5","3","30","30","35","3500000","106866","0.030533142857142856","15","20"
"40","5","3","30","30","85","8500000","182267","0.021443176470588236","2","2"
"42","5","3","30","30","18","1800000","77637","0.043131666666666665","13","22"
"41","5","3","30","30","36","3600000","108274","0.030076111111111112","15","21"
"40","5","3","30","30","86","8600000","182906","0.021268139534883723","2","2"
"41","5","3","30","30","37","3700000","109759","0.029664594594594595","14","19"
"42","5","3","30","30","19","1900000","80208","0.04221473684210526","13","23"
"40","5","3","30","30","87","8700000","183522","0.02109448275862069","2","3"
"41","5","3","30","30","38","3800000","111095","0.029235526315789472","14","20"
"42","5","3","30","30","20","2000000","82828","0.041414","13","27"
"40","5","3","30","30","88","8800000","184081","0.020918295454545453","2","2"
"41","5","3","30","30","39","3900000","112313","0.028798205128205127","14","17"
"42","5","3","30","30","21","2100000","85507","0.040717619047619044","14","29"
"40","5","3","30","30","89","8900000","184545","0.020735393258426965","2","2"
"41","5","3","30","30","40","4000000","113473","0.02836825","15","20"
"42","5","3","30","30","22","2200000","88178","0.04008090909090909","14","20"
"40","5","3","30","30","90","9000000","185044","0.020560444444444444","2","4"
"41","5","3","30","30","41","4100000","114760","0.027990243902439024","14","16"
"42","5","3","30","30","23","2300000","91063","0.039592608695652176","14","25"
"40","5","3","30","30","91","9100000","185592","0.020394725274725276","2","2"
"41","5","3","30","30","42","4200000","115908","0.02759714285714286","16","18"
"42","5","3","30","30","24","2400000","93945","0.03914375","14","22"
"40","5","3","30","30","92","9200000","186107","0.020229021739130434","2","2"
"41","5","3","30","30","43","4300000","117092","0.027230697674418606","13","13"
"42","5","3","30","30","25","2500000","96698","0.0386792","13","22"
"40","5","3","30","30","93","9300000","186401","0.020043118279569894","2","2"
"41","5","3","30","30","44","4400000","118036","0.026826363636363638","13","18"
"42","5","3","30","30","26","2600000","99395","0.038228846153846155","13","23"
"40","5","3","30","30","94","9400000","186436","0.019833617021276596","1","1"
"43","5","3","30","30","0","0","0","0","125","877"
"41","5","3","30","30","45","4500000","118965","0.026436666666666667","11","14"
"42","5","3","30","30","27","2700000","102149","0.037832962962962964","13","17"
"41","5","3","30","30","46","4600000","119700","0.026021739130434783","12","16"
"43","5","3","30","30","1","100000","7788","0.07788","93","231"
"42","5","3","30","30","28","2800000","104662","0.03737928571428571","13","21"
"41","5","3","30","30","47","4700000","120477","0.02563340425531915","12","17"
"43","5","3","30","30","2","200000","14261","0.071305","68","121"
"42","5","3","30","30","29","2900000","107350","0.037017241379310346","12","19"
"41","5","3","30","30","48","4800000","121313","0.025273541666666666","12","17"
"43","5","3","30","30","3","300000","20196","0.06732","44","79"
"42","5","3","30","30","30","3000000","110092","0.03669733333333333","12","17"
"41","5","3","30","30","49","4900000","122142","0.024926938775510204","12","16"
"43","5","3","30","30","4","400000","25485","0.0637125","43","84"
"42","5","3","30","30","31","3100000","112513","0.036294516129032256","11","15"
"41","5","3","30","30","50","5000000","123101","0.0246202","12","12"
"43","5","3","30","30","5","500000","30657","0.061314","42","90"
"42","5","3","30","30","32","3200000","114848","0.03589","11","17"
"41","5","3","30","30","51","5100000","124217","0.024356274509803922","12","17"
"43","5","3","30","30","6","600000","35913","0.059855","32","65"
"42","5","3","30","30","33","3300000","117109","0.03548757575757576","11","14"
"41","5","3","30","30","52","5200000","125343","0.024104423076923075","12","14"
"43","5","3","30","30","7","700000","40021","0.05717285714285714","24","37"
"42","5","3","30","30","34","3400000","119395","0.035116176470588234","11","12"
"41","5","3","30","30","53","5300000","126508","0.02386943396226415","12","14"
"43","5","3","30","30","8","800000","43383","0.05422875","19","34"
"42","5","3","30","30","35","3500000","121824","0.034806857142857146","11","12"
"41","5","3","30","30","54","5400000","127385","0.023589814814814813","12","22"
"43","5","3","30","30","9","900000","46610","0.05178888888888889","17","29"
"42","5","3","30","30","36","3600000","124128","0.03448","10","13"
"41","5","3","30","30","55","5500000","128262","0.023320363636363636","12","16"
"43","5","3","30","30","10","1000000","49403","0.049403","17","31"
"42","5","3","30","30","37","3700000","126211","0.03411108108108108","10","12"
"41","5","3","30","30","56","5600000","129373","0.023102321428571427","12","13"
"43","5","3","30","30","11","1100000","51555","0.046868181818181816","15","16"
"42","5","3","30","30","38","3800000","128472","0.03380842105263158","10","16"
"41","5","3","30","30","57","5700000","130398","0.022876842105263157","12","14"
"43","5","3","30","30","12","1200000","53174","0.044311666666666666","11","17"
"42","5","3","30","30","39","3900000","130808","0.03354051282051282","10","14"
"41","5","3","30","30","58","5800000","131425","0.02265948275862069","12","15"
"43","5","3","30","30","13","1300000","54965","0.04228076923076923","10","18"
"41","5","3","30","30","59","5900000","132427","0.022445254237288135","11","16"
"42","5","3","30","30","40","4000000","133238","0.0333095","10","12"
"43","5","3","30","30","14","1400000","56620","0.04044285714285714","12","25"
"41","5","3","30","30","60","6000000","133363","0.022227166666666666","11","13"
"42","5","3","30","30","41","4100000","135463","0.03303975609756098","10","17"
"43","5","3","30","30","15","1500000","58418","0.03894533333333333","13","19"
"41","5","3","30","30","61","6100000","134337","0.022022459016393443","12","17"
"42","5","3","30","30","42","4200000","137937","0.032842142857142854","9","18"
"43","5","3","30","30","16","1600000","60247","0.037654375","13","18"
"41","5","3","30","30","62","6200000","135297","0.02182209677419355","12","15"
"42","5","3","30","30","43","4300000","140588","0.03269488372093023","8","14"
"43","5","3","30","30","17","1700000","61867","0.03639235294117647","14","24"
"41","5","3","30","30","63","6300000","136346","0.021642222222222222","12","15"
"42","5","3","30","30","44","4400000","142847","0.03246522727272727","8","14"
"43","5","3","30","30","18","1800000","63790","0.03543888888888889","13","22"
"41","5","3","30","30","64","6400000","137206","0.0214384375","12","13"
"42","5","3","30","30","45","4500000","145271","0.03228244444444445","8","17"
"41","5","3","30","30","65","6500000","138107","0.021247230769230768","12","21"
"43","5","3","30","30","19","1900000","66013","0.034743684210526316","13","22"
"42","5","3","30","30","46","4600000","147555","0.03207717391304348","9","12"
"41","5","3","30","30","66","6600000","139087","0.02107378787878788","12","18"
"43","5","3","30","30","20","2000000","68271","0.0341355","11","15"
"42","5","3","30","30","47","4700000","149403","0.03178787234042553","9","13"
"41","5","3","30","30","67","6700000","140196","0.020924776119402987","12","17"
"43","5","3","30","30","21","2100000","70419","0.03353285714285714","10","17"
"42","5","3","30","30","48","4800000","151428","0.0315475","9","15"
"41","5","3","30","30","68","6800000","141195","0.020763970588235293","11","14"
"43","5","3","30","30","22","2200000","72335","0.03287954545454545","9","12"
"42","5","3","30","30","49","4900000","153503","0.03132714285714286","8","13"
"41","5","3","30","30","69","6900000","142268","0.020618550724637683","12","18"
"43","5","3","30","30","23","2300000","74070","0.03220434782608696","9","15"
"42","5","3","30","30","50","5000000","155367","0.0310734","8","15"
"41","5","3","30","30","70","7000000","143248","0.020464","12","14"
"43","5","3","30","30","24","2400000","75876","0.031615","9","14"
"42","5","3","30","30","51","5100000","157001","0.03078450980392157","8","12"
"41","5","3","30","30","71","7100000","144187","0.020308028169014083","12","15"
"43","5","3","30","30","25","2500000","77374","0.0309496","8","11"
"42","5","3","30","30","52","5200000","158359","0.030453653846153846","7","9"
"41","5","3","30","30","72","7200000","145094","0.020151944444444445","12","14"
"43","5","3","30","30","26","2600000","78830","0.03031923076923077","8","11"
"42","5","3","30","30","53","5300000","159756","0.03014264150943396","8","11"
"41","5","3","30","30","73","7300000","146073","0.02001","11","11"
"43","5","3","30","30","27","2700000","80252","0.02972296296296296","8","12"
"42","5","3","30","30","54","5400000","161215","0.02985462962962963","8","13"
"41","5","3","30","30","74","7400000","147105","0.019879054054054053","11","15"
"43","5","3","30","30","28","2800000","81526","0.02911642857142857","7","11"
"42","5","3","30","30","55","5500000","162418","0.029530545454545455","7","9"
"41","5","3","30","30","75","7500000","148171","0.019756133333333332","11","17"
"43","5","3","30","30","29","2900000","82746","0.02853310344827586","7","8"
"42","5","3","30","30","56","5600000","163654","0.02922392857142857","7","9"
"41","5","3","30","30","76","7600000","149420","0.019660526315789472","11","13"
"43","5","3","30","30","30","3000000","84136","0.028045333333333332","7","10"
"42","5","3","30","30","57","5700000","164845","0.028920175438596492","7","11"
"41","5","3","30","30","77","7700000","150595","0.019557792207792208","11","11"
"43","5","3","30","30","31","3100000","85436","0.02756","7","8"
"42","5","3","30","30","58","5800000","166094","0.028636896551724137","7","7"
"41","5","3","30","30","78","7800000","151671","0.019445","11","12"
"43","5","3","30","30","32","3200000","86245","0.0269515625","6","6"
"42","5","3","30","30","59","5900000","167251","0.028347627118644067","6","10"
"41","5","3","30","30","79","7900000","152686","0.0193273417721519","11","17"
"43","5","3","30","30","33","3300000","87077","0.026386969696969697","5","6"
"42","5","3","30","30","60","6000000","168509","0.028084833333333333","6","7"
"41","5","3","30","30","80","8000000","153808","0.019226","11","12"
"43","5","3","30","30","34","3400000","87789","0.02582029411764706","5","7"
"42","5","3","30","30","61","6100000","169959","0.027862131147540985","7","9"
"41","5","3","30","30","81","8100000","155043","0.019141111111111112","11","11"
"43","5","3","30","30","35","3500000","88467","0.025276285714285713","5","5"
"42","5","3","30","30","62","6200000","171379","0.027641774193548387","7","9"
"41","5","3","30","30","82","8200000","156152","0.01904292682926829","12","15"
"43","5","3","30","30","36","3600000","89088","0.024746666666666667","5","5"
"42","5","3","30","30","63","6300000","172661","0.027406507936507937","7","13"
"41","5","3","30","30","83","8300000","157406","0.018964578313253013","11","12"
"43","5","3","30","30","37","3700000","89764","0.02426054054054054","5","7"
"42","5","3","30","30","64","6400000","174057","0.02719640625","7","10"
"41","5","3","30","30","84","8400000","158561","0.018876309523809524","11","12"
"43","5","3","30","30","38","3800000","90514","0.023819473684210526","5","5"
"42","5","3","30","30","65","6500000","175180","0.02695076923076923","6","10"
"41","5","3","30","30","85","8500000","159532","0.018768470588235293","12","16"
"43","5","3","30","30","39","3900000","91214","0.02338820512820513","5","5"
"42","5","3","30","30","66","6600000","176278","0.02670878787878788","7","8"
"41","5","3","30","30","86","8600000","160450","0.018656976744186045","12","14"
"43","5","3","30","30","40","4000000","91865","0.02296625","5","6"
"42","5","3","30","30","67","6700000","177427","0.026481641791044775","7","11"
"41","5","3","30","30","87","8700000","161407","0.018552528735632182","12","16"
"43","5","3","30","30","41","4100000","92525","0.022567073170731707","5","7"
"42","5","3","30","30","68","6800000","178414","0.026237352941176472","7","8"
"41","5","3","30","30","88","8800000","162200","0.01843181818181818","12","15"
"43","5","3","30","30","42","4200000","93178","0.022185238095238095","5","5"
"42","5","3","30","30","69","6900000","179210","0.025972463768115944","6","6"
"41","5","3","30","30","89","8900000","162983","0.018312696629213483","12","19"
"43","5","3","30","30","43","4300000","93775","0.02180813953488372","5","5"
"42","5","3","30","30","70","7000000","179713","0.025673285714285714","5","5"
"41","5","3","30","30","90","9000000","163852","0.01820577777777778","12","23"
"43","5","3","30","30","44","4400000","94456","0.021467272727272727","5","7"
"42","5","3","30","30","71","7100000","180226","0.02538394366197183","5","5"
"41","5","3","30","30","91","9100000","164951","0.018126483516483518","12","19"
"43","5","3","30","30","45","4500000","95068","0.021126222222222223","5","6"
"42","5","3","30","30","72","7200000","180778","0.025108055555555557","5","5"
"41","5","3","30","30","92","9200000","165917","0.018034456521739132","11","18"
"43","5","3","30","30","46","4600000","95629","0.020788913043478262","5","5"
"42","5","3","30","30","73","7300000","181376","0.024846027397260273","5","6"
"41","5","3","30","30","93","9300000","166932","0.01794967741935484","12","22"
"43","5","3","30","30","47","4700000","96257","0.020480212765957448","5","7"
"42","5","3","30","30","74","7400000","182173","0.02461797297297297","5","5"
"41","5","3","30","30","94","9400000","167968","0.017868936170212766","12","14"
"43","5","3","30","30","48","4800000","96959","0.020199791666666668","5","8"
"42","5","3","30","30","75","7500000","182835","0.024378","5","5"
"41","5","3","30","30","95","9500000","168794","0.01776778947368421","12","13"
"43","5","3","30","30","49","4900000","97467","0.019891224489795918","5","8"
"41","5","3","30","30","96","9600000","169727","0.017679895833333334","12","15"
"42","5","3","30","30","76","7600000","183460","0.024139473684210527","5","5"
"43","5","3","30","30","50","5000000","98018","0.0196036","5","5"
"41","5","3","30","30","97","9700000","170785","0.017606701030927836","12","18"
"42","5","3","30","30","77","7700000","184012","0.02389766233766234","5","6"
"43","5","3","30","30","51","5100000","98457","0.01930529411764706","5","6"
"41","5","3","30","30","98","9800000","171787","0.017529285714285716","11","19"
"42","5","3","30","30","78","7800000","184677","0.02367653846153846","5","7"
"43","5","3","30","30","52","5200000","98855","0.01901057692307692","5","6"
"41","5","3","30","30","99","9900000","172962","0.017470909090909092","12","17"
"42","5","3","30","30","79","7900000","185188","0.023441518987341772","5","5"
"43","5","3","30","30","53","5300000","99156","0.01870867924528302","5","5"
"41","5","3","30","30","100","10000000","173815","0.0173815","12","19"
"42","5","3","30","30","80","8000000","185619","0.023202375","5","5"
"43","5","3","30","30","54","5400000","99496","0.018425185185185187","5","5"
"41","5","3","30","30","101","10100000","174710","0.0172980198019802","12","18"
"42","5","3","30","30","81","8100000","185999","0.02296283950617284","5","6"
"43","5","3","30","30","55","5500000","99743","0.01813509090909091","5","5"
"41","5","3","30","30","102","10200000","175672","0.017222745098039217","12","13"
"42","5","3","30","30","82","8200000","186385","0.02272987804878049","5","6"
"43","5","3","30","30","56","5600000","99836","0.017827857142857142","4","4"
"41","5","3","30","30","103","10300000","176649","0.017150388349514562","12","14"
"44","5","3","30","30","0","0","0","0","125","879"
"42","5","3","30","30","83","8300000","186815","0.022507831325301205","5","6"
"41","5","3","30","30","104","10400000","177673","0.017083942307692307","12","16"
"42","5","3","30","30","84","8400000","187201","0.022285833333333335","5","5"
"44","5","3","30","30","1","100000","7156","0.07156","92","218"
"41","5","3","30","30","105","10500000","178713","0.017020285714285713","12","15"
"42","5","3","30","30","85","8500000","187623","0.02207329411764706","5","6"
"44","5","3","30","30","2","200000","13323","0.066615","71","154"
"41","5","3","30","30","106","10600000","179698","0.01695264150943396","12","18"
"42","5","3","30","30","86","8600000","188031","0.02186406976744186","5","7"
"44","5","3","30","30","3","300000","19175","0.06391666666666666","58","102"
"41","5","3","30","30","107","10700000","180544","0.016873271028037384","12","17"
"42","5","3","30","30","87","8700000","188137","0.021624942528735633","4","4"
"45","5","3","30","30","0","0","0","0","125","890"
"44","5","3","30","30","4","400000","24623","0.0615575","45","94"
"41","5","3","30","30","108","10800000","181479","0.01680361111111111","12","21"
"45","5","3","30","30","1","100000","6953","0.06953","93","217"
"44","5","3","30","30","5","500000","29081","0.058162","41","63"
"41","5","3","30","30","109","10900000","182546","0.016747339449541286","12","22"
"45","5","3","30","30","2","200000","14132","0.07066","82","169"
"44","5","3","30","30","6","600000","33040","0.05506666666666667","34","57"
"41","5","3","30","30","110","11000000","183506","0.016682363636363638","12","17"
"45","5","3","30","30","3","300000","20387","0.06795666666666667","56","100"
"44","5","3","30","30","7","700000","36671","0.052387142857142854","30","63"
"41","5","3","30","30","111","11100000","184411","0.016613603603603602","12","15"
"45","5","3","30","30","4","400000","26085","0.0652125","48","83"
"44","5","3","30","30","8","800000","40446","0.0505575","34","52"
"41","5","3","30","30","112","11200000","185447","0.016557767857142858","12","12"
"45","5","3","30","30","5","500000","31223","0.062446","40","69"
"44","5","3","30","30","9","900000","43734","0.048593333333333336","30","51"
"41","5","3","30","30","113","11300000","186363","0.016492300884955752","13","16"
"45","5","3","30","30","6","600000","36226","0.06037666666666667","35","59"
"41","5","3","30","30","114","11400000","187448","0.01644280701754386","12","15"
"44","5","3","30","30","10","1000000","47462","0.047462","30","61"
"45","5","3","30","30","7","700000","40874","0.05839142857142857","26","49"
"41","5","3","30","30","115","11500000","188325","0.01637608695652174","11","13"
"44","5","3","30","30","11","1100000","51573","0.046884545454545457","32","68"
"45","5","3","30","30","8","800000","44812","0.056015","17","32"
"41","5","3","30","30","116","11600000","189349","0.016323189655172415","11","15"
"44","5","3","30","30","12","1200000","55484","0.04623666666666667","29","54"
"45","5","3","30","30","9","900000","48324","0.053693333333333336","17","30"
"41","5","3","30","30","117","11700000","190362","0.01627025641025641","11","13"
"44","5","3","30","30","13","1300000","59598","0.045844615384615386","25","38"
"41","5","3","30","30","118","11800000","191229","0.01620584745762712","11","15"
"45","5","3","30","30","10","1000000","51881","0.051881","15","29"
"44","5","3","30","30","14","1400000","63346","0.045247142857142854","27","41"
"41","5","3","30","30","119","11900000","191839","0.0161209243697479","11","16"
"45","5","3","30","30","11","1100000","55410","0.05037272727272727","16","39"
"44","5","3","30","30","15","1500000","67019","0.044679333333333335","24","39"
"41","5","3","30","30","120","12000000","192427","0.016035583333333332","11","14"
"45","5","3","30","30","12","1200000","58845","0.0490375","15","28"
"44","5","3","30","30","16","1600000","70390","0.04399375","19","31"
"41","5","3","30","30","121","12100000","193092","0.01595801652892562","11","14"
"45","5","3","30","30","13","1300000","62295","0.04791923076923077","17","38"
"44","5","3","30","30","17","1700000","73530","0.04325294117647059","18","29"
"41","5","3","30","30","122","12200000","193900","0.01589344262295082","11","12"
"45","5","3","30","30","14","1400000","65668","0.04690571428571429","14","24"
"44","5","3","30","30","18","1800000","76699","0.042610555555555554","19","29"
"41","5","3","30","30","123","12300000","194506","0.01581349593495935","11","12"
"45","5","3","30","30","15","1500000","68788","0.045858666666666666","12","27"
"44","5","3","30","30","19","1900000","79470","0.041826315789473684","19","26"
"41","5","3","30","30","124","12400000","194976","0.015723870967741936","11","13"
"45","5","3","30","30","16","1600000","71638","0.04477375","11","24"
"44","5","3","30","30","20","2000000","82387","0.0411935","18","27"
"41","5","3","30","30","125","12500000","195544","0.01564352","11","12"
"45","5","3","30","30","17","1700000","74509","0.04382882352941177","10","25"
"44","5","3","30","30","21","2100000","85419","0.04067571428571429","18","29"
"41","5","3","30","30","126","12600000","196081","0.015561984126984127","9","15"
"45","5","3","30","30","18","1800000","77144","0.04285777777777778","10","22"
"44","5","3","30","30","22","2200000","88270","0.040122727272727275","15","25"
"41","5","3","30","30","127","12700000","196491","0.015471732283464566","9","9"
"45","5","3","30","30","19","1900000","79469","0.04182578947368421","11","19"
"44","5","3","30","30","23","2300000","91199","0.03965173913043478","17","32"
"41","5","3","30","30","128","12800000","196964","0.0153878125","10","12"
"45","5","3","30","30","20","2000000","81714","0.040857","10","23"
"44","5","3","30","30","24","2400000","93832","0.03909666666666667","15","32"
"41","5","3","30","30","129","12900000","197422","0.015304031007751937","10","12"
"45","5","3","30","30","21","2100000","83813","0.03991095238095238","11","25"
"41","5","3","30","30","130","13000000","197877","0.015221307692307692","10","11"
"44","5","3","30","30","25","2500000","96709","0.0386836","14","27"
"45","5","3","30","30","22","2200000","85317","0.03878045454545455","10","16"
"41","5","3","30","30","131","13100000","198324","0.015139236641221373","10","13"
"44","5","3","30","30","26","2600000","99525","0.038278846153846156","14","26"
"45","5","3","30","30","23","2300000","87166","0.037898260869565215","11","18"
"41","5","3","30","30","132","13200000","198722","0.01505469696969697","10","11"
"44","5","3","30","30","27","2700000","102100","0.037814814814814815","14","17"
"45","5","3","30","30","24","2400000","89144","0.037143333333333334","12","21"
"41","5","3","30","30","133","13300000","199125","0.014971804511278195","10","13"
"44","5","3","30","30","28","2800000","104393","0.03728321428571429","15","23"
"45","5","3","30","30","25","2500000","91184","0.0364736","12","25"
"41","5","3","30","30","134","13400000","199511","0.014888880597014926","10","11"
"44","5","3","30","30","29","2900000","106635","0.03677068965517241","14","31"
"45","5","3","30","30","26","2600000","92603","0.03561653846153846","11","18"
"41","5","3","30","30","135","13500000","200183","0.01482837037037037","10","13"
"44","5","3","30","30","30","3000000","109021","0.036340333333333336","15","23"
"45","5","3","30","30","27","2700000","93863","0.03476407407407407","11","18"
"41","5","3","30","30","136","13600000","200961","0.01477654411764706","10","15"
"44","5","3","30","30","31","3100000","111215","0.0358758064516129","15","25"
"45","5","3","30","30","28","2800000","95447","0.034088214285714284","9","11"
"41","5","3","30","30","137","13700000","201736","0.014725255474452555","10","11"
"44","5","3","30","30","32","3200000","113327","0.0354146875","13","19"
"45","5","3","30","30","29","2900000","96560","0.03329655172413793","9","17"
"41","5","3","30","30","138","13800000","202448","0.014670144927536231","10","11"
"44","5","3","30","30","33","3300000","115222","0.03491575757575758","13","16"
"45","5","3","30","30","30","3000000","97677","0.032559","9","13"
"41","5","3","30","30","139","13900000","202938","0.014599856115107914","10","13"
"44","5","3","30","30","34","3400000","117255","0.034486764705882356","13","19"
"45","5","3","30","30","31","3100000","98816","0.03187612903225807","9","16"
"41","5","3","30","30","140","14000000","203443","0.014531642857142858","10","12"
"44","5","3","30","30","35","3500000","119067","0.03401914285714286","13","22"
"45","5","3","30","30","32","3200000","99945","0.0312328125","8","15"
"41","5","3","30","30","141","14100000","203990","0.014467375886524823","10","13"
"44","5","3","30","30","36","3600000","121021","0.03361694444444444","13","20"
"45","5","3","30","30","33","3300000","100964","0.030595151515151516","8","10"
"41","5","3","30","30","142","14200000","204692","0.01441492957746479","10","15"
"45","5","3","30","30","34","3400000","101953","0.029986176470588235","9","13"
"44","5","3","30","30","37","3700000","123066","0.033261081081081084","12","19"
"41","5","3","30","30","143","14300000","205245","0.014352797202797203","10","11"
"45","5","3","30","30","35","3500000","103015","0.029432857142857143","9","12"
"44","5","3","30","30","38","3800000","125200","0.032947368421052635","13","22"
"41","5","3","30","30","144","14400000","205725","0.014286458333333333","9","9"
"45","5","3","30","30","36","3600000","104140","0.028927777777777778","9","17"
"44","5","3","30","30","39","3900000","127058","0.03257897435897436","12","18"
"41","5","3","30","30","145","14500000","206214","0.014221655172413793","9","9"
"45","5","3","30","30","37","3700000","105403","0.028487297297297296","10","15"
"41","5","3","30","30","146","14600000","206732","0.01415972602739726","9","9"
"44","5","3","30","30","40","4000000","128910","0.0322275","13","18"
"45","5","3","30","30","38","3800000","106972","0.028150526315789473","11","21"
"41","5","3","30","30","147","14700000","207309","0.01410265306122449","9","9"
"44","5","3","30","30","41","4100000","130643","0.031864146341463416","13","21"
"45","5","3","30","30","39","3900000","108650","0.02785897435897436","10","17"
"41","5","3","30","30","148","14800000","207870","0.01404527027027027","10","13"
"44","5","3","30","30","42","4200000","132248","0.03148761904761905","13","18"
"45","5","3","30","30","40","4000000","110600","0.02765","12","24"
"41","5","3","30","30","149","14900000","208383","0.013985436241610739","9","10"
"44","5","3","30","30","43","4300000","133842","0.031126046511627908","13","18"
"41","5","3","30","30","150","15000000","208897","0.013926466666666667","9","10"
"45","5","3","30","30","41","4100000","112620","0.027468292682926828","9","19"
"44","5","3","30","30","44","4400000","135820","0.03086818181818182","13","19"
"41","5","3","30","30","151","15100000","209356","0.013864635761589405","9","9"
"45","5","3","30","30","42","4200000","114679","0.02730452380952381","14","24"
"44","5","3","30","30","45","4500000","137883","0.030640666666666667","13","18"
"41","5","3","30","30","152","15200000","209801","0.013802697368421053","10","13"
"45","5","3","30","30","43","4300000","116302","0.027046976744186046","12","23"
"44","5","3","30","30","46","4600000","139979","0.03043021739130435","13","22"
"41","5","3","30","30","153","15300000","210269","0.013743071895424836","10","12"
"45","5","3","30","30","44","4400000","117893","0.026793863636363636","11","17"
"44","5","3","30","30","47","4700000","141876","0.030186382978723406","13","23"
"41","5","3","30","30","154","15400000","210752","0.013685194805194804","10","15"
"45","5","3","30","30","45","4500000","119490","0.026553333333333335","11","15"
"44","5","3","30","30","48","4800000","143710","0.029939583333333332","13","20"
"41","5","3","30","30","155","15500000","211087","0.013618516129032258","10","11"
"45","5","3","30","30","46","4600000","121078","0.026321304347826088","9","16"
"44","5","3","30","30","49","4900000","145731","0.029741020408163267","13","22"
"41","5","3","30","30","156","15600000","211517","0.013558782051282052","9","10"
"45","5","3","30","30","47","4700000","122545","0.02607340425531915","9","13"
"44","5","3","30","30","50","5000000","147553","0.0295106","13","20"
"41","5","3","30","30","157","15700000","211934","0.013498980891719746","9","10"
"45","5","3","30","30","48","4800000","123910","0.025814583333333332","9","16"
"44","5","3","30","30","51","5100000","149314","0.029277254901960783","12","20"
"41","5","3","30","30","158","15800000","212348","0.013439746835443038","10","14"
"45","5","3","30","30","49","4900000","125494","0.025611020408163265","9","17"
"44","5","3","30","30","52","5200000","151055","0.029049038461538463","13","25"
"41","5","3","30","30","159","15900000","212938","0.013392327044025158","10","11"
"45","5","3","30","30","50","5000000","127247","0.0254494","11","17"
"44","5","3","30","30","53","5300000","152752","0.028821132075471698","12","23"
"41","5","3","30","30","160","16000000","213547","0.0133466875","10","13"
"45","5","3","30","30","51","5100000","128414","0.02517921568627451","9","13"
"44","5","3","30","30","54","5400000","154326","0.02857888888888889","12","15"
"41","5","3","30","30","161","16100000","214062","0.013295776397515528","9","12"
"45","5","3","30","30","52","5200000","129636","0.02493","9","15"
"41","5","3","30","30","162","16200000","214496","0.013240493827160494","9","12"
"44","5","3","30","30","55","5500000","156053","0.028373272727272726","11","26"
"45","5","3","30","30","53","5300000","131037","0.024723962264150943","10","22"
"41","5","3","30","30","163","16300000","215044","0.013192883435582822","9","10"
"44","5","3","30","30","56","5600000","157965","0.028208035714285713","11","18"
"45","5","3","30","30","54","5400000","132697","0.02457351851851852","10","18"
"41","5","3","30","30","164","16400000","215575","0.013144817073170731","9","9"
"44","5","3","30","30","57","5700000","159889","0.028050701754385964","11","14"
"45","5","3","30","30","55","5500000","134453","0.024446","9","13"
"41","5","3","30","30","165","16500000","216188","0.01310230303030303","9","9"
"44","5","3","30","30","58","5800000","161462","0.027838275862068964","12","19"
"45","5","3","30","30","56","5600000","136216","0.024324285714285715","9","15"
"41","5","3","30","30","166","16600000","216804","0.013060481927710843","9","9"
"44","5","3","30","30","59","5900000","163066","0.027638305084745764","12","16"
"45","5","3","30","30","57","5700000","138140","0.024235087719298245","9","13"
"41","5","3","30","30","167","16700000","217386","0.013017125748502995","9","10"
"44","5","3","30","30","60","6000000","164816","0.02746933333333333","11","20"
"45","5","3","30","30","58","5800000","139846","0.02411137931034483","11","20"
"41","5","3","30","30","168","16800000","217732","0.012960238095238096","7","8"
"44","5","3","30","30","61","6100000","166610","0.02731311475409836","11","12"
"45","5","3","30","30","59","5900000","141583","0.023997118644067797","11","23"
"41","5","3","30","30","169","16900000","218030","0.012901183431952663","7","7"
"44","5","3","30","30","62","6200000","168445","0.027168548387096775","11","18"
"45","5","3","30","30","60","6000000","143495","0.023915833333333334","10","22"
"41","5","3","30","30","170","17000000","218293","0.012840764705882354","7","8"
"44","5","3","30","30","63","6300000","170119","0.027003015873015873","11","16"
"45","5","3","30","30","61","6100000","145510","0.02385409836065574","12","24"
"41","5","3","30","30","171","17100000","218569","0.012781812865497077","7","7"
"44","5","3","30","30","64","6400000","171729","0.02683265625","11","18"
"45","5","3","30","30","62","6200000","147333","0.023763387096774193","11","24"
"41","5","3","30","30","172","17200000","218804","0.012721162790697675","6","8"
"44","5","3","30","30","65","6500000","173415","0.026679230769230768","11","15"
"45","5","3","30","30","63","6300000","149081","0.023663650793650792","12","21"
"41","5","3","30","30","173","17300000","219069","0.012662947976878614","6","6"
"44","5","3","30","30","66","6600000","174837","0.026490454545454546","10","18"
"45","5","3","30","30","64","6400000","150037","0.02344328125","8","11"
"41","5","3","30","30","174","17400000","219257","0.012600977011494253","5","5"
"46","5","3","30","30","0","0","0","0","125","880"
"45","5","3","30","30","65","6500000","151021","0.023234","9","11"
"44","5","3","30","30","67","6700000","176643","0.02636462686567164","10","18"
"46","5","3","30","30","1","100000","7344","0.07344","98","220"
"45","5","3","30","30","66","6600000","151987","0.023028333333333335","9","14"
"44","5","3","30","30","68","6800000","178161","0.02620014705882353","10","17"
"46","5","3","30","30","2","200000","13781","0.068905","66","122"
"45","5","3","30","30","67","6700000","153059","0.022844626865671642","9","13"
"44","5","3","30","30","69","6900000","179905","0.0260731884057971","10","22"
"46","5","3","30","30","3","300000","19410","0.0647","58","110"
"45","5","3","30","30","68","6800000","154258","0.022685","9","14"
"44","5","3","30","30","70","7000000","181682","0.025954571428571428","10","16"
"46","5","3","30","30","4","400000","25105","0.0627625","47","87"
"45","5","3","30","30","69","6900000","155605","0.022551449275362317","9","12"
"44","5","3","30","30","71","7100000","183311","0.02581845070422535","10","11"
"46","5","3","30","30","5","500000","30502","0.061004","44","82"
"45","5","3","30","30","70","7000000","156821","0.022403","9","12"
"44","5","3","30","30","72","7200000","184915","0.02568263888888889","10","13"
"46","5","3","30","30","6","600000","35655","0.059425","42","85"
"45","5","3","30","30","71","7100000","158238","0.022287042253521128","9","13"
"44","5","3","30","30","73","7300000","186561","0.025556301369863015","10","16"
"46","5","3","30","30","7","700000","40016","0.057165714285714285","31","52"
"45","5","3","30","30","72","7200000","159802","0.022194722222222223","10","17"
"44","5","3","30","30","74","7400000","188076","0.025415675675675677","10","17"
"46","5","3","30","30","8","800000","44442","0.0555525","29","53"
"45","5","3","30","30","73","7300000","161795","0.022163698630136987","9","18"
"44","5","3","30","30","75","7500000","189571","0.025276133333333332","9","13"
"46","5","3","30","30","9","900000","47924","0.05324888888888889","26","42"
"45","5","3","30","30","74","7400000","163841","0.022140675675675677","10","17"
"44","5","3","30","30","76","7600000","191220","0.025160526315789473","10","13"
"46","5","3","30","30","10","1000000","51077","0.051077","23","42"
"45","5","3","30","30","75","7500000","165711","0.0220948","11","20"
"44","5","3","30","30","77","7700000","192834","0.025043376623376624","10","11"
"46","5","3","30","30","11","1100000","53941","0.04903727272727273","24","47"
"45","5","3","30","30","76","7600000","167942","0.02209763157894737","9","14"
"44","5","3","30","30","78","7800000","194751","0.024968076923076923","9","12"
"46","5","3","30","30","12","1200000","57178","0.047648333333333334","17","35"
"45","5","3","30","30","77","7700000","169813","0.022053636363636362","9","13"
"44","5","3","30","30","79","7900000","196435","0.024865189873417723","9","11"
"46","5","3","30","30","13","1300000","60701","0.04669307692307692","18","29"
"45","5","3","30","30","78","7800000","172195","0.02207628205128205","11","17"
"44","5","3","30","30","80","8000000","198161","0.024770125","9","12"
"46","5","3","30","30","14","1400000","63620","0.045442857142857146","18","32"
"45","5","3","30","30","79","7900000","174365","0.022071518987341773","11","24"
"44","5","3","30","30","81","8100000","199746","0.02466","9","11"
"46","5","3","30","30","15","1500000","66593","0.044395333333333335","16","31"
"45","5","3","30","30","80","8000000","176509","0.022063625","8","16"
"44","5","3","30","30","82","8200000","201103","0.024524756097560975","9","14"
"46","5","3","30","30","16","1600000","69699","0.043561875","16","31"
"45","5","3","30","30","81","8100000","178202","0.022000246913580247","10","14"
"44","5","3","30","30","83","8300000","202308","0.024374457831325302","9","10"
"46","5","3","30","30","17","1700000","72740","0.04278823529411765","15","24"
"45","5","3","30","30","82","8200000","179876","0.02193609756097561","7","13"
"44","5","3","30","30","84","8400000","203430","0.02421785714285714","9","13"
"46","5","3","30","30","18","1800000","75599","0.04199944444444444","16","24"
"45","5","3","30","30","83","8300000","181648","0.021885301204819275","8","19"
"44","5","3","30","30","85","8500000","204309","0.02403635294117647","8","8"
"46","5","3","30","30","19","1900000","78497","0.04131421052631579","16","26"
"45","5","3","30","30","84","8400000","183681","0.021866785714285714","8","13"
"44","5","3","30","30","86","8600000","205184","0.023858604651162792","8","8"
"46","5","3","30","30","20","2000000","81609","0.0408045","14","26"
"45","5","3","30","30","85","8500000","185361","0.021807176470588236","10","24"
"44","5","3","30","30","87","8700000","205962","0.023673793103448276","8","8"
"46","5","3","30","30","21","2100000","83754","0.039882857142857144","12","19"
"45","5","3","30","30","86","8600000","187159","0.02176267441860465","11","21"
"44","5","3","30","30","88","8800000","206904","0.023511818181818182","8","8"
"46","5","3","30","30","22","2200000","86052","0.03911454545454546","13","27"
"45","5","3","30","30","87","8700000","188965","0.021720114942528734","10","19"
"44","5","3","30","30","89","8900000","207867","0.023355842696629214","8","8"
"46","5","3","30","30","23","2300000","88820","0.038617391304347826","14","20"
"45","5","3","30","30","88","8800000","190439","0.021640795454545454","9","13"
"44","5","3","30","30","90","9000000","208730","0.02319222222222222","8","8"
"46","5","3","30","30","24","2400000","91143","0.03797625","11","21"
"45","5","3","30","30","89","8900000","191612","0.021529438202247193","8","13"
"44","5","3","30","30","91","9100000","209463","0.02301791208791209","8","9"
"46","5","3","30","30","25","2500000","93024","0.0372096","10","19"
"45","5","3","30","30","90","9000000","193262","0.021473555555555555","9","20"
"44","5","3","30","30","92","9200000","210329","0.022861847826086957","8","8"
"46","5","3","30","30","26","2600000","95106","0.03657923076923077","10","16"
"45","5","3","30","30","91","9100000","195137","0.021443626373626373","8","15"
"44","5","3","30","30","93","9300000","211158","0.02270516129032258","8","8"
"46","5","3","30","30","27","2700000","97501","0.03611148148148148","10","17"
"45","5","3","30","30","92","9200000","196764","0.021387391304347827","7","13"
"44","5","3","30","30","94","9400000","211956","0.022548510638297874","8","8"
"46","5","3","30","30","28","2800000","100006","0.03571642857142857","11","20"
"45","5","3","30","30","93","9300000","198037","0.021294301075268817","7","16"
"44","5","3","30","30","95","9500000","213003","0.02242136842105263","8","9"
"46","5","3","30","30","29","2900000","102536","0.035357241379310345","12","15"
"45","5","3","30","30","94","9400000","199462","0.02121936170212766","7","14"
"44","5","3","30","30","96","9600000","214372","0.022330416666666665","8","9"
"46","5","3","30","30","30","3000000","104971","0.03499033333333333","9","14"
"45","5","3","30","30","95","9500000","200992","0.021157052631578948","6","7"
"44","5","3","30","30","97","9700000","215301","0.022195979381443298","8","11"
"46","5","3","30","30","31","3100000","107526","0.034685806451612906","10","19"
"45","5","3","30","30","96","9600000","202675","0.021111979166666666","6","8"
"44","5","3","30","30","98","9800000","216213","0.022062551020408164","8","9"
"46","5","3","30","30","32","3200000","110046","0.034389375","7","13"
"45","5","3","30","30","97","9700000","204168","0.021048247422680414","6","8"
"44","5","3","30","30","99","9900000","217171","0.021936464646464645","8","10"
"46","5","3","30","30","33","3300000","112306","0.034032121212121215","7","13"
"45","5","3","30","30","98","9800000","205745","0.02099438775510204","6","7"
"44","5","3","30","30","100","10000000","218241","0.0218241","8","10"
"46","5","3","30","30","34","3400000","114495","0.033675","7","11"
"45","5","3","30","30","99","9900000","207308","0.02094020202020202","7","9"
"44","5","3","30","30","101","10100000","219118","0.021694851485148516","8","8"
"46","5","3","30","30","35","3500000","116319","0.033234","7","7"
"45","5","3","30","30","100","10000000","208860","0.020886","7","10"
"44","5","3","30","30","102","10200000","219940","0.021562745098039217","8","8"
"46","5","3","30","30","36","3600000","118161","0.0328225","6","8"
"45","5","3","30","30","101","10100000","210545","0.020846039603960396","6","7"
"44","5","3","30","30","103","10300000","220792","0.021436116504854368","8","9"
"46","5","3","30","30","37","3700000","120065","0.03245","6","11"
"45","5","3","30","30","102","10200000","212167","0.020800686274509803","6","8"
"44","5","3","30","30","104","10400000","221549","0.02130278846153846","8","8"
"46","5","3","30","30","38","3800000","121978","0.032099473684210525","5","11"
"45","5","3","30","30","103","10300000","213589","0.020736796116504853","6","8"
"44","5","3","30","30","105","10500000","222432","0.021184","8","10"
"46","5","3","30","30","39","3900000","123706","0.03171948717948718","5","9"
"45","5","3","30","30","104","10400000","214941","0.020667403846153846","6","11"
"44","5","3","30","30","106","10600000","223425","0.021077830188679245","8","11"
"46","5","3","30","30","40","4000000","125520","0.03138","5","12"
"45","5","3","30","30","105","10500000","216682","0.02063638095238095","6","9"
"44","5","3","30","30","107","10700000","224482","0.0209796261682243","8","10"
"46","5","3","30","30","41","4100000","127363","0.031064146341463414","5","13"
"45","5","3","30","30","106","10600000","218137","0.020578962264150943","6","8"
"44","5","3","30","30","108","10800000","225218","0.020853518518518518","8","9"
"46","5","3","30","30","42","4200000","129153","0.030750714285714284","5","11"
"45","5","3","30","30","107","10700000","219392","0.02050392523364486","6","9"
"44","5","3","30","30","109","10900000","226156","0.020748256880733944","8","8"
"46","5","3","30","30","43","4300000","130892","0.03044","5","9"
"45","5","3","30","30","108","10800000","220149","0.020384166666666665","5","7"
"44","5","3","30","30","110","11000000","227081","0.020643727272727272","8","8"
"46","5","3","30","30","44","4400000","132682","0.030155","5","11"
"45","5","3","30","30","109","10900000","220735","0.02025091743119266","5","6"
"44","5","3","30","30","111","11100000","227853","0.020527297297297298","8","8"
"46","5","3","30","30","45","4500000","134606","0.029912444444444443","5","8"
"45","5","3","30","30","110","11000000","221219","0.02011081818181818","5","7"
"44","5","3","30","30","112","11200000","228823","0.020430625","8","10"
"46","5","3","30","30","46","4600000","136442","0.029661304347826087","5","6"
"45","5","3","30","30","111","11100000","221618","0.019965585585585584","5","8"
"44","5","3","30","30","113","11300000","229809","0.0203370796460177","8","8"
"46","5","3","30","30","47","4700000","138378","0.029442127659574466","5","13"
"45","5","3","30","30","112","11200000","222029","0.019824017857142856","5","6"
"44","5","3","30","30","114","11400000","230795","0.02024517543859649","8","9"
"46","5","3","30","30","48","4800000","140435","0.029257291666666668","5","10"
"45","5","3","30","30","113","11300000","222421","0.019683274336283186","5","6"
"44","5","3","30","30","115","11500000","231679","0.020146","8","8"
"46","5","3","30","30","49","4900000","142282","0.02903714285714286","5","8"
"45","5","3","30","30","114","11400000","222785","0.019542543859649122","5","8"
"44","5","3","30","30","116","11600000","232263","0.020022672413793102","8","8"
"46","5","3","30","30","50","5000000","144035","0.028807","5","8"
"45","5","3","30","30","115","11500000","223136","0.01940313043478261","5","7"
"44","5","3","30","30","117","11700000","232726","0.01989111111111111","8","9"
"46","5","3","30","30","51","5100000","145779","0.028584117647058822","5","8"
"45","5","3","30","30","116","11600000","223464","0.019264137931034483","5","7"
"44","5","3","30","30","118","11800000","233275","0.019769067796610168","8","8"
"46","5","3","30","30","52","5200000","147556","0.028376153846153846","5","10"
"45","5","3","30","30","117","11700000","223811","0.0191291452991453","5","6"
"44","5","3","30","30","119","11900000","233905","0.019655882352941176","8","11"
"46","5","3","30","30","53","5300000","149370","0.028183018867924528","5","9"
"45","5","3","30","30","118","11800000","224146","0.01899542372881356","5","7"
"44","5","3","30","30","120","12000000","234524","0.019543666666666668","8","8"
"45","5","3","30","30","119","11900000","224156","0.018836638655462184","4","5"
"46","5","3","30","30","54","5400000","151154","0.027991481481481482","5","9"
"47","5","3","30","30","0","0","0","0","125","886"
"44","5","3","30","30","121","12100000","235151","0.01943396694214876","8","8"
"46","5","3","30","30","55","5500000","152789","0.027779818181818183","5","6"
"47","5","3","30","30","1","100000","7494","0.07494","105","221"
"44","5","3","30","30","122","12200000","235767","0.01932516393442623","8","8"
"46","5","3","30","30","56","5600000","154283","0.027550535714285715","5","10"
"47","5","3","30","30","2","200000","13534","0.06767","66","108"
"44","5","3","30","30","123","12300000","236520","0.019229268292682927","8","10"
"46","5","3","30","30","57","5700000","156082","0.02738280701754386","5","11"
"47","5","3","30","30","3","300000","18517","0.06172333333333333","51","77"
"46","5","3","30","30","58","5800000","157702","0.02719","5","7"
"44","5","3","30","30","124","12400000","237538","0.019156290322580646","8","10"
"47","5","3","30","30","4","400000","22826","0.057065","39","64"
"46","5","3","30","30","59","5900000","159264","0.026993898305084744","4","5"
"44","5","3","30","30","125","12500000","238445","0.0190756","8","8"
"47","5","3","30","30","5","500000","26459","0.052918","37","53"
"46","5","3","30","30","60","6000000","160484","0.026747333333333335","4","7"
"44","5","3","30","30","126","12600000","239074","0.018974126984126986","8","9"
"47","5","3","30","30","6","600000","30178","0.05029666666666667","36","62"
"46","5","3","30","30","61","6100000","162032","0.02656262295081967","4","6"
"44","5","3","30","30","127","12700000","239760","0.018878740157480315","8","8"
"47","5","3","30","30","7","700000","33483","0.04783285714285714","31","49"
"46","5","3","30","30","62","6200000","163161","0.026316290322580645","3","4"
"44","5","3","30","30","128","12800000","240359","0.018778046875","8","8"
"47","5","3","30","30","8","800000","36748","0.045935","32","54"
"46","5","3","30","30","63","6300000","164141","0.026054126984126985","2","2"
"44","5","3","30","30","129","12900000","241048","0.018685891472868216","8","8"
"47","5","3","30","30","9","900000","40052","0.04450222222222222","30","46"
"46","5","3","30","30","64","6400000","165038","0.0257871875","2","2"
"44","5","3","30","30","130","13000000","241646","0.018588153846153845","8","9"
"47","5","3","30","30","10","1000000","43307","0.043307","29","36"
"46","5","3","30","30","65","6500000","166026","0.025542461538461538","2","3"
"44","5","3","30","30","131","13100000","242150","0.01848473282442748","8","8"
"47","5","3","30","30","11","1100000","46314","0.042103636363636364","24","35"
"46","5","3","30","30","66","6600000","166904","0.02528848484848485","2","3"
"44","5","3","30","30","132","13200000","242638","0.018381666666666668","8","9"
"47","5","3","30","30","12","1200000","48637","0.040530833333333335","22","37"
"46","5","3","30","30","67","6700000","167786","0.025042686567164178","2","3"
"44","5","3","30","30","133","13300000","243100","0.018278195488721803","8","8"
"47","5","3","30","30","13","1300000","50492","0.03884","19","29"
"46","5","3","30","30","68","6800000","168740","0.02481470588235294","2","2"
"44","5","3","30","30","134","13400000","243573","0.018177089552238807","8","9"
"47","5","3","30","30","14","1400000","52133","0.03723785714285714","17","25"
"46","5","3","30","30","69","6900000","169621","0.024582753623188406","2","4"
"44","5","3","30","30","135","13500000","243973","0.018072074074074074","8","9"
"47","5","3","30","30","15","1500000","53403","0.035602","16","22"
"46","5","3","30","30","70","7000000","170533","0.024361857142857143","2","2"
"44","5","3","30","30","136","13600000","244411","0.01797139705882353","8","8"
"47","5","3","30","30","16","1600000","54617","0.034135625","17","20"
"46","5","3","30","30","71","7100000","171449","0.02414774647887324","2","2"
"44","5","3","30","30","137","13700000","244820","0.01787007299270073","8","8"
"47","5","3","30","30","17","1700000","55984","0.032931764705882355","17","23"
"46","5","3","30","30","72","7200000","172312","0.023932222222222223","2","5"
"44","5","3","30","30","138","13800000","245110","0.01776159420289855","8","8"
"47","5","3","30","30","18","1800000","57387","0.03188166666666667","16","26"
"46","5","3","30","30","73","7300000","173112","0.023713972602739726","2","4"
"44","5","3","30","30","139","13900000","245194","0.017639856115107915","7","7"
"48","5","3","30","30","0","0","0","0","125","886"
"47","5","3","30","30","19","1900000","58406","0.03074","13","17"
"46","5","3","30","30","74","7400000","173964","0.02350864864864865","2","4"
"47","5","3","30","30","20","2000000","59244","0.029622","16","20"
"48","5","3","30","30","1","100000","7318","0.07318","100","227"
"46","5","3","30","30","75","7500000","174722","0.023296266666666666","2","3"
"47","5","3","30","30","21","2100000","60557","0.028836666666666667","18","21"
"48","5","3","30","30","2","200000","13813","0.069065","71","138"
"46","5","3","30","30","76","7600000","175592","0.02310421052631579","2","3"
"47","5","3","30","30","22","2200000","62273","0.02830590909090909","17","29"
"46","5","3","30","30","77","7700000","176457","0.022916493506493506","2","3"
"48","5","3","30","30","3","300000","19776","0.06592","54","93"
"47","5","3","30","30","23","2300000","63413","0.02757086956521739","15","25"
"46","5","3","30","30","78","7800000","177289","0.022729358974358974","2","3"
"48","5","3","30","30","4","400000","24812","0.06203","45","76"
"47","5","3","30","30","24","2400000","64488","0.02687","12","14"
"46","5","3","30","30","79","7900000","178154","0.022551139240506328","2","4"
"48","5","3","30","30","5","500000","29394","0.058788","33","63"
"47","5","3","30","30","25","2500000","65664","0.0262656","13","23"
"46","5","3","30","30","80","8000000","179116","0.0223895","2","4"
"48","5","3","30","30","6","600000","33640","0.05606666666666667","33","62"
"47","5","3","30","30","26","2600000","66631","0.025627307692307692","14","20"
"46","5","3","30","30","81","8100000","180034","0.02222641975308642","2","3"
"48","5","3","30","30","7","700000","37590","0.0537","32","57"
"47","5","3","30","30","27","2700000","67590","0.025033333333333335","14","18"
"46","5","3","30","30","82","8200000","180887","0.022059390243902438","2","5"
"48","5","3","30","30","8","800000","40878","0.0510975","25","50"
"47","5","3","30","30","28","2800000","68667","0.02452392857142857","14","21"
"46","5","3","30","30","83","8300000","181589","0.021878192771084336","2","4"
"48","5","3","30","30","9","900000","44145","0.04905","19","32"
"47","5","3","30","30","29","2900000","69802","0.024069655172413794","14","22"
"46","5","3","30","30","84","8400000","182407","0.02171511904761905","2","5"
"48","5","3","30","30","10","1000000","47293","0.047293","17","33"
"47","5","3","30","30","30","3000000","70799","0.023599666666666668","13","19"
"46","5","3","30","30","85","8500000","183225","0.021555882352941178","2","2"
"48","5","3","30","30","11","1100000","50254","0.04568545454545454","16","32"
"47","5","3","30","30","31","3100000","71662","0.02311677419354839","14","20"
"46","5","3","30","30","86","8600000","184090","0.02140581395348837","2","2"
"48","5","3","30","30","12","1200000","52888","0.04407333333333333","16","27"
"47","5","3","30","30","32","3200000","72572","0.02267875","13","21"
"46","5","3","30","30","87","8700000","184761","0.021236896551724137","2","4"
"48","5","3","30","30","13","1300000","55608","0.04277538461538462","14","21"
"47","5","3","30","30","33","3300000","73420","0.022248484848484847","14","19"
"46","5","3","30","30","88","8800000","185450","0.021073863636363637","2","3"
"48","5","3","30","30","14","1400000","58233","0.041595","15","22"
"47","5","3","30","30","34","3400000","74271","0.021844411764705883","14","19"
"46","5","3","30","30","89","8900000","186119","0.020912247191011236","2","4"
"48","5","3","30","30","15","1500000","60504","0.040336","14","21"
"46","5","3","30","30","90","9000000","186825","0.020758333333333333","2","4"
"47","5","3","30","30","35","3500000","75407","0.021544857142857143","14","22"
"48","5","3","30","30","16","1600000","62921","0.039325625","14","24"
"46","5","3","30","30","91","9100000","187268","0.0205789010989011","2","3"
"47","5","3","30","30","36","3600000","76511","0.021253055555555556","14","17"
"48","5","3","30","30","17","1700000","65056","0.038268235294117645","13","23"
"46","5","3","30","30","92","9200000","187785","0.020411413043478262","2","4"
"47","5","3","30","30","37","3700000","77627","0.02098027027027027","14","20"
"48","5","3","30","30","18","1800000","67140","0.0373","11","15"
"46","5","3","30","30","93","9300000","188232","0.02024","2","2"
"47","5","3","30","30","38","3800000","78661","0.020700263157894735","13","14"
"48","5","3","30","30","19","1900000","68825","0.03622368421052632","10","11"
"46","5","3","30","30","94","9400000","188652","0.02006936170212766","2","2"
"47","5","3","30","30","39","3900000","79758","0.02045076923076923","14","20"
"48","5","3","30","30","20","2000000","70113","0.0350565","10","11"
"46","5","3","30","30","95","9500000","189176","0.019913263157894736","2","2"
"47","5","3","30","30","40","4000000","80847","0.02021175","13","16"
"48","5","3","30","30","21","2100000","71608","0.03409904761904762","11","15"
"46","5","3","30","30","96","9600000","189801","0.0197709375","2","5"
"47","5","3","30","30","41","4100000","82061","0.020014878048780486","13","18"
"48","5","3","30","30","22","2200000","72987","0.03317590909090909","9","10"
"46","5","3","30","30","97","9700000","189945","0.019581958762886598","1","1"
"49","5","3","30","30","0","0","0","0","125","885"
"47","5","3","30","30","42","4200000","83101","0.01978595238095238","13","17"
"48","5","3","30","30","23","2300000","74397","0.032346521739130434","9","15"
"49","5","3","30","30","1","100000","6993","0.06993","98","223"
"47","5","3","30","30","43","4300000","84281","0.019600232558139533","14","17"
"48","5","3","30","30","24","2400000","75899","0.03162458333333333","9","13"
"47","5","3","30","30","44","4400000","85378","0.01940409090909091","12","16"
"49","5","3","30","30","2","200000","13356","0.06678","83","158"
"48","5","3","30","30","25","2500000","77037","0.0308148","7","10"
"47","5","3","30","30","45","4500000","86451","0.019211333333333334","13","13"
"49","5","3","30","30","3","300000","19153","0.06384333333333334","60","122"
"48","5","3","30","30","26","2600000","78176","0.03006769230769231","7","7"
"47","5","3","30","30","46","4600000","87758","0.01907782608695652","15","20"
"49","5","3","30","30","4","400000","25029","0.0625725","41","84"
"48","5","3","30","30","27","2700000","79253","0.029352962962962963","7","9"
"47","5","3","30","30","47","4700000","89195","0.018977659574468085","14","17"
"49","5","3","30","30","5","500000","29952","0.059904","35","72"
"48","5","3","30","30","28","2800000","80283","0.0286725","7","11"
"47","5","3","30","30","48","4800000","90476","0.018849166666666667","13","16"
"49","5","3","30","30","6","600000","34463","0.057438333333333334","28","49"
"48","5","3","30","30","29","2900000","81260","0.028020689655172414","6","6"
"47","5","3","30","30","49","4900000","91783","0.018731224489795917","13","15"
"49","5","3","30","30","7","700000","38830","0.055471428571428574","26","58"
"48","5","3","30","30","30","3000000","82286","0.027428666666666667","6","9"
"47","5","3","30","30","50","5000000","93117","0.0186234","15","18"
"49","5","3","30","30","8","800000","42411","0.05301375","22","40"
"48","5","3","30","30","31","3100000","83031","0.026784193548387097","6","7"
"47","5","3","30","30","51","5100000","94351","0.018500196078431373","13","18"
"49","5","3","30","30","9","900000","45373","0.05041444444444444","22","40"
"48","5","3","30","30","32","3200000","83774","0.026179375","6","7"
"47","5","3","30","30","52","5200000","95385","0.018343269230769232","14","17"
"49","5","3","30","30","10","1000000","48831","0.048831","22","38"
"48","5","3","30","30","33","3300000","84522","0.025612727272727273","6","8"
"47","5","3","30","30","53","5300000","96773","0.018259056603773586","16","24"
"49","5","3","30","30","11","1100000","52718","0.04792545454545455","18","31"
"48","5","3","30","30","34","3400000","85333","0.025097941176470587","6","6"
"47","5","3","30","30","54","5400000","98301","0.018203888888888888","16","20"
"49","5","3","30","30","12","1200000","56338","0.046948333333333335","18","37"
"48","5","3","30","30","35","3500000","85989","0.024568285714285713","6","7"
"47","5","3","30","30","55","5500000","99635","0.018115454545454546","18","24"
"49","5","3","30","30","13","1300000","60238","0.046336923076923074","19","40"
"48","5","3","30","30","36","3600000","86763","0.024100833333333332","6","7"
"47","5","3","30","30","56","5600000","101121","0.01805732142857143","18","23"
"49","5","3","30","30","14","1400000","63677","0.04548357142857143","19","30"
"48","5","3","30","30","37","3700000","87596","0.023674594594594596","6","9"
"47","5","3","30","30","57","5700000","102758","0.018027719298245613","14","16"
"49","5","3","30","30","15","1500000","67186","0.044790666666666666","20","38"
"47","5","3","30","30","58","5800000","104510","0.01801896551724138","13","17"
"48","5","3","30","30","38","3800000","88416","0.02326736842105263","6","6"
"49","5","3","30","30","16","1600000","70494","0.04405875","20","34"
"47","5","3","30","30","59","5900000","106627","0.018072372881355932","16","31"
"48","5","3","30","30","39","3900000","89240","0.022882051282051282","6","6"
"49","5","3","30","30","17","1700000","74335","0.0437264705882353","18","38"
"47","5","3","30","30","60","6000000","108790","0.018131666666666667","13","21"
"48","5","3","30","30","40","4000000","90109","0.02252725","6","7"
"49","5","3","30","30","18","1800000","77577","0.043098333333333336","19","31"
"47","5","3","30","30","61","6100000","110606","0.018132131147540982","14","20"
"48","5","3","30","30","41","4100000","90918","0.022175121951219512","6","8"
"49","5","3","30","30","19","1900000","81007","0.04263526315789474","19","31"
"47","5","3","30","30","62","6200000","112439","0.018135322580645163","14","20"
"48","5","3","30","30","42","4200000","91605","0.021810714285714287","6","7"
"49","5","3","30","30","20","2000000","84505","0.0422525","19","34"
"47","5","3","30","30","63","6300000","114378","0.018155238095238096","11","20"
"48","5","3","30","30","43","4300000","92327","0.02147139534883721","6","6"
"49","5","3","30","30","21","2100000","87874","0.041844761904761905","18","29"
"47","5","3","30","30","64","6400000","116415","0.01818984375","11","15"
"48","5","3","30","30","44","4400000","93135","0.021167045454545456","6","8"
"49","5","3","30","30","22","2200000","91172","0.041441818181818184","17","30"
"47","5","3","30","30","65","6500000","118511","0.018232461538461538","11","17"
"48","5","3","30","30","45","4500000","93842","0.020853777777777777","6","7"
"49","5","3","30","30","23","2300000","94416","0.0410504347826087","19","38"
"47","5","3","30","30","66","6600000","120461","0.018251666666666666","12","18"
"48","5","3","30","30","46","4600000","94628","0.020571304347826086","6","11"
"49","5","3","30","30","24","2400000","97667","0.04069458333333333","17","27"
"47","5","3","30","30","67","6700000","122139","0.018229701492537314","12","17"
"48","5","3","30","30","47","4700000","95493","0.020317659574468086","6","7"
"49","5","3","30","30","25","2500000","100910","0.040364","19","23"
"47","5","3","30","30","68","6800000","123885","0.018218382352941178","12","17"
"48","5","3","30","30","48","4800000","96355","0.020073958333333333","6","7"
"49","5","3","30","30","26","2600000","104259","0.040099615384615386","20","36"
"47","5","3","30","30","69","6900000","125238","0.018150434782608697","11","14"
"48","5","3","30","30","49","4900000","97121","0.01982061224489796","6","8"
"49","5","3","30","30","27","2700000","107562","0.03983777777777778","18","32"
"47","5","3","30","30","70","7000000","126413","0.018059","11","13"
"48","5","3","30","30","50","5000000","97880","0.019576","6","6"
"49","5","3","30","30","28","2800000","110562","0.03948642857142857","16","22"
"47","5","3","30","30","71","7100000","127973","0.0180243661971831","12","18"
"48","5","3","30","30","51","5100000","98621","0.019337450980392155","6","6"
"49","5","3","30","30","29","2900000","113586","0.03916758620689655","16","32"
"47","5","3","30","30","72","7200000","129691","0.01801263888888889","12","16"
"48","5","3","30","30","52","5200000","99305","0.019097115384615386","6","6"
"49","5","3","30","30","30","3000000","116794","0.03893133333333333","17","29"
"47","5","3","30","30","73","7300000","131393","0.01799904109589041","11","16"
"48","5","3","30","30","53","5300000","100067","0.01888056603773585","6","7"
"49","5","3","30","30","31","3100000","119814","0.038649677419354836","17","28"
"47","5","3","30","30","74","7400000","132825","0.017949324324324323","10","14"
"48","5","3","30","30","54","5400000","100706","0.018649259259259258","6","7"
"49","5","3","30","30","32","3200000","122815","0.0383796875","14","22"
"47","5","3","30","30","75","7500000","134473","0.017929733333333333","10","20"
"48","5","3","30","30","55","5500000","101374","0.018431636363636365","6","8"
"49","5","3","30","30","33","3300000","125564","0.03804969696969697","14","25"
"47","5","3","30","30","76","7600000","135892","0.017880526315789475","11","17"
"48","5","3","30","30","56","5600000","102078","0.018228214285714285","6","7"
"49","5","3","30","30","34","3400000","128176","0.037698823529411764","15","21"
"47","5","3","30","30","77","7700000","137610","0.017871428571428573","11","16"
"48","5","3","30","30","57","5700000","102843","0.01804263157894737","6","7"
"49","5","3","30","30","35","3500000","130731","0.03735171428571429","12","20"
"47","5","3","30","30","78","7800000","139433","0.017876025641025643","11","16"
"48","5","3","30","30","58","5800000","103600","0.01786206896551724","6","7"
"49","5","3","30","30","36","3600000","133353","0.0370425","12","23"
"47","5","3","30","30","79","7900000","141193","0.01787253164556962","10","13"
"48","5","3","30","30","59","5900000","104470","0.01770677966101695","6","7"
"49","5","3","30","30","37","3700000","135647","0.03666135135135135","10","20"
"47","5","3","30","30","80","8000000","142842","0.01785525","11","18"
"48","5","3","30","30","60","6000000","105071","0.017511833333333334","6","7"
"49","5","3","30","30","38","3800000","137902","0.03629","9","16"
"47","5","3","30","30","81","8100000","144316","0.01781679012345679","11","20"
"48","5","3","30","30","61","6100000","105628","0.01731606557377049","6","9"
"49","5","3","30","30","39","3900000","139894","0.03587025641025641","9","12"
"47","5","3","30","30","82","8200000","146091","0.017815975609756098","10","19"
"48","5","3","30","30","62","6200000","106220","0.01713225806451613","6","7"
"49","5","3","30","30","40","4000000","141887","0.03547175","9","13"
"47","5","3","30","30","83","8300000","147776","0.01780433734939759","11","21"
"48","5","3","30","30","63","6300000","106743","0.016943333333333335","6","6"
"49","5","3","30","30","41","4100000","143903","0.03509829268292683","9","20"
"47","5","3","30","30","84","8400000","149406","0.01778642857142857","11","23"
"48","5","3","30","30","64","6400000","107279","0.01676234375","6","6"
"49","5","3","30","30","42","4200000","145878","0.03473285714285714","7","14"
"47","5","3","30","30","85","8500000","151053","0.017770941176470587","10","13"
"48","5","3","30","30","65","6500000","107693","0.016568153846153847","6","7"
"49","5","3","30","30","43","4300000","147310","0.03425813953488372","7","14"
"47","5","3","30","30","86","8600000","152781","0.017765232558139533","11","14"
"48","5","3","30","30","66","6600000","108180","0.01639090909090909","6","7"
"49","5","3","30","30","44","4400000","148691","0.03379340909090909","7","14"
"47","5","3","30","30","87","8700000","154768","0.01778942528735632","10","23"
"48","5","3","30","30","67","6700000","108684","0.016221492537313434","6","8"
"49","5","3","30","30","45","4500000","150133","0.033362888888888886","7","13"
"47","5","3","30","30","88","8800000","156447","0.017778068181818183","9","19"
"48","5","3","30","30","68","6800000","109246","0.016065588235294116","6","7"
"49","5","3","30","30","46","4600000","151474","0.03292913043478261","7","13"
"47","5","3","30","30","89","8900000","157779","0.017727977528089887","8","11"
"48","5","3","30","30","69","6900000","109702","0.015898840579710145","6","8"
"49","5","3","30","30","47","4700000","153022","0.03255787234042553","7","13"
"47","5","3","30","30","90","9000000","158749","0.017638777777777778","8","8"
"48","5","3","30","30","70","7000000","110198","0.01574257142857143","6","6"
"49","5","3","30","30","48","4800000","154728","0.032235","7","14"
"47","5","3","30","30","91","9100000","159592","0.017537582417582416","8","8"
"48","5","3","30","30","71","7100000","110588","0.015575774647887324","6","6"
"49","5","3","30","30","49","4900000","156311","0.031900204081632653","6","11"
"47","5","3","30","30","92","9200000","160286","0.017422391304347827","6","7"
"48","5","3","30","30","72","7200000","110988","0.015415","6","6"
"49","5","3","30","30","50","5000000","158019","0.0316038","7","7"
"47","5","3","30","30","93","9300000","160861","0.017296881720430108","6","6"
"48","5","3","30","30","73","7300000","111412","0.015261917808219179","6","6"
"49","5","3","30","30","51","5100000","159735","0.03132058823529412","6","10"
"47","5","3","30","30","94","9400000","161564","0.017187659574468085","6","7"
"48","5","3","30","30","74","7400000","111931","0.01512581081081081","6","7"
"49","5","3","30","30","52","5200000","161512","0.03106","7","13"
"47","5","3","30","30","95","9500000","162341","0.017088526315789474","6","8"
"48","5","3","30","30","75","7500000","112506","0.0150008","6","7"
"49","5","3","30","30","53","5300000","163083","0.030770377358490565","7","13"
"47","5","3","30","30","96","9600000","162905","0.016969270833333334","6","7"
"48","5","3","30","30","76","7600000","112998","0.014868157894736842","6","7"
"49","5","3","30","30","54","5400000","164512","0.030465185185185185","7","15"
"47","5","3","30","30","97","9700000","163552","0.01686103092783505","6","6"
"48","5","3","30","30","77","7700000","113410","0.01472857142857143","6","9"
"49","5","3","30","30","55","5500000","166133","0.030206","7","14"
"47","5","3","30","30","98","9800000","164173","0.01675234693877551","6","8"
"48","5","3","30","30","78","7800000","113737","0.014581666666666666","6","6"
"49","5","3","30","30","56","5600000","167595","0.02992767857142857","7","13"
"47","5","3","30","30","99","9900000","164791","0.016645555555555556","6","8"
"48","5","3","30","30","79","7900000","114167","0.014451518987341773","6","7"
"49","5","3","30","30","57","5700000","169198","0.029683859649122808","7","10"
"47","5","3","30","30","100","10000000","165270","0.016527","6","6"
"48","5","3","30","30","80","8000000","114514","0.01431425","6","7"
"49","5","3","30","30","58","5800000","170523","0.02940051724137931","7","10"
"47","5","3","30","30","101","10100000","165779","0.016413762376237623","6","7"
"48","5","3","30","30","81","8100000","114868","0.014181234567901234","6","6"
"49","5","3","30","30","59","5900000","171903","0.029136101694915255","7","10"
"47","5","3","30","30","102","10200000","166162","0.016290392156862746","6","6"
"48","5","3","30","30","82","8200000","114973","0.01402109756097561","5","5"
"49","5","3","30","30","60","6000000","173356","0.028892666666666667","7","9"
"50","5","3","30","30","0","0","0","0","125","887"
"47","5","3","30","30","103","10300000","166464","0.01616155339805825","6","6"
"49","5","3","30","30","61","6100000","174555","0.028615573770491804","7","13"
"50","5","3","30","30","1","100000","7160","0.0716","97","225"
"47","5","3","30","30","104","10400000","166796","0.016038076923076922","6","6"
"49","5","3","30","30","62","6200000","175846","0.02836225806451613","7","12"
"50","5","3","30","30","2","200000","13357","0.066785","70","146"
"47","5","3","30","30","105","10500000","167009","0.015905619047619047","6","6"
"49","5","3","30","30","63","6300000","177199","0.028126825396825397","7","12"
"50","5","3","30","30","3","300000","20246","0.06748666666666667","73","169"
"47","5","3","30","30","106","10600000","167171","0.015770849056603774","6","6"
"49","5","3","30","30","64","6400000","178500","0.027890625","7","9"
"47","5","3","30","30","107","10700000","167173","0.015623644859813084","5","5"
"51","5","3","30","30","0","0","0","0","125","890"
"50","5","3","30","30","4","400000","25934","0.064835","48","81"
"49","5","3","30","30","65","6500000","179770","0.027656923076923075","7","15"
"50","5","3","30","30","5","500000","30553","0.061106","51","87"
"51","5","3","30","30","1","100000","7374","0.07374","96","243"
"49","5","3","30","30","66","6600000","180938","0.027414848484848486","7","10"
"50","5","3","30","30","6","600000","35954","0.059923333333333335","50","93"
"51","5","3","30","30","2","200000","13939","0.069695","70","135"
"49","5","3","30","30","67","6700000","182141","0.027185223880597013","7","10"
"50","5","3","30","30","7","700000","41212","0.05887428571428571","46","76"
"51","5","3","30","30","3","300000","19641","0.06547","56","99"
"49","5","3","30","30","68","6800000","183422","0.026973823529411765","7","10"
"50","5","3","30","30","8","800000","46425","0.05803125","41","69"
"51","5","3","30","30","4","400000","25300","0.06325","48","98"
"49","5","3","30","30","69","6900000","184638","0.026759130434782608","7","9"
"50","5","3","30","30","9","900000","50995","0.056661111111111113","41","65"
"51","5","3","30","30","5","500000","29760","0.05952","39","68"
"49","5","3","30","30","70","7000000","185825","0.02654642857142857","7","9"
"50","5","3","30","30","10","1000000","54939","0.054939","33","53"
"51","5","3","30","30","6","600000","33864","0.05644","35","64"
"49","5","3","30","30","71","7100000","187191","0.02636492957746479","7","7"
"49","5","3","30","30","72","7200000","188515","0.026182638888888887","7","10"
"50","5","3","30","30","11","1100000","58531","0.05321","26","48"
"51","5","3","30","30","7","700000","38149","0.05449857142857143","30","52"
"49","5","3","30","30","73","7300000","189882","0.02601123287671233","7","10"
"50","5","3","30","30","12","1200000","61801","0.051500833333333336","20","31"
"51","5","3","30","30","8","800000","42141","0.05267625","27","37"
"49","5","3","30","30","74","7400000","191024","0.025814054054054052","7","14"
"50","5","3","30","30","13","1300000","64460","0.04958461538461539","20","27"
"51","5","3","30","30","9","900000","45736","0.05081777777777778","26","39"
"49","5","3","30","30","75","7500000","191986","0.025598133333333332","7","12"
"50","5","3","30","30","14","1400000","67005","0.047860714285714284","19","27"
"51","5","3","30","30","10","1000000","49022","0.049022","21","42"
"49","5","3","30","30","76","7600000","193055","0.025401973684210526","7","9"
"50","5","3","30","30","15","1500000","69807","0.046538","22","34"
"51","5","3","30","30","11","1100000","52126","0.04738727272727273","17","32"
"49","5","3","30","30","77","7700000","194323","0.025236753246753247","7","12"
"50","5","3","30","30","16","1600000","72568","0.045355","18","31"
"51","5","3","30","30","12","1200000","54959","0.04579916666666667","16","32"
"49","5","3","30","30","78","7800000","195557","0.025071410256410256","6","9"
"50","5","3","30","30","17","1700000","75783","0.04457823529411765","20","38"
"51","5","3","30","30","13","1300000","56890","0.04376153846153846","16","29"
"49","5","3","30","30","79","7900000","196639","0.024891012658227848","6","7"
"50","5","3","30","30","18","1800000","78922","0.043845555555555554","22","36"
"51","5","3","30","30","14","1400000","58418","0.04172714285714286","14","20"
"49","5","3","30","30","80","8000000","197888","0.024736","6","7"
"50","5","3","30","30","19","1900000","81522","0.04290631578947368","17","26"
"51","5","3","30","30","15","1500000","60052","0.04003466666666667","15","20"
"49","5","3","30","30","81","8100000","199139","0.02458506172839506","7","11"
"50","5","3","30","30","20","2000000","84036","0.042018","17","28"
"51","5","3","30","30","16","1600000","62057","0.038785625","17","29"
"49","5","3","30","30","82","8200000","200235","0.02441890243902439","6","8"
"51","5","3","30","30","17","1700000","64136","0.03772705882352941","14","28"
"50","5","3","30","30","21","2100000","86948","0.04140380952380952","16","25"
"49","5","3","30","30","83","8300000","201361","0.024260361445783134","6","10"
"51","5","3","30","30","18","1800000","66150","0.03675","16","34"
"50","5","3","30","30","22","2200000","89562","0.04071","17","23"
"49","5","3","30","30","84","8400000","202284","0.024081428571428573","5","6"
"51","5","3","30","30","19","1900000","67719","0.03564157894736842","16","30"
"50","5","3","30","30","23","2300000","92060","0.04002608695652174","17","26"
"49","5","3","30","30","85","8500000","203098","0.023893882352941178","5","7"
"51","5","3","30","30","20","2000000","69530","0.034765","16","26"
"50","5","3","30","30","24","2400000","94281","0.03928375","17","22"
"49","5","3","30","30","86","8600000","203764","0.02369348837209302","5","7"
"51","5","3","30","30","21","2100000","71907","0.03424142857142857","15","30"
"50","5","3","30","30","25","2500000","96504","0.0386016","15","26"
"49","5","3","30","30","87","8700000","204482","0.02350367816091954","5","8"
"51","5","3","30","30","22","2200000","74013","0.03364227272727273","15","32"
"50","5","3","30","30","26","2600000","98619","0.037930384615384616","16","27"
"49","5","3","30","30","88","8800000","205364","0.02333681818181818","5","6"
"51","5","3","30","30","23","2300000","76105","0.03308913043478261","17","28"
"50","5","3","30","30","27","2700000","100766","0.03732074074074074","15","26"
"49","5","3","30","30","89","8900000","206026","0.023148988764044944","5","6"
"51","5","3","30","30","24","2400000","78336","0.03264","16","29"
"50","5","3","30","30","28","2800000","102727","0.03668821428571428","11","16"
"49","5","3","30","30","90","9000000","206701","0.022966777777777777","5","5"
"51","5","3","30","30","25","2500000","80357","0.0321428","13","21"
"50","5","3","30","30","29","2900000","104054","0.03588068965517242","11","18"
"49","5","3","30","30","91","9100000","207566","0.02280945054945055","5","6"
"51","5","3","30","30","26","2600000","82250","0.031634615384615386","12","19"
"50","5","3","30","30","30","3000000","105416","0.035138666666666665","12","19"
"49","5","3","30","30","92","9200000","208373","0.022649239130434783","5","5"
"51","5","3","30","30","27","2700000","83815","0.031042592592592594","13","16"
"50","5","3","30","30","31","3100000","106514","0.03435935483870968","10","15"
"49","5","3","30","30","93","9300000","209062","0.02247978494623656","5","7"
"51","5","3","30","30","28","2800000","85198","0.030427857142857142","12","16"
"50","5","3","30","30","32","3200000","107433","0.0335728125","11","13"
"49","5","3","30","30","94","9400000","209630","0.022301063829787235","5","6"
"51","5","3","30","30","29","2900000","86457","0.029812758620689654","12","16"
"50","5","3","30","30","33","3300000","108301","0.03281848484848485","10","21"
"49","5","3","30","30","95","9500000","210248","0.022131368421052632","5","6"
"51","5","3","30","30","30","3000000","87408","0.029136","11","16"
"50","5","3","30","30","34","3400000","109344","0.03216","10","11"
"49","5","3","30","30","96","9600000","210893","0.021968020833333334","5","5"
"51","5","3","30","30","31","3100000","88327","0.02849258064516129","10","14"
"50","5","3","30","30","35","3500000","110167","0.031476285714285714","8","10"
"49","5","3","30","30","97","9700000","211727","0.021827525773195876","5","6"
"51","5","3","30","30","32","3200000","89612","0.02800375","9","23"
"50","5","3","30","30","36","3600000","110810","0.030780555555555554","9","10"
"49","5","3","30","30","98","9800000","212307","0.021663979591836736","5","5"
"51","5","3","30","30","33","3300000","91175","0.027628787878787878","10","15"
"50","5","3","30","30","37","3700000","111586","0.030158378378378377","9","13"
"49","5","3","30","30","99","9900000","212789","0.021493838383838382","5","5"
"50","5","3","30","30","38","3800000","112568","0.02962315789473684","8","12"
"51","5","3","30","30","34","3400000","92848","0.027308235294117647","9","15"
"49","5","3","30","30","100","10000000","213190","0.021319","5","5"
"50","5","3","30","30","39","3900000","113855","0.029193589743589744","9","13"
"51","5","3","30","30","35","3500000","94538","0.027010857142857142","10","17"
"49","5","3","30","30","101","10100000","213653","0.021153762376237624","5","8"
"50","5","3","30","30","40","4000000","115189","0.02879725","9","15"
"51","5","3","30","30","36","3600000","96209","0.026724722222222223","10","15"
"49","5","3","30","30","102","10200000","213837","0.02096441176470588","5","5"
"50","5","3","30","30","41","4100000","116710","0.028465853658536586","10","16"
"49","5","3","30","30","103","10300000","213964","0.020773203883495146","5","6"
"51","5","3","30","30","37","3700000","97678","0.02639945945945946","8","14"
"49","5","3","30","30","104","10400000","214152","0.020591538461538463","5","5"
"50","5","3","30","30","42","4200000","118538","0.028223333333333333","9","15"
"51","5","3","30","30","38","3800000","98965","0.02604342105263158","8","10"
"49","5","3","30","30","105","10500000","214335","0.020412857142857142","5","5"
"50","5","3","30","30","43","4300000","120226","0.02795953488372093","9","18"
"51","5","3","30","30","39","3900000","100163","0.025682820512820514","8","13"
"49","5","3","30","30","106","10600000","214496","0.020235471698113208","5","5"
"51","5","3","30","30","40","4000000","101541","0.02538525","7","9"
"50","5","3","30","30","44","4400000","121972","0.02772090909090909","10","12"
"49","5","3","30","30","107","10700000","214658","0.020061495327102805","5","6"
"51","5","3","30","30","41","4100000","102733","0.025056829268292682","8","11"
"50","5","3","30","30","45","4500000","123899","0.027533111111111112","9","17"
"49","5","3","30","30","108","10800000","214894","0.01989759259259259","5","5"
"51","5","3","30","30","42","4200000","103698","0.02469","8","10"
"50","5","3","30","30","46","4600000","126046","0.027401304347826085","10","18"
"49","5","3","30","30","109","10900000","215036","0.019728073394495414","5","5"
"51","5","3","30","30","43","4300000","104764","0.02436372093023256","8","12"
"50","5","3","30","30","47","4700000","128302","0.027298297872340425","9","13"
"49","5","3","30","30","110","11000000","215189","0.019562636363636362","5","6"
"51","5","3","30","30","44","4400000","105858","0.024058636363636362","8","9"
"50","5","3","30","30","48","4800000","130346","0.027155416666666668","9","17"
"49","5","3","30","30","111","11100000","215361","0.01940189189189189","5","5"
"51","5","3","30","30","45","4500000","107124","0.023805333333333335","7","10"
"50","5","3","30","30","49","4900000","132307","0.027001428571428572","8","16"
"49","5","3","30","30","112","11200000","215439","0.019235625","5","6"
"51","5","3","30","30","46","4600000","108401","0.023565434782608696","7","9"
"50","5","3","30","30","50","5000000","134579","0.0269158","7","12"
"49","5","3","30","30","113","11300000","215550","0.019075221238938053","5","6"
"51","5","3","30","30","47","4700000","109534","0.023305106382978724","7","11"
"50","5","3","30","30","51","5100000","136625","0.02678921568627451","7","17"
"49","5","3","30","30","114","11400000","215587","0.018911140350877192","4","4"
"52","5","3","30","30","0","0","0","0","124","884"
"51","5","3","30","30","48","4800000","110785","0.023080208333333335","8","15"
"50","5","3","30","30","52","5200000","138502","0.026635","6","10"
"52","5","3","30","30","1","100000","7468","0.07468","104","232"
"51","5","3","30","30","49","4900000","111957","0.022848367346938774","8","15"
"50","5","3","30","30","53","5300000","140025","0.026419811320754716","6","10"
"51","5","3","30","30","50","5000000","113094","0.0226188","7","12"
"52","5","3","30","30","2","200000","14022","0.07011","75","125"
"50","5","3","30","30","54","5400000","141504","0.026204444444444443","6","13"
"51","5","3","30","30","51","5100000","114108","0.022374117647058822","8","14"
"52","5","3","30","30","3","300000","19061","0.06353666666666667","61","105"
"50","5","3","30","30","55","5500000","143154","0.026028","6","10"
"51","5","3","30","30","52","5200000","114965","0.022108653846153847","8","11"
"52","5","3","30","30","4","400000","23778","0.059445","56","88"
"50","5","3","30","30","56","5600000","144704","0.02584","6","14"
"51","5","3","30","30","53","5300000","115863","0.021860943396226414","8","17"
"50","5","3","30","30","57","5700000","146254","0.02565859649122807","6","14"
"52","5","3","30","30","5","500000","27600","0.0552","39","63"
"51","5","3","30","30","54","5400000","116689","0.021609074074074076","8","17"
"50","5","3","30","30","58","5800000","147648","0.02545655172413793","6","14"
"52","5","3","30","30","6","600000","31504","0.05250666666666667","39","76"
"51","5","3","30","30","55","5500000","117644","0.021389818181818183","8","17"
"50","5","3","30","30","59","5900000","149071","0.02526627118644068","6","14"
"52","5","3","30","30","7","700000","35139","0.050198571428571426","34","51"
"51","5","3","30","30","56","5600000","118745","0.021204464285714285","8","16"
"50","5","3","30","30","60","6000000","150426","0.025071","6","15"
"52","5","3","30","30","8","800000","37795","0.04724375","31","42"
"51","5","3","30","30","57","5700000","119896","0.02103438596491228","8","15"
"50","5","3","30","30","61","6100000","151778","0.024881639344262296","6","17"
"52","5","3","30","30","9","900000","40397","0.044885555555555554","28","42"
"51","5","3","30","30","58","5800000","121050","0.020870689655172414","8","14"
"50","5","3","30","30","62","6200000","153206","0.02471064516129032","6","11"
"52","5","3","30","30","10","1000000","42874","0.042874","28","39"
"51","5","3","30","30","59","5900000","122343","0.020736101694915254","8","12"
"50","5","3","30","30","63","6300000","154574","0.024535555555555557","6","16"
"52","5","3","30","30","11","1100000","45261","0.041146363636363634","26","35"
"51","5","3","30","30","60","6000000","123571","0.020595166666666668","8","12"
"50","5","3","30","30","64","6400000","155979","0.02437171875","6","11"
"52","5","3","30","30","12","1200000","47516","0.03959666666666667","23","31"
"51","5","3","30","30","61","6100000","124641","0.02043295081967213","8","14"
"50","5","3","30","30","65","6500000","157355","0.02420846153846154","6","13"
"52","5","3","30","30","13","1300000","49387","0.03799","22","27"
"51","5","3","30","30","62","6200000","125884","0.020303870967741937","8","14"
"50","5","3","30","30","66","6600000","158807","0.024061666666666665","6","16"
"52","5","3","30","30","14","1400000","51226","0.03659","21","27"
"51","5","3","30","30","63","6300000","127059","0.02016809523809524","8","11"
"50","5","3","30","30","67","6700000","160426","0.023944179104477614","6","9"
"52","5","3","30","30","15","1500000","53155","0.035436666666666665","19","26"
"51","5","3","30","30","64","6400000","128167","0.02002609375","8","12"
"50","5","3","30","30","68","6800000","162020","0.023826470588235293","6","11"
"52","5","3","30","30","16","1600000","55077","0.034423125","19","24"
"51","5","3","30","30","65","6500000","129207","0.019878","8","12"
"50","5","3","30","30","69","6900000","163447","0.023687971014492753","6","15"
"52","5","3","30","30","17","1700000","56591","0.03328882352941177","18","22"
"51","5","3","30","30","66","6600000","130331","0.019747121212121212","8","12"
"50","5","3","30","30","70","7000000","165071","0.023581571428571427","6","15"
"52","5","3","30","30","18","1800000","57989","0.03221611111111111","18","19"
"51","5","3","30","30","67","6700000","131473","0.019622835820895523","8","13"
"50","5","3","30","30","71","7100000","166638","0.023470140845070424","6","17"
"52","5","3","30","30","19","1900000","59517","0.031324736842105266","19","22"
"51","5","3","30","30","68","6800000","132418","0.019473235294117645","8","15"
"50","5","3","30","30","72","7200000","168379","0.02338597222222222","6","15"
"52","5","3","30","30","20","2000000","61054","0.030527","18","20"
"51","5","3","30","30","69","6900000","133327","0.019322753623188405","8","17"
"50","5","3","30","30","73","7300000","170136","0.023306301369863013","6","16"
"52","5","3","30","30","21","2100000","62557","0.029789047619047618","18","28"
"51","5","3","30","30","70","7000000","134297","0.019185285714285714","8","15"
"50","5","3","30","30","74","7400000","171910","0.02323108108108108","6","11"
"52","5","3","30","30","22","2200000","64135","0.029152272727272728","18","24"
"51","5","3","30","30","71","7100000","135239","0.01904774647887324","8","13"
"50","5","3","30","30","75","7500000","173570","0.023142666666666666","6","11"
"52","5","3","30","30","23","2300000","65439","0.02845173913043478","18","20"
"51","5","3","30","30","72","7200000","136147","0.018909305555555554","8","12"
"50","5","3","30","30","76","7600000","175404","0.023079473684210525","6","11"
"52","5","3","30","30","24","2400000","66532","0.027721666666666665","17","20"
"51","5","3","30","30","73","7300000","137132","0.018785205479452054","8","12"
"52","5","3","30","30","25","2500000","67549","0.0270196","18","23"
"50","5","3","30","30","77","7700000","177458","0.023046493506493508","6","12"
"51","5","3","30","30","74","7400000","138161","0.018670405405405405","8","11"
"52","5","3","30","30","26","2600000","68730","0.026434615384615386","19","21"
"50","5","3","30","30","78","7800000","179542","0.023018205128205127","6","9"
"51","5","3","30","30","75","7500000","139069","0.018542533333333333","8","13"
"52","5","3","30","30","27","2700000","69962","0.025911851851851853","19","24"
"50","5","3","30","30","79","7900000","181318","0.022951645569620253","6","12"
"51","5","3","30","30","76","7600000","139952","0.01841473684210526","8","14"
"52","5","3","30","30","28","2800000","71315","0.025469642857142857","18","22"
"50","5","3","30","30","80","8000000","182929","0.022866125","6","11"
"51","5","3","30","30","77","7700000","140807","0.018286623376623377","8","13"
"52","5","3","30","30","29","2900000","72584","0.02502896551724138","19","28"
"50","5","3","30","30","81","8100000","184509","0.02277888888888889","6","14"
"51","5","3","30","30","78","7800000","141627","0.01815730769230769","8","14"
"52","5","3","30","30","30","3000000","73893","0.024631","19","23"
"50","5","3","30","30","82","8200000","186047","0.022688658536585367","6","10"
"51","5","3","30","30","79","7900000","142408","0.01802632911392405","8","16"
"52","5","3","30","30","31","3100000","75008","0.024196129032258065","16","17"
"50","5","3","30","30","83","8300000","187689","0.022613132530120483","6","11"
"51","5","3","30","30","80","8000000","143388","0.0179235","8","11"
"52","5","3","30","30","32","3200000","76027","0.0237584375","16","18"
"50","5","3","30","30","84","8400000","189285","0.022533928571428573","6","11"
"51","5","3","30","30","81","8100000","144405","0.01782777777777778","8","13"
"52","5","3","30","30","33","3300000","77369","0.023445151515151516","16","18"
"50","5","3","30","30","85","8500000","190865","0.022454705882352943","6","8"
"51","5","3","30","30","82","8200000","145365","0.017727439024390244","8","21"
"52","5","3","30","30","34","3400000","78364","0.023048235294117647","15","16"
"50","5","3","30","30","86","8600000","192485","0.022381976744186047","6","8"
"51","5","3","30","30","83","8300000","146201","0.017614578313253013","7","10"
"52","5","3","30","30","35","3500000","79137","0.022610571428571428","15","20"
"50","5","3","30","30","87","8700000","194134","0.022314252873563218","6","9"
"51","5","3","30","30","84","8400000","147230","0.017527380952380954","8","13"
"52","5","3","30","30","36","3600000","79891","0.022191944444444445","15","18"
"50","5","3","30","30","88","8800000","195784","0.02224818181818182","6","10"
"51","5","3","30","30","85","8500000","148308","0.017448","8","15"
"52","5","3","30","30","37","3700000","80650","0.021797297297297298","15","17"
"50","5","3","30","30","89","8900000","197427","0.022182808988764045","6","7"
"51","5","3","30","30","86","8600000","149235","0.017352906976744187","8","15"
"52","5","3","30","30","38","3800000","81343","0.021406052631578947","15","18"
"50","5","3","30","30","90","9000000","199059","0.022117666666666667","6","8"
"51","5","3","30","30","87","8700000","150164","0.01726022988505747","8","15"
"52","5","3","30","30","39","3900000","82167","0.02106846153846154","14","16"
"50","5","3","30","30","91","9100000","200595","0.022043406593406593","6","7"
"51","5","3","30","30","88","8800000","151202","0.017182045454545453","8","12"
"52","5","3","30","30","40","4000000","82971","0.02074275","14","16"
"50","5","3","30","30","92","9200000","202132","0.02197086956521739","6","14"
"51","5","3","30","30","89","8900000","152200","0.017101123595505616","8","15"
"52","5","3","30","30","41","4100000","83879","0.02045829268292683","14","18"
"50","5","3","30","30","93","9300000","203561","0.021888279569892474","6","9"
"51","5","3","30","30","90","9000000","153323","0.01703588888888889","8","9"
"52","5","3","30","30","42","4200000","84807","0.020192142857142856","14","19"
"50","5","3","30","30","94","9400000","204998","0.021808297872340426","6","10"
"51","5","3","30","30","91","9100000","154458","0.016973406593406595","8","13"
"52","5","3","30","30","43","4300000","85780","0.019948837209302326","14","17"
"50","5","3","30","30","95","9500000","206514","0.021738315789473685","6","7"
"51","5","3","30","30","92","9200000","155687","0.0169225","8","12"
"52","5","3","30","30","44","4400000","86817","0.019731136363636364","14","19"
"50","5","3","30","30","96","9600000","208052","0.021672083333333335","6","10"
"51","5","3","30","30","93","9300000","156871","0.01686784946236559","8","10"
"52","5","3","30","30","45","4500000","87745","0.01949888888888889","14","15"
"50","5","3","30","30","97","9700000","209461","0.021593917525773196","6","15"
"51","5","3","30","30","94","9400000","158104","0.016819574468085106","8","12"
"52","5","3","30","30","46","4600000","88836","0.01931217391304348","13","16"
"50","5","3","30","30","98","9800000","211110","0.021541836734693877","6","12"
"51","5","3","30","30","95","9500000","159204","0.016758315789473684","8","8"
"52","5","3","30","30","47","4700000","89759","0.019097659574468084","13","16"
"50","5","3","30","30","99","9900000","212677","0.021482525252525253","6","11"
"51","5","3","30","30","96","9600000","160365","0.0167046875","7","9"
"52","5","3","30","30","48","4800000","90703","0.018896458333333335","13","14"
"50","5","3","30","30","100","10000000","214261","0.0214261","6","9"
"51","5","3","30","30","97","9700000","161361","0.016635154639175257","8","10"
"52","5","3","30","30","49","4900000","91444","0.018662040816326532","13","15"
"50","5","3","30","30","101","10100000","215832","0.021369504950495048","6","9"
"51","5","3","30","30","98","9800000","162416","0.016573061224489795","7","11"
"52","5","3","30","30","50","5000000","92168","0.0184336","13","14"
"50","5","3","30","30","102","10200000","217442","0.0213178431372549","6","9"
"52","5","3","30","30","51","5100000","92832","0.01820235294117647","13","15"
"51","5","3","30","30","99","9900000","163691","0.016534444444444445","7","13"
"50","5","3","30","30","103","10300000","218939","0.02125621359223301","5","7"
"52","5","3","30","30","52","5200000","93696","0.01801846153846154","13","16"
"51","5","3","30","30","100","10000000","164834","0.0164834","7","7"
"50","5","3","30","30","104","10400000","220387","0.021191057692307693","5","5"
"52","5","3","30","30","53","5300000","94420","0.017815094339622643","13","14"
"51","5","3","30","30","101","10100000","165968","0.016432475247524753","8","11"
"50","5","3","30","30","105","10500000","221696","0.02111390476190476","6","11"
"52","5","3","30","30","54","5400000","95103","0.017611666666666668","13","14"
"51","5","3","30","30","102","10200000","167018","0.016374313725490197","7","10"
"50","5","3","30","30","106","10600000","223224","0.021058867924528303","6","10"
"52","5","3","30","30","55","5500000","95830","0.017423636363636363","13","16"
"51","5","3","30","30","103","10300000","168092","0.016319611650485438","8","12"
"50","5","3","30","30","107","10700000","224789","0.021008317757009346","5","5"
"52","5","3","30","30","56","5600000","96471","0.017226964285714286","13","16"
"51","5","3","30","30","104","10400000","169199","0.016269134615384616","8","14"
"50","5","3","30","30","108","10800000","226210","0.02094537037037037","6","9"
"52","5","3","30","30","57","5700000","97144","0.01704280701754386","13","14"
"51","5","3","30","30","105","10500000","170086","0.016198666666666667","8","12"
"50","5","3","30","30","109","10900000","227769","0.020896238532110093","5","7"
"52","5","3","30","30","58","5800000","97982","0.016893448275862068","13","14"
"51","5","3","30","30","106","10600000","171045","0.016136320754716982","8","12"
"50","5","3","30","30","110","11000000","229422","0.020856545454545454","5","8"
"52","5","3","30","30","59","5900000","98637","0.01671813559322034","13","17"
"51","5","3","30","30","107","10700000","172380","0.016110280373831776","8","11"
"50","5","3","30","30","111","11100000","230984","0.02080936936936937","5","6"
"52","5","3","30","30","60","6000000","99403","0.016567166666666668","13","16"
"51","5","3","30","30","108","10800000","173519","0.016066574074074073","8","11"
"50","5","3","30","30","112","11200000","232614","0.02076910714285714","6","10"
"52","5","3","30","30","61","6100000","100219","0.016429344262295083","13","15"
"51","5","3","30","30","109","10900000","174496","0.01600880733944954","8","13"
"50","5","3","30","30","113","11300000","234111","0.02071778761061947","5","5"
"52","5","3","30","30","62","6200000","101100","0.016306451612903224","13","18"
"51","5","3","30","30","110","11000000","175414","0.015946727272727272","8","16"
"50","5","3","30","30","114","11400000","235595","0.02066622807017544","5","6"
"52","5","3","30","30","63","6300000","102037","0.016196349206349207","12","13"
"51","5","3","30","30","111","11100000","176343","0.015886756756756756","8","14"
"50","5","3","30","30","115","11500000","237402","0.020643652173913042","5","6"
"52","5","3","30","30","64","6400000","103154","0.0161178125","12","16"
"51","5","3","30","30","112","11200000","177355","0.015835267857142857","8","13"
"50","5","3","30","30","116","11600000","239015","0.020604741379310346","5","7"
"52","5","3","30","30","65","6500000","104232","0.016035692307692306","11","14"
"51","5","3","30","30","113","11300000","178502","0.015796637168141593","8","13"
"50","5","3","30","30","117","11700000","240633","0.020566923076923076","6","10"
"52","5","3","30","30","66","6600000","105269","0.015949848484848483","11","13"
"51","5","3","30","30","114","11400000","179627","0.01575675438596491","8","11"
"50","5","3","30","30","118","11800000","242251","0.020529745762711864","5","6"
"52","5","3","30","30","67","6700000","106281","0.015862835820895524","11","16"
"51","5","3","30","30","115","11500000","180915","0.015731739130434783","7","8"
"50","5","3","30","30","119","11900000","243784","0.020486050420168066","5","9"
"52","5","3","30","30","68","6800000","107249","0.01577191176470588","11","16"
"51","5","3","30","30","116","11600000","182235","0.01570991379310345","8","11"
"50","5","3","30","30","120","12000000","245516","0.020459666666666668","5","6"
"52","5","3","30","30","69","6900000","108171","0.01567695652173913","11","15"
"51","5","3","30","30","117","11700000","183431","0.015677863247863248","7","10"
"50","5","3","30","30","121","12100000","247177","0.02042785123966942","6","7"
"52","5","3","30","30","70","7000000","108956","0.015565142857142857","11","14"
"51","5","3","30","30","118","11800000","184710","0.015653389830508475","7","7"
"50","5","3","30","30","122","12200000","248690","0.020384426229508198","5","5"
"52","5","3","30","30","71","7100000","109691","0.01544943661971831","11","14"
"51","5","3","30","30","119","11900000","186051","0.01563453781512605","7","8"
"50","5","3","30","30","123","12300000","250575","0.020371951219512196","5","9"
"52","5","3","30","30","72","7200000","110529","0.01535125","11","14"
"51","5","3","30","30","120","12000000","187181","0.015598416666666667","7","9"
"50","5","3","30","30","124","12400000","252135","0.020333467741935483","5","7"
"52","5","3","30","30","73","7300000","111358","0.015254520547945205","11","14"
"51","5","3","30","30","121","12100000","188481","0.01557694214876033","7","8"
"50","5","3","30","30","125","12500000","253316","0.02026528","5","7"
"52","5","3","30","30","74","7400000","112258","0.01517","11","13"
"51","5","3","30","30","122","12200000","189606","0.015541475409836065","8","10"
"50","5","3","30","30","126","12600000","254322","0.020184285714285714","5","8"
"52","5","3","30","30","75","7500000","112962","0.0150616","11","14"
"51","5","3","30","30","123","12300000","190558","0.015492520325203252","8","12"
"50","5","3","30","30","127","12700000","255287","0.020101338582677167","5","6"
"52","5","3","30","30","76","7600000","113364","0.014916315789473684","11","12"
"51","5","3","30","30","124","12400000","191323","0.015429274193548387","8","16"
"50","5","3","30","30","128","12800000","256097","0.020007578125","5","7"
"52","5","3","30","30","77","7700000","113729","0.01477","11","13"
"51","5","3","30","30","125","12500000","192212","0.01537696","8","11"
"50","5","3","30","30","129","12900000","256759","0.019903798449612403","5","7"
"52","5","3","30","30","78","7800000","114037","0.014620128205128206","11","13"
"51","5","3","30","30","126","12600000","193188","0.015332380952380953","8","11"
"50","5","3","30","30","130","13000000","257165","0.019781923076923075","4","4"
"52","5","3","30","30","79","7900000","114064","0.014438481012658228","10","11"
"53","5","3","30","30","0","0","0","0","125","894"
"51","5","3","30","30","127","12700000","194402","0.01530724409448819","8","15"
"50","5","3","30","30","131","13100000","257389","0.01964801526717557","4","4"
"53","5","3","30","30","1","100000","7204","0.07204","97","225"
"51","5","3","30","30","128","12800000","195385","0.015264453125","8","13"
"50","5","3","30","30","132","13200000","257448","0.019503636363636365","3","3"
"54","5","3","30","30","0","0","0","0","125","884"
"53","5","3","30","30","2","200000","14045","0.070225","65","141"
"51","5","3","30","30","129","12900000","196390","0.015224031007751939","8","14"
"54","5","3","30","30","1","100000","7648","0.07648","109","244"
"53","5","3","30","30","3","300000","20148","0.06716","54","95"
"51","5","3","30","30","130","13000000","197314","0.015178","8","15"
"54","5","3","30","30","2","200000","14143","0.070715","66","121"
"51","5","3","30","30","131","13100000","198252","0.015133740458015268","8","14"
"53","5","3","30","30","4","400000","24772","0.06193","41","70"
"54","5","3","30","30","3","300000","19632","0.06544","50","107"
"51","5","3","30","30","132","13200000","199179","0.015089318181818181","8","17"
"53","5","3","30","30","5","500000","28810","0.05762","33","57"
"54","5","3","30","30","4","400000","24756","0.06189","43","96"
"51","5","3","30","30","133","13300000","199962","0.015034736842105264","8","14"
"53","5","3","30","30","6","600000","32523","0.054205","33","52"
"54","5","3","30","30","5","500000","29568","0.059136","38","65"
"51","5","3","30","30","134","13400000","200996","0.014999701492537314","8","12"
"53","5","3","30","30","7","700000","35060","0.05008571428571429","25","31"
"54","5","3","30","30","6","600000","33821","0.05636833333333333","31","52"
"51","5","3","30","30","135","13500000","202031","0.01496525925925926","8","13"
"53","5","3","30","30","8","800000","37109","0.04638625","21","26"
"54","5","3","30","30","7","700000","38482","0.05497428571428571","31","64"
"51","5","3","30","30","136","13600000","203007","0.014926985294117647","8","12"
"53","5","3","30","30","9","900000","38786","0.043095555555555554","20","27"
"54","5","3","30","30","8","800000","42302","0.0528775","28","44"
"51","5","3","30","30","137","13700000","204022","0.014892116788321167","8","13"
"53","5","3","30","30","10","1000000","40290","0.04029","20","27"
"54","5","3","30","30","9","900000","45491","0.05054555555555556","27","44"
"51","5","3","30","30","138","13800000","204993","0.014854565217391305","8","16"
"53","5","3","30","30","11","1100000","41491","0.03771909090909091","19","22"
"54","5","3","30","30","10","1000000","48709","0.048709","23","43"
"51","5","3","30","30","139","13900000","205898","0.014812805755395684","8","12"
"53","5","3","30","30","12","1200000","42727","0.03560583333333334","19","21"
"54","5","3","30","30","11","1100000","52040","0.04730909090909091","27","39"
"51","5","3","30","30","140","14000000","206877","0.014776928571428571","8","12"
"53","5","3","30","30","13","1300000","43828","0.03371384615384616","20","22"
"54","5","3","30","30","12","1200000","55456","0.046213333333333335","25","43"
"51","5","3","30","30","141","14100000","207937","0.014747304964539007","8","16"
"53","5","3","30","30","14","1400000","45016","0.03215428571428571","19","23"
"54","5","3","30","30","13","1300000","58251","0.04480846153846154","21","37"
"51","5","3","30","30","142","14200000","209196","0.014732112676056338","8","15"
"53","5","3","30","30","15","1500000","46312","0.03087466666666667","21","28"
"54","5","3","30","30","14","1400000","60601","0.04328642857142857","17","28"
"51","5","3","30","30","143","14300000","210398","0.014713146853146853","8","12"
"53","5","3","30","30","16","1600000","47743","0.029839375","20","24"
"54","5","3","30","30","15","1500000","62861","0.04190733333333333","18","27"
"53","5","3","30","30","17","1700000","49090","0.028876470588235295","19","22"
"51","5","3","30","30","144","14400000","211603","0.014694652777777777","8","10"
"54","5","3","30","30","16","1600000","64913","0.040570625","17","28"
"53","5","3","30","30","18","1800000","50374","0.027985555555555555","17","20"
"51","5","3","30","30","145","14500000","212808","0.014676413793103448","8","12"
"54","5","3","30","30","17","1700000","66733","0.03925470588235294","20","31"
"53","5","3","30","30","19","1900000","51668","0.027193684210526314","16","21"
"51","5","3","30","30","146","14600000","214026","0.014659315068493151","8","12"
"54","5","3","30","30","18","1800000","68713","0.03817388888888889","19","27"
"53","5","3","30","30","20","2000000","52974","0.026487","17","22"
"51","5","3","30","30","147","14700000","215548","0.01466312925170068","8","10"
"54","5","3","30","30","19","1900000","70543","0.0371278947368421","19","29"
"53","5","3","30","30","21","2100000","54300","0.025857142857142856","18","21"
"51","5","3","30","30","148","14800000","216833","0.014650878378378378","7","7"
"54","5","3","30","30","20","2000000","72161","0.0360805","16","23"
"53","5","3","30","30","22","2200000","55980","0.025445454545454545","18","23"
"51","5","3","30","30","149","14900000","217830","0.014619463087248322","8","13"
"54","5","3","30","30","21","2100000","74124","0.03529714285714286","19","31"
"53","5","3","30","30","23","2300000","57255","0.024893478260869566","18","20"
"51","5","3","30","30","150","15000000","219003","0.0146002","8","12"
"54","5","3","30","30","22","2200000","76145","0.034611363636363635","17","27"
"53","5","3","30","30","24","2400000","58457","0.024357083333333335","16","21"
"51","5","3","30","30","151","15100000","220234","0.01458503311258278","8","11"
"54","5","3","30","30","23","2300000","78720","0.03422608695652174","17","35"
"53","5","3","30","30","25","2500000","59598","0.0238392","17","24"
"51","5","3","30","30","152","15200000","221215","0.014553618421052631","8","14"
"54","5","3","30","30","24","2400000","81598","0.033999166666666664","23","39"
"53","5","3","30","30","26","2600000","60642","0.023323846153846153","15","20"
"51","5","3","30","30","153","15300000","222297","0.01452921568627451","8","12"
"54","5","3","30","30","25","2500000","84097","0.0336388","20","39"
"53","5","3","30","30","27","2700000","61679","0.022844074074074076","13","16"
"51","5","3","30","30","154","15400000","223244","0.014496363636363637","8","13"
"54","5","3","30","30","26","2600000","86854","0.033405384615384615","16","30"
"53","5","3","30","30","28","2800000","62858","0.022449285714285713","14","28"
"51","5","3","30","30","155","15500000","224258","0.01446825806451613","8","13"
"54","5","3","30","30","27","2700000","89831","0.03327074074074074","18","29"
"53","5","3","30","30","29","2900000","64236","0.022150344827586207","14","19"
"51","5","3","30","30","156","15600000","225203","0.014436089743589743","8","15"
"54","5","3","30","30","28","2800000","92850","0.033160714285714286","17","29"
"53","5","3","30","30","30","3000000","65571","0.021857","16","18"
"51","5","3","30","30","157","15700000","226256","0.014411210191082803","7","8"
"54","5","3","30","30","29","2900000","96190","0.033168965517241376","17","28"
"53","5","3","30","30","31","3100000","66863","0.021568709677419355","14","19"
"51","5","3","30","30","158","15800000","227368","0.014390379746835442","8","13"
"54","5","3","30","30","30","3000000","99165","0.033055","15","33"
"53","5","3","30","30","32","3200000","68311","0.0213471875","14","17"
"51","5","3","30","30","159","15900000","228505","0.014371383647798741","8","13"
"54","5","3","30","30","31","3100000","102156","0.03295354838709678","17","31"
"53","5","3","30","30","33","3300000","69983","0.021206969696969696","14","23"
"51","5","3","30","30","160","16000000","229707","0.0143566875","8","15"
"54","5","3","30","30","32","3200000","105073","0.0328353125","15","30"
"53","5","3","30","30","34","3400000","71694","0.021086470588235293","15","21"
"51","5","3","30","30","161","16100000","230850","0.014338509316770186","8","10"
"54","5","3","30","30","33","3300000","108156","0.03277454545454545","15","25"
"53","5","3","30","30","35","3500000","73386","0.02096742857142857","13","16"
"51","5","3","30","30","162","16200000","232032","0.014322962962962963","8","11"
"54","5","3","30","30","34","3400000","110911","0.03262088235294117","15","24"
"53","5","3","30","30","36","3600000","74798","0.02077722222222222","12","16"
"51","5","3","30","30","163","16300000","233041","0.014296993865030675","8","11"
"54","5","3","30","30","35","3500000","114109","0.032602571428571425","16","32"
"53","5","3","30","30","37","3700000","76195","0.020593243243243242","12","21"
"51","5","3","30","30","164","16400000","234064","0.01427219512195122","8","11"
"54","5","3","30","30","36","3600000","117058","0.032516111111111114","13","22"
"53","5","3","30","30","38","3800000","77777","0.02046763157894737","12","19"
"51","5","3","30","30","165","16500000","235100","0.014248484848484849","8","15"
"54","5","3","30","30","37","3700000","119676","0.03234486486486487","12","16"
"53","5","3","30","30","39","3900000","79179","0.020302307692307692","12","18"
"51","5","3","30","30","166","16600000","236285","0.014234036144578313","8","14"
"54","5","3","30","30","38","3800000","122411","0.03221342105263158","13","20"
"53","5","3","30","30","40","4000000","80757","0.02018925","12","18"
"51","5","3","30","30","167","16700000","237575","0.014226047904191616","8","11"
"54","5","3","30","30","39","3900000","124790","0.031997435897435894","13","22"
"53","5","3","30","30","41","4100000","82373","0.020090975609756097","11","15"
"51","5","3","30","30","168","16800000","238655","0.014205654761904761","8","13"
"54","5","3","30","30","40","4000000","127140","0.031785","13","23"
"53","5","3","30","30","42","4200000","83879","0.019971190476190476","12","20"
"51","5","3","30","30","169","16900000","239619","0.014178639053254437","8","16"
"54","5","3","30","30","41","4100000","129553","0.031598292682926826","11","19"
"53","5","3","30","30","43","4300000","85544","0.01989395348837209","12","21"
"51","5","3","30","30","170","17000000","240555","0.01415029411764706","8","14"
"54","5","3","30","30","42","4200000","131621","0.031338333333333336","10","21"
"53","5","3","30","30","44","4400000","87194","0.019816818181818182","12","20"
"51","5","3","30","30","171","17100000","241632","0.014130526315789474","8","12"
"54","5","3","30","30","43","4300000","133766","0.031108372093023254","11","14"
"53","5","3","30","30","45","4500000","88657","0.019701555555555555","12","19"
"51","5","3","30","30","172","17200000","242725","0.014111918604651164","8","10"
"54","5","3","30","30","44","4400000","135913","0.03088931818181818","10","14"
"53","5","3","30","30","46","4600000","90154","0.01959869565217391","12","24"
"51","5","3","30","30","173","17300000","243966","0.014102080924855492","7","11"
"54","5","3","30","30","45","4500000","138291","0.030731333333333333","10","12"
"53","5","3","30","30","47","4700000","91545","0.019477659574468086","11","13"
"51","5","3","30","30","174","17400000","245039","0.014082701149425288","7","9"
"54","5","3","30","30","46","4600000","140498","0.03054304347826087","10","15"
"53","5","3","30","30","48","4800000","92932","0.019360833333333334","10","10"
"51","5","3","30","30","175","17500000","246198","0.014068457142857142","7","11"
"54","5","3","30","30","47","4700000","142657","0.030352553191489363","10","19"
"53","5","3","30","30","49","4900000","94327","0.019250408163265308","12","14"
"51","5","3","30","30","176","17600000","247519","0.014063579545454546","7","12"
"54","5","3","30","30","48","4800000","144696","0.030145","10","16"
"53","5","3","30","30","50","5000000","95705","0.019141","11","14"
"51","5","3","30","30","177","17700000","248614","0.014045988700564971","7","9"
"54","5","3","30","30","49","4900000","146704","0.029939591836734693","10","18"
"53","5","3","30","30","51","5100000","97266","0.019071764705882354","10","15"
"51","5","3","30","30","178","17800000","249943","0.014041741573033707","7","12"
"54","5","3","30","30","50","5000000","148444","0.0296888","10","14"
"53","5","3","30","30","52","5200000","98969","0.0190325","10","14"
"51","5","3","30","30","179","17900000","251215","0.014034357541899441","7","11"
"54","5","3","30","30","51","5100000","149899","0.029391960784313727","7","10"
"53","5","3","30","30","53","5300000","100285","0.018921698113207548","10","15"
"51","5","3","30","30","180","18000000","252499","0.014027722222222223","7","8"
"54","5","3","30","30","52","5200000","151466","0.029128076923076923","7","14"
"53","5","3","30","30","54","5400000","101713","0.01883574074074074","10","12"
"51","5","3","30","30","181","18100000","253598","0.014010939226519336","7","10"
"54","5","3","30","30","53","5300000","153059","0.028879056603773583","7","10"
"53","5","3","30","30","55","5500000","103302","0.01878218181818182","11","15"
"51","5","3","30","30","182","18200000","254910","0.014006043956043957","7","8"
"54","5","3","30","30","54","5400000","154657","0.028640185185185185","7","10"
"53","5","3","30","30","56","5600000","105023","0.018754107142857142","10","15"
"51","5","3","30","30","183","18300000","256123","0.013995792349726775","7","8"
"54","5","3","30","30","55","5500000","155991","0.028362","7","11"
"53","5","3","30","30","57","5700000","106707","0.018720526315789472","10","15"
"51","5","3","30","30","184","18400000","257474","0.013993152173913044","7","11"
"54","5","3","30","30","56","5600000","157454","0.028116785714285716","7","11"
"53","5","3","30","30","58","5800000","108179","0.018651551724137932","11","18"
"51","5","3","30","30","185","18500000","258762","0.013987135135135135","7","11"
"54","5","3","30","30","57","5700000","158944","0.027884912280701755","7","11"
"53","5","3","30","30","59","5900000","109754","0.01860237288135593","11","14"
"51","5","3","30","30","186","18600000","260063","0.013981881720430108","7","12"
"54","5","3","30","30","58","5800000","160255","0.027630172413793102","7","9"
"53","5","3","30","30","60","6000000","111216","0.018536","11","17"
"51","5","3","30","30","187","18700000","261199","0.013967860962566844","7","8"
"54","5","3","30","30","59","5900000","161652","0.027398644067796612","6","9"
"53","5","3","30","30","61","6100000","112634","0.018464590163934425","11","16"
"51","5","3","30","30","188","18800000","262485","0.013961968085106384","7","10"
"54","5","3","30","30","60","6000000","162981","0.0271635","6","8"
"53","5","3","30","30","62","6200000","114170","0.01841451612903226","11","17"
"51","5","3","30","30","189","18900000","263635","0.0139489417989418","7","9"
"54","5","3","30","30","61","6100000","164218","0.026920983606557376","7","10"
"53","5","3","30","30","63","6300000","115561","0.018343015873015872","11","13"
"51","5","3","30","30","190","19000000","264802","0.013936947368421052","6","8"
"54","5","3","30","30","62","6200000","165474","0.026689354838709677","7","10"
"53","5","3","30","30","64","6400000","117168","0.0183075","10","14"
"51","5","3","30","30","191","19100000","266037","0.013928638743455497","6","7"
"54","5","3","30","30","63","6300000","166792","0.026474920634920636","7","12"
"53","5","3","30","30","65","6500000","118678","0.018258153846153848","10","13"
"51","5","3","30","30","192","19200000","267204","0.013916875","6","8"
"54","5","3","30","30","64","6400000","167998","0.0262496875","7","11"
"53","5","3","30","30","66","6600000","120188","0.01821030303030303","10","15"
"51","5","3","30","30","193","19300000","268369","0.013905129533678756","6","9"
"54","5","3","30","30","65","6500000","169368","0.026056615384615383","7","7"
"53","5","3","30","30","67","6700000","121908","0.018195223880597015","10","13"
"51","5","3","30","30","194","19400000","269493","0.01389139175257732","6","6"
"54","5","3","30","30","66","6600000","170731","0.025868333333333333","7","10"
"53","5","3","30","30","68","6800000","123397","0.018146617647058823","10","12"
"54","5","3","30","30","67","6700000","171819","0.025644626865671642","7","9"
"51","5","3","30","30","195","19500000","270488","0.013871179487179487","6","7"
"53","5","3","30","30","69","6900000","124695","0.01807173913043478","10","13"
"54","5","3","30","30","68","6800000","173048","0.025448235294117647","7","10"
"51","5","3","30","30","196","19600000","271494","0.013851734693877552","6","7"
"53","5","3","30","30","70","7000000","125913","0.01798757142857143","10","11"
"54","5","3","30","30","69","6900000","174160","0.025240579710144928","6","7"
"51","5","3","30","30","197","19700000","272648","0.01384","6","7"
"53","5","3","30","30","71","7100000","127327","0.017933380281690142","10","13"
"54","5","3","30","30","70","7000000","175436","0.025062285714285714","7","13"
"51","5","3","30","30","198","19800000","273763","0.013826414141414141","6","9"
"53","5","3","30","30","72","7200000","128565","0.01785625","10","10"
"54","5","3","30","30","71","7100000","176714","0.024889295774647886","7","13"
"51","5","3","30","30","199","19900000","274804","0.01380924623115578","6","6"
"53","5","3","30","30","73","7300000","129891","0.017793287671232876","10","12"
"54","5","3","30","30","72","7200000","177913","0.02471013888888889","6","7"
"51","5","3","30","30","200","20000000","275966","0.0137983","6","9"
"53","5","3","30","30","74","7400000","131300","0.017743243243243244","10","10"
"54","5","3","30","30","73","7300000","178956","0.024514520547945205","6","7"
"51","5","3","30","30","201","20100000","277060","0.01378407960199005","6","9"
"53","5","3","30","30","75","7500000","132398","0.01765306666666667","10","10"
"54","5","3","30","30","74","7400000","179908","0.024311891891891892","6","6"
"51","5","3","30","30","202","20200000","278060","0.013765346534653465","6","9"
"53","5","3","30","30","76","7600000","133500","0.01756578947368421","9","13"
"54","5","3","30","30","75","7500000","180685","0.024091333333333333","5","7"
"51","5","3","30","30","203","20300000","279121","0.013749802955665025","6","7"
"53","5","3","30","30","77","7700000","134354","0.017448571428571428","8","9"
"54","5","3","30","30","76","7600000","181670","0.023903947368421052","5","6"
"51","5","3","30","30","204","20400000","280131","0.013731911764705883","6","7"
"53","5","3","30","30","78","7800000","135306","0.017346923076923076","8","10"
"54","5","3","30","30","77","7700000","182452","0.023695064935064934","5","7"
"51","5","3","30","30","205","20500000","281255","0.013719756097560976","6","7"
"53","5","3","30","30","79","7900000","136424","0.01726886075949367","8","9"
"54","5","3","30","30","78","7800000","183226","0.02349051282051282","5","7"
"51","5","3","30","30","206","20600000","282391","0.013708300970873787","6","8"
"53","5","3","30","30","80","8000000","137524","0.0171905","8","14"
"54","5","3","30","30","79","7900000","184025","0.023294303797468354","5","9"
"51","5","3","30","30","207","20700000","283420","0.013691787439613527","6","9"
"53","5","3","30","30","81","8100000","138703","0.017123827160493828","8","9"
"54","5","3","30","30","80","8000000","185111","0.023138875","5","5"
"51","5","3","30","30","208","20800000","284400","0.013673076923076923","6","6"
"53","5","3","30","30","82","8200000","139827","0.017052073170731707","8","9"
"54","5","3","30","30","81","8100000","186011","0.02296432098765432","5","5"
"51","5","3","30","30","209","20900000","285328","0.013652057416267942","6","7"
"53","5","3","30","30","83","8300000","140769","0.01696012048192771","8","9"
"54","5","3","30","30","82","8200000","186734","0.022772439024390245","5","6"
"51","5","3","30","30","210","21000000","286419","0.013639","6","9"
"53","5","3","30","30","84","8400000","141613","0.016858690476190475","8","9"
"54","5","3","30","30","83","8300000","187577","0.02259963855421687","5","6"
"51","5","3","30","30","211","21100000","287143","0.013608672985781991","5","6"
"53","5","3","30","30","85","8500000","142497","0.01676435294117647","8","9"
"54","5","3","30","30","84","8400000","188395","0.02242797619047619","5","6"
"51","5","3","30","30","212","21200000","287879","0.013579198113207546","5","5"
"53","5","3","30","30","86","8600000","143347","0.016668255813953488","8","12"
"54","5","3","30","30","85","8500000","189126","0.022250117647058823","5","5"
"51","5","3","30","30","213","21300000","288571","0.01354793427230047","5","5"
"53","5","3","30","30","87","8700000","144401","0.016597816091954022","8","9"
"54","5","3","30","30","86","8600000","189987","0.022091511627906978","5","7"
"51","5","3","30","30","214","21400000","289168","0.013512523364485982","5","5"
"53","5","3","30","30","88","8800000","145576","0.01654272727272727","8","13"
"54","5","3","30","30","87","8700000","190752","0.02192551724137931","5","6"
"51","5","3","30","30","215","21500000","289842","0.013481023255813953","5","7"
"53","5","3","30","30","89","8900000","146818","0.016496404494382024","8","8"
"54","5","3","30","30","88","8800000","191506","0.021762045454545454","5","6"
"51","5","3","30","30","216","21600000","290352","0.013442222222222222","5","5"
"53","5","3","30","30","90","9000000","147754","0.01641711111111111","8","10"
"54","5","3","30","30","89","8900000","192315","0.021608426966292133","5","6"
"51","5","3","30","30","217","21700000","290979","0.013409170506912442","5","5"
"53","5","3","30","30","91","9100000","148599","0.01632956043956044","8","8"
"54","5","3","30","30","90","9000000","193122","0.021458","5","5"
"51","5","3","30","30","218","21800000","291592","0.013375779816513762","5","7"
"53","5","3","30","30","92","9200000","149425","0.016241847826086956","8","12"
"54","5","3","30","30","91","9100000","193875","0.021304945054945054","5","5"
"51","5","3","30","30","219","21900000","292234","0.013344018264840182","5","6"
"53","5","3","30","30","93","9300000","150027","0.016131935483870968","7","9"
"54","5","3","30","30","92","9200000","194636","0.021156086956521738","5","6"
"51","5","3","30","30","220","22000000","292812","0.013309636363636364","5","5"
"53","5","3","30","30","94","9400000","150517","0.01601244680851064","7","7"
"54","5","3","30","30","93","9300000","195544","0.021026236559139783","5","5"
"51","5","3","30","30","221","22100000","293435","0.01327760180995475","5","5"
"53","5","3","30","30","95","9500000","150947","0.01588915789473684","7","8"
"54","5","3","30","30","94","9400000","196429","0.020896702127659574","5","6"
"51","5","3","30","30","222","22200000","293991","0.013242837837837838","5","5"
"53","5","3","30","30","96","9600000","151354","0.015766041666666668","7","7"
"54","5","3","30","30","95","9500000","197311","0.02076957894736842","5","5"
"51","5","3","30","30","223","22300000","294647","0.01321286995515695","5","8"
"53","5","3","30","30","97","9700000","151814","0.015650927835051547","7","7"
"54","5","3","30","30","96","9600000","198139","0.020639479166666665","5","8"
"51","5","3","30","30","224","22400000","295246","0.013180625","5","7"
"53","5","3","30","30","98","9800000","152269","0.01553765306122449","7","9"
"54","5","3","30","30","97","9700000","199086","0.020524329896907216","5","6"
"51","5","3","30","30","225","22500000","295836","0.013148266666666667","5","5"
"53","5","3","30","30","99","9900000","152740","0.015428282828282828","7","7"
"54","5","3","30","30","98","9800000","199936","0.020401632653061226","5","6"
"54","5","3","30","30","99","9900000","200783","0.02028111111111111","5","5"
"53","5","3","30","30","100","10000000","153159","0.0153159","7","9"
"51","5","3","30","30","226","22600000","296467","0.013118008849557522","5","5"
"54","5","3","30","30","100","10000000","201588","0.0201588","5","9"
"53","5","3","30","30","101","10100000","153537","0.015201683168316832","7","8"
"51","5","3","30","30","227","22700000","297244","0.013094449339207049","5","5"
"54","5","3","30","30","101","10100000","202423","0.020041881188118813","5","7"
"53","5","3","30","30","102","10200000","154029","0.015100882352941176","7","7"
"51","5","3","30","30","228","22800000","297831","0.013062763157894737","5","5"
"54","5","3","30","30","102","10200000","203449","0.01994598039215686","5","6"
"53","5","3","30","30","103","10300000","154516","0.015001553398058252","7","8"
"51","5","3","30","30","229","22900000","298428","0.013031790393013101","5","5"
"54","5","3","30","30","103","10300000","204277","0.019832718446601942","5","5"
"53","5","3","30","30","104","10400000","154895","0.01489375","7","8"
"51","5","3","30","30","230","23000000","298924","0.012996695652173913","5","5"
"54","5","3","30","30","104","10400000","205189","0.01972971153846154","5","6"
"53","5","3","30","30","105","10500000","155414","0.014801333333333333","7","8"
"51","5","3","30","30","231","23100000","299438","0.012962683982683982","5","5"
"54","5","3","30","30","105","10500000","206095","0.01962809523809524","5","7"
"53","5","3","30","30","106","10600000","155879","0.014705566037735849","7","7"
"51","5","3","30","30","232","23200000","300017","0.012931767241379311","5","5"
"54","5","3","30","30","106","10600000","207024","0.01953056603773585","5","5"
"53","5","3","30","30","107","10700000","156254","0.014603177570093459","7","7"
"51","5","3","30","30","233","23300000","300777","0.012908884120171674","5","5"
"54","5","3","30","30","107","10700000","207985","0.01943785046728972","5","8"
"53","5","3","30","30","108","10800000","156587","0.014498796296296296","7","7"
"51","5","3","30","30","234","23400000","301675","0.012892094017094017","5","7"
"54","5","3","30","30","108","10800000","208990","0.019350925925925924","5","6"
"53","5","3","30","30","109","10900000","156970","0.01440091743119266","7","8"
"51","5","3","30","30","235","23500000","302281","0.012863021276595745","5","5"
"54","5","3","30","30","109","10900000","209720","0.019240366972477066","5","6"
"53","5","3","30","30","110","11000000","157376","0.01430690909090909","7","9"
"51","5","3","30","30","236","23600000","302879","0.012833855932203389","5","5"
"54","5","3","30","30","110","11000000","210423","0.019129363636363635","5","6"
"53","5","3","30","30","111","11100000","157751","0.014211801801801802","7","7"
"51","5","3","30","30","237","23700000","303507","0.01280620253164557","5","6"
"54","5","3","30","30","111","11100000","211199","0.019026936936936936","5","6"
"53","5","3","30","30","112","11200000","158146","0.014120178571428572","7","7"
"51","5","3","30","30","238","23800000","304221","0.012782394957983194","5","6"
"54","5","3","30","30","112","11200000","211969","0.018925803571428573","5","6"
"53","5","3","30","30","113","11300000","158599","0.014035309734513274","7","7"
"51","5","3","30","30","239","23900000","304863","0.012755774058577406","5","9"
"54","5","3","30","30","113","11300000","212646","0.018818230088495574","5","6"
"53","5","3","30","30","114","11400000","159037","0.01395061403508772","7","8"
"51","5","3","30","30","240","24000000","305478","0.01272825","5","7"
"54","5","3","30","30","114","11400000","213577","0.018734824561403508","5","8"
"53","5","3","30","30","115","11500000","159408","0.013861565217391304","7","7"
"51","5","3","30","30","241","24100000","306082","0.012700497925311202","5","5"
"54","5","3","30","30","115","11500000","214362","0.018640173913043477","5","5"
"53","5","3","30","30","116","11600000","159864","0.013781379310344828","7","7"
"51","5","3","30","30","242","24200000","306861","0.012680206611570249","5","7"
"54","5","3","30","30","116","11600000","215254","0.018556379310344828","5","6"
"53","5","3","30","30","117","11700000","160345","0.013704700854700855","7","8"
"51","5","3","30","30","243","24300000","307458","0.012652592592592592","5","7"
"54","5","3","30","30","117","11700000","216264","0.018484102564102566","5","5"
"53","5","3","30","30","118","11800000","160700","0.01361864406779661","7","7"
"51","5","3","30","30","244","24400000","308122","0.012627950819672131","5","6"
"54","5","3","30","30","118","11800000","217179","0.018405","5","5"
"53","5","3","30","30","119","11900000","160783","0.013511176470588235","6","6"
"55","5","3","30","30","0","0","0","0","125","893"
"51","5","3","30","30","245","24500000","308707","0.012600285714285715","5","6"
"54","5","3","30","30","119","11900000","218189","0.018335210084033614","5","6"
"51","5","3","30","30","246","24600000","309334","0.012574552845528456","5","7"
"55","5","3","30","30","1","100000","7216","0.07216","96","217"
"54","5","3","30","30","120","12000000","219098","0.018258166666666666","5","5"
"51","5","3","30","30","247","24700000","309860","0.012544939271255062","5","7"
"55","5","3","30","30","2","200000","13667","0.068335","74","124"
"54","5","3","30","30","121","12100000","219953","0.01817793388429752","5","6"
"51","5","3","30","30","248","24800000","310485","0.012519556451612903","5","6"
"55","5","3","30","30","3","300000","19037","0.06345666666666666","62","107"
"54","5","3","30","30","122","12200000","220791","0.018097622950819674","5","7"
"51","5","3","30","30","249","24900000","311101","0.012494016064257029","5","5"
"54","5","3","30","30","123","12300000","221643","0.018019756097560975","5","5"
"55","5","3","30","30","4","400000","23791","0.0594775","42","71"
"51","5","3","30","30","250","25000000","311605","0.0124642","5","5"
"54","5","3","30","30","124","12400000","222512","0.017944516129032258","5","6"
"55","5","3","30","30","5","500000","27094","0.054188","39","54"
"51","5","3","30","30","251","25100000","312192","0.01243792828685259","5","5"
"54","5","3","30","30","125","12500000","223327","0.01786616","5","7"
"55","5","3","30","30","6","600000","30030","0.05005","30","45"
"51","5","3","30","30","252","25200000","312732","0.01241","5","5"
"54","5","3","30","30","126","12600000","224386","0.0178084126984127","5","8"
"55","5","3","30","30","7","700000","33114","0.047305714285714284","33","53"
"51","5","3","30","30","253","25300000","313273","0.012382332015810276","5","6"
"54","5","3","30","30","127","12700000","225459","0.017752677165354332","5","8"
"55","5","3","30","30","8","800000","36346","0.0454325","33","46"
"51","5","3","30","30","254","25400000","314036","0.012363622047244095","5","9"
"54","5","3","30","30","128","12800000","226627","0.017705234375","5","7"
"55","5","3","30","30","9","900000","39791","0.04421222222222222","36","55"
"51","5","3","30","30","255","25500000","314600","0.012337254901960784","5","5"
"54","5","3","30","30","129","12900000","227579","0.017641782945736435","5","5"
"55","5","3","30","30","10","1000000","42867","0.042867","29","42"
"51","5","3","30","30","256","25600000","315170","0.012311328125","5","7"
"54","5","3","30","30","130","13000000","228468","0.01757446153846154","5","7"
"55","5","3","30","30","11","1100000","45330","0.04120909090909091","23","38"
"54","5","3","30","30","131","13100000","229306","0.017504274809160305","5","6"
"51","5","3","30","30","257","25700000","315678","0.012283190661478599","5","5"
"55","5","3","30","30","12","1200000","47464","0.039553333333333336","21","27"
"54","5","3","30","30","132","13200000","230161","0.017436439393939393","5","6"
"51","5","3","30","30","258","25800000","316191","0.01225546511627907","5","6"
"55","5","3","30","30","13","1300000","49390","0.03799230769230769","18","20"
"54","5","3","30","30","133","13300000","230864","0.017358195488721806","5","5"
"51","5","3","30","30","259","25900000","316895","0.012235328185328185","5","8"
"55","5","3","30","30","14","1400000","51454","0.03675285714285714","17","24"
"54","5","3","30","30","134","13400000","231642","0.017286716417910446","5","6"
"51","5","3","30","30","260","26000000","317554","0.012213615384615385","5","5"
"55","5","3","30","30","15","1500000","53828","0.03588533333333333","17","21"
"54","5","3","30","30","135","13500000","232354","0.017211407407407408","5","5"
"51","5","3","30","30","261","26100000","318094","0.01218750957854406","5","6"
"55","5","3","30","30","16","1600000","55954","0.03497125","16","27"
"54","5","3","30","30","136","13600000","233107","0.017140220588235295","5","6"
"51","5","3","30","30","262","26200000","318742","0.012165725190839695","5","6"
"55","5","3","30","30","17","1700000","57863","0.03403705882352941","16","24"
"54","5","3","30","30","137","13700000","233872","0.01707094890510949","5","6"
"51","5","3","30","30","263","26300000","319360","0.01214296577946768","5","6"
"55","5","3","30","30","18","1800000","59655","0.033141666666666666","15","23"
"54","5","3","30","30","138","13800000","234646","0.017003333333333332","5","6"
"51","5","3","30","30","264","26400000","320153","0.012127007575757576","5","6"
"55","5","3","30","30","19","1900000","61649","0.032446842105263156","12","22"
"54","5","3","30","30","139","13900000","235456","0.01693928057553957","5","5"
"51","5","3","30","30","265","26500000","320933","0.012110679245283019","5","5"
"55","5","3","30","30","20","2000000","63516","0.031758","13","19"
"54","5","3","30","30","140","14000000","236290","0.016877857142857142","5","6"
"51","5","3","30","30","266","26600000","321507","0.01208672932330827","5","5"
"55","5","3","30","30","21","2100000","65136","0.031017142857142858","12","14"
"54","5","3","30","30","141","14100000","237046","0.01681177304964539","5","5"
"51","5","3","30","30","267","26700000","322061","0.012062209737827715","5","5"
"55","5","3","30","30","22","2200000","66766","0.03034818181818182","13","16"
"54","5","3","30","30","142","14200000","237780","0.016745070422535212","5","8"
"51","5","3","30","30","268","26800000","322629","0.01203839552238806","5","7"
"55","5","3","30","30","23","2300000","68134","0.029623478260869564","14","21"
"54","5","3","30","30","143","14300000","238733","0.016694615384615384","5","8"
"51","5","3","30","30","269","26900000","323081","0.012010446096654276","5","7"
"55","5","3","30","30","24","2400000","69536","0.028973333333333334","14","18"
"54","5","3","30","30","144","14400000","239552","0.016635555555555556","5","8"
"51","5","3","30","30","270","27000000","323245","0.011972037037037036","5","5"
"54","5","3","30","30","145","14500000","240364","0.016576827586206898","5","6"
"55","5","3","30","30","25","2500000","71024","0.0284096","14","20"
"51","5","3","30","30","271","27100000","323351","0.011931771217712177","5","5"
"54","5","3","30","30","146","14600000","241147","0.016516917808219178","5","6"
"55","5","3","30","30","26","2600000","72412","0.02785076923076923","13","18"
"51","5","3","30","30","272","27200000","323485","0.01189283088235294","5","6"
"54","5","3","30","30","147","14700000","241819","0.016450272108843537","5","6"
"55","5","3","30","30","27","2700000","74016","0.027413333333333335","13","20"
"51","5","3","30","30","273","27300000","323595","0.011853296703296703","5","7"
"54","5","3","30","30","148","14800000","242598","0.01639175675675676","5","5"
"55","5","3","30","30","28","2800000","75490","0.026960714285714286","13","20"
"51","5","3","30","30","274","27400000","323772","0.011816496350364964","5","5"
"54","5","3","30","30","149","14900000","243293","0.016328389261744968","5","6"
"55","5","3","30","30","29","2900000","77188","0.026616551724137932","13","17"
"51","5","3","30","30","275","27500000","323862","0.0117768","5","5"
"54","5","3","30","30","150","15000000","244072","0.016271466666666668","5","5"
"55","5","3","30","30","30","3000000","78735","0.026245","13","17"
"51","5","3","30","30","276","27600000","323969","0.011738007246376811","5","5"
"54","5","3","30","30","151","15100000","244838","0.016214437086092715","5","7"
"55","5","3","30","30","31","3100000","80302","0.025903870967741934","13","17"
"51","5","3","30","30","277","27700000","324061","0.011698953068592057","5","6"
"54","5","3","30","30","152","15200000","245592","0.016157368421052632","5","6"
"55","5","3","30","30","32","3200000","81864","0.0255825","15","23"
"51","5","3","30","30","278","27800000","324195","0.011661690647482015","5","5"
"54","5","3","30","30","153","15300000","246328","0.016099869281045752","5","5"
"55","5","3","30","30","33","3300000","83596","0.025332121212121212","16","26"
"51","5","3","30","30","279","27900000","324376","0.011626379928315412","5","5"
"54","5","3","30","30","154","15400000","247069","0.01604344155844156","5","5"
"51","5","3","30","30","280","28000000","324648","0.011594571428571428","5","6"
"55","5","3","30","30","34","3400000","85655","0.025192647058823528","17","29"
"54","5","3","30","30","155","15500000","247769","0.015985096774193547","5","6"
"51","5","3","30","30","281","28100000","324978","0.011565053380782918","5","6"
"55","5","3","30","30","35","3500000","87587","0.025024857142857144","14","23"
"54","5","3","30","30","156","15600000","248567","0.015933782051282052","5","6"
"51","5","3","30","30","282","28200000","325211","0.011532304964539008","5","5"
"55","5","3","30","30","36","3600000","89595","0.0248875","14","18"
"54","5","3","30","30","157","15700000","249299","0.01587891719745223","5","6"
"51","5","3","30","30","283","28300000","325409","0.011498551236749116","5","5"
"55","5","3","30","30","37","3700000","91397","0.02470189189189189","15","23"
"54","5","3","30","30","158","15800000","250079","0.01582778481012658","5","6"
"51","5","3","30","30","284","28400000","325533","0.01146242957746479","5","5"
"55","5","3","30","30","38","3800000","93525","0.024611842105263158","15","19"
"54","5","3","30","30","159","15900000","250858","0.015777232704402514","5","5"
"51","5","3","30","30","285","28500000","325649","0.011426280701754386","5","5"
"55","5","3","30","30","39","3900000","95622","0.024518461538461538","15","18"
"54","5","3","30","30","160","16000000","251664","0.015729","5","5"
"51","5","3","30","30","286","28600000","325849","0.011393321678321678","5","6"
"55","5","3","30","30","40","4000000","97672","0.024418","14","19"
"54","5","3","30","30","161","16100000","252592","0.015688944099378883","5","6"
"51","5","3","30","30","287","28700000","326161","0.011364494773519163","5","7"
"54","5","3","30","30","162","16200000","253480","0.015646913580246915","5","5"
"55","5","3","30","30","41","4100000","99606","0.024294146341463416","14","19"
"51","5","3","30","30","288","28800000","326374","0.011332430555555556","5","7"
"54","5","3","30","30","163","16300000","254339","0.01560361963190184","5","6"
"55","5","3","30","30","42","4200000","101277","0.02411357142857143","13","22"
"51","5","3","30","30","289","28900000","326512","0.011297993079584775","5","5"
"54","5","3","30","30","164","16400000","255321","0.015568353658536585","5","7"
"55","5","3","30","30","43","4300000","102915","0.02393372093023256","13","19"
"51","5","3","30","30","290","29000000","326673","0.011264586206896552","5","5"
"54","5","3","30","30","165","16500000","256193","0.015526848484848485","5","8"
"55","5","3","30","30","44","4400000","104598","0.02377227272727273","11","21"
"51","5","3","30","30","291","29100000","326794","0.011230034364261168","5","6"
"54","5","3","30","30","166","16600000","256896","0.01547566265060241","5","5"
"55","5","3","30","30","45","4500000","106400","0.023644444444444444","12","21"
"51","5","3","30","30","292","29200000","326926","0.011196095890410958","5","5"
"54","5","3","30","30","167","16700000","257505","0.015419461077844311","5","5"
"55","5","3","30","30","46","4600000","108263","0.023535434782608694","13","20"
"51","5","3","30","30","293","29300000","327034","0.011161569965870307","5","5"
"54","5","3","30","30","168","16800000","258188","0.015368333333333333","5","6"
"55","5","3","30","30","47","4700000","110063","0.023417659574468085","11","14"
"51","5","3","30","30","294","29400000","327189","0.011128877551020409","5","5"
"54","5","3","30","30","169","16900000","258839","0.015315917159763314","5","5"
"55","5","3","30","30","48","4800000","112054","0.023344583333333332","11","18"
"51","5","3","30","30","295","29500000","327408","0.01109857627118644","5","5"
"54","5","3","30","30","170","17000000","259612","0.015271294117647058","5","6"
"55","5","3","30","30","49","4900000","113907","0.023246326530612246","11","14"
"51","5","3","30","30","296","29600000","327619","0.011068209459459459","5","6"
"54","5","3","30","30","171","17100000","260546","0.015236608187134503","5","5"
"55","5","3","30","30","50","5000000","115804","0.0231608","11","17"
"51","5","3","30","30","297","29700000","327807","0.011037272727272727","4","4"
"54","5","3","30","30","172","17200000","261251","0.015189011627906977","5","6"
"55","5","3","30","30","51","5100000","117551","0.02304921568627451","10","18"
"51","5","3","30","30","298","29800000","327982","0.011006107382550336","4","4"
"54","5","3","30","30","173","17300000","261985","0.01514364161849711","5","6"
"55","5","3","30","30","52","5200000","119151","0.022913653846153847","12","20"
"51","5","3","30","30","299","29900000","328143","0.010974682274247492","4","4"
"54","5","3","30","30","174","17400000","262821","0.015104655172413793","5","5"
"55","5","3","30","30","53","5300000","120597","0.022754150943396226","12","15"
"51","5","3","30","30","300","30000000","328233","0.0109411","4","4"
"54","5","3","30","30","175","17500000","263642","0.015065257142857143","5","6"
"55","5","3","30","30","54","5400000","122098","0.02261074074074074","11","18"
"51","5","3","30","30","301","30100000","328276","0.010906179401993355","3","3"
"54","5","3","30","30","176","17600000","264437","0.015024829545454546","5","5"
"56","5","3","30","30","0","0","0","0","125","888"
"55","5","3","30","30","55","5500000","123565","0.022466363636363635","10","13"
"54","5","3","30","30","177","17700000","265235","0.01498502824858757","5","6"
"56","5","3","30","30","1","100000","7326","0.07326","103","229"
"55","5","3","30","30","56","5600000","124901","0.02230375","10","14"
"54","5","3","30","30","178","17800000","266118","0.014950449438202246","5","5"
"56","5","3","30","30","2","200000","13955","0.069775","78","156"
"54","5","3","30","30","179","17900000","267007","0.01491659217877095","5","7"
"55","5","3","30","30","57","5700000","126148","0.022131228070175438","10","19"
"56","5","3","30","30","3","300000","19680","0.0656","57","98"
"54","5","3","30","30","180","18000000","267830","0.014879444444444445","5","5"
"55","5","3","30","30","58","5800000","127536","0.02198896551724138","14","27"
"56","5","3","30","30","4","400000","24890","0.062225","40","84"
"54","5","3","30","30","181","18100000","268905","0.014856629834254143","5","8"
"55","5","3","30","30","59","5900000","128955","0.02185677966101695","9","11"
"56","5","3","30","30","5","500000","29371","0.058742","33","68"
"54","5","3","30","30","182","18200000","269756","0.014821758241758241","5","5"
"55","5","3","30","30","60","6000000","130691","0.021781833333333334","8","18"
"56","5","3","30","30","6","600000","33876","0.05646","32","54"
"54","5","3","30","30","183","18300000","270674","0.014790928961748634","5","6"
"55","5","3","30","30","61","6100000","132565","0.021731967213114753","9","16"
"54","5","3","30","30","184","18400000","271570","0.014759239130434783","5","7"
"56","5","3","30","30","7","700000","38365","0.05480714285714286","23","46"
"55","5","3","30","30","62","6200000","134400","0.02167741935483871","9","12"
"54","5","3","30","30","185","18500000","272462","0.014727675675675676","5","6"
"56","5","3","30","30","8","800000","42342","0.0529275","16","24"
"55","5","3","30","30","63","6300000","135887","0.02156936507936508","7","12"
"54","5","3","30","30","186","18600000","273378","0.014697741935483871","5","6"
"56","5","3","30","30","9","900000","45362","0.05040222222222222","13","22"
"55","5","3","30","30","64","6400000","137262","0.0214471875","6","9"
"54","5","3","30","30","187","18700000","274267","0.01466668449197861","5","7"
"56","5","3","30","30","10","1000000","47815","0.047815","15","25"
"55","5","3","30","30","65","6500000","138478","0.021304307692307692","6","12"
"54","5","3","30","30","188","18800000","275089","0.014632393617021277","5","6"
"56","5","3","30","30","11","1100000","50026","0.04547818181818182","11","19"
"55","5","3","30","30","66","6600000","139578","0.02114818181818182","6","12"
"54","5","3","30","30","189","18900000","275921","0.014598994708994709","5","7"
"56","5","3","30","30","12","1200000","51957","0.0432975","11","18"
"55","5","3","30","30","67","6700000","140908","0.021031044776119404","6","10"
"54","5","3","30","30","190","19000000","276821","0.014569526315789474","5","6"
"56","5","3","30","30","13","1300000","53705","0.04131153846153846","9","16"
"55","5","3","30","30","68","6800000","142299","0.020926323529411765","6","9"
"54","5","3","30","30","191","19100000","277569","0.014532408376963351","5","7"
"56","5","3","30","30","14","1400000","55830","0.03987857142857143","9","18"
"55","5","3","30","30","69","6900000","143418","0.020785217391304348","6","9"
"54","5","3","30","30","192","19200000","278356","0.014497708333333333","5","8"
"56","5","3","30","30","15","1500000","57912","0.038608","9","17"
"55","5","3","30","30","70","7000000","144344","0.02062057142857143","6","7"
"54","5","3","30","30","193","19300000","279163","0.01446440414507772","5","6"
"56","5","3","30","30","16","1600000","59873","0.037420625","9","19"
"55","5","3","30","30","71","7100000","145278","0.02046169014084507","5","5"
"54","5","3","30","30","194","19400000","280101","0.01443819587628866","5","6"
"56","5","3","30","30","17","1700000","61569","0.036217058823529415","9","12"
"55","5","3","30","30","72","7200000","146295","0.02031875","6","12"
"54","5","3","30","30","195","19500000","281033","0.014411948717948719","5","5"
"56","5","3","30","30","18","1800000","63131","0.03507277777777778","9","14"
"55","5","3","30","30","73","7300000","147151","0.020157671232876713","5","5"
"54","5","3","30","30","196","19600000","281947","0.014385051020408162","5","6"
"56","5","3","30","30","19","1900000","64585","0.03399210526315789","8","8"
"54","5","3","30","30","197","19700000","282816","0.014356142131979695","5","5"
"55","5","3","30","30","74","7400000","147728","0.019963243243243244","4","4"
"56","5","3","30","30","20","2000000","65618","0.032809","7","7"
"54","5","3","30","30","198","19800000","283712","0.01432888888888889","5","5"
"55","5","3","30","30","75","7500000","148211","0.019761466666666668","4","4"
"56","5","3","30","30","21","2100000","66621","0.03172428571428571","7","9"
"54","5","3","30","30","199","19900000","284570","0.0143","5","5"
"55","5","3","30","30","76","7600000","148715","0.019567763157894737","4","6"
"56","5","3","30","30","22","2200000","67446","0.030657272727272727","7","8"
"54","5","3","30","30","200","20000000","285579","0.01427895","5","8"
"55","5","3","30","30","77","7700000","149286","0.019387792207792208","4","5"
"56","5","3","30","30","23","2300000","67978","0.029555652173913042","5","5"
"54","5","3","30","30","201","20100000","286453","0.01425139303482587","5","6"
"55","5","3","30","30","78","7800000","149814","0.019206923076923076","4","4"
"56","5","3","30","30","24","2400000","68219","0.028424583333333333","5","6"
"54","5","3","30","30","202","20200000","287311","0.014223316831683168","5","7"
"55","5","3","30","30","79","7900000","150442","0.019043291139240505","4","6"
"56","5","3","30","30","25","2500000","68242","0.0272968","4","4"
"57","5","3","30","30","0","0","0","0","125","888"
"54","5","3","30","30","203","20300000","288118","0.014193004926108374","5","5"
"55","5","3","30","30","80","8000000","151025","0.018878125","4","5"
"54","5","3","30","30","204","20400000","288886","0.01416107843137255","5","6"
"57","5","3","30","30","1","100000","7442","0.07442","103","231"
"55","5","3","30","30","81","8100000","151519","0.01870604938271605","4","5"
"54","5","3","30","30","205","20500000","289749","0.01413409756097561","5","5"
"57","5","3","30","30","2","200000","14302","0.07151","78","148"
"55","5","3","30","30","82","8200000","152030","0.018540243902439024","4","4"
"54","5","3","30","30","206","20600000","290752","0.014114174757281554","5","7"
"57","5","3","30","30","3","300000","20407","0.06802333333333334","64","108"
"55","5","3","30","30","83","8300000","152496","0.01837301204819277","4","5"
"54","5","3","30","30","207","20700000","291602","0.014087053140096619","5","7"
"57","5","3","30","30","4","400000","24970","0.062425","50","75"
"55","5","3","30","30","84","8400000","152965","0.018210119047619048","4","4"
"54","5","3","30","30","208","20800000","292447","0.014059951923076923","5","8"
"55","5","3","30","30","85","8500000","153412","0.018048470588235294","4","4"
"57","5","3","30","30","5","500000","28807","0.057614","41","51"
"54","5","3","30","30","209","20900000","293141","0.014025885167464116","5","5"
"55","5","3","30","30","86","8600000","153874","0.01789232558139535","4","4"
"57","5","3","30","30","6","600000","31736","0.052893333333333334","27","37"
"54","5","3","30","30","210","21000000","294021","0.014001","5","6"
"57","5","3","30","30","7","700000","34223","0.04889","29","41"
"55","5","3","30","30","87","8700000","154285","0.01773390804597701","4","7"
"54","5","3","30","30","211","21100000","294798","0.013971469194312797","5","7"
"55","5","3","30","30","88","8800000","154543","0.017561704545454547","4","4"
"57","5","3","30","30","8","800000","36851","0.04606375","24","37"
"54","5","3","30","30","212","21200000","295624","0.013944528301886793","5","9"
"55","5","3","30","30","89","8900000","154785","0.017391573033707867","4","5"
"57","5","3","30","30","9","900000","39540","0.04393333333333333","25","37"
"54","5","3","30","30","213","21300000","296666","0.013927981220657276","5","7"
"55","5","3","30","30","90","9000000","154824","0.017202666666666668","3","3"
"57","5","3","30","30","10","1000000","42026","0.042026","22","32"
"58","5","3","30","30","0","0","0","0","125","887"
"54","5","3","30","30","214","21400000","297716","0.01391196261682243","5","6"
"57","5","3","30","30","11","1100000","44916","0.04083272727272727","23","45"
"58","5","3","30","30","1","100000","6861","0.06861","101","233"
"54","5","3","30","30","215","21500000","298436","0.013880744186046512","5","7"
"57","5","3","30","30","12","1200000","47921","0.039934166666666666","26","38"
"58","5","3","30","30","2","200000","13018","0.06509","75","143"
"54","5","3","30","30","216","21600000","299356","0.013859074074074074","5","7"
"57","5","3","30","30","13","1300000","50586","0.03891230769230769","22","26"
"58","5","3","30","30","3","300000","18166","0.060553333333333334","60","104"
"54","5","3","30","30","217","21700000","300172","0.013832811059907834","5","6"
"57","5","3","30","30","14","1400000","52946","0.03781857142857143","19","24"
"58","5","3","30","30","4","400000","23189","0.0579725","45","92"
"54","5","3","30","30","218","21800000","300976","0.013806238532110092","5","5"
"57","5","3","30","30","15","1500000","55084","0.03672266666666667","19","25"
"54","5","3","30","30","219","21900000","301738","0.01377799086757991","5","7"
"58","5","3","30","30","5","500000","27508","0.055016","39","73"
"57","5","3","30","30","16","1600000","56761","0.035475625","16","18"
"54","5","3","30","30","220","22000000","302512","0.013750545454545455","5","6"
"58","5","3","30","30","6","600000","31307","0.052178333333333334","34","53"
"57","5","3","30","30","17","1700000","58432","0.03437176470588235","17","25"
"54","5","3","30","30","221","22100000","303259","0.013722126696832579","5","5"
"58","5","3","30","30","7","700000","34849","0.04978428571428571","29","43"
"57","5","3","30","30","18","1800000","60061","0.03336722222222222","14","21"
"54","5","3","30","30","222","22200000","303909","0.013689594594594595","5","5"
"58","5","3","30","30","8","800000","38319","0.04789875","27","43"
"57","5","3","30","30","19","1900000","61708","0.03247789473684211","14","20"
"54","5","3","30","30","223","22300000","304689","0.013663183856502243","5","5"
"58","5","3","30","30","9","900000","41773","0.046414444444444446","29","54"
"57","5","3","30","30","20","2000000","63454","0.031727","13","24"
"54","5","3","30","30","224","22400000","305557","0.0136409375","5","5"
"58","5","3","30","30","10","1000000","45057","0.045057","28","53"
"57","5","3","30","30","21","2100000","65179","0.031037619047619047","13","24"
"54","5","3","30","30","225","22500000","306452","0.013620088888888889","5","5"
"58","5","3","30","30","11","1100000","48563","0.044148181818181816","31","47"
"57","5","3","30","30","22","2200000","66860","0.03039090909090909","10","17"
"54","5","3","30","30","226","22600000","307450","0.013603982300884956","5","6"
"58","5","3","30","30","12","1200000","51820","0.04318333333333333","29","42"
"57","5","3","30","30","23","2300000","68581","0.02981782608695652","10","20"
"54","5","3","30","30","227","22700000","308353","0.013583832599118943","5","7"
"58","5","3","30","30","13","1300000","54624","0.04201846153846154","26","40"
"54","5","3","30","30","228","22800000","309200","0.01356140350877193","5","6"
"57","5","3","30","30","24","2400000","70603","0.029417916666666665","9","17"
"58","5","3","30","30","14","1400000","57526","0.04109","29","41"
"54","5","3","30","30","229","22900000","310025","0.013538209606986899","5","7"
"57","5","3","30","30","25","2500000","72886","0.0291544","11","20"
"58","5","3","30","30","15","1500000","61044","0.040696","28","45"
"54","5","3","30","30","230","23000000","310751","0.01351091304347826","5","8"
"57","5","3","30","30","26","2600000","75153","0.028905","11","22"
"58","5","3","30","30","16","1600000","64396","0.0402475","28","52"
"54","5","3","30","30","231","23100000","311471","0.013483593073593073","5","5"
"57","5","3","30","30","27","2700000","77448","0.028684444444444443","10","21"
"58","5","3","30","30","17","1700000","67639","0.03978764705882353","27","41"
"54","5","3","30","30","232","23200000","312257","0.013459353448275863","5","5"
"57","5","3","30","30","28","2800000","79834","0.028512142857142857","9","15"
"58","5","3","30","30","18","1800000","70811","0.03933944444444445","23","35"
"54","5","3","30","30","233","23300000","313167","0.013440643776824034","5","7"
"57","5","3","30","30","29","2900000","81681","0.028165862068965517","9","15"
"54","5","3","30","30","234","23400000","313870","0.013413247863247863","5","5"
"58","5","3","30","30","19","1900000","73960","0.038926315789473684","27","42"
"57","5","3","30","30","30","3000000","83546","0.027848666666666667","9","15"
"54","5","3","30","30","235","23500000","314824","0.013396765957446809","5","7"
"58","5","3","30","30","20","2000000","76801","0.0384005","26","46"
"57","5","3","30","30","31","3100000","85383","0.02754290322580645","8","14"
"54","5","3","30","30","236","23600000","315683","0.013376398305084745","5","7"
"58","5","3","30","30","21","2100000","80146","0.0381647619047619","24","41"
"57","5","3","30","30","32","3200000","87064","0.0272075","9","17"
"54","5","3","30","30","237","23700000","316569","0.013357341772151898","5","6"
"58","5","3","30","30","22","2200000","83225","0.037829545454545456","20","42"
"57","5","3","30","30","33","3300000","88541","0.026830606060606062","9","17"
"54","5","3","30","30","238","23800000","317309","0.013332310924369747","5","8"
"58","5","3","30","30","23","2300000","85458","0.03715565217391304","17","22"
"57","5","3","30","30","34","3400000","90006","0.02647235294117647","8","11"
"54","5","3","30","30","239","23900000","318138","0.013311213389121338","5","7"
"58","5","3","30","30","24","2400000","87022","0.03625916666666667","15","16"
"57","5","3","30","30","35","3500000","91422","0.026120571428571427","9","15"
"54","5","3","30","30","240","24000000","318918","0.01328825","5","6"
"58","5","3","30","30","25","2500000","87932","0.0351728","13","16"
"57","5","3","30","30","36","3600000","92856","0.025793333333333335","9","14"
"54","5","3","30","30","241","24100000","319683","0.013264854771784232","5","7"
"58","5","3","30","30","26","2600000","88800","0.03415384615384615","11","14"
"57","5","3","30","30","37","3700000","94229","0.025467297297297298","9","16"
"54","5","3","30","30","242","24200000","320417","0.013240371900826445","5","7"
"58","5","3","30","30","27","2700000","89584","0.03317925925925926","11","13"
"57","5","3","30","30","38","3800000","95618","0.025162631578947367","9","16"
"54","5","3","30","30","243","24300000","321089","0.013213539094650206","5","6"
"58","5","3","30","30","28","2800000","90341","0.03226464285714286","11","12"
"57","5","3","30","30","39","3900000","97176","0.024916923076923076","9","14"
"54","5","3","30","30","244","24400000","321776","0.013187540983606557","5","5"
"58","5","3","30","30","29","2900000","91071","0.03140379310344828","11","14"
"57","5","3","30","30","40","4000000","98787","0.02469675","9","13"
"54","5","3","30","30","245","24500000","322523","0.013164204081632653","5","6"
"58","5","3","30","30","30","3000000","91913","0.030637666666666667","11","14"
"57","5","3","30","30","41","4100000","100295","0.02446219512195122","9","13"
"54","5","3","30","30","246","24600000","323079","0.01313329268292683","5","6"
"58","5","3","30","30","31","3100000","92700","0.029903225806451612","11","13"
"57","5","3","30","30","42","4200000","101823","0.02424357142857143","9","15"
"54","5","3","30","30","247","24700000","323623","0.013102145748987853","5","6"
"58","5","3","30","30","32","3200000","93475","0.0292109375","11","13"
"54","5","3","30","30","248","24800000","324123","0.013069475806451613","5","6"
"57","5","3","30","30","43","4300000","103153","0.023989069767441862","9","12"
"58","5","3","30","30","33","3300000","94236","0.028556363636363637","11","15"
"54","5","3","30","30","249","24900000","324484","0.0130314859437751","5","5"
"57","5","3","30","30","44","4400000","104603","0.02377340909090909","9","11"
"58","5","3","30","30","34","3400000","94934","0.027921764705882354","11","13"
"54","5","3","30","30","250","25000000","324857","0.01299428","5","7"
"57","5","3","30","30","45","4500000","106117","0.023581555555555557","9","14"
"58","5","3","30","30","35","3500000","95692","0.02734057142857143","11","13"
"54","5","3","30","30","251","25100000","325273","0.012959083665338645","5","7"
"57","5","3","30","30","46","4600000","107366","0.023340434782608697","9","18"
"58","5","3","30","30","36","3600000","96494","0.026803888888888888","11","12"
"54","5","3","30","30","252","25200000","325706","0.01292484126984127","5","7"
"57","5","3","30","30","47","4700000","108731","0.023134255319148936","9","19"
"58","5","3","30","30","37","3700000","97257","0.026285675675675677","11","14"
"54","5","3","30","30","253","25300000","326036","0.012886798418972332","5","6"
"57","5","3","30","30","48","4800000","110260","0.022970833333333333","9","13"
"58","5","3","30","30","38","3800000","98029","0.025797105263157896","11","12"
"54","5","3","30","30","254","25400000","326415","0.012850984251968504","5","6"
"57","5","3","30","30","49","4900000","111695","0.022794897959183675","9","10"
"58","5","3","30","30","39","3900000","98818","0.025337948717948717","11","13"
"54","5","3","30","30","255","25500000","326760","0.012814117647058823","5","6"
"57","5","3","30","30","50","5000000","113049","0.0226098","9","15"
"58","5","3","30","30","40","4000000","99556","0.024889","11","16"
"54","5","3","30","30","256","25600000","327248","0.012783125","5","7"
"57","5","3","30","30","51","5100000","114536","0.022458039215686273","9","14"
"58","5","3","30","30","41","4100000","100388","0.024484878048780488","11","14"
"54","5","3","30","30","257","25700000","327616","0.012747704280155642","5","6"
"57","5","3","30","30","52","5200000","115960","0.0223","9","15"
"58","5","3","30","30","42","4200000","101249","0.024106904761904763","11","16"
"54","5","3","30","30","258","25800000","327966","0.012711860465116279","5","5"
"57","5","3","30","30","53","5300000","117342","0.02214","9","13"
"58","5","3","30","30","43","4300000","102183","0.023763488372093022","11","13"
"54","5","3","30","30","259","25900000","328028","0.012665173745173746","4","4"
"59","5","3","30","30","0","0","0","0","125","888"
"57","5","3","30","30","54","5400000","118720","0.021985185185185184","9","12"
"58","5","3","30","30","44","4400000","102933","0.023393863636363636","11","17"
"59","5","3","30","30","1","100000","7138","0.07138","107","255"
"57","5","3","30","30","55","5500000","120117","0.021839454545454544","9","17"
"58","5","3","30","30","45","4500000","103683","0.023040666666666668","11","13"
"59","5","3","30","30","2","200000","13965","0.069825","69","134"
"57","5","3","30","30","56","5600000","121486","0.021693928571428572","9","15"
"58","5","3","30","30","46","4600000","104311","0.02267630434782609","11","12"
"59","5","3","30","30","3","300000","19768","0.06589333333333333","61","120"
"57","5","3","30","30","57","5700000","122875","0.02155701754385965","9","14"
"58","5","3","30","30","47","4700000","105040","0.022348936170212767","11","12"
"59","5","3","30","30","4","400000","25174","0.062935","46","89"
"57","5","3","30","30","58","5800000","124228","0.021418620689655173","9","15"
"58","5","3","30","30","48","4800000","105826","0.02204708333333333","11","14"
"59","5","3","30","30","5","500000","29666","0.059332","39","69"
"57","5","3","30","30","59","5900000","125600","0.02128813559322034","9","17"
"58","5","3","30","30","49","4900000","106741","0.021783877551020406","11","12"
"57","5","3","30","30","60","6000000","126870","0.021145","9","15"
"59","5","3","30","30","6","600000","33421","0.05570166666666666","33","53"
"58","5","3","30","30","50","5000000","107381","0.0214762","11","14"
"57","5","3","30","30","61","6100000","128364","0.02104327868852459","8","11"
"59","5","3","30","30","7","700000","36555","0.05222142857142857","33","45"
"58","5","3","30","30","51","5100000","108003","0.021177058823529413","11","13"
"57","5","3","30","30","62","6200000","129716","0.020921935483870967","9","16"
"59","5","3","30","30","8","800000","39401","0.04925125","29","40"
"58","5","3","30","30","52","5200000","108632","0.02089076923076923","11","14"
"57","5","3","30","30","63","6300000","131149","0.020817301587301586","9","16"
"59","5","3","30","30","9","900000","42355","0.04706111111111111","28","38"
"58","5","3","30","30","53","5300000","109095","0.020583962264150945","11","12"
"57","5","3","30","30","64","6400000","132580","0.020715625","9","12"
"59","5","3","30","30","10","1000000","45207","0.045207","28","46"
"58","5","3","30","30","54","5400000","109327","0.02024574074074074","10","12"
"57","5","3","30","30","65","6500000","134021","0.020618615384615385","9","13"
"58","5","3","30","30","55","5500000","109656","0.019937454545454546","10","11"
"59","5","3","30","30","11","1100000","47924","0.043567272727272725","26","40"
"57","5","3","30","30","66","6600000","135441","0.020521363636363636","9","13"
"58","5","3","30","30","56","5600000","109953","0.019634464285714286","10","12"
"59","5","3","30","30","12","1200000","50834","0.042361666666666666","28","38"
"57","5","3","30","30","67","6700000","137183","0.020475074626865673","9","15"
"58","5","3","30","30","57","5700000","110230","0.01933859649122807","10","11"
"59","5","3","30","30","13","1300000","53948","0.04149846153846154","26","40"
"58","5","3","30","30","58","5800000","110404","0.019035172413793103","9","10"
"57","5","3","30","30","68","6800000","138841","0.02041779411764706","9","12"
"60","5","3","30","30","0","0","0","0","125","882"
"59","5","3","30","30","14","1400000","57008","0.04072","26","49"
"57","5","3","30","30","69","6900000","140493","0.020361304347826088","9","15"
"60","5","3","30","30","1","100000","7000","0.07","99","242"
"59","5","3","30","30","15","1500000","59774","0.039849333333333334","22","32"
"57","5","3","30","30","70","7000000","142070","0.020295714285714285","9","15"
"60","5","3","30","30","2","200000","13715","0.068575","74","156"
"59","5","3","30","30","16","1600000","62167","0.038854375","23","30"
"57","5","3","30","30","71","7100000","143440","0.02020281690140845","9","13"
"59","5","3","30","30","17","1700000","64447","0.03791","23","27"
"60","5","3","30","30","3","300000","20106","0.06702","57","113"
"57","5","3","30","30","72","7200000","144757","0.020105138888888888","9","15"
"59","5","3","30","30","18","1800000","67069","0.037260555555555554","23","34"
"60","5","3","30","30","4","400000","24868","0.06217","39","74"
"57","5","3","30","30","73","7300000","145971","0.019996027397260273","9","17"
"59","5","3","30","30","19","1900000","69721","0.03669526315789474","21","29"
"60","5","3","30","30","5","500000","29360","0.05872","34","65"
"57","5","3","30","30","74","7400000","147381","0.019916351351351353","9","12"
"59","5","3","30","30","20","2000000","72072","0.036036","25","36"
"60","5","3","30","30","6","600000","33200","0.05533333333333333","36","60"
"57","5","3","30","30","75","7500000","148704","0.0198272","9","12"
"59","5","3","30","30","21","2100000","74208","0.03533714285714286","19","25"
"60","5","3","30","30","7","700000","37282","0.05326","31","53"
"57","5","3","30","30","76","7600000","149937","0.01972855263157895","9","13"
"59","5","3","30","30","22","2200000","75772","0.034441818181818185","16","22"
"60","5","3","30","30","8","800000","41399","0.05174875","27","47"
"57","5","3","30","30","77","7700000","151005","0.01961103896103896","9","13"
"59","5","3","30","30","23","2300000","77359","0.03363434782608696","18","25"
"60","5","3","30","30","9","900000","45081","0.05009","26","48"
"57","5","3","30","30","78","7800000","152184","0.01951076923076923","9","18"
"59","5","3","30","30","24","2400000","79143","0.03297625","15","19"
"60","5","3","30","30","10","1000000","48837","0.048837","27","51"
"57","5","3","30","30","79","7900000","153324","0.019408101265822784","8","11"
"59","5","3","30","30","25","2500000","80830","0.032332","14","19"
"60","5","3","30","30","11","1100000","52771","0.047973636363636364","28","48"
"57","5","3","30","30","80","8000000","154627","0.019328375","9","17"
"59","5","3","30","30","26","2600000","82558","0.031753076923076926","16","18"
"60","5","3","30","30","12","1200000","56359","0.04696583333333333","24","37"
"57","5","3","30","30","81","8100000","155892","0.019245925925925927","8","10"
"59","5","3","30","30","27","2700000","84795","0.031405555555555555","17","22"
"60","5","3","30","30","13","1300000","59956","0.04612","23","42"
"57","5","3","30","30","82","8200000","157071","0.019155","9","12"
"59","5","3","30","30","28","2800000","87642","0.031300714285714286","16","23"
"60","5","3","30","30","14","1400000","63463","0.04533071428571429","22","34"
"57","5","3","30","30","83","8300000","158019","0.01903843373493976","9","16"
"59","5","3","30","30","29","2900000","90051","0.03105206896551724","15","32"
"60","5","3","30","30","15","1500000","66584","0.044389333333333336","19","37"
"57","5","3","30","30","84","8400000","159044","0.018933809523809523","9","16"
"59","5","3","30","30","30","3000000","92677","0.030892333333333334","15","29"
"60","5","3","30","30","16","1600000","68998","0.04312375","18","31"
"57","5","3","30","30","85","8500000","160083","0.01883329411764706","9","14"
"59","5","3","30","30","31","3100000","95034","0.030656129032258065","14","16"
"60","5","3","30","30","17","1700000","70972","0.04174823529411765","16","19"
"57","5","3","30","30","86","8600000","161400","0.018767441860465115","9","15"
"59","5","3","30","30","32","3200000","97007","0.0303146875","13","24"
"60","5","3","30","30","18","1800000","72528","0.040293333333333334","16","21"
"57","5","3","30","30","87","8700000","162538","0.018682528735632184","9","18"
"59","5","3","30","30","33","3300000","98704","0.02991030303030303","12","16"
"60","5","3","30","30","19","1900000","74375","0.03914473684210526","15","24"
"57","5","3","30","30","88","8800000","163555","0.018585795454545456","9","14"
"59","5","3","30","30","34","3400000","99967","0.029402058823529413","10","13"
"60","5","3","30","30","20","2000000","76448","0.038224","17","21"
"57","5","3","30","30","89","8900000","164592","0.018493483146067417","9","15"
"59","5","3","30","30","35","3500000","101193","0.028912285714285713","10","12"
"60","5","3","30","30","21","2100000","78391","0.037329047619047616","17","22"
"57","5","3","30","30","90","9000000","165997","0.018444111111111113","9","16"
"59","5","3","30","30","36","3600000","102451","0.02845861111111111","10","15"
"60","5","3","30","30","22","2200000","80034","0.03637909090909091","14","14"
"57","5","3","30","30","91","9100000","167297","0.018384285714285714","9","11"
"59","5","3","30","30","37","3700000","103313","0.027922432432432434","7","7"
"60","5","3","30","30","23","2300000","81410","0.03539565217391304","11","12"
"57","5","3","30","30","92","9200000","168386","0.018302826086956523","9","15"
"59","5","3","30","30","38","3800000","104160","0.027410526315789472","7","10"
"60","5","3","30","30","24","2400000","82644","0.034435","13","15"
"57","5","3","30","30","93","9300000","169663","0.018243333333333334","9","13"
"59","5","3","30","30","39","3900000","104982","0.026918461538461537","7","8"
"60","5","3","30","30","25","2500000","83916","0.0335664","12","15"
"57","5","3","30","30","94","9400000","171012","0.01819276595744681","9","19"
"59","5","3","30","30","40","4000000","105667","0.02641675","7","9"
"60","5","3","30","30","26","2600000","85336","0.032821538461538464","12","15"
"57","5","3","30","30","95","9500000","172419","0.018149368421052633","9","14"
"59","5","3","30","30","41","4100000","106532","0.025983414634146343","7","11"
"60","5","3","30","30","27","2700000","86886","0.03218","13","16"
"57","5","3","30","30","96","9600000","173432","0.018065833333333333","9","13"
"59","5","3","30","30","42","4200000","107426","0.025577619047619047","7","9"
"60","5","3","30","30","28","2800000","88145","0.03148035714285714","12","14"
"57","5","3","30","30","97","9700000","174539","0.017993711340206185","9","19"
"59","5","3","30","30","43","4300000","108519","0.025236976744186047","7","9"
"60","5","3","30","30","29","2900000","89558","0.03088206896551724","12","14"
"57","5","3","30","30","98","9800000","175592","0.01791755102040816","9","14"
"59","5","3","30","30","44","4400000","109605","0.02491022727272727","7","9"
"60","5","3","30","30","30","3000000","90889","0.030296333333333335","11","14"
"57","5","3","30","30","99","9900000","176900","0.017868686868686867","9","14"
"59","5","3","30","30","45","4500000","110558","0.024568444444444445","7","11"
"60","5","3","30","30","31","3100000","92145","0.029724193548387096","11","14"
"57","5","3","30","30","100","10000000","178231","0.0178231","9","13"
"59","5","3","30","30","46","4600000","111646","0.02427086956521739","7","9"
"60","5","3","30","30","32","3200000","93205","0.0291265625","10","11"
"57","5","3","30","30","101","10100000","179752","0.01779722772277228","9","15"
"59","5","3","30","30","47","4700000","112774","0.02399446808510638","7","8"
"60","5","3","30","30","33","3300000","94303","0.028576666666666667","10","13"
"57","5","3","30","30","102","10200000","181307","0.017775196078431373","9","21"
"59","5","3","30","30","48","4800000","113677","0.023682708333333333","7","10"
"60","5","3","30","30","34","3400000","95466","0.028078235294117647","11","14"
"57","5","3","30","30","103","10300000","182501","0.01771854368932039","9","16"
"59","5","3","30","30","49","4900000","114509","0.023369183673469386","7","7"
"60","5","3","30","30","35","3500000","96423","0.027549428571428572","10","11"
"57","5","3","30","30","104","10400000","183415","0.017636057692307694","9","13"
"59","5","3","30","30","50","5000000","115274","0.0230548","7","8"
"60","5","3","30","30","36","3600000","97429","0.02706361111111111","10","11"
"57","5","3","30","30","105","10500000","184558","0.01757695238095238","9","19"
"59","5","3","30","30","51","5100000","116000","0.022745098039215685","7","7"
"60","5","3","30","30","37","3700000","98494","0.02662","10","10"
"57","5","3","30","30","106","10600000","185607","0.017510094339622643","9","17"
"59","5","3","30","30","52","5200000","116625","0.022427884615384617","7","7"
"60","5","3","30","30","38","3800000","99580","0.02620526315789474","10","13"
"57","5","3","30","30","107","10700000","186962","0.017473084112149533","9","12"
"59","5","3","30","30","53","5300000","117337","0.022139056603773584","7","8"
"60","5","3","30","30","39","3900000","100533","0.025777692307692307","10","10"
"57","5","3","30","30","108","10800000","188207","0.017426574074074073","9","14"
"59","5","3","30","30","54","5400000","118145","0.021878703703703702","7","8"
"60","5","3","30","30","40","4000000","101606","0.0254015","10","10"
"57","5","3","30","30","109","10900000","189223","0.017359908256880732","9","12"
"59","5","3","30","30","55","5500000","118962","0.021629454545454545","7","7"
"60","5","3","30","30","41","4100000","102529","0.025007073170731708","10","10"
"57","5","3","30","30","110","11000000","190400","0.01730909090909091","8","16"
"59","5","3","30","30","56","5600000","119788","0.021390714285714287","7","9"
"60","5","3","30","30","42","4200000","103335","0.02460357142857143","10","12"
"59","5","3","30","30","57","5700000","120347","0.021113508771929825","7","7"
"57","5","3","30","30","111","11100000","191447","0.01724747747747748","8","9"
"60","5","3","30","30","43","4300000","104191","0.02423046511627907","9","11"
"59","5","3","30","30","58","5800000","121039","0.020868793103448274","7","7"
"57","5","3","30","30","112","11200000","192559","0.017192767857142858","9","11"
"60","5","3","30","30","44","4400000","105003","0.02386431818181818","9","10"
"59","5","3","30","30","59","5900000","121783","0.020641186440677965","7","10"
"57","5","3","30","30","113","11300000","193739","0.01714504424778761","8","14"
"60","5","3","30","30","45","4500000","105802","0.023511555555555556","9","10"
"59","5","3","30","30","60","6000000","122405","0.020400833333333333","7","7"
"57","5","3","30","30","114","11400000","194962","0.017101929824561404","8","8"
"60","5","3","30","30","46","4600000","106698","0.023195217391304347","9","11"
"59","5","3","30","30","61","6100000","122981","0.020160819672131146","7","8"
"57","5","3","30","30","115","11500000","196216","0.017062260869565218","8","9"
"60","5","3","30","30","47","4700000","107513","0.022875106382978724","9","9"
"59","5","3","30","30","62","6200000","123467","0.019914032258064516","7","7"
"57","5","3","30","30","116","11600000","197493","0.017025258620689654","8","13"
"60","5","3","30","30","48","4800000","108484","0.022600833333333334","9","13"
"59","5","3","30","30","63","6300000","123786","0.01964857142857143","7","7"
"57","5","3","30","30","117","11700000","198558","0.01697076923076923","8","8"
"60","5","3","30","30","49","4900000","109457","0.022338163265306122","10","10"
"59","5","3","30","30","64","6400000","124005","0.01937578125","7","7"
"57","5","3","30","30","118","11800000","199572","0.016912881355932205","8","9"
"60","5","3","30","30","50","5000000","110372","0.0220744","9","11"
"59","5","3","30","30","65","6500000","124006","0.019077846153846154","6","6"
"61","5","3","30","30","0","0","0","0","125","892"
"57","5","3","30","30","119","11900000","200513","0.016849831932773108","9","12"
"60","5","3","30","30","51","5100000","111221","0.021808039215686276","9","11"
"57","5","3","30","30","120","12000000","201552","0.016796","7","8"
"61","5","3","30","30","1","100000","6766","0.06766","93","202"
"60","5","3","30","30","52","5200000","111967","0.021532115384615386","9","12"
"57","5","3","30","30","121","12100000","202371","0.01672487603305785","7","7"
"61","5","3","30","30","2","200000","12321","0.061605","65","129"
"60","5","3","30","30","53","5300000","112526","0.02123132075471698","8","11"
"57","5","3","30","30","122","12200000","203236","0.016658688524590164","7","9"
"61","5","3","30","30","3","300000","17736","0.05912","56","106"
"60","5","3","30","30","54","5400000","113106","0.020945555555555554","8","9"
"57","5","3","30","30","123","12300000","204049","0.016589349593495936","7","8"
"61","5","3","30","30","4","400000","23076","0.05769","49","92"
"60","5","3","30","30","55","5500000","113674","0.020668","8","10"
"57","5","3","30","30","124","12400000","204917","0.01652556451612903","7","8"
"60","5","3","30","30","56","5600000","114225","0.020397321428571428","8","8"
"61","5","3","30","30","5","500000","27734","0.055468","41","70"
"57","5","3","30","30","125","12500000","205680","0.0164544","7","8"
"60","5","3","30","30","57","5700000","114774","0.02013578947368421","8","8"
"61","5","3","30","30","6","600000","32205","0.053675","41","70"
"57","5","3","30","30","126","12600000","206429","0.016383253968253967","7","7"
"60","5","3","30","30","58","5800000","115469","0.019908448275862068","8","8"
"61","5","3","30","30","7","700000","36651","0.05235857142857143","36","60"
"57","5","3","30","30","127","12700000","207249","0.016318818897637796","7","9"
"60","5","3","30","30","59","5900000","116097","0.019677457627118644","8","10"
"61","5","3","30","30","8","800000","40991","0.05123875","38","68"
"57","5","3","30","30","128","12800000","208094","0.01625734375","7","12"
"60","5","3","30","30","60","6000000","116750","0.019458333333333334","8","8"
"61","5","3","30","30","9","900000","44994","0.049993333333333334","31","56"
"57","5","3","30","30","129","12900000","208884","0.016192558139534883","7","8"
"60","5","3","30","30","61","6100000","117291","0.019228032786885247","8","8"
"61","5","3","30","30","10","1000000","48509","0.048509","28","49"
"57","5","3","30","30","130","13000000","209538","0.016118307692307692","7","8"
"60","5","3","30","30","62","6200000","117808","0.019001290322580647","8","10"
"61","5","3","30","30","11","1100000","52024","0.04729454545454546","27","43"
"57","5","3","30","30","131","13100000","210297","0.01605320610687023","7","9"
"60","5","3","30","30","63","6300000","118376","0.01878984126984127","8","10"
"61","5","3","30","30","12","1200000","55301","0.04608416666666667","22","32"
"57","5","3","30","30","132","13200000","210972","0.015982727272727273","7","7"
"60","5","3","30","30","64","6400000","118929","0.01858265625","8","9"
"61","5","3","30","30","13","1300000","57813","0.04447153846153846","20","33"
"57","5","3","30","30","133","13300000","211663","0.01591451127819549","7","11"
"60","5","3","30","30","65","6500000","119481","0.018381692307692307","8","8"
"61","5","3","30","30","14","1400000","60775","0.04341071428571429","17","40"
"57","5","3","30","30","134","13400000","212477","0.015856492537313433","7","9"
"60","5","3","30","30","66","6600000","120023","0.01818530303030303","8","10"
"61","5","3","30","30","15","1500000","63611","0.04240733333333333","16","33"
"57","5","3","30","30","135","13500000","213241","0.015795629629629628","7","10"
"60","5","3","30","30","67","6700000","120775","0.018026119402985076","8","11"
"61","5","3","30","30","16","1600000","65750","0.04109375","16","25"
"57","5","3","30","30","136","13600000","214045","0.01573860294117647","7","8"
"60","5","3","30","30","68","6800000","121349","0.017845441176470588","8","10"
"61","5","3","30","30","17","1700000","67663","0.039801764705882356","15","22"
"57","5","3","30","30","137","13700000","214882","0.015684817518248174","7","8"
"60","5","3","30","30","69","6900000","121692","0.017636521739130436","8","9"
"61","5","3","30","30","18","1800000","69342","0.03852333333333333","17","26"
"57","5","3","30","30","138","13800000","215683","0.015629202898550725","7","7"
"60","5","3","30","30","70","7000000","122130","0.017447142857142856","8","8"
"61","5","3","30","30","19","1900000","71640","0.037705263157894735","17","32"
"57","5","3","30","30","139","13900000","216648","0.015586187050359713","7","11"
"60","5","3","30","30","71","7100000","122628","0.01727154929577465","8","10"
"61","5","3","30","30","20","2000000","73963","0.0369815","14","20"
"57","5","3","30","30","140","14000000","217618","0.015544142857142857","7","7"
"60","5","3","30","30","72","7200000","123135","0.017102083333333334","8","11"
"61","5","3","30","30","21","2100000","76010","0.03619523809523809","14","21"
"57","5","3","30","30","141","14100000","218383","0.015488156028368795","7","8"
"60","5","3","30","30","73","7300000","123530","0.016921917808219177","8","8"
"61","5","3","30","30","22","2200000","77748","0.03534","13","21"
"57","5","3","30","30","142","14200000","219039","0.015425281690140845","7","7"
"60","5","3","30","30","74","7400000","123770","0.016725675675675674","8","8"
"61","5","3","30","30","23","2300000","79322","0.034487826086956525","11","17"
"57","5","3","30","30","143","14300000","219704","0.015363916083916084","7","7"
"60","5","3","30","30","75","7500000","123994","0.01653253333333333","8","9"
"61","5","3","30","30","24","2400000","80931","0.03372125","11","15"
"57","5","3","30","30","144","14400000","220417","0.015306736111111111","7","7"
"60","5","3","30","30","76","7600000","124192","0.016341052631578947","8","9"
"61","5","3","30","30","25","2500000","82178","0.0328712","11","16"
"57","5","3","30","30","145","14500000","221143","0.015251241379310344","7","7"
"60","5","3","30","30","77","7700000","124357","0.01615025974025974","7","7"
"62","5","3","30","30","0","0","0","0","125","876"
"61","5","3","30","30","26","2600000","83315","0.03204423076923077","10","15"
"57","5","3","30","30","146","14600000","221857","0.01519568493150685","7","7"
"62","5","3","30","30","1","100000","7231","0.07231","102","233"
"61","5","3","30","30","27","2700000","84527","0.0313062962962963","10","12"
"57","5","3","30","30","147","14700000","222512","0.01513687074829932","7","7"
"62","5","3","30","30","2","200000","14127","0.070635","76","141"
"61","5","3","30","30","28","2800000","85758","0.030627857142857144","9","12"
"57","5","3","30","30","148","14800000","223158","0.015078243243243243","7","13"
"62","5","3","30","30","3","300000","20771","0.06923666666666667","61","105"
"61","5","3","30","30","29","2900000","86865","0.02995344827586207","9","12"
"57","5","3","30","30","149","14900000","223850","0.015023489932885907","7","8"
"62","5","3","30","30","4","400000","27099","0.0677475","56","86"
"61","5","3","30","30","30","3000000","87658","0.029219333333333333","9","10"
"57","5","3","30","30","150","15000000","224607","0.0149738","7","7"
"61","5","3","30","30","31","3100000","88488","0.02854451612903226","9","10"
"57","5","3","30","30","151","15100000","225351","0.014923907284768213","7","7"
"62","5","3","30","30","5","500000","33123","0.066246","41","66"
"61","5","3","30","30","32","3200000","89216","0.02788","9","11"
"57","5","3","30","30","152","15200000","226056","0.014872105263157895","7","7"
"62","5","3","30","30","6","600000","38458","0.06409666666666666","39","69"
"61","5","3","30","30","33","3300000","89844","0.027225454545454546","8","11"
"57","5","3","30","30","153","15300000","226757","0.014820718954248366","7","9"
"62","5","3","30","30","7","700000","42883","0.06126142857142857","29","56"
"61","5","3","30","30","34","3400000","90180","0.026523529411764706","8","9"
"57","5","3","30","30","154","15400000","227377","0.014764740259740259","7","8"
"62","5","3","30","30","8","800000","47005","0.05875625","19","45"
"61","5","3","30","30","35","3500000","90229","0.025779714285714284","7","8"
"57","5","3","30","30","155","15500000","228070","0.014714193548387097","7","9"
"63","5","3","30","30","0","0","0","0","125","893"
"62","5","3","30","30","9","900000","50834","0.056482222222222225","18","23"
"57","5","3","30","30","156","15600000","228865","0.014670833333333333","7","9"
"62","5","3","30","30","10","1000000","54063","0.054063","18","33"
"63","5","3","30","30","1","100000","7622","0.07622","93","221"
"57","5","3","30","30","157","15700000","229635","0.014626433121019109","7","8"
"62","5","3","30","30","11","1100000","57181","0.05198272727272727","13","21"
"63","5","3","30","30","2","200000","14544","0.07272","69","147"
"57","5","3","30","30","158","15800000","230381","0.014581075949367089","7","9"
"62","5","3","30","30","12","1200000","59992","0.049993333333333334","15","19"
"63","5","3","30","30","3","300000","21064","0.07021333333333334","64","138"
"57","5","3","30","30","159","15900000","231199","0.014540817610062894","7","8"
"62","5","3","30","30","13","1300000","62658","0.04819846153846154","12","19"
"63","5","3","30","30","4","400000","27296","0.06824","56","99"
"57","5","3","30","30","160","16000000","231991","0.0144994375","7","7"
"62","5","3","30","30","14","1400000","65421","0.046729285714285716","12","18"
"63","5","3","30","30","5","500000","33036","0.066072","44","69"
"57","5","3","30","30","161","16100000","232708","0.014453913043478261","7","8"
"62","5","3","30","30","15","1500000","68210","0.04547333333333333","11","21"
"63","5","3","30","30","6","600000","38018","0.06336333333333333","29","59"
"57","5","3","30","30","162","16200000","233562","0.014417407407407407","7","7"
"62","5","3","30","30","16","1600000","70577","0.044110625","11","17"
"63","5","3","30","30","7","700000","42259","0.06037","25","42"
"57","5","3","30","30","163","16300000","234352","0.014377423312883435","7","7"
"62","5","3","30","30","17","1700000","72447","0.04261588235294118","11","18"
"63","5","3","30","30","8","800000","46067","0.05758375","22","47"
"57","5","3","30","30","164","16400000","235108","0.014335853658536585","7","8"
"62","5","3","30","30","18","1800000","74220","0.04123333333333333","10","19"
"63","5","3","30","30","9","900000","49608","0.05512","20","36"
"57","5","3","30","30","165","16500000","235784","0.014289939393939395","7","8"
"62","5","3","30","30","19","1900000","76260","0.04013684210526316","10","16"
"63","5","3","30","30","10","1000000","52628","0.052628","19","35"
"57","5","3","30","30","166","16600000","236499","0.014246927710843373","7","7"
"62","5","3","30","30","20","2000000","78033","0.0390165","9","13"
"63","5","3","30","30","11","1100000","55447","0.05040636363636364","15","21"
"57","5","3","30","30","167","16700000","237381","0.01421443113772455","7","8"
"62","5","3","30","30","21","2100000","79846","0.038021904761904764","10","13"
"63","5","3","30","30","12","1200000","57800","0.04816666666666667","11","22"
"57","5","3","30","30","168","16800000","238156","0.014175952380952381","7","10"
"62","5","3","30","30","22","2200000","81610","0.03709545454545454","9","19"
"63","5","3","30","30","13","1300000","60057","0.04619769230769231","10","20"
"57","5","3","30","30","169","16900000","238845","0.01413284023668639","7","7"
"62","5","3","30","30","23","2300000","83268","0.036203478260869566","8","10"
"63","5","3","30","30","14","1400000","62061","0.04432928571428572","8","15"
"57","5","3","30","30","170","17000000","239633","0.014096058823529411","7","12"
"62","5","3","30","30","24","2400000","85003","0.03541791666666667","8","11"
"63","5","3","30","30","15","1500000","63886","0.042590666666666666","8","12"
"57","5","3","30","30","171","17100000","240397","0.014058304093567252","7","8"
"62","5","3","30","30","25","2500000","86789","0.0347156","8","16"
"63","5","3","30","30","16","1600000","65776","0.04111","7","11"
"57","5","3","30","30","172","17200000","241015","0.0140125","7","9"
"62","5","3","30","30","26","2600000","88740","0.03413076923076923","9","19"
"63","5","3","30","30","17","1700000","67722","0.03983647058823529","6","13"
"57","5","3","30","30","173","17300000","241738","0.013973294797687861","7","7"
"62","5","3","30","30","27","2700000","90549","0.033536666666666666","7","8"
"63","5","3","30","30","18","1800000","69515","0.03861944444444444","7","14"
"57","5","3","30","30","174","17400000","242489","0.013936149425287356","7","7"
"62","5","3","30","30","28","2800000","92365","0.0329875","5","8"
"63","5","3","30","30","19","1900000","71074","0.037407368421052634","6","9"
"57","5","3","30","30","175","17500000","243206","0.013897485714285715","7","8"
"62","5","3","30","30","29","2900000","94136","0.03246068965517242","6","15"
"63","5","3","30","30","20","2000000","72513","0.0362565","4","8"
"57","5","3","30","30","176","17600000","244114","0.013870113636363637","7","11"
"62","5","3","30","30","30","3000000","96155","0.032051666666666666","6","13"
"63","5","3","30","30","21","2100000","73385","0.0349452380952381","4","6"
"57","5","3","30","30","177","17700000","244948","0.013838870056497175","7","10"
"62","5","3","30","30","31","3100000","98066","0.0316341935483871","6","10"
"63","5","3","30","30","22","2200000","73934","0.033606363636363636","4","5"
"57","5","3","30","30","178","17800000","245738","0.013805505617977528","7","8"
"62","5","3","30","30","32","3200000","99811","0.0311909375","5","14"
"63","5","3","30","30","23","2300000","74390","0.032343478260869564","4","5"
"57","5","3","30","30","179","17900000","246558","0.013774189944134077","7","9"
"62","5","3","30","30","33","3300000","101422","0.030733939393939393","6","10"
"63","5","3","30","30","24","2400000","74812","0.031171666666666667","4","4"
"57","5","3","30","30","180","18000000","247313","0.01373961111111111","7","10"
"62","5","3","30","30","34","3400000","103110","0.030326470588235295","6","8"
"63","5","3","30","30","25","2500000","75114","0.0300456","4","4"
"57","5","3","30","30","181","18100000","247967","0.013699834254143646","7","7"
"62","5","3","30","30","35","3500000","104711","0.02991742857142857","5","5"
"63","5","3","30","30","26","2600000","75473","0.029028076923076924","4","4"
"57","5","3","30","30","182","18200000","248534","0.013655714285714285","7","7"
"62","5","3","30","30","36","3600000","106497","0.0295825","5","6"
"63","5","3","30","30","27","2700000","75741","0.02805222222222222","4","5"
"57","5","3","30","30","183","18300000","249031","0.01360825136612022","7","8"
"62","5","3","30","30","37","3700000","108146","0.029228648648648648","4","7"
"63","5","3","30","30","28","2800000","75966","0.027130714285714286","4","4"
"57","5","3","30","30","184","18400000","249477","0.013558532608695653","7","7"
"62","5","3","30","30","38","3800000","109477","0.028809736842105263","3","4"
"63","5","3","30","30","29","2900000","76003","0.026207931034482757","3","3"
"64","5","3","30","30","0","0","0","0","124","882"
"57","5","3","30","30","185","18500000","249993","0.013513135135135135","7","9"
"62","5","3","30","30","39","3900000","110724","0.02839076923076923","3","4"
"57","5","3","30","30","186","18600000","250444","0.0134647311827957","7","8"
"64","5","3","30","30","1","100000","7218","0.07218","94","199"
"62","5","3","30","30","40","4000000","111697","0.02792425","2","4"
"57","5","3","30","30","187","18700000","250712","0.013407058823529413","7","8"
"64","5","3","30","30","2","200000","13502","0.06751","75","160"
"62","5","3","30","30","41","4100000","112481","0.02743439024390244","2","2"
"57","5","3","30","30","188","18800000","250849","0.013343031914893617","6","6"
"65","5","3","30","30","0","0","0","0","125","885"
"64","5","3","30","30","3","300000","19275","0.06425","54","99"
"62","5","3","30","30","42","4200000","113398","0.02699952380952381","2","4"
"65","5","3","30","30","1","100000","7211","0.07211","102","244"
"64","5","3","30","30","4","400000","24146","0.060365","44","74"
"62","5","3","30","30","43","4300000","114489","0.026625348837209302","2","2"
"64","5","3","30","30","5","500000","27927","0.055854","38","63"
"65","5","3","30","30","2","200000","13924","0.06962","74","149"
"62","5","3","30","30","44","4400000","115464","0.026241818181818182","2","3"
"64","5","3","30","30","6","600000","31125","0.051875","35","55"
"65","5","3","30","30","3","300000","19449","0.06483","55","95"
"62","5","3","30","30","45","4500000","116320","0.02584888888888889","2","2"
"64","5","3","30","30","7","700000","34715","0.04959285714285714","40","66"
"65","5","3","30","30","4","400000","24172","0.06043","55","97"
"62","5","3","30","30","46","4600000","117049","0.025445434782608696","2","3"
"64","5","3","30","30","8","800000","38430","0.0480375","40","65"
"65","5","3","30","30","5","500000","29191","0.058382","46","80"
"62","5","3","30","30","47","4700000","117768","0.025057021276595745","2","3"
"64","5","3","30","30","9","900000","42141","0.046823333333333335","34","58"
"65","5","3","30","30","6","600000","33355","0.055591666666666664","38","58"
"62","5","3","30","30","48","4800000","118545","0.024696875","2","2"
"64","5","3","30","30","10","1000000","45830","0.04583","35","58"
"62","5","3","30","30","49","4900000","119340","0.024355102040816326","2","2"
"65","5","3","30","30","7","700000","36902","0.05271714285714286","38","51"
"62","5","3","30","30","50","5000000","120213","0.0240426","2","3"
"64","5","3","30","30","11","1100000","49392","0.04490181818181818","30","56"
"65","5","3","30","30","8","800000","39771","0.04971375","30","50"
"62","5","3","30","30","51","5100000","121282","0.02378078431372549","2","2"
"65","5","3","30","30","9","900000","42392","0.04710222222222222","29","39"
"64","5","3","30","30","12","1200000","52744","0.04395333333333333","25","34"
"62","5","3","30","30","52","5200000","122671","0.023590576923076922","2","4"
"65","5","3","30","30","10","1000000","44925","0.044925","28","42"
"64","5","3","30","30","13","1300000","55153","0.042425384615384615","24","38"
"62","5","3","30","30","53","5300000","123668","0.023333584905660378","2","3"
"65","5","3","30","30","11","1100000","47496","0.04317818181818182","24","41"
"64","5","3","30","30","14","1400000","57302","0.04093","24","39"
"62","5","3","30","30","54","5400000","124580","0.02307037037037037","2","2"
"65","5","3","30","30","12","1200000","50147","0.04178916666666667","29","44"
"64","5","3","30","30","15","1500000","59281","0.03952066666666667","23","30"
"62","5","3","30","30","55","5500000","125564","0.02282981818181818","2","5"
"64","5","3","30","30","16","1600000","61209","0.038255625","23","31"
"65","5","3","30","30","13","1300000","52846","0.04065076923076923","22","41"
"64","5","3","30","30","17","1700000","62658","0.03685764705882353","17","23"
"62","5","3","30","30","56","5600000","126504","0.02259","2","7"
"65","5","3","30","30","14","1400000","55375","0.03955357142857143","22","36"
"62","5","3","30","30","57","5700000","127418","0.0223540350877193","2","4"
"64","5","3","30","30","18","1800000","63995","0.03555277777777778","17","24"
"65","5","3","30","30","15","1500000","58046","0.038697333333333334","22","31"
"62","5","3","30","30","58","5800000","128669","0.022184310344827585","2","5"
"64","5","3","30","30","19","1900000","65276","0.03435578947368421","18","26"
"65","5","3","30","30","16","1600000","60525","0.037828125","20","30"
"62","5","3","30","30","59","5900000","129759","0.02199305084745763","2","3"
"64","5","3","30","30","20","2000000","66371","0.0331855","18","26"
"65","5","3","30","30","17","1700000","63134","0.03713764705882353","21","35"
"62","5","3","30","30","60","6000000","130717","0.021786166666666665","2","3"
"64","5","3","30","30","21","2100000","67610","0.032195238095238096","18","27"
"65","5","3","30","30","18","1800000","65913","0.036618333333333336","14","21"
"64","5","3","30","30","22","2200000","68841","0.03129136363636364","17","21"
"62","5","3","30","30","61","6100000","131626","0.021578032786885245","2","6"
"65","5","3","30","30","19","1900000","68026","0.03580315789473684","13","24"
"64","5","3","30","30","23","2300000","69865","0.03037608695652174","15","19"
"62","5","3","30","30","62","6200000","132461","0.021364677419354838","2","2"
"65","5","3","30","30","20","2000000","70117","0.0350585","13","29"
"64","5","3","30","30","24","2400000","70851","0.02952125","16","21"
"62","5","3","30","30","63","6300000","133335","0.021164285714285715","2","3"
"65","5","3","30","30","21","2100000","72176","0.03436952380952381","11","22"
"62","5","3","30","30","64","6400000","134203","0.02096921875","2","3"
"64","5","3","30","30","25","2500000","71863","0.0287452","14","15"
"65","5","3","30","30","22","2200000","74052","0.03366","12","19"
"62","5","3","30","30","65","6500000","135220","0.020803076923076924","2","3"
"64","5","3","30","30","26","2600000","72877","0.028029615384615385","15","18"
"65","5","3","30","30","23","2300000","76061","0.03307","10","18"
"62","5","3","30","30","66","6600000","136083","0.020618636363636363","2","2"
"64","5","3","30","30","27","2700000","74011","0.02741148148148148","15","20"
"65","5","3","30","30","24","2400000","78130","0.03255416666666667","10","18"
"62","5","3","30","30","67","6700000","136848","0.020425074626865672","2","4"
"64","5","3","30","30","28","2800000","75224","0.026865714285714284","16","21"
"65","5","3","30","30","25","2500000","80365","0.032146","10","16"
"62","5","3","30","30","68","6800000","137671","0.020245735294117648","2","3"
"64","5","3","30","30","29","2900000","76525","0.02638793103448276","17","23"
"65","5","3","30","30","26","2600000","82641","0.031785","10","17"
"62","5","3","30","30","69","6900000","138364","0.020052753623188407","2","4"
"64","5","3","30","30","30","3000000","77670","0.02589","16","22"
"65","5","3","30","30","27","2700000","84643","0.03134925925925926","8","9"
"62","5","3","30","30","70","7000000","139002","0.01985742857142857","2","2"
"64","5","3","30","30","31","3100000","78731","0.025397096774193547","16","20"
"65","5","3","30","30","28","2800000","86567","0.030916785714285713","11","14"
"62","5","3","30","30","71","7100000","139486","0.019645915492957747","2","3"
"64","5","3","30","30","32","3200000","79971","0.0249909375","16","21"
"65","5","3","30","30","29","2900000","88355","0.030467241379310346","9","14"
"62","5","3","30","30","72","7200000","139868","0.019426111111111113","2","3"
"64","5","3","30","30","33","3300000","81114","0.02458","16","23"
"65","5","3","30","30","30","3000000","90291","0.030097","9","18"
"62","5","3","30","30","73","7300000","140218","0.019207945205479453","2","2"
"64","5","3","30","30","34","3400000","82129","0.024155588235294116","16","23"
"65","5","3","30","30","31","3100000","91860","0.02963225806451613","9","13"
"62","5","3","30","30","74","7400000","140639","0.01900527027027027","2","2"
"64","5","3","30","30","35","3500000","83195","0.02377","16","20"
"65","5","3","30","30","32","3200000","93423","0.0291946875","7","9"
"62","5","3","30","30","75","7500000","141028","0.018803733333333333","2","3"
"64","5","3","30","30","36","3600000","84199","0.02338861111111111","16","22"
"65","5","3","30","30","33","3300000","95120","0.028824242424242426","8","13"
"62","5","3","30","30","76","7600000","141374","0.018601842105263156","2","2"
"64","5","3","30","30","37","3700000","85173","0.02301972972972973","16","19"
"65","5","3","30","30","34","3400000","96869","0.028490882352941175","8","17"
"62","5","3","30","30","77","7700000","141738","0.01840753246753247","2","2"
"64","5","3","30","30","38","3800000","86133","0.02266657894736842","16","19"
"65","5","3","30","30","35","3500000","98560","0.02816","7","11"
"62","5","3","30","30","78","7800000","142164","0.018226153846153847","2","2"
"64","5","3","30","30","39","3900000","87025","0.022314102564102566","16","20"
"65","5","3","30","30","36","3600000","100182","0.027828333333333333","8","14"
"62","5","3","30","30","79","7900000","142425","0.018028481012658228","2","3"
"64","5","3","30","30","40","4000000","87689","0.02192225","14","17"
"65","5","3","30","30","37","3700000","102000","0.027567567567567567","7","12"
"62","5","3","30","30","80","8000000","142702","0.01783775","2","2"
"64","5","3","30","30","41","4100000","88210","0.021514634146341464","16","20"
"65","5","3","30","30","38","3800000","103471","0.02722921052631579","7","11"
"62","5","3","30","30","81","8100000","142862","0.017637283950617283","2","2"
"64","5","3","30","30","42","4200000","88584","0.02109142857142857","14","17"
"65","5","3","30","30","39","3900000","104910","0.0269","7","8"
"62","5","3","30","30","82","8200000","143007","0.01743987804878049","2","2"
"64","5","3","30","30","43","4300000","88817","0.02065511627906977","14","15"
"65","5","3","30","30","40","4000000","106349","0.02658725","7","7"
"62","5","3","30","30","83","8300000","143009","0.01723","1","1"
"66","5","3","30","30","0","0","0","0","123","882"
"64","5","3","30","30","44","4400000","88956","0.020217272727272726","14","15"
"65","5","3","30","30","41","4100000","107895","0.026315853658536587","7","11"
"64","5","3","30","30","45","4500000","89143","0.019809555555555556","14","15"
"65","5","3","30","30","42","4200000","109451","0.026059761904761905","5","7"
"66","5","3","30","30","1","100000","7309","0.07309","98","234"
"64","5","3","30","30","46","4600000","89294","0.019411739130434782","14","15"
"65","5","3","30","30","43","4300000","110436","0.02568279069767442","5","7"
"66","5","3","30","30","2","200000","13990","0.06995","83","157"
"64","5","3","30","30","47","4700000","89453","0.019032553191489363","15","16"
"65","5","3","30","30","44","4400000","111523","0.025346136363636362","5","12"
"66","5","3","30","30","3","300000","19685","0.06561666666666667","59","101"
"64","5","3","30","30","48","4800000","89667","0.018680625","14","15"
"65","5","3","30","30","45","4500000","112392","0.024976","5","5"
"66","5","3","30","30","4","400000","25164","0.06291","49","91"
"64","5","3","30","30","49","4900000","89887","0.018344285714285716","14","17"
"65","5","3","30","30","46","4600000","113280","0.02462608695652174","5","7"
"66","5","3","30","30","5","500000","29977","0.059954","39","63"
"64","5","3","30","30","50","5000000","90060","0.018012","14","15"
"65","5","3","30","30","47","4700000","114063","0.02426872340425532","5","5"
"66","5","3","30","30","6","600000","34268","0.057113333333333335","33","68"
"64","5","3","30","30","51","5100000","90243","0.017694705882352942","14","15"
"65","5","3","30","30","48","4800000","114868","0.023930833333333332","5","9"
"66","5","3","30","30","7","700000","37841","0.05405857142857143","29","56"
"64","5","3","30","30","52","5200000","90439","0.017392115384615384","13","14"
"65","5","3","30","30","49","4900000","115716","0.023615510204081633","5","8"
"66","5","3","30","30","8","800000","41790","0.0522375","26","45"
"64","5","3","30","30","53","5300000","90624","0.0170988679245283","13","15"
"65","5","3","30","30","50","5000000","116474","0.0232948","5","6"
"66","5","3","30","30","9","900000","45355","0.05039444444444444","27","41"
"64","5","3","30","30","54","5400000","90800","0.016814814814814814","13","14"
"65","5","3","30","30","51","5100000","117236","0.022987450980392156","5","5"
"66","5","3","30","30","10","1000000","48811","0.048811","22","43"
"64","5","3","30","30","55","5500000","91031","0.016551090909090908","13","14"
"65","5","3","30","30","52","5200000","117963","0.02268519230769231","5","7"
"66","5","3","30","30","11","1100000","52249","0.04749909090909091","25","45"
"65","5","3","30","30","53","5300000","118717","0.02239943396226415","5","8"
"64","5","3","30","30","56","5600000","91256","0.016295714285714285","13","16"
"65","5","3","30","30","54","5400000","119344","0.02210074074074074","5","5"
"64","5","3","30","30","57","5700000","91486","0.016050175438596492","14","15"
"66","5","3","30","30","12","1200000","55989","0.0466575","22","35"
"65","5","3","30","30","55","5500000","119946","0.021808363636363636","5","5"
"64","5","3","30","30","58","5800000","91661","0.015803620689655174","13","14"
"66","5","3","30","30","13","1300000","59445","0.045726923076923075","21","30"
"65","5","3","30","30","56","5600000","120498","0.0215175","5","5"
"64","5","3","30","30","59","5900000","91840","0.015566101694915254","14","16"
"66","5","3","30","30","14","1400000","62972","0.04498","20","36"
"65","5","3","30","30","57","5700000","121016","0.021230877192982455","5","7"
"64","5","3","30","30","60","6000000","91996","0.015332666666666666","13","15"
"66","5","3","30","30","15","1500000","66326","0.04421733333333333","17","34"
"65","5","3","30","30","58","5800000","121350","0.02092241379310345","4","5"
"64","5","3","30","30","61","6100000","92239","0.015121147540983607","12","13"
"66","5","3","30","30","16","1600000","69488","0.04343","15","35"
"65","5","3","30","30","59","5900000","121591","0.02060864406779661","4","6"
"64","5","3","30","30","62","6200000","92517","0.014922096774193549","13","15"
"66","5","3","30","30","17","1700000","72621","0.04271823529411765","15","34"
"65","5","3","30","30","60","6000000","121757","0.020292833333333333","3","3"
"67","5","3","30","30","0","0","0","0","125","883"
"64","5","3","30","30","63","6300000","92753","0.014722698412698413","13","15"
"66","5","3","30","30","18","1800000","75445","0.04191388888888889","14","21"
"67","5","3","30","30","1","100000","6571","0.06571","97","232"
"64","5","3","30","30","64","6400000","92977","0.01452765625","13","14"
"66","5","3","30","30","19","1900000","77913","0.04100684210526316","15","29"
"64","5","3","30","30","65","6500000","93165","0.014333076923076922","13","17"
"67","5","3","30","30","2","200000","12875","0.064375","76","158"
"66","5","3","30","30","20","2000000","80440","0.04022","15","28"
"67","5","3","30","30","3","300000","18509","0.061696666666666664","68","118"
"64","5","3","30","30","66","6600000","93366","0.014146363636363636","13","14"
"66","5","3","30","30","21","2100000","82624","0.0393447619047619","14","20"
"64","5","3","30","30","67","6700000","93485","0.013952985074626867","13","14"
"67","5","3","30","30","4","400000","23562","0.058905","48","81"
"66","5","3","30","30","22","2200000","84716","0.03850727272727273","14","17"
"64","5","3","30","30","68","6800000","93622","0.013767941176470589","13","14"
"67","5","3","30","30","5","500000","27247","0.054494","39","62"
"66","5","3","30","30","23","2300000","87016","0.03783304347826087","14","24"
"64","5","3","30","30","69","6900000","93794","0.013593333333333334","13","14"
"67","5","3","30","30","6","600000","30382","0.05063666666666667","33","49"
"66","5","3","30","30","24","2400000","89186","0.03716083333333333","13","23"
"64","5","3","30","30","70","7000000","94030","0.013432857142857142","13","15"
"67","5","3","30","30","7","700000","33151","0.04735857142857143","34","59"
"66","5","3","30","30","25","2500000","91454","0.0365816","11","19"
"64","5","3","30","30","71","7100000","94207","0.013268591549295775","13","14"
"67","5","3","30","30","8","800000","36411","0.04551375","26","44"
"66","5","3","30","30","26","2600000","93266","0.03587153846153846","10","16"
"64","5","3","30","30","72","7200000","94304","0.013097777777777778","13","14"
"67","5","3","30","30","9","900000","39243","0.043603333333333334","27","40"
"66","5","3","30","30","27","2700000","94814","0.0351162962962963","7","10"
"64","5","3","30","30","73","7300000","94408","0.012932602739726027","13","14"
"67","5","3","30","30","10","1000000","42165","0.042165","28","46"
"66","5","3","30","30","28","2800000","95832","0.03422571428571428","8","10"
"64","5","3","30","30","74","7400000","94480","0.012767567567567568","13","14"
"67","5","3","30","30","11","1100000","45607","0.04146090909090909","30","47"
"66","5","3","30","30","29","2900000","96800","0.033379310344827585","8","11"
"64","5","3","30","30","75","7500000","94625","0.012616666666666667","13","14"
"67","5","3","30","30","12","1200000","49144","0.040953333333333335","25","47"
"66","5","3","30","30","30","3000000","97742","0.03258066666666667","7","8"
"64","5","3","30","30","76","7600000","94835","0.01247828947368421","13","16"
"67","5","3","30","30","13","1300000","51992","0.03999384615384615","21","40"
"66","5","3","30","30","31","3100000","98733","0.031849354838709674","8","15"
"64","5","3","30","30","77","7700000","94991","0.012336493506493507","14","17"
"67","5","3","30","30","14","1400000","54787","0.03913357142857143","23","42"
"66","5","3","30","30","32","3200000","99777","0.0311803125","8","8"
"64","5","3","30","30","78","7800000","95128","0.012195897435897435","13","14"
"67","5","3","30","30","15","1500000","58211","0.03880733333333333","20","37"
"66","5","3","30","30","33","3300000","100828","0.030553939393939394","8","13"
"64","5","3","30","30","79","7900000","95207","0.012051518987341771","14","15"
"67","5","3","30","30","16","1600000","61388","0.0383675","20","35"
"66","5","3","30","30","34","3400000","101824","0.029948235294117647","8","13"
"64","5","3","30","30","80","8000000","95333","0.011916625","13","16"
"67","5","3","30","30","17","1700000","64644","0.03802588235294117","19","29"
"66","5","3","30","30","35","3500000","102996","0.029427428571428573","7","8"
"64","5","3","30","30","81","8100000","95497","0.011789753086419753","14","15"
"67","5","3","30","30","18","1800000","68075","0.03781944444444445","18","40"
"66","5","3","30","30","36","3600000","104140","0.028927777777777778","10","13"
"64","5","3","30","30","82","8200000","95588","0.011657073170731707","13","14"
"67","5","3","30","30","19","1900000","71530","0.03764736842105263","20","38"
"66","5","3","30","30","37","3700000","105396","0.028485405405405406","7","9"
"64","5","3","30","30","83","8300000","95703","0.011530481927710843","13","14"
"67","5","3","30","30","20","2000000","74632","0.037316","21","35"
"66","5","3","30","30","38","3800000","106515","0.028030263157894735","9","11"
"64","5","3","30","30","84","8400000","95791","0.011403690476190477","13","14"
"66","5","3","30","30","39","3900000","107914","0.02767025641025641","7","8"
"67","5","3","30","30","21","2100000","77830","0.03706190476190476","22","42"
"64","5","3","30","30","85","8500000","95906","0.011283058823529412","14","18"
"66","5","3","30","30","40","4000000","108986","0.0272465","5","5"
"67","5","3","30","30","22","2200000","80529","0.03660409090909091","18","37"
"64","5","3","30","30","86","8600000","96087","0.011172906976744185","13","14"
"66","5","3","30","30","41","4100000","109898","0.026804390243902437","5","7"
"67","5","3","30","30","23","2300000","83138","0.03614695652173913","16","30"
"64","5","3","30","30","87","8700000","96335","0.011072988505747127","14","15"
"66","5","3","30","30","42","4200000","110696","0.026356190476190478","5","7"
"67","5","3","30","30","24","2400000","85782","0.0357425","18","27"
"64","5","3","30","30","88","8800000","96422","0.010957045454545454","13","16"
"66","5","3","30","30","43","4300000","111677","0.02597139534883721","5","6"
"67","5","3","30","30","25","2500000","88566","0.0354264","16","25"
"64","5","3","30","30","89","8900000","96663","0.010861011235955056","13","14"
"66","5","3","30","30","44","4400000","112627","0.025597045454545456","5","5"
"67","5","3","30","30","26","2600000","90916","0.03496769230769231","15","19"
"64","5","3","30","30","90","9000000","96878","0.010764222222222222","13","14"
"66","5","3","30","30","45","4500000","113439","0.025208666666666667","5","5"
"67","5","3","30","30","27","2700000","93113","0.0344862962962963","16","25"
"64","5","3","30","30","91","9100000","96954","0.010654285714285715","13","14"
"66","5","3","30","30","46","4600000","114270","0.024841304347826085","5","5"
"64","5","3","30","30","92","9200000","97046","0.010548478260869566","13","14"
"67","5","3","30","30","28","2800000","95647","0.034159642857142854","16","32"
"66","5","3","30","30","47","4700000","115068","0.024482553191489363","5","6"
"64","5","3","30","30","93","9300000","97178","0.010449247311827958","13","14"
"67","5","3","30","30","29","2900000","98030","0.03380344827586207","16","32"
"66","5","3","30","30","48","4800000","115847","0.024134791666666666","5","5"
"64","5","3","30","30","94","9400000","97381","0.01035968085106383","13","15"
"67","5","3","30","30","30","3000000","100160","0.03338666666666667","17","30"
"66","5","3","30","30","49","4900000","116734","0.02382326530612245","5","7"
"64","5","3","30","30","95","9500000","97550","0.01026842105263158","13","15"
"67","5","3","30","30","31","3100000","102009","0.032906129032258064","15","33"
"66","5","3","30","30","50","5000000","117530","0.023506","5","7"
"64","5","3","30","30","96","9600000","97668","0.01017375","13","15"
"67","5","3","30","30","32","3200000","103755","0.0324234375","13","16"
"66","5","3","30","30","51","5100000","118409","0.023217450980392157","5","8"
"64","5","3","30","30","97","9700000","97818","0.010084329896907216","14","16"
"67","5","3","30","30","33","3300000","105245","0.03189242424242424","13","16"
"66","5","3","30","30","52","5200000","119475","0.02297596153846154","5","7"
"64","5","3","30","30","98","9800000","98027","0.010002755102040817","13","14"
"67","5","3","30","30","34","3400000","106700","0.03138235294117647","13","19"
"66","5","3","30","30","53","5300000","120461","0.022728490566037735","5","7"
"64","5","3","30","30","99","9900000","98173","0.009916464646464647","12","13"
"67","5","3","30","30","35","3500000","108081","0.030880285714285714","12","18"
"66","5","3","30","30","54","5400000","121515","0.022502777777777778","5","5"
"64","5","3","30","30","100","10000000","98272","0.0098272","13","15"
"67","5","3","30","30","36","3600000","109592","0.03044222222222222","14","20"
"66","5","3","30","30","55","5500000","122437","0.022261272727272727","5","6"
"64","5","3","30","30","101","10100000","98399","0.009742475247524753","14","16"
"67","5","3","30","30","37","3700000","111307","0.030082972972972973","13","24"
"66","5","3","30","30","56","5600000","123429","0.022040892857142856","5","6"
"64","5","3","30","30","102","10200000","98504","0.009657254901960784","13","14"
"67","5","3","30","30","38","3800000","113194","0.029787894736842107","14","30"
"66","5","3","30","30","57","5700000","124699","0.02187701754385965","5","5"
"64","5","3","30","30","103","10300000","98588","0.009571650485436893","13","14"
"67","5","3","30","30","39","3900000","115041","0.029497692307692308","13","21"
"66","5","3","30","30","58","5800000","125609","0.021656724137931033","5","6"
"64","5","3","30","30","104","10400000","98636","0.009484230769230769","13","14"
"67","5","3","30","30","40","4000000","116689","0.02917225","14","23"
"66","5","3","30","30","59","5900000","126591","0.021456101694915256","5","5"
"64","5","3","30","30","105","10500000","98728","0.009402666666666667","13","15"
"67","5","3","30","30","41","4100000","118290","0.02885121951219512","13","23"
"66","5","3","30","30","60","6000000","127434","0.021239","5","5"
"64","5","3","30","30","106","10600000","98824","0.009323018867924528","13","14"
"67","5","3","30","30","42","4200000","119855","0.028536904761904763","13","16"
"66","5","3","30","30","61","6100000","128353","0.021041475409836065","5","6"
"64","5","3","30","30","107","10700000","98951","0.009247757009345794","13","14"
"67","5","3","30","30","43","4300000","121397","0.02823186046511628","13","17"
"66","5","3","30","30","62","6200000","129227","0.020843064516129033","5","6"
"64","5","3","30","30","108","10800000","99212","0.009186296296296297","13","15"
"67","5","3","30","30","44","4400000","122789","0.02790659090909091","14","20"
"66","5","3","30","30","63","6300000","130189","0.020664920634920633","5","8"
"64","5","3","30","30","109","10900000","99481","0.009126697247706423","13","16"
"67","5","3","30","30","45","4500000","124544","0.027676444444444444","12","21"
"66","5","3","30","30","64","6400000","131064","0.02047875","5","8"
"64","5","3","30","30","110","11000000","99749","0.00906809090909091","12","13"
"67","5","3","30","30","46","4600000","125930","0.027376086956521738","12","18"
"64","5","3","30","30","111","11100000","99891","0.00899918918918919","12","14"
"66","5","3","30","30","65","6500000","131907","0.020293384615384616","5","5"
"67","5","3","30","30","47","4700000","127452","0.027117446808510637","11","16"
"64","5","3","30","30","112","11200000","99960","0.008925","12","13"
"66","5","3","30","30","66","6600000","132854","0.02012939393939394","5","6"
"67","5","3","30","30","48","4800000","128976","0.02687","13","20"
"64","5","3","30","30","113","11300000","100051","0.008854070796460178","12","13"
"66","5","3","30","30","67","6700000","133817","0.01997268656716418","5","8"
"67","5","3","30","30","49","4900000","130594","0.026651836734693877","12","20"
"64","5","3","30","30","114","11400000","100204","0.008789824561403509","12","14"
"66","5","3","30","30","68","6800000","134604","0.01979470588235294","5","8"
"67","5","3","30","30","50","5000000","132351","0.0264702","12","16"
"64","5","3","30","30","115","11500000","100287","0.008720608695652174","12","13"
"66","5","3","30","30","69","6900000","135389","0.01962159420289855","5","5"
"67","5","3","30","30","51","5100000","134246","0.026322745098039217","11","14"
"64","5","3","30","30","116","11600000","100348","0.008650689655172414","12","13"
"66","5","3","30","30","70","7000000","136198","0.019456857142857144","5","6"
"67","5","3","30","30","52","5200000","136035","0.026160576923076922","12","20"
"64","5","3","30","30","117","11700000","100421","0.008582991452991453","12","13"
"66","5","3","30","30","71","7100000","137014","0.01929774647887324","5","6"
"67","5","3","30","30","53","5300000","137522","0.02594754716981132","10","15"
"64","5","3","30","30","118","11800000","100478","0.008515084745762711","12","13"
"66","5","3","30","30","72","7200000","137865","0.019147916666666667","5","6"
"67","5","3","30","30","54","5400000","139075","0.02575462962962963","10","19"
"64","5","3","30","30","119","11900000","100541","0.008448823529411766","12","13"
"66","5","3","30","30","73","7300000","138743","0.019005890410958903","5","5"
"67","5","3","30","30","55","5500000","140432","0.025533090909090908","11","16"
"64","5","3","30","30","120","12000000","100626","0.0083855","12","14"
"66","5","3","30","30","74","7400000","139744","0.018884324324324325","5","9"
"67","5","3","30","30","56","5600000","141642","0.025293214285714287","11","16"
"64","5","3","30","30","121","12100000","100714","0.008323471074380166","12","15"
"66","5","3","30","30","75","7500000","140723","0.018763066666666668","5","7"
"67","5","3","30","30","57","5700000","142545","0.025007894736842104","10","14"
"64","5","3","30","30","122","12200000","100764","0.008259344262295082","12","13"
"66","5","3","30","30","76","7600000","141705","0.018645394736842104","5","5"
"67","5","3","30","30","58","5800000","143363","0.024717758620689655","10","15"
"64","5","3","30","30","123","12300000","100821","0.008196829268292682","12","13"
"66","5","3","30","30","77","7700000","142641","0.018524805194805195","5","7"
"67","5","3","30","30","59","5900000","144166","0.02443491525423729","10","12"
"64","5","3","30","30","124","12400000","100891","0.008136370967741936","12","13"
"66","5","3","30","30","78","7800000","143595","0.018409615384615385","5","5"
"67","5","3","30","30","60","6000000","144843","0.0241405","10","12"
"64","5","3","30","30","125","12500000","100940","0.0080752","12","13"
"66","5","3","30","30","79","7900000","144436","0.018283037974683544","5","5"
"67","5","3","30","30","61","6100000","145393","0.023834918032786884","8","9"
"64","5","3","30","30","126","12600000","101005","0.008016269841269841","12","13"
"66","5","3","30","30","80","8000000","145302","0.01816275","5","6"
"67","5","3","30","30","62","6200000","145972","0.023543870967741937","9","11"
"64","5","3","30","30","127","12700000","101066","0.007957952755905513","12","13"
"66","5","3","30","30","81","8100000","146229","0.01805296296296296","5","5"
"67","5","3","30","30","63","6300000","146578","0.023266349206349207","9","10"
"64","5","3","30","30","128","12800000","101160","0.007903125","12","13"
"66","5","3","30","30","82","8200000","147115","0.017940853658536586","5","6"
"67","5","3","30","30","64","6400000","147091","0.02298296875","8","9"
"64","5","3","30","30","129","12900000","101243","0.007848294573643411","12","13"
"66","5","3","30","30","83","8300000","148009","0.017832409638554217","5","6"
"67","5","3","30","30","65","6500000","147714","0.02272523076923077","8","10"
"64","5","3","30","30","130","13000000","101363","0.007797153846153846","12","14"
"66","5","3","30","30","84","8400000","148835","0.01771845238095238","5","9"
"67","5","3","30","30","66","6600000","148105","0.022440151515151514","7","8"
"64","5","3","30","30","131","13100000","101435","0.007743129770992367","12","14"
"66","5","3","30","30","85","8500000","149667","0.017607882352941178","5","5"
"67","5","3","30","30","67","6700000","148308","0.0221355223880597","7","9"
"64","5","3","30","30","132","13200000","101507","0.007689924242424242","12","13"
"66","5","3","30","30","86","8600000","150128","0.01745674418604651","5","5"
"67","5","3","30","30","68","6800000","148500","0.021838235294117648","7","8"
"64","5","3","30","30","133","13300000","101601","0.007639172932330827","12","13"
"66","5","3","30","30","87","8700000","150617","0.01731229885057471","5","7"
"67","5","3","30","30","69","6900000","148697","0.021550289855072464","7","8"
"64","5","3","30","30","134","13400000","101682","0.007588208955223881","12","13"
"66","5","3","30","30","88","8800000","151105","0.017171022727272726","5","5"
"67","5","3","30","30","70","7000000","148985","0.02128357142857143","7","8"
"64","5","3","30","30","135","13500000","101740","0.007536296296296296","12","13"
"66","5","3","30","30","89","8900000","151535","0.017026404494382023","5","6"
"67","5","3","30","30","71","7100000","149278","0.02102507042253521","7","9"
"64","5","3","30","30","136","13600000","101808","0.007485882352941176","12","13"
"66","5","3","30","30","90","9000000","151887","0.016876333333333333","5","5"
"67","5","3","30","30","72","7200000","149591","0.02077652777777778","7","8"
"64","5","3","30","30","137","13700000","101877","0.007436277372262773","12","13"
"66","5","3","30","30","91","9100000","152166","0.01672153846153846","5","5"
"64","5","3","30","30","138","13800000","101952","0.007387826086956522","12","13"
"67","5","3","30","30","73","7300000","149887","0.02053246575342466","7","8"
"66","5","3","30","30","92","9200000","152289","0.016553152173913042","4","4"
"68","5","3","30","30","0","0","0","0","125","889"
"64","5","3","30","30","139","13900000","102048","0.00734158273381295","12","13"
"67","5","3","30","30","74","7400000","150216","0.02029945945945946","7","8"
"68","5","3","30","30","1","100000","6911","0.06911","100","228"
"67","5","3","30","30","75","7500000","150476","0.02006346666666667","7","10"
"64","5","3","30","30","140","14000000","102165","0.0072975","12","14"
"68","5","3","30","30","2","200000","13547","0.067735","71","149"
"67","5","3","30","30","76","7600000","150833","0.019846447368421054","7","8"
"64","5","3","30","30","141","14100000","102255","0.007252127659574468","12","13"
"68","5","3","30","30","3","300000","19193","0.06397666666666667","57","115"
"64","5","3","30","30","142","14200000","102362","0.007208591549295775","12","13"
"67","5","3","30","30","77","7700000","151198","0.019636103896103894","7","11"
"67","5","3","30","30","78","7800000","151563","0.019431153846153845","7","8"
"64","5","3","30","30","143","14300000","102456","0.007164755244755245","12","13"
"68","5","3","30","30","4","400000","24478","0.061195","46","79"
"64","5","3","30","30","144","14400000","102598","0.007124861111111111","12","14"
"67","5","3","30","30","79","7900000","151852","0.019221772151898735","7","8"
"68","5","3","30","30","5","500000","29855","0.05971","39","75"
"64","5","3","30","30","145","14500000","102850","0.007093103448275862","12","13"
"67","5","3","30","30","80","8000000","152122","0.01901525","7","9"
"68","5","3","30","30","6","600000","35049","0.058415","41","66"
"64","5","3","30","30","146","14600000","102930","0.00705","12","13"
"67","5","3","30","30","81","8100000","152324","0.018805432098765434","7","8"
"68","5","3","30","30","7","700000","39797","0.05685285714285714","35","56"
"64","5","3","30","30","147","14700000","103028","0.007008707482993197","12","13"
"67","5","3","30","30","82","8200000","152595","0.018609146341463413","7","8"
"68","5","3","30","30","8","800000","43841","0.05480125","28","44"
"64","5","3","30","30","148","14800000","103141","0.0069689864864864864","12","14"
"67","5","3","30","30","83","8300000","152838","0.018414216867469878","7","8"
"68","5","3","30","30","9","900000","47667","0.052963333333333334","30","48"
"64","5","3","30","30","149","14900000","103207","0.006926644295302014","12","13"
"67","5","3","30","30","84","8400000","153076","0.018223333333333334","7","8"
"68","5","3","30","30","10","1000000","51624","0.051624","26","39"
"64","5","3","30","30","150","15000000","103258","0.006883866666666667","12","13"
"67","5","3","30","30","85","8500000","153396","0.018046588235294116","7","9"
"68","5","3","30","30","11","1100000","55084","0.050076363636363634","23","30"
"64","5","3","30","30","151","15100000","103510","0.006854966887417218","12","14"
"67","5","3","30","30","86","8600000","153739","0.017876627906976743","7","10"
"68","5","3","30","30","12","1200000","57873","0.0482275","22","32"
"64","5","3","30","30","152","15200000","103691","0.0068217763157894734","12","15"
"67","5","3","30","30","87","8700000","154172","0.017720919540229887","7","8"
"68","5","3","30","30","13","1300000","59831","0.04602384615384615","18","25"
"64","5","3","30","30","153","15300000","103748","0.0067809150326797385","12","13"
"67","5","3","30","30","88","8800000","154638","0.0175725","7","8"
"68","5","3","30","30","14","1400000","61718","0.044084285714285715","18","28"
"64","5","3","30","30","154","15400000","103830","0.0067422077922077925","12","13"
"67","5","3","30","30","89","8900000","155142","0.017431685393258428","7","8"
"68","5","3","30","30","15","1500000","63851","0.04256733333333333","19","31"
"64","5","3","30","30","155","15500000","103947","0.006706258064516129","12","13"
"67","5","3","30","30","90","9000000","155540","0.017282222222222223","7","9"
"68","5","3","30","30","16","1600000","66021","0.041263125","16","26"
"64","5","3","30","30","156","15600000","104162","0.006677051282051282","12","13"
"67","5","3","30","30","91","9100000","155785","0.01711923076923077","7","8"
"68","5","3","30","30","17","1700000","68107","0.040062941176470586","17","29"
"64","5","3","30","30","157","15700000","104318","0.0066444585987261145","12","13"
"67","5","3","30","30","92","9200000","156083","0.016965543478260868","7","11"
"68","5","3","30","30","18","1800000","69978","0.038876666666666664","16","22"
"64","5","3","30","30","158","15800000","104527","0.006615632911392405","12","13"
"67","5","3","30","30","93","9300000","156233","0.016799247311827956","7","8"
"68","5","3","30","30","19","1900000","71866","0.03782421052631579","16","21"
"64","5","3","30","30","159","15900000","104665","0.006582704402515723","12","14"
"67","5","3","30","30","94","9400000","156374","0.016635531914893618","7","8"
"64","5","3","30","30","160","16000000","104746","0.006546625","12","13"
"68","5","3","30","30","20","2000000","73495","0.0367475","19","23"
"67","5","3","30","30","95","9500000","156467","0.01647021052631579","7","8"
"64","5","3","30","30","161","16100000","104863","0.006513229813664596","12","13"
"68","5","3","30","30","21","2100000","75587","0.035993809523809525","17","24"
"67","5","3","30","30","96","9600000","156605","0.016313020833333334","7","8"
"64","5","3","30","30","162","16200000","104909","0.0064758641975308645","12","13"
"68","5","3","30","30","22","2200000","76939","0.03497227272727273","12","14"
"67","5","3","30","30","97","9700000","156724","0.016157113402061857","7","8"
"64","5","3","30","30","163","16300000","104973","0.006440061349693251","12","13"
"68","5","3","30","30","23","2300000","77955","0.03389347826086957","11","14"
"67","5","3","30","30","98","9800000","156835","0.01600357142857143","7","9"
"64","5","3","30","30","164","16400000","105043","0.006405060975609756","12","14"
"68","5","3","30","30","24","2400000","79209","0.03300375","14","15"
"67","5","3","30","30","99","9900000","156915","0.01585","6","7"
"69","5","3","30","30","0","0","0","0","125","890"
"64","5","3","30","30","165","16500000","105096","0.006369454545454545","12","13"
"68","5","3","30","30","25","2500000","80637","0.0322548","14","19"
"69","5","3","30","30","1","100000","7630","0.0763","96","237"
"64","5","3","30","30","166","16600000","105148","0.00633421686746988","12","13"
"68","5","3","30","30","26","2600000","81776","0.03145230769230769","10","16"
"69","5","3","30","30","2","200000","13651","0.068255","72","142"
"64","5","3","30","30","167","16700000","105228","0.006301077844311377","12","13"
"68","5","3","30","30","27","2700000","82670","0.030618518518518517","9","9"
"69","5","3","30","30","3","300000","19274","0.06424666666666666","61","121"
"64","5","3","30","30","168","16800000","105305","0.006268154761904762","12","13"
"68","5","3","30","30","28","2800000","83701","0.029893214285714287","10","14"
"64","5","3","30","30","169","16900000","105354","0.00623396449704142","12","13"
"69","5","3","30","30","4","400000","24681","0.0617025","47","89"
"68","5","3","30","30","29","2900000","84720","0.029213793103448276","9","10"
"64","5","3","30","30","170","17000000","105440","0.0062023529411764705","12","13"
"69","5","3","30","30","5","500000","29506","0.059012","45","75"
"68","5","3","30","30","30","3000000","85650","0.02855","10","12"
"64","5","3","30","30","171","17100000","105656","0.006178713450292398","12","13"
"69","5","3","30","30","6","600000","34126","0.056876666666666666","36","59"
"68","5","3","30","30","31","3100000","86363","0.027859032258064517","9","10"
"64","5","3","30","30","172","17200000","105784","0.006150232558139535","12","14"
"69","5","3","30","30","7","700000","38178","0.05454","35","60"
"68","5","3","30","30","32","3200000","87227","0.0272584375","10","12"
"64","5","3","30","30","173","17300000","105849","0.006118439306358381","12","13"
"69","5","3","30","30","8","800000","42075","0.05259375","28","46"
"68","5","3","30","30","33","3300000","87950","0.026651515151515152","9","12"
"64","5","3","30","30","174","17400000","105927","0.0060877586206896555","12","13"
"69","5","3","30","30","9","900000","46120","0.05124444444444445","29","47"
"68","5","3","30","30","34","3400000","88822","0.026124117647058822","9","12"
"64","5","3","30","30","175","17500000","106039","0.006059371428571428","12","13"
"69","5","3","30","30","10","1000000","49580","0.04958","25","43"
"68","5","3","30","30","35","3500000","89784","0.025652571428571427","9","9"
"64","5","3","30","30","176","17600000","106241","0.006036420454545455","12","14"
"68","5","3","30","30","36","3600000","90669","0.025185833333333334","9","10"
"69","5","3","30","30","11","1100000","52801","0.048000909090909094","20","39"
"64","5","3","30","30","177","17700000","106384","0.006010395480225988","12","13"
"68","5","3","30","30","37","3700000","91703","0.024784594594594596","9","9"
"69","5","3","30","30","12","1200000","55989","0.0466575","21","35"
"64","5","3","30","30","178","17800000","106485","0.0059823033707865165","12","13"
"68","5","3","30","30","38","3800000","92809","0.02442342105263158","9","11"
"69","5","3","30","30","13","1300000","58911","0.045316153846153846","21","31"
"64","5","3","30","30","179","17900000","106596","0.005955083798882681","12","13"
"68","5","3","30","30","39","3900000","93805","0.0240525641025641","9","12"
"69","5","3","30","30","14","1400000","61612","0.04400857142857143","20","34"
"64","5","3","30","30","180","18000000","106687","0.005927055555555555","12","13"
"68","5","3","30","30","40","4000000","94992","0.023748","9","12"
"69","5","3","30","30","15","1500000","63961","0.04264066666666667","17","24"
"64","5","3","30","30","181","18100000","106758","0.005898232044198895","12","14"
"68","5","3","30","30","41","4100000","96121","0.023444146341463416","10","12"
"69","5","3","30","30","16","1600000","65676","0.0410475","15","16"
"64","5","3","30","30","182","18200000","106881","0.005872582417582418","12","13"
"68","5","3","30","30","42","4200000","97296","0.023165714285714286","9","12"
"69","5","3","30","30","17","1700000","67029","0.039428823529411766","12","14"
"64","5","3","30","30","183","18300000","106938","0.005843606557377049","12","13"
"68","5","3","30","30","43","4300000","98238","0.02284604651162791","8","10"
"69","5","3","30","30","18","1800000","68078","0.03782111111111111","12","15"
"64","5","3","30","30","184","18400000","106987","0.005814510869565218","12","14"
"68","5","3","30","30","44","4400000","99013","0.022502954545454545","8","8"
"69","5","3","30","30","19","1900000","69167","0.03640368421052632","11","12"
"64","5","3","30","30","185","18500000","107062","0.005787135135135135","12","14"
"68","5","3","30","30","45","4500000","99723","0.022160666666666665","8","9"
"69","5","3","30","30","20","2000000","69860","0.03493","10","10"
"64","5","3","30","30","186","18600000","107180","0.005762365591397849","12","13"
"68","5","3","30","30","46","4600000","100381","0.02182195652173913","7","8"
"69","5","3","30","30","21","2100000","70295","0.033473809523809524","10","11"
"64","5","3","30","30","187","18700000","107251","0.005735347593582888","12","13"
"68","5","3","30","30","47","4700000","101004","0.02149021276595745","7","9"
"69","5","3","30","30","22","2200000","70884","0.03222","10","11"
"64","5","3","30","30","188","18800000","107306","0.0057077659574468085","12","13"
"68","5","3","30","30","48","4800000","101579","0.021162291666666666","7","7"
"69","5","3","30","30","23","2300000","71529","0.031099565217391305","10","12"
"64","5","3","30","30","189","18900000","107353","0.00568005291005291","12","13"
"68","5","3","30","30","49","4900000","102176","0.020852244897959185","7","9"
"69","5","3","30","30","24","2400000","72282","0.0301175","10","12"
"64","5","3","30","30","190","19000000","107457","0.005655631578947369","12","13"
"68","5","3","30","30","50","5000000","102725","0.020545","7","10"
"69","5","3","30","30","25","2500000","72963","0.0291852","10","11"
"64","5","3","30","30","191","19100000","107613","0.005634188481675392","12","13"
"68","5","3","30","30","51","5100000","103436","0.02028156862745098","7","7"
"69","5","3","30","30","26","2600000","73575","0.028298076923076922","10","11"
"64","5","3","30","30","192","19200000","107763","0.00561265625","12","13"
"68","5","3","30","30","52","5200000","104030","0.02000576923076923","7","8"
"69","5","3","30","30","27","2700000","74089","0.027440370370370372","10","11"
"64","5","3","30","30","193","19300000","107944","0.005592953367875648","12","13"
"68","5","3","30","30","53","5300000","104666","0.01974830188679245","7","8"
"69","5","3","30","30","28","2800000","74563","0.02662964285714286","10","10"
"64","5","3","30","30","194","19400000","108030","0.005568556701030927","12","13"
"68","5","3","30","30","54","5400000","105214","0.019484074074074074","7","7"
"69","5","3","30","30","29","2900000","75036","0.02587448275862069","10","10"
"64","5","3","30","30","195","19500000","108089","0.0055430256410256415","12","13"
"68","5","3","30","30","55","5500000","105789","0.019234363636363636","7","8"
"69","5","3","30","30","30","3000000","75565","0.025188333333333333","10","10"
"64","5","3","30","30","196","19600000","108187","0.005519744897959184","12","13"
"68","5","3","30","30","56","5600000","106262","0.018975357142857145","7","9"
"69","5","3","30","30","31","3100000","76016","0.024521290322580644","10","10"
"64","5","3","30","30","197","19700000","108250","0.00549492385786802","12","13"
"68","5","3","30","30","57","5700000","106910","0.018756140350877193","7","12"
"69","5","3","30","30","32","3200000","76413","0.0238790625","10","11"
"64","5","3","30","30","198","19800000","108306","0.00547","12","14"
"68","5","3","30","30","58","5800000","107344","0.01850758620689655","7","8"
"69","5","3","30","30","33","3300000","76817","0.02327787878787879","10","11"
"64","5","3","30","30","199","19900000","108407","0.005447587939698493","12","13"
"68","5","3","30","30","59","5900000","107809","0.01827271186440678","7","9"
"69","5","3","30","30","34","3400000","77207","0.022707941176470587","10","10"
"64","5","3","30","30","200","20000000","108491","0.00542455","12","13"
"68","5","3","30","30","60","6000000","108242","0.018040333333333332","7","7"
"69","5","3","30","30","35","3500000","77545","0.022155714285714286","10","11"
"64","5","3","30","30","201","20100000","108551","0.005400547263681592","12","13"
"68","5","3","30","30","61","6100000","108607","0.017804426229508195","7","7"
"69","5","3","30","30","36","3600000","77655","0.021570833333333334","8","8"
"70","5","3","30","30","0","0","0","0","125","886"
"64","5","3","30","30","202","20200000","108614","0.005376930693069307","12","13"
"68","5","3","30","30","62","6200000","108991","0.017579193548387096","7","8"
"64","5","3","30","30","203","20300000","108677","0.005353546798029556","12","13"
"68","5","3","30","30","63","6300000","109417","0.017367777777777777","7","8"
"70","5","3","30","30","1","100000","7354","0.07354","101","243"
"64","5","3","30","30","204","20400000","108762","0.005331470588235294","12","14"
"68","5","3","30","30","64","6400000","109798","0.0171559375","7","7"
"70","5","3","30","30","2","200000","14005","0.070025","73","147"
"64","5","3","30","30","205","20500000","108823","0.005308439024390244","12","13"
"68","5","3","30","30","65","6500000","110224","0.01695753846153846","7","8"
"70","5","3","30","30","3","300000","20489","0.06829666666666667","56","105"
"64","5","3","30","30","206","20600000","108955","0.005289077669902912","12","13"
"68","5","3","30","30","66","6600000","110666","0.01676757575757576","7","7"
"70","5","3","30","30","4","400000","26123","0.0653075","40","65"
"64","5","3","30","30","207","20700000","109132","0.00527207729468599","12","13"
"68","5","3","30","30","67","6700000","111161","0.016591194029850747","8","9"
"70","5","3","30","30","5","500000","31217","0.062434","40","74"
"64","5","3","30","30","208","20800000","109280","0.005253846153846154","12","13"
"68","5","3","30","30","68","6800000","111553","0.01640485294117647","7","7"
"70","5","3","30","30","6","600000","36293","0.06048833333333333","34","54"
"64","5","3","30","30","209","20900000","109351","0.005232105263157895","11","12"
"71","5","3","30","30","0","0","0","0","123","887"
"68","5","3","30","30","69","6900000","111904","0.016217971014492752","8","9"
"70","5","3","30","30","7","700000","40727","0.05818142857142857","27","54"
"68","5","3","30","30","70","7000000","112305","0.016043571428571428","7","8"
"71","5","3","30","30","1","100000","7211","0.07211","99","227"
"70","5","3","30","30","8","800000","44573","0.05571625","23","39"
"68","5","3","30","30","71","7100000","112765","0.015882394366197185","7","8"
"71","5","3","30","30","2","200000","12903","0.064515","74","134"
"70","5","3","30","30","9","900000","48321","0.05369","24","43"
"68","5","3","30","30","72","7200000","113150","0.01571527777777778","7","7"
"71","5","3","30","30","3","300000","17917","0.05972333333333334","61","115"
"70","5","3","30","30","10","1000000","51958","0.051958","26","50"
"68","5","3","30","30","73","7300000","113624","0.015564931506849315","7","8"
"71","5","3","30","30","4","400000","23521","0.0588025","56","95"
"70","5","3","30","30","11","1100000","55414","0.050376363636363636","25","38"
"68","5","3","30","30","74","7400000","114005","0.015406081081081081","8","11"
"71","5","3","30","30","5","500000","28951","0.057902","49","97"
"70","5","3","30","30","12","1200000","58817","0.049014166666666664","22","36"
"68","5","3","30","30","75","7500000","114331","0.015244133333333333","7","7"
"71","5","3","30","30","6","600000","34008","0.05668","37","56"
"70","5","3","30","30","13","1300000","61878","0.04759846153846154","23","39"
"68","5","3","30","30","76","7600000","114711","0.015093552631578947","8","9"
"71","5","3","30","30","7","700000","38413","0.054875714285714285","28","50"
"70","5","3","30","30","14","1400000","64599","0.046142142857142854","17","33"
"68","5","3","30","30","77","7700000","115031","0.014939090909090909","7","11"
"71","5","3","30","30","8","800000","42122","0.0526525","20","32"
"70","5","3","30","30","15","1500000","67296","0.044864","15","20"
"68","5","3","30","30","78","7800000","115428","0.014798461538461538","7","7"
"71","5","3","30","30","9","900000","45118","0.05013111111111111","17","27"
"70","5","3","30","30","16","1600000","70096","0.04381","16","24"
"68","5","3","30","30","79","7900000","115837","0.014662911392405064","7","8"
"71","5","3","30","30","10","1000000","47563","0.047563","14","21"
"70","5","3","30","30","17","1700000","72838","0.04284588235294118","15","24"
"68","5","3","30","30","80","8000000","116309","0.014538625","7","8"
"70","5","3","30","30","18","1800000","75341","0.04185611111111111","16","22"
"71","5","3","30","30","11","1100000","49814","0.045285454545454545","15","27"
"68","5","3","30","30","81","8100000","116732","0.014411358024691357","7","7"
"70","5","3","30","30","19","1900000","77741","0.04091631578947368","17","21"
"68","5","3","30","30","82","8200000","117216","0.014294634146341464","7","9"
"71","5","3","30","30","12","1200000","51958","0.043298333333333335","16","33"
"70","5","3","30","30","20","2000000","80327","0.0401635","17","35"
"68","5","3","30","30","83","8300000","117772","0.014189397590361445","7","7"
"71","5","3","30","30","13","1300000","54294","0.041764615384615386","12","21"
"68","5","3","30","30","84","8400000","118217","0.014073452380952381","7","8"
"70","5","3","30","30","21","2100000","83139","0.03959","16","29"
"71","5","3","30","30","14","1400000","56559","0.040399285714285714","14","26"
"68","5","3","30","30","85","8500000","118670","0.013961176470588236","7","8"
"70","5","3","30","30","22","2200000","85884","0.03903818181818182","14","29"
"71","5","3","30","30","15","1500000","58735","0.039156666666666666","13","24"
"68","5","3","30","30","86","8600000","119074","0.013845813953488372","7","10"
"70","5","3","30","30","23","2300000","88682","0.03855739130434783","15","21"
"71","5","3","30","30","16","1600000","61084","0.0381775","14","22"
"68","5","3","30","30","87","8700000","119421","0.01372655172413793","7","7"
"71","5","3","30","30","17","1700000","63394","0.03729058823529412","16","24"
"70","5","3","30","30","24","2400000","91342","0.038059166666666665","15","28"
"68","5","3","30","30","88","8800000","119836","0.013617727272727273","7","7"
"71","5","3","30","30","18","1800000","65710","0.036505555555555555","13","24"
"70","5","3","30","30","25","2500000","94156","0.0376624","15","20"
"68","5","3","30","30","89","8900000","120224","0.013508314606741572","8","10"
"71","5","3","30","30","19","1900000","68481","0.03604263157894737","13","24"
"70","5","3","30","30","26","2600000","97289","0.03741884615384616","16","33"
"68","5","3","30","30","90","9000000","120738","0.013415333333333333","7","8"
"71","5","3","30","30","20","2000000","70897","0.0354485","13","22"
"70","5","3","30","30","27","2700000","100126","0.0370837037037037","15","25"
"68","5","3","30","30","91","9100000","121286","0.013328131868131868","7","9"
"71","5","3","30","30","21","2100000","73099","0.03480904761904762","15","26"
"70","5","3","30","30","28","2800000","102580","0.036635714285714285","16","25"
"68","5","3","30","30","92","9200000","121626","0.013220217391304348","8","8"
"71","5","3","30","30","22","2200000","75347","0.03424863636363636","13","25"
"70","5","3","30","30","29","2900000","105241","0.03629","17","28"
"68","5","3","30","30","93","9300000","121975","0.013115591397849463","7","10"
"71","5","3","30","30","23","2300000","77468","0.03368173913043478","13","24"
"70","5","3","30","30","30","3000000","108058","0.036019333333333334","17","33"
"68","5","3","30","30","94","9400000","122319","0.013012659574468085","7","8"
"71","5","3","30","30","24","2400000","79468","0.033111666666666664","14","29"
"70","5","3","30","30","31","3100000","110339","0.03559322580645161","16","28"
"68","5","3","30","30","95","9500000","122656","0.012911157894736841","7","9"
"71","5","3","30","30","25","2500000","81464","0.0325856","11","16"
"70","5","3","30","30","32","3200000","113024","0.03532","15","24"
"68","5","3","30","30","96","9600000","122969","0.012809270833333334","8","8"
"71","5","3","30","30","26","2600000","83616","0.03216","11","18"
"70","5","3","30","30","33","3300000","115294","0.03493757575757576","16","25"
"68","5","3","30","30","97","9700000","123289","0.01271020618556701","7","8"
"71","5","3","30","30","27","2700000","85613","0.03170851851851852","10","16"
"70","5","3","30","30","34","3400000","117877","0.03466970588235294","16","25"
"68","5","3","30","30","98","9800000","123641","0.012616428571428572","8","8"
"71","5","3","30","30","28","2800000","87895","0.03139107142857143","12","19"
"70","5","3","30","30","35","3500000","120491","0.034426","17","21"
"68","5","3","30","30","99","9900000","124055","0.012530808080808082","7","8"
"71","5","3","30","30","29","2900000","90097","0.031067931034482757","10","22"
"70","5","3","30","30","36","3600000","123235","0.03423194444444445","17","23"
"68","5","3","30","30","100","10000000","124446","0.0124446","7","7"
"71","5","3","30","30","30","3000000","92141","0.030713666666666667","10","13"
"70","5","3","30","30","37","3700000","125513","0.03392243243243243","16","33"
"68","5","3","30","30","101","10100000","124761","0.012352574257425742","7","7"
"71","5","3","30","30","31","3100000","94017","0.030328064516129034","8","13"
"70","5","3","30","30","38","3800000","127731","0.03361342105263158","16","27"
"68","5","3","30","30","102","10200000","125193","0.012273823529411764","7","10"
"71","5","3","30","30","32","3200000","95951","0.0299846875","8","11"
"68","5","3","30","30","103","10300000","125622","0.01219631067961165","7","8"
"70","5","3","30","30","39","3900000","130043","0.03334435897435897","16","28"
"71","5","3","30","30","33","3300000","97896","0.029665454545454547","7","11"
"68","5","3","30","30","104","10400000","126078","0.012122884615384615","7","7"
"70","5","3","30","30","40","4000000","132661","0.03316525","16","28"
"71","5","3","30","30","34","3400000","99806","0.029354705882352942","7","10"
"68","5","3","30","30","105","10500000","126523","0.012049809523809523","7","8"
"70","5","3","30","30","41","4100000","135208","0.032977560975609756","15","24"
"71","5","3","30","30","35","3500000","101407","0.02897342857142857","7","11"
"68","5","3","30","30","106","10600000","127022","0.011983207547169812","7","7"
"70","5","3","30","30","42","4200000","137672","0.03277904761904762","16","30"
"68","5","3","30","30","107","10700000","127392","0.011905794392523365","7","8"
"71","5","3","30","30","36","3600000","102902","0.028583888888888888","6","8"
"70","5","3","30","30","43","4300000","140153","0.03259372093023256","16","25"
"68","5","3","30","30","108","10800000","127836","0.011836666666666667","8","9"
"71","5","3","30","30","37","3700000","104350","0.0282027027027027","6","6"
"70","5","3","30","30","44","4400000","142588","0.032406363636363636","17","29"
"68","5","3","30","30","109","10900000","128249","0.011765963302752293","7","8"
"71","5","3","30","30","38","3800000","105831","0.027850263157894736","6","9"
"70","5","3","30","30","45","4500000","144894","0.03219866666666667","16","25"
"68","5","3","30","30","110","11000000","128819","0.011710818181818182","7","7"
"71","5","3","30","30","39","3900000","107199","0.027486923076923075","6","8"
"70","5","3","30","30","46","4600000","147310","0.032023913043478264","15","25"
"68","5","3","30","30","111","11100000","129377","0.011655585585585585","7","9"
"71","5","3","30","30","40","4000000","108328","0.027082","6","10"
"70","5","3","30","30","47","4700000","149616","0.0318331914893617","14","26"
"68","5","3","30","30","112","11200000","130016","0.011608571428571428","8","11"
"71","5","3","30","30","41","4100000","109609","0.02673390243902439","6","8"
"70","5","3","30","30","48","4800000","152109","0.031689375","15","23"
"68","5","3","30","30","113","11300000","130591","0.011556725663716814","7","9"
"71","5","3","30","30","42","4200000","110566","0.026325238095238096","5","5"
"70","5","3","30","30","49","4900000","154621","0.03155530612244898","14","17"
"68","5","3","30","30","114","11400000","131230","0.011511403508771929","7","7"
"71","5","3","30","30","43","4300000","111499","0.02593","5","7"
"70","5","3","30","30","50","5000000","157099","0.0314198","15","25"
"68","5","3","30","30","115","11500000","131761","0.011457478260869566","7","9"
"71","5","3","30","30","44","4400000","112260","0.025513636363636363","5","7"
"70","5","3","30","30","51","5100000","159759","0.03132529411764706","15","26"
"68","5","3","30","30","116","11600000","132255","0.011401293103448276","8","10"
"71","5","3","30","30","45","4500000","112876","0.025083555555555557","5","5"
"70","5","3","30","30","52","5200000","162271","0.03120596153846154","15","22"
"68","5","3","30","30","117","11700000","132836","0.011353504273504273","7","8"
"71","5","3","30","30","46","4600000","113579","0.024691086956521738","5","5"
"70","5","3","30","30","53","5300000","164630","0.031062264150943396","15","23"
"68","5","3","30","30","118","11800000","133263","0.011293474576271187","8","8"
"71","5","3","30","30","47","4700000","114303","0.02431978723404255","5","5"
"70","5","3","30","30","54","5400000","167109","0.030946111111111112","14","23"
"68","5","3","30","30","119","11900000","133641","0.011230336134453782","8","9"
"71","5","3","30","30","48","4800000","114766","0.023909583333333335","5","6"
"70","5","3","30","30","55","5500000","169589","0.030834363636363635","13","20"
"68","5","3","30","30","120","12000000","133927","0.011160583333333333","7","7"
"71","5","3","30","30","49","4900000","115123","0.023494489795918366","5","6"
"70","5","3","30","30","56","5600000","171775","0.030674107142857142","13","19"
"68","5","3","30","30","121","12100000","134258","0.011095702479338844","7","8"
"71","5","3","30","30","50","5000000","115554","0.0231108","5","6"
"68","5","3","30","30","122","12200000","134592","0.011032131147540983","10","11"
"70","5","3","30","30","57","5700000","173828","0.030496140350877193","14","21"
"71","5","3","30","30","51","5100000","115970","0.02273921568627451","5","5"
"70","5","3","30","30","58","5800000","175867","0.03032189655172414","14","22"
"68","5","3","30","30","123","12300000","134921","0.010969186991869918","7","8"
"71","5","3","30","30","52","5200000","116381","0.022380961538461537","5","7"
"70","5","3","30","30","59","5900000","178158","0.03019627118644068","13","23"
"68","5","3","30","30","124","12400000","135305","0.010911693548387096","7","11"
"71","5","3","30","30","53","5300000","116675","0.022014150943396225","5","5"
"68","5","3","30","30","125","12500000","135738","0.01085904","8","12"
"70","5","3","30","30","60","6000000","180206","0.030034333333333333","13","21"
"71","5","3","30","30","54","5400000","116854","0.02163962962962963","5","5"
"68","5","3","30","30","126","12600000","136004","0.010793968253968254","10","10"
"71","5","3","30","30","55","5500000","116988","0.021270545454545455","5","5"
"70","5","3","30","30","61","6100000","182345","0.029892622950819674","12","16"
"68","5","3","30","30","127","12700000","136307","0.01073283464566929","8","9"
"70","5","3","30","30","62","6200000","184534","0.029763548387096776","13","20"
"71","5","3","30","30","56","5600000","117092","0.020909285714285714","5","5"
"68","5","3","30","30","128","12800000","136658","0.01067640625","8","8"
"70","5","3","30","30","63","6300000","186626","0.029623174603174603","12","17"
"71","5","3","30","30","57","5700000","117235","0.020567543859649123","5","6"
"68","5","3","30","30","129","12900000","136996","0.01061984496124031","8","10"
"71","5","3","30","30","58","5800000","117355","0.020233620689655174","5","5"
"70","5","3","30","30","64","6400000","188555","0.02946171875","10","13"
"68","5","3","30","30","130","13000000","137339","0.010564538461538462","7","9"
"71","5","3","30","30","59","5900000","117457","0.019907966101694916","5","5"
"70","5","3","30","30","65","6500000","190232","0.02926646153846154","10","13"
"68","5","3","30","30","131","13100000","137686","0.010510381679389313","8","8"
"71","5","3","30","30","60","6000000","117475","0.01957916666666667","4","4"
"70","5","3","30","30","66","6600000","191910","0.029077272727272726","11","12"
"72","5","3","30","30","0","0","0","0","125","887"
"68","5","3","30","30","132","13200000","137764","0.010436666666666667","5","5"
"73","5","3","30","30","0","0","0","0","125","885"
"70","5","3","30","30","67","6700000","193742","0.028916716417910448","11","17"
"72","5","3","30","30","1","100000","7328","0.07328","99","214"
"73","5","3","30","30","1","100000","7393","0.07393","96","228"
"70","5","3","30","30","68","6800000","195556","0.028758235294117647","11","17"
"72","5","3","30","30","2","200000","13910","0.06955","79","141"
"73","5","3","30","30","2","200000","13572","0.06786","63","130"
"70","5","3","30","30","69","6900000","197080","0.02856231884057971","11","13"
"72","5","3","30","30","3","300000","19523","0.06507666666666667","62","112"
"70","5","3","30","30","70","7000000","198714","0.028387714285714287","11","17"
"73","5","3","30","30","3","300000","18390","0.0613","51","92"
"72","5","3","30","30","4","400000","24479","0.0611975","45","71"
"70","5","3","30","30","71","7100000","200111","0.028184647887323944","10","16"
"73","5","3","30","30","4","400000","22737","0.0568425","41","76"
"72","5","3","30","30","5","500000","29447","0.058894","47","79"
"70","5","3","30","30","72","7200000","201303","0.02795875","9","10"
"73","5","3","30","30","5","500000","27062","0.054124","34","64"
"72","5","3","30","30","6","600000","34462","0.057436666666666664","35","65"
"70","5","3","30","30","73","7300000","202531","0.027743972602739725","9","9"
"73","5","3","30","30","6","600000","31298","0.05216333333333333","29","58"
"72","5","3","30","30","7","700000","38559","0.05508428571428572","32","50"
"70","5","3","30","30","74","7400000","203623","0.02751662162162162","10","12"
"73","5","3","30","30","7","700000","34933","0.049904285714285714","30","54"
"72","5","3","30","30","8","800000","42633","0.05329125","29","50"
"70","5","3","30","30","75","7500000","204548","0.02727306666666667","8","9"
"73","5","3","30","30","8","800000","38127","0.04765875","29","40"
"72","5","3","30","30","9","900000","47158","0.05239777777777778","28","57"
"70","5","3","30","30","76","7600000","205426","0.027029736842105263","8","8"
"73","5","3","30","30","9","900000","41029","0.045587777777777776","26","37"
"72","5","3","30","30","10","1000000","52076","0.052076","31","68"
"70","5","3","30","30","77","7700000","206165","0.026774675324675326","8","10"
"73","5","3","30","30","10","1000000","43551","0.043551","28","48"
"72","5","3","30","30","11","1100000","57064","0.05187636363636364","26","55"
"70","5","3","30","30","78","7800000","207020","0.02654102564102564","8","10"
"73","5","3","30","30","11","1100000","46202","0.04200181818181818","24","42"
"70","5","3","30","30","79","7900000","207960","0.02632405063291139","8","8"
"72","5","3","30","30","12","1200000","62118","0.051765","26","41"
"73","5","3","30","30","12","1200000","48801","0.0406675","24","34"
"70","5","3","30","30","80","8000000","208831","0.026103875","8","9"
"72","5","3","30","30","13","1300000","66801","0.05138538461538462","24","40"
"73","5","3","30","30","13","1300000","50846","0.03911230769230769","20","29"
"70","5","3","30","30","81","8100000","209578","0.02587382716049383","8","9"
"72","5","3","30","30","14","1400000","70849","0.05060642857142857","17","27"
"73","5","3","30","30","14","1400000","52737","0.03766928571428572","17","26"
"70","5","3","30","30","82","8200000","210456","0.025665365853658535","8","9"
"72","5","3","30","30","15","1500000","74442","0.049628","15","34"
"73","5","3","30","30","15","1500000","54237","0.036158","16","19"
"70","5","3","30","30","83","8300000","211241","0.025450722891566264","8","8"
"72","5","3","30","30","16","1600000","78300","0.0489375","15","31"
"73","5","3","30","30","16","1600000","55397","0.034623125","14","17"
"70","5","3","30","30","84","8400000","212068","0.025246190476190478","8","10"
"72","5","3","30","30","17","1700000","82089","0.04828764705882353","12","33"
"73","5","3","30","30","17","1700000","56378","0.0331635294117647","13","16"
"70","5","3","30","30","85","8500000","212911","0.02504835294117647","8","11"
"73","5","3","30","30","18","1800000","57376","0.03187555555555555","13","17"
"72","5","3","30","30","18","1800000","85419","0.047455","11","24"
"70","5","3","30","30","86","8600000","213952","0.02487813953488372","8","9"
"73","5","3","30","30","19","1900000","58341","0.03070578947368421","13","15"
"72","5","3","30","30","19","1900000","88275","0.04646052631578947","9","22"
"70","5","3","30","30","87","8700000","214841","0.024694367816091953","8","10"
"73","5","3","30","30","20","2000000","59252","0.029626","13","17"
"72","5","3","30","30","20","2000000","90610","0.045305","8","18"
"70","5","3","30","30","88","8800000","215785","0.024521022727272728","8","10"
"73","5","3","30","30","21","2100000","60202","0.028667619047619046","13","14"
"72","5","3","30","30","21","2100000","93115","0.04434047619047619","7","12"
"70","5","3","30","30","89","8900000","216618","0.024339101123595507","8","8"
"73","5","3","30","30","22","2200000","61033","0.027742272727272727","13","16"
"72","5","3","30","30","22","2200000","95447","0.043385","9","19"
"70","5","3","30","30","90","9000000","217377","0.024153","8","11"
"73","5","3","30","30","23","2300000","61907","0.02691608695652174","13","14"
"72","5","3","30","30","23","2300000","97820","0.0425304347826087","8","18"
"70","5","3","30","30","91","9100000","218152","0.023972747252747253","8","9"
"73","5","3","30","30","24","2400000","62871","0.02619625","13","16"
"72","5","3","30","30","24","2400000","100084","0.041701666666666665","5","10"
"70","5","3","30","30","92","9200000","219196","0.023825652173913043","8","10"
"73","5","3","30","30","25","2500000","63720","0.025488","14","18"
"72","5","3","30","30","25","2500000","102267","0.0409068","6","11"
"70","5","3","30","30","93","9300000","220295","0.02368763440860215","8","9"
"73","5","3","30","30","26","2600000","64409","0.024772692307692308","14","17"
"72","5","3","30","30","26","2600000","104247","0.040095","5","11"
"70","5","3","30","30","94","9400000","221248","0.023537021276595745","8","8"
"73","5","3","30","30","27","2700000","65125","0.024120370370370372","14","20"
"72","5","3","30","30","27","2700000","106052","0.03927851851851852","4","8"
"70","5","3","30","30","95","9500000","222110","0.02338","8","9"
"73","5","3","30","30","28","2800000","65879","0.023528214285714284","13","18"
"72","5","3","30","30","28","2800000","107695","0.0384625","4","9"
"70","5","3","30","30","96","9600000","222937","0.023222604166666667","8","10"
"73","5","3","30","30","29","2900000","66862","0.023055862068965517","13","18"
"72","5","3","30","30","29","2900000","109400","0.037724137931034483","3","7"
"70","5","3","30","30","97","9700000","223731","0.02306505154639175","8","12"
"73","5","3","30","30","30","3000000","67688","0.02256266666666667","13","15"
"72","5","3","30","30","30","3000000","111135","0.037045","3","5"
"70","5","3","30","30","98","9800000","224516","0.022909795918367348","8","10"
"73","5","3","30","30","31","3100000","68460","0.022083870967741937","13","14"
"72","5","3","30","30","31","3100000","112792","0.036384516129032256","4","4"
"70","5","3","30","30","99","9900000","225344","0.022762020202020204","8","9"
"73","5","3","30","30","32","3200000","69248","0.02164","14","17"
"72","5","3","30","30","32","3200000","114335","0.0357296875","4","8"
"70","5","3","30","30","100","10000000","226225","0.0226225","8","8"
"73","5","3","30","30","33","3300000","69932","0.021191515151515152","14","18"
"72","5","3","30","30","33","3300000","115874","0.03511333333333334","4","9"
"73","5","3","30","30","34","3400000","70732","0.020803529411764707","14","19"
"70","5","3","30","30","101","10100000","227096","0.022484752475247526","8","9"
"72","5","3","30","30","34","3400000","117404","0.03453058823529412","4","13"
"73","5","3","30","30","35","3500000","71670","0.020477142857142857","14","18"
"70","5","3","30","30","102","10200000","228018","0.02235470588235294","8","11"
"72","5","3","30","30","35","3500000","118801","0.03394314285714286","4","11"
"73","5","3","30","30","36","3600000","72470","0.020130555555555554","14","17"
"70","5","3","30","30","103","10300000","228759","0.022209611650485437","8","10"
"72","5","3","30","30","36","3600000","120289","0.03341361111111111","4","13"
"73","5","3","30","30","37","3700000","73338","0.01982108108108108","14","16"
"70","5","3","30","30","104","10400000","229541","0.02207125","8","9"
"72","5","3","30","30","37","3700000","121929","0.03295378378378378","4","9"
"73","5","3","30","30","38","3800000","74164","0.01951684210526316","13","16"
"70","5","3","30","30","105","10500000","230309","0.021934190476190475","8","8"
"72","5","3","30","30","38","3800000","123424","0.03248","4","8"
"73","5","3","30","30","39","3900000","75003","0.019231538461538463","14","21"
"70","5","3","30","30","106","10600000","231097","0.021801603773584907","8","10"
"72","5","3","30","30","39","3900000","125022","0.03205692307692308","4","9"
"73","5","3","30","30","40","4000000","75952","0.018988","14","17"
"70","5","3","30","30","107","10700000","231897","0.021672616822429908","8","8"
"72","5","3","30","30","40","4000000","126341","0.03158525","4","6"
"73","5","3","30","30","41","4100000","76798","0.018731219512195123","14","19"
"70","5","3","30","30","108","10800000","232784","0.021554074074074073","8","8"
"72","5","3","30","30","41","4100000","127670","0.0311390243902439","4","6"
"73","5","3","30","30","42","4200000","77642","0.018486190476190476","14","16"
"70","5","3","30","30","109","10900000","233597","0.021430917431192662","8","8"
"72","5","3","30","30","42","4200000","129419","0.03081404761904762","4","12"
"73","5","3","30","30","43","4300000","78627","0.018285348837209302","14","19"
"70","5","3","30","30","110","11000000","234529","0.02132081818181818","8","8"
"72","5","3","30","30","43","4300000","130745","0.030405813953488372","4","14"
"73","5","3","30","30","44","4400000","79566","0.018083181818181818","13","15"
"70","5","3","30","30","111","11100000","235356","0.02120324324324324","8","8"
"72","5","3","30","30","44","4400000","132160","0.030036363636363635","4","11"
"73","5","3","30","30","45","4500000","80311","0.017846888888888888","14","16"
"70","5","3","30","30","112","11200000","236191","0.02108848214285714","8","10"
"72","5","3","30","30","45","4500000","133681","0.02970688888888889","4","10"
"73","5","3","30","30","46","4600000","81117","0.017634130434782607","13","15"
"70","5","3","30","30","113","11300000","236970","0.02097079646017699","8","9"
"72","5","3","30","30","46","4600000","135391","0.02943282608695652","4","15"
"73","5","3","30","30","47","4700000","82010","0.017448936170212766","13","14"
"70","5","3","30","30","114","11400000","237861","0.020865","8","10"
"72","5","3","30","30","47","4700000","137092","0.02916851063829787","4","9"
"73","5","3","30","30","48","4800000","82844","0.017259166666666666","13","14"
"70","5","3","30","30","115","11500000","238768","0.020762434782608696","8","9"
"72","5","3","30","30","48","4800000","138474","0.02884875","4","11"
"73","5","3","30","30","49","4900000","83823","0.01710673469387755","13","15"
"70","5","3","30","30","116","11600000","239641","0.020658706896551724","8","8"
"73","5","3","30","30","50","5000000","84666","0.0169332","13","16"
"72","5","3","30","30","49","4900000","139892","0.028549387755102042","4","10"
"70","5","3","30","30","117","11700000","240422","0.020548888888888887","8","8"
"73","5","3","30","30","51","5100000","85499","0.01676450980392157","14","15"
"72","5","3","30","30","50","5000000","141336","0.0282672","4","13"
"70","5","3","30","30","118","11800000","241227","0.020442966101694916","8","8"
"73","5","3","30","30","52","5200000","86393","0.01661403846153846","13","15"
"72","5","3","30","30","51","5100000","142493","0.027939803921568626","3","7"
"70","5","3","30","30","119","11900000","242102","0.020344705882352942","8","8"
"73","5","3","30","30","53","5300000","87336","0.016478490566037736","13","15"
"72","5","3","30","30","52","5200000","143698","0.02763423076923077","3","3"
"70","5","3","30","30","120","12000000","242854","0.020237833333333333","8","8"
"73","5","3","30","30","54","5400000","88345","0.016360185185185186","13","15"
"72","5","3","30","30","53","5300000","144489","0.027262075471698115","2","3"
"70","5","3","30","30","121","12100000","243632","0.02013487603305785","8","9"
"73","5","3","30","30","55","5500000","89632","0.016296727272727272","13","17"
"72","5","3","30","30","54","5400000","145231","0.02689462962962963","2","4"
"70","5","3","30","30","122","12200000","244485","0.020039754098360656","8","9"
"73","5","3","30","30","56","5600000","90518","0.016163928571428572","14","15"
"72","5","3","30","30","55","5500000","145901","0.026527454545454545","2","2"
"70","5","3","30","30","123","12300000","245433","0.01995390243902439","8","9"
"73","5","3","30","30","57","5700000","91484","0.016049824561403508","14","18"
"72","5","3","30","30","56","5600000","146631","0.026184107142857144","2","3"
"70","5","3","30","30","124","12400000","246306","0.019863387096774193","8","8"
"73","5","3","30","30","58","5800000","92438","0.015937586206896552","13","17"
"72","5","3","30","30","57","5700000","147343","0.025849649122807017","2","4"
"70","5","3","30","30","125","12500000","247253","0.01978024","8","8"
"73","5","3","30","30","59","5900000","93304","0.015814237288135594","13","15"
"72","5","3","30","30","58","5800000","148119","0.025537758620689657","2","2"
"70","5","3","30","30","126","12600000","248261","0.019703253968253967","8","8"
"73","5","3","30","30","60","6000000","94226","0.015704333333333334","13","16"
"72","5","3","30","30","59","5900000","148818","0.025223389830508473","2","4"
"70","5","3","30","30","127","12700000","249132","0.019616692913385827","8","8"
"73","5","3","30","30","61","6100000","95181","0.01560344262295082","13","17"
"72","5","3","30","30","60","6000000","149612","0.024935333333333334","2","4"
"70","5","3","30","30","128","12800000","249943","0.019526796875","8","10"
"73","5","3","30","30","62","6200000","96213","0.015518225806451612","14","16"
"72","5","3","30","30","61","6100000","150398","0.024655409836065574","2","2"
"70","5","3","30","30","129","12900000","250821","0.019443488372093025","8","8"
"73","5","3","30","30","63","6300000","97167","0.015423333333333334","13","17"
"72","5","3","30","30","62","6200000","151318","0.024406129032258063","2","3"
"70","5","3","30","30","130","13000000","251587","0.019352846153846155","8","9"
"73","5","3","30","30","64","6400000","98115","0.01533046875","13","18"
"72","5","3","30","30","63","6300000","152192","0.024157460317460317","2","3"
"70","5","3","30","30","131","13100000","252429","0.0192693893129771","8","9"
"73","5","3","30","30","65","6500000","99140","0.015252307692307692","13","16"
"72","5","3","30","30","64","6400000","152988","0.023904375","2","2"
"70","5","3","30","30","132","13200000","253221","0.01918340909090909","8","8"
"73","5","3","30","30","66","6600000","100110","0.015168181818181819","13","17"
"72","5","3","30","30","65","6500000","153754","0.023654461538461537","2","4"
"70","5","3","30","30","133","13300000","254002","0.019097894736842105","8","9"
"73","5","3","30","30","67","6700000","100873","0.015055671641791045","13","15"
"72","5","3","30","30","66","6600000","154354","0.023386969696969698","2","2"
"70","5","3","30","30","134","13400000","255027","0.019031865671641793","8","10"
"73","5","3","30","30","68","6800000","101618","0.014943823529411765","13","15"
"72","5","3","30","30","67","6700000","154897","0.023118955223880598","2","2"
"70","5","3","30","30","135","13500000","255878","0.018953925925925926","8","8"
"73","5","3","30","30","69","6900000","102324","0.014829565217391304","13","18"
"72","5","3","30","30","68","6800000","155501","0.02286779411764706","2","3"
"70","5","3","30","30","136","13600000","256724","0.018876764705882353","8","13"
"73","5","3","30","30","70","7000000","103164","0.014737714285714286","13","14"
"72","5","3","30","30","69","6900000","155622","0.02255391304347826","1","1"
"74","5","3","30","30","0","0","0","0","125","882"
"70","5","3","30","30","137","13700000","257567","0.01880051094890511","8","9"
"73","5","3","30","30","71","7100000","103983","0.014645492957746479","13","16"
"70","5","3","30","30","138","13800000","258386","0.018723623188405796","8","9"
"74","5","3","30","30","1","100000","7743","0.07743","102","241"
"73","5","3","30","30","72","7200000","104662","0.014536388888888889","13","15"
"70","5","3","30","30","139","13900000","259292","0.01865410071942446","8","10"
"74","5","3","30","30","2","200000","14804","0.07402","74","150"
"73","5","3","30","30","73","7300000","105358","0.014432602739726028","13","14"
"70","5","3","30","30","140","14000000","259987","0.0185705","8","9"
"74","5","3","30","30","3","300000","20331","0.06777","67","106"
"73","5","3","30","30","74","7400000","106072","0.014334054054054053","13","14"
"70","5","3","30","30","141","14100000","260359","0.01846517730496454","8","8"
"74","5","3","30","30","4","400000","25739","0.0643475","62","95"
"73","5","3","30","30","75","7500000","106773","0.0142364","13","14"
"70","5","3","30","30","142","14200000","260577","0.01835049295774648","8","8"
"74","5","3","30","30","5","500000","30731","0.061462","46","82"
"73","5","3","30","30","76","7600000","107317","0.014120657894736842","13","13"
"70","5","3","30","30","143","14300000","260605","0.018224125874125873","7","7"
"75","5","3","30","30","0","0","0","0","125","888"
"74","5","3","30","30","6","600000","34856","0.05809333333333333","37","57"
"73","5","3","30","30","77","7700000","107841","0.014005324675324676","13","14"
"75","5","3","30","30","1","100000","7588","0.07588","96","221"
"73","5","3","30","30","78","7800000","108365","0.013892948717948718","13","14"
"74","5","3","30","30","7","700000","38132","0.05447428571428571","32","50"
"73","5","3","30","30","79","7900000","108883","0.013782658227848101","13","14"
"75","5","3","30","30","2","200000","14297","0.071485","71","137"
"74","5","3","30","30","8","800000","41553","0.05194125","28","35"
"73","5","3","30","30","80","8000000","109456","0.013682","13","13"
"74","5","3","30","30","9","900000","44564","0.049515555555555556","27","42"
"75","5","3","30","30","3","300000","19870","0.06623333333333334","50","86"
"73","5","3","30","30","81","8100000","109987","0.013578641975308642","13","15"
"74","5","3","30","30","10","1000000","47183","0.047183","22","33"
"75","5","3","30","30","4","400000","24372","0.06093","41","71"
"73","5","3","30","30","82","8200000","110502","0.013475853658536586","13","13"
"74","5","3","30","30","11","1100000","50212","0.045647272727272724","22","31"
"75","5","3","30","30","5","500000","29341","0.058682","35","61"
"73","5","3","30","30","83","8300000","111124","0.013388433734939758","13","16"
"74","5","3","30","30","12","1200000","53017","0.044180833333333336","21","28"
"75","5","3","30","30","6","600000","33608","0.05601333333333333","32","59"
"73","5","3","30","30","84","8400000","111691","0.01329654761904762","13","15"
"74","5","3","30","30","13","1300000","55482","0.04267846153846154","20","32"
"75","5","3","30","30","7","700000","37935","0.05419285714285714","31","59"
"73","5","3","30","30","85","8500000","112209","0.013201058823529411","13","13"
"74","5","3","30","30","14","1400000","57402","0.04100142857142857","15","20"
"75","5","3","30","30","8","800000","42219","0.05277375","32","50"
"73","5","3","30","30","86","8600000","112746","0.01311","13","13"
"74","5","3","30","30","15","1500000","59491","0.039660666666666664","18","23"
"75","5","3","30","30","9","900000","46001","0.051112222222222226","28","44"
"73","5","3","30","30","87","8700000","113250","0.013017241379310344","13","14"
"74","5","3","30","30","16","1600000","61251","0.038281875","19","31"
"75","5","3","30","30","10","1000000","49244","0.049244","26","42"
"73","5","3","30","30","88","8800000","113742","0.012925227272727272","13","13"
"74","5","3","30","30","17","1700000","62894","0.0369964705882353","16","26"
"75","5","3","30","30","11","1100000","51989","0.047262727272727276","23","32"
"73","5","3","30","30","89","8900000","114224","0.012834157303370787","13","13"
"74","5","3","30","30","18","1800000","64714","0.035952222222222226","19","24"
"75","5","3","30","30","12","1200000","54721","0.045600833333333333","23","38"
"73","5","3","30","30","90","9000000","114719","0.012746555555555556","13","15"
"74","5","3","30","30","19","1900000","66947","0.035235263157894735","18","25"
"75","5","3","30","30","13","1300000","57574","0.044287692307692306","22","33"
"73","5","3","30","30","91","9100000","115296","0.01266989010989011","13","13"
"74","5","3","30","30","20","2000000","68889","0.0344445","18","26"
"75","5","3","30","30","14","1400000","60338","0.04309857142857143","22","38"
"73","5","3","30","30","92","9200000","115863","0.012593804347826087","13","13"
"74","5","3","30","30","21","2100000","71006","0.033812380952380955","18","29"
"75","5","3","30","30","15","1500000","63242","0.042161333333333335","18","28"
"73","5","3","30","30","93","9300000","116437","0.01252010752688172","13","15"
"74","5","3","30","30","22","2200000","73053","0.03320590909090909","19","29"
"75","5","3","30","30","16","1600000","65673","0.041045625","14","22"
"73","5","3","30","30","94","9400000","116999","0.012446702127659574","13","13"
"74","5","3","30","30","23","2300000","75307","0.03274217391304348","21","34"
"75","5","3","30","30","17","1700000","68287","0.040168823529411764","15","27"
"73","5","3","30","30","95","9500000","117662","0.012385473684210526","13","13"
"74","5","3","30","30","24","2400000","77859","0.03244125","22","44"
"75","5","3","30","30","18","1800000","70681","0.039267222222222224","16","26"
"73","5","3","30","30","96","9600000","118205","0.012313020833333334","13","14"
"74","5","3","30","30","25","2500000","80324","0.0321296","22","41"
"75","5","3","30","30","19","1900000","72789","0.03831","16","30"
"73","5","3","30","30","97","9700000","118767","0.0122440206185567","13","14"
"74","5","3","30","30","26","2600000","82867","0.031871923076923075","20","34"
"75","5","3","30","30","20","2000000","75013","0.0375065","15","20"
"73","5","3","30","30","98","9800000","119356","0.012179183673469388","13","14"
"74","5","3","30","30","27","2700000","85272","0.03158222222222222","19","33"
"75","5","3","30","30","21","2100000","76870","0.036604761904761904","13","24"
"73","5","3","30","30","99","9900000","119997","0.01212090909090909","13","14"
"74","5","3","30","30","28","2800000","87791","0.031353928571428574","21","44"
"75","5","3","30","30","22","2200000","78730","0.03578636363636364","11","20"
"73","5","3","30","30","100","10000000","120624","0.0120624","13","14"
"74","5","3","30","30","29","2900000","90442","0.031186896551724137","18","37"
"75","5","3","30","30","23","2300000","80685","0.035080434782608694","12","16"
"73","5","3","30","30","101","10100000","121209","0.01200089108910891","13","14"
"74","5","3","30","30","30","3000000","92954","0.030984666666666667","17","32"
"75","5","3","30","30","24","2400000","82268","0.034278333333333334","10","13"
"73","5","3","30","30","102","10200000","121806","0.011941764705882353","13","13"
"74","5","3","30","30","31","3100000","95330","0.030751612903225808","15","29"
"75","5","3","30","30","25","2500000","83819","0.0335276","10","12"
"73","5","3","30","30","103","10300000","122355","0.011879126213592233","13","15"
"74","5","3","30","30","32","3200000","97547","0.0304834375","14","27"
"75","5","3","30","30","26","2600000","85190","0.03276538461538461","10","12"
"73","5","3","30","30","104","10400000","122989","0.011825865384615384","13","14"
"74","5","3","30","30","33","3300000","99413","0.030125151515151515","11","17"
"75","5","3","30","30","27","2700000","86325","0.03197222222222222","9","10"
"73","5","3","30","30","105","10500000","123692","0.011780190476190475","13","16"
"74","5","3","30","30","34","3400000","101027","0.029713823529411765","12","14"
"75","5","3","30","30","28","2800000","87268","0.03116714285714286","9","9"
"73","5","3","30","30","106","10600000","124375","0.011733490566037737","13","19"
"74","5","3","30","30","35","3500000","102390","0.029254285714285715","12","17"
"75","5","3","30","30","29","2900000","88408","0.03048551724137931","9","13"
"73","5","3","30","30","107","10700000","124998","0.011682056074766356","13","17"
"74","5","3","30","30","36","3600000","103721","0.02881138888888889","11","14"
"75","5","3","30","30","30","3000000","89415","0.029805","9","9"
"73","5","3","30","30","108","10800000","125626","0.011632037037037036","13","15"
"74","5","3","30","30","37","3700000","105317","0.028464054054054055","13","20"
"75","5","3","30","30","31","3100000","90354","0.029146451612903225","9","13"
"73","5","3","30","30","109","10900000","126307","0.011587798165137615","13","15"
"75","5","3","30","30","32","3200000","91326","0.028539375","9","10"
"74","5","3","30","30","38","3800000","107118","0.028188947368421053","13","24"
"73","5","3","30","30","110","11000000","126956","0.011541454545454546","13","14"
"75","5","3","30","30","33","3300000","92258","0.027956969696969695","9","9"
"74","5","3","30","30","39","3900000","109080","0.02796923076923077","13","19"
"73","5","3","30","30","111","11100000","127459","0.011482792792792794","13","13"
"75","5","3","30","30","34","3400000","93097","0.027381470588235295","9","13"
"74","5","3","30","30","40","4000000","111321","0.02783025","14","20"
"73","5","3","30","30","112","11200000","128029","0.011431160714285715","13","14"
"75","5","3","30","30","35","3500000","93921","0.02683457142857143","9","10"
"73","5","3","30","30","113","11300000","128565","0.011377433628318584","13","14"
"74","5","3","30","30","41","4100000","113837","0.027765121951219513","15","34"
"75","5","3","30","30","36","3600000","94794","0.026331666666666666","9","9"
"73","5","3","30","30","114","11400000","129235","0.01133640350877193","13","13"
"74","5","3","30","30","42","4200000","116610","0.027764285714285714","14","25"
"75","5","3","30","30","37","3700000","95764","0.025882162162162162","9","11"
"73","5","3","30","30","115","11500000","129803","0.011287217391304347","13","13"
"74","5","3","30","30","43","4300000","120034","0.027914883720930234","14","30"
"75","5","3","30","30","38","3800000","96713","0.02545078947368421","9","10"
"73","5","3","30","30","116","11600000","130345","0.011236637931034483","13","14"
"74","5","3","30","30","44","4400000","122949","0.027942954545454545","14","26"
"75","5","3","30","30","39","3900000","97688","0.025048205128205128","9","10"
"73","5","3","30","30","117","11700000","130783","0.011178034188034189","13","14"
"74","5","3","30","30","45","4500000","125920","0.02798222222222222","17","32"
"75","5","3","30","30","40","4000000","98586","0.0246465","9","9"
"73","5","3","30","30","118","11800000","131258","0.011123559322033898","13","14"
"74","5","3","30","30","46","4600000","128622","0.027961304347826087","14","24"
"75","5","3","30","30","41","4100000","99651","0.024305121951219512","9","11"
"73","5","3","30","30","119","11900000","131618","0.011060336134453782","13","15"
"74","5","3","30","30","47","4700000","131287","0.02793340425531915","18","30"
"75","5","3","30","30","42","4200000","100779","0.023995","10","11"
"73","5","3","30","30","120","12000000","131938","0.010994833333333334","12","12"
"74","5","3","30","30","48","4800000","134204","0.027959166666666667","13","21"
"75","5","3","30","30","43","4300000","101831","0.023681627906976744","9","10"
"73","5","3","30","30","121","12100000","132157","0.01092206611570248","12","13"
"74","5","3","30","30","49","4900000","136377","0.02783204081632653","13","17"
"75","5","3","30","30","44","4400000","102836","0.02337181818181818","8","9"
"73","5","3","30","30","122","12200000","132401","0.010852540983606558","12","12"
"74","5","3","30","30","50","5000000","138431","0.0276862","14","21"
"75","5","3","30","30","45","4500000","103769","0.023059777777777776","8","10"
"73","5","3","30","30","123","12300000","132618","0.010781951219512195","12","12"
"74","5","3","30","30","51","5100000","140588","0.027566274509803923","13","20"
"75","5","3","30","30","46","4600000","104632","0.02274608695652174","8","8"
"73","5","3","30","30","124","12400000","132877","0.010715887096774193","12","13"
"74","5","3","30","30","52","5200000","142471","0.02739826923076923","13","20"
"75","5","3","30","30","47","4700000","105511","0.022449148936170213","8","10"
"73","5","3","30","30","125","12500000","133112","0.01064896","12","13"
"74","5","3","30","30","53","5300000","144382","0.02724188679245283","12","22"
"75","5","3","30","30","48","4800000","106570","0.022202083333333334","8","11"
"73","5","3","30","30","126","12600000","133374","0.010585238095238095","12","12"
"74","5","3","30","30","54","5400000","146054","0.027047037037037036","12","19"
"73","5","3","30","30","127","12700000","133659","0.010524330708661418","12","13"
"75","5","3","30","30","49","4900000","107339","0.021905918367346938","8","9"
"74","5","3","30","30","55","5500000","147417","0.02680309090909091","11","14"
"73","5","3","30","30","128","12800000","133931","0.010463359375","12","12"
"75","5","3","30","30","50","5000000","108005","0.021601","8","9"
"74","5","3","30","30","56","5600000","148511","0.026519821428571427","9","11"
"73","5","3","30","30","129","12900000","134196","0.010402790697674419","12","13"
"75","5","3","30","30","51","5100000","108668","0.02130745098039216","8","10"
"74","5","3","30","30","57","5700000","149738","0.026269824561403508","9","11"
"73","5","3","30","30","130","13000000","134479","0.010344538461538462","12","13"
"75","5","3","30","30","52","5200000","109304","0.02102","8","9"
"74","5","3","30","30","58","5800000","150864","0.02601103448275862","8","11"
"73","5","3","30","30","131","13100000","134803","0.01029030534351145","12","13"
"75","5","3","30","30","53","5300000","109990","0.020752830188679246","8","11"
"74","5","3","30","30","59","5900000","151942","0.025752881355932202","7","8"
"73","5","3","30","30","132","13200000","135054","0.010231363636363636","12","12"
"75","5","3","30","30","54","5400000","110710","0.02050185185185185","8","9"
"74","5","3","30","30","60","6000000","153111","0.0255185","8","10"
"73","5","3","30","30","133","13300000","135306","0.010173383458646617","12","12"
"75","5","3","30","30","55","5500000","111532","0.020278545454545455","8","10"
"74","5","3","30","30","61","6100000","153859","0.0252227868852459","7","8"
"73","5","3","30","30","134","13400000","135623","0.010121119402985075","12","12"
"75","5","3","30","30","56","5600000","112307","0.02005482142857143","8","8"
"74","5","3","30","30","62","6200000","154590","0.024933870967741936","7","9"
"73","5","3","30","30","135","13500000","135895","0.010066296296296297","12","12"
"75","5","3","30","30","57","5700000","112795","0.01978859649122807","8","8"
"74","5","3","30","30","63","6300000","155393","0.024665555555555555","7","7"
"73","5","3","30","30","136","13600000","136185","0.01001360294117647","12","12"
"75","5","3","30","30","58","5800000","113404","0.01955241379310345","8","10"
"74","5","3","30","30","64","6400000","156119","0.02439359375","8","10"
"73","5","3","30","30","137","13700000","136480","0.009962043795620438","12","12"
"75","5","3","30","30","59","5900000","113920","0.019308474576271186","7","8"
"74","5","3","30","30","65","6500000","156908","0.024139692307692306","8","8"
"73","5","3","30","30","138","13800000","136708","0.009906376811594203","12","12"
"75","5","3","30","30","60","6000000","114134","0.019022333333333332","6","7"
"74","5","3","30","30","66","6600000","157697","0.023893484848484848","7","10"
"73","5","3","30","30","139","13900000","136921","0.00985043165467626","12","13"
"75","5","3","30","30","61","6100000","114346","0.018745245901639344","6","6"
"74","5","3","30","30","67","6700000","158538","0.023662388059701493","7","8"
"73","5","3","30","30","140","14000000","137152","0.009796571428571429","12","12"
"75","5","3","30","30","62","6200000","114535","0.018473387096774194","6","6"
"74","5","3","30","30","68","6800000","159411","0.023442794117647058","7","8"
"73","5","3","30","30","141","14100000","137396","0.009744397163120568","12","12"
"75","5","3","30","30","63","6300000","114677","0.018202698412698413","5","5"
"76","5","3","30","30","0","0","0","0","125","888"
"74","5","3","30","30","69","6900000","160174","0.023213623188405797","7","7"
"73","5","3","30","30","142","14200000","137602","0.009690281690140846","12","12"
"76","5","3","30","30","1","100000","7139","0.07139","101","228"
"74","5","3","30","30","70","7000000","161024","0.02300342857142857","7","10"
"73","5","3","30","30","143","14300000","137811","0.009637132867132867","12","12"
"76","5","3","30","30","2","200000","13137","0.065685","81","150"
"74","5","3","30","30","71","7100000","161774","0.022785070422535213","7","7"
"73","5","3","30","30","144","14400000","138074","0.009588472222222222","12","13"
"76","5","3","30","30","3","300000","18917","0.06305666666666666","63","124"
"74","5","3","30","30","72","7200000","162556","0.02257722222222222","7","7"
"73","5","3","30","30","145","14500000","138298","0.009537793103448275","12","13"
"76","5","3","30","30","4","400000","24316","0.06079","57","98"
"73","5","3","30","30","146","14600000","138536","0.00948876712328767","12","12"
"74","5","3","30","30","73","7300000","163333","0.022374383561643837","7","7"
"76","5","3","30","30","5","500000","29202","0.058404","44","75"
"74","5","3","30","30","74","7400000","164200","0.02218918918918919","7","9"
"73","5","3","30","30","147","14700000","138740","0.009438095238095238","12","12"
"76","5","3","30","30","6","600000","34163","0.056938333333333334","49","78"
"73","5","3","30","30","148","14800000","138959","0.00938912162162162","12","13"
"74","5","3","30","30","75","7500000","164965","0.021995333333333332","7","7"
"76","5","3","30","30","7","700000","38814","0.05544857142857143","37","53"
"73","5","3","30","30","149","14900000","139203","0.00934248322147651","12","12"
"74","5","3","30","30","76","7600000","165558","0.021783947368421052","7","8"
"76","5","3","30","30","8","800000","43338","0.0541725","31","59"
"73","5","3","30","30","150","15000000","139418","0.009294533333333334","12","12"
"74","5","3","30","30","77","7700000","166146","0.0215774025974026","7","9"
"73","5","3","30","30","151","15100000","139674","0.009249933774834436","12","13"
"74","5","3","30","30","78","7800000","166923","0.021400384615384616","7","8"
"76","5","3","30","30","9","900000","47930","0.053255555555555556","33","56"
"73","5","3","30","30","152","15200000","139919","0.009205197368421052","12","12"
"74","5","3","30","30","79","7900000","167685","0.021225949367088607","7","9"
"76","5","3","30","30","10","1000000","52617","0.052617","30","60"
"73","5","3","30","30","153","15300000","140195","0.009163071895424837","12","12"
"74","5","3","30","30","80","8000000","168367","0.021045875","7","12"
"76","5","3","30","30","11","1100000","56965","0.05178636363636364","26","51"
"73","5","3","30","30","154","15400000","140427","0.009118636363636363","12","12"
"74","5","3","30","30","81","8100000","169036","0.020868641975308643","7","8"
"76","5","3","30","30","12","1200000","60956","0.050796666666666664","20","40"
"73","5","3","30","30","155","15500000","140744","0.00908025806451613","12","13"
"74","5","3","30","30","82","8200000","169729","0.020698658536585365","7","7"
"76","5","3","30","30","13","1300000","64546","0.04965076923076923","19","32"
"73","5","3","30","30","156","15600000","140995","0.009038141025641025","12","12"
"74","5","3","30","30","83","8300000","170384","0.020528192771084336","7","9"
"76","5","3","30","30","14","1400000","67621","0.04830071428571429","15","21"
"73","5","3","30","30","157","15700000","141191","0.008993057324840764","12","13"
"74","5","3","30","30","84","8400000","171109","0.020370119047619047","7","7"
"76","5","3","30","30","15","1500000","70536","0.047024","16","25"
"73","5","3","30","30","158","15800000","141474","0.008954050632911392","12","12"
"74","5","3","30","30","85","8500000","171785","0.02021","7","7"
"76","5","3","30","30","16","1600000","73449","0.045905625","14","28"
"73","5","3","30","30","159","15900000","141720","0.00891320754716981","12","12"
"74","5","3","30","30","86","8600000","172525","0.020061046511627906","7","7"
"76","5","3","30","30","17","1700000","76083","0.04475470588235294","13","21"
"73","5","3","30","30","160","16000000","142032","0.008877","12","14"
"74","5","3","30","30","87","8700000","173349","0.019925172413793102","7","7"
"76","5","3","30","30","18","1800000","78662","0.043701111111111114","11","22"
"73","5","3","30","30","161","16100000","142311","0.00883919254658385","12","13"
"74","5","3","30","30","88","8800000","174034","0.01977659090909091","7","7"
"76","5","3","30","30","19","1900000","81437","0.042861578947368424","14","24"
"73","5","3","30","30","162","16200000","142620","0.008803703703703704","12","12"
"74","5","3","30","30","89","8900000","174660","0.019624719101123594","7","10"
"76","5","3","30","30","20","2000000","84303","0.0421515","15","25"
"73","5","3","30","30","163","16300000","142975","0.008771472392638037","12","12"
"74","5","3","30","30","90","9000000","175303","0.019478111111111113","7","7"
"76","5","3","30","30","21","2100000","87072","0.04146285714285714","17","30"
"73","5","3","30","30","164","16400000","143282","0.008736707317073171","12","12"
"74","5","3","30","30","91","9100000","175853","0.019324505494505494","7","7"
"76","5","3","30","30","22","2200000","90350","0.041068181818181816","16","25"
"73","5","3","30","30","165","16500000","143510","0.008697575757575758","12","12"
"74","5","3","30","30","92","9200000","176493","0.019184021739130436","7","7"
"76","5","3","30","30","23","2300000","93426","0.04062","19","31"
"73","5","3","30","30","166","16600000","143796","0.008662409638554218","12","13"
"74","5","3","30","30","93","9300000","177107","0.019043763440860215","7","9"
"76","5","3","30","30","24","2400000","96567","0.04023625","16","36"
"73","5","3","30","30","167","16700000","144093","0.008628323353293414","12","12"
"74","5","3","30","30","94","9400000","177744","0.018908936170212765","7","7"
"76","5","3","30","30","25","2500000","98786","0.0395144","11","17"
"73","5","3","30","30","168","16800000","144362","0.00859297619047619","12","12"
"74","5","3","30","30","95","9500000","178338","0.01877242105263158","7","8"
"76","5","3","30","30","26","2600000","101062","0.03887","12","24"
"73","5","3","30","30","169","16900000","144690","0.00856153846153846","12","12"
"74","5","3","30","30","96","9600000","179053","0.018651354166666665","7","8"
"76","5","3","30","30","27","2700000","103292","0.038256296296296295","11","16"
"73","5","3","30","30","170","17000000","144969","0.008527588235294118","12","13"
"74","5","3","30","30","97","9700000","179776","0.01853360824742268","7","9"
"76","5","3","30","30","28","2800000","105174","0.037562142857142856","7","15"
"73","5","3","30","30","171","17100000","145397","0.008502748538011695","12","12"
"74","5","3","30","30","98","9800000","180418","0.01841","7","7"
"76","5","3","30","30","29","2900000","106989","0.03689275862068966","6","13"
"73","5","3","30","30","172","17200000","145830","0.008478488372093024","12","13"
"74","5","3","30","30","99","9900000","181073","0.01829020202020202","6","6"
"76","5","3","30","30","30","3000000","108821","0.03627366666666667","6","14"
"73","5","3","30","30","173","17300000","146166","0.008448901734104047","12","14"
"74","5","3","30","30","100","10000000","181505","0.0181505","6","7"
"76","5","3","30","30","31","3100000","110620","0.035683870967741935","6","13"
"73","5","3","30","30","174","17400000","146502","0.008419655172413793","12","13"
"74","5","3","30","30","101","10100000","181882","0.018008118811881187","6","6"
"73","5","3","30","30","175","17500000","146741","0.0083852","12","13"
"76","5","3","30","30","32","3200000","112195","0.0350609375","7","13"
"74","5","3","30","30","102","10200000","182250","0.01786764705882353","6","6"
"73","5","3","30","30","176","17600000","146929","0.008348238636363636","12","12"
"76","5","3","30","30","33","3300000","113748","0.03446909090909091","7","12"
"74","5","3","30","30","103","10300000","182636","0.017731650485436894","6","7"
"73","5","3","30","30","177","17700000","147158","0.008314011299435028","12","12"
"76","5","3","30","30","34","3400000","115532","0.03398","7","11"
"74","5","3","30","30","104","10400000","183115","0.017607211538461537","6","8"
"73","5","3","30","30","178","17800000","147431","0.008282640449438203","12","13"
"76","5","3","30","30","35","3500000","117134","0.033466857142857145","6","12"
"74","5","3","30","30","105","10500000","183684","0.017493714285714286","6","8"
"73","5","3","30","30","179","17900000","147659","0.008249106145251397","12","12"
"76","5","3","30","30","36","3600000","118577","0.032938055555555554","6","9"
"74","5","3","30","30","106","10600000","184052","0.017363396226415095","6","6"
"73","5","3","30","30","180","18000000","147866","0.008214777777777777","12","13"
"76","5","3","30","30","37","3700000","120216","0.03249081081081081","7","14"
"74","5","3","30","30","107","10700000","184464","0.0172396261682243","6","7"
"73","5","3","30","30","181","18100000","148110","0.008182872928176795","12","14"
"76","5","3","30","30","38","3800000","121582","0.031995263157894735","7","10"
"74","5","3","30","30","108","10800000","184959","0.017125833333333333","6","6"
"73","5","3","30","30","182","18200000","148340","0.00815054945054945","12","13"
"76","5","3","30","30","39","3900000","123078","0.031558461538461535","7","14"
"74","5","3","30","30","109","10900000","185491","0.017017522935779815","6","6"
"73","5","3","30","30","183","18300000","148564","0.00811825136612022","12","12"
"76","5","3","30","30","40","4000000","124385","0.03109625","7","12"
"74","5","3","30","30","110","11000000","186029","0.016911727272727273","6","6"
"73","5","3","30","30","184","18400000","148899","0.008092336956521739","12","13"
"76","5","3","30","30","41","4100000","125849","0.03069487804878049","6","10"
"74","5","3","30","30","111","11100000","186423","0.016794864864864863","6","7"
"73","5","3","30","30","185","18500000","149160","0.008062702702702703","12","12"
"76","5","3","30","30","42","4200000","127210","0.03028809523809524","5","7"
"74","5","3","30","30","112","11200000","186936","0.016690714285714284","6","7"
"73","5","3","30","30","186","18600000","149369","0.008030591397849462","12","13"
"76","5","3","30","30","43","4300000","128200","0.029813953488372093","6","9"
"74","5","3","30","30","113","11300000","187389","0.016583097345132743","6","7"
"73","5","3","30","30","187","18700000","149569","0.007998342245989306","12","13"
"76","5","3","30","30","44","4400000","128865","0.0292875","5","7"
"74","5","3","30","30","114","11400000","187765","0.01647061403508772","6","7"
"73","5","3","30","30","188","18800000","149924","0.00797468085106383","12","13"
"76","5","3","30","30","45","4500000","129410","0.028757777777777778","5","6"
"74","5","3","30","30","115","11500000","188213","0.016366347826086956","6","6"
"73","5","3","30","30","189","18900000","150169","0.007945449735449736","12","12"
"76","5","3","30","30","46","4600000","129940","0.028247826086956522","5","10"
"74","5","3","30","30","116","11600000","188564","0.01625551724137931","6","6"
"73","5","3","30","30","190","19000000","150435","0.007917631578947369","12","12"
"76","5","3","30","30","47","4700000","130498","0.02776553191489362","4","4"
"74","5","3","30","30","117","11700000","188968","0.016151111111111113","6","6"
"73","5","3","30","30","191","19100000","150628","0.007886282722513089","12","12"
"76","5","3","30","30","48","4800000","130765","0.027242708333333334","3","4"
"74","5","3","30","30","118","11800000","189339","0.016045677966101696","6","7"
"73","5","3","30","30","192","19200000","150834","0.0078559375","12","12"
"76","5","3","30","30","49","4900000","130911","0.0267165306122449","3","3"
"74","5","3","30","30","119","11900000","189709","0.015941932773109242","6","6"
"73","5","3","30","30","193","19300000","151052","0.007826528497409327","12","12"
"76","5","3","30","30","50","5000000","130934","0.0261868","2","2"
"77","5","3","30","30","0","0","0","0","125","889"
"74","5","3","30","30","120","12000000","190113","0.01584275","6","8"
"73","5","3","30","30","194","19400000","151326","0.0078003092783505154","12","13"
"74","5","3","30","30","121","12100000","190512","0.015744793388429754","6","6"
"77","5","3","30","30","1","100000","7047","0.07047","102","219"
"73","5","3","30","30","195","19500000","151616","0.007775179487179487","12","13"
"74","5","3","30","30","122","12200000","190853","0.015643688524590162","6","7"
"77","5","3","30","30","2","200000","13819","0.069095","79","164"
"73","5","3","30","30","196","19600000","151844","0.007747142857142857","12","13"
"74","5","3","30","30","123","12300000","191207","0.01554528455284553","5","6"
"77","5","3","30","30","3","300000","19500","0.065","60","118"
"73","5","3","30","30","197","19700000","152034","0.0077174619289340106","12","12"
"74","5","3","30","30","124","12400000","191544","0.015447096774193548","5","6"
"77","5","3","30","30","4","400000","25107","0.0627675","57","115"
"73","5","3","30","30","198","19800000","152279","0.007690858585858586","12","12"
"74","5","3","30","30","125","12500000","191806","0.01534448","5","5"
"77","5","3","30","30","5","500000","30078","0.060156","46","77"
"73","5","3","30","30","199","19900000","152544","0.007665527638190955","12","12"
"74","5","3","30","30","126","12600000","192026","0.01524015873015873","5","6"
"77","5","3","30","30","6","600000","34220","0.05703333333333333","43","65"
"73","5","3","30","30","200","20000000","152810","0.0076405","12","12"
"74","5","3","30","30","127","12700000","192070","0.015123622047244094","4","4"
"78","5","3","30","30","0","0","0","0","125","890"
"77","5","3","30","30","7","700000","38182","0.05454571428571429","37","58"
"73","5","3","30","30","201","20100000","153074","0.007615621890547264","12","13"
"78","5","3","30","30","1","100000","7475","0.07475","96","214"
"77","5","3","30","30","8","800000","41936","0.05242","36","60"
"73","5","3","30","30","202","20200000","153389","0.007593514851485149","12","12"
"78","5","3","30","30","2","200000","13281","0.066405","79","146"
"77","5","3","30","30","9","900000","45607","0.050674444444444446","26","47"
"73","5","3","30","30","203","20300000","153619","0.00756743842364532","12","12"
"78","5","3","30","30","3","300000","17986","0.05995333333333333","55","106"
"77","5","3","30","30","10","1000000","48334","0.048334","24","37"
"73","5","3","30","30","204","20400000","153910","0.0075446078431372545","12","13"
"78","5","3","30","30","4","400000","22902","0.057255","46","74"
"73","5","3","30","30","205","20500000","154217","0.007522780487804878","12","12"
"77","5","3","30","30","11","1100000","51251","0.04659181818181818","23","34"
"78","5","3","30","30","5","500000","26580","0.05316","36","52"
"73","5","3","30","30","206","20600000","154510","0.007500485436893204","12","12"
"77","5","3","30","30","12","1200000","54127","0.04510583333333333","20","27"
"78","5","3","30","30","6","600000","29749","0.04958166666666667","25","41"
"73","5","3","30","30","207","20700000","154812","0.007478840579710145","12","13"
"77","5","3","30","30","13","1300000","56600","0.04353846153846154","20","36"
"78","5","3","30","30","7","700000","32920","0.047028571428571427","25","43"
"73","5","3","30","30","208","20800000","155129","0.007458125","12","13"
"77","5","3","30","30","14","1400000","59065","0.042189285714285714","20","32"
"78","5","3","30","30","8","800000","36152","0.04519","29","55"
"73","5","3","30","30","209","20900000","155456","0.007438086124401914","12","12"
"77","5","3","30","30","15","1500000","61322","0.04088133333333333","18","25"
"78","5","3","30","30","9","900000","39104","0.04344888888888889","27","39"
"73","5","3","30","30","210","21000000","155760","0.007417142857142857","12","12"
"77","5","3","30","30","16","1600000","63507","0.039691875","18","29"
"78","5","3","30","30","10","1000000","41452","0.041452","25","32"
"73","5","3","30","30","211","21100000","156029","0.007394739336492891","12","12"
"77","5","3","30","30","17","1700000","65951","0.03879470588235294","20","26"
"73","5","3","30","30","212","21200000","156331","0.007374103773584905","12","12"
"78","5","3","30","30","11","1100000","43590","0.039627272727272726","23","33"
"77","5","3","30","30","18","1800000","67977","0.037765","17","24"
"73","5","3","30","30","213","21300000","156560","0.007350234741784038","12","12"
"78","5","3","30","30","12","1200000","45924","0.03827","24","40"
"77","5","3","30","30","19","1900000","70007","0.036845789473684214","19","26"
"73","5","3","30","30","214","21400000","156819","0.007327990654205608","12","12"
"78","5","3","30","30","13","1300000","48305","0.03715769230769231","24","33"
"77","5","3","30","30","20","2000000","72152","0.036076","18","30"
"73","5","3","30","30","215","21500000","157049","0.0073046046511627905","12","12"
"78","5","3","30","30","14","1400000","50462","0.036044285714285716","22","28"
"77","5","3","30","30","21","2100000","74254","0.035359047619047616","19","29"
"73","5","3","30","30","216","21600000","157353","0.007284861111111111","12","12"
"78","5","3","30","30","15","1500000","52523","0.035015333333333336","22","32"
"77","5","3","30","30","22","2200000","76294","0.03467909090909091","18","22"
"73","5","3","30","30","217","21700000","157612","0.007263225806451613","12","12"
"78","5","3","30","30","16","1600000","55048","0.034405","18","31"
"77","5","3","30","30","23","2300000","78502","0.03413130434782609","18","25"
"73","5","3","30","30","218","21800000","157945","0.007245183486238532","12","12"
"78","5","3","30","30","17","1700000","57264","0.03368470588235294","19","24"
"77","5","3","30","30","24","2400000","80839","0.03368291666666667","17","24"
"73","5","3","30","30","219","21900000","158268","0.0072268493150684935","12","12"
"78","5","3","30","30","18","1800000","59649","0.03313833333333333","22","30"
"77","5","3","30","30","25","2500000","83302","0.0333208","16","25"
"73","5","3","30","30","220","22000000","158510","0.007205","12","12"
"78","5","3","30","30","19","1900000","62509","0.03289947368421053","20","38"
"77","5","3","30","30","26","2600000","86113","0.033120384615384614","15","22"
"73","5","3","30","30","221","22100000","158777","0.00718447963800905","12","12"
"78","5","3","30","30","20","2000000","65232","0.032616","22","37"
"77","5","3","30","30","27","2700000","88548","0.03279555555555556","17","26"
"73","5","3","30","30","222","22200000","159001","0.007162207207207207","12","12"
"78","5","3","30","30","21","2100000","67929","0.03234714285714286","21","31"
"77","5","3","30","30","28","2800000","90577","0.03234892857142857","17","28"
"73","5","3","30","30","223","22300000","159231","0.007140403587443946","12","13"
"78","5","3","30","30","22","2200000","70638","0.03210818181818182","20","34"
"77","5","3","30","30","29","2900000","92594","0.03192896551724138","16","29"
"73","5","3","30","30","224","22400000","159517","0.007121294642857143","12","15"
"78","5","3","30","30","23","2300000","73301","0.03187","22","33"
"77","5","3","30","30","30","3000000","94821","0.031607","16","22"
"73","5","3","30","30","225","22500000","159790","0.007101777777777778","12","13"
"78","5","3","30","30","24","2400000","75563","0.03148458333333334","18","30"
"77","5","3","30","30","31","3100000","96812","0.03122967741935484","15","21"
"73","5","3","30","30","226","22600000","160098","0.007083982300884956","12","13"
"78","5","3","30","30","25","2500000","77624","0.0310496","19","30"
"77","5","3","30","30","32","3200000","98847","0.0308896875","16","28"
"73","5","3","30","30","227","22700000","160473","0.007069295154185022","12","12"
"78","5","3","30","30","26","2600000","79613","0.030620384615384615","15","31"
"77","5","3","30","30","33","3300000","100393","0.030422121212121213","15","23"
"73","5","3","30","30","228","22800000","160906","0.007057280701754386","12","12"
"77","5","3","30","30","34","3400000","101940","0.02998235294117647","15","25"
"78","5","3","30","30","27","2700000","81591","0.03021888888888889","14","20"
"73","5","3","30","30","229","22900000","161219","0.007040131004366812","12","13"
"77","5","3","30","30","35","3500000","103515","0.029575714285714285","13","18"
"78","5","3","30","30","28","2800000","83476","0.029812857142857144","14","19"
"73","5","3","30","30","230","23000000","161465","0.007020217391304348","12","12"
"77","5","3","30","30","36","3600000","105159","0.02921083333333333","14","16"
"78","5","3","30","30","29","2900000","85045","0.02932586206896552","13","18"
"73","5","3","30","30","231","23100000","161799","0.007004285714285715","12","13"
"77","5","3","30","30","37","3700000","107250","0.028986486486486485","18","28"
"78","5","3","30","30","30","3000000","86584","0.028861333333333333","11","17"
"73","5","3","30","30","232","23200000","162171","0.006990129310344827","12","12"
"77","5","3","30","30","38","3800000","109337","0.028772894736842105","15","21"
"78","5","3","30","30","31","3100000","88031","0.02839709677419355","11","19"
"73","5","3","30","30","233","23300000","162502","0.006974334763948498","12","12"
"77","5","3","30","30","39","3900000","111060","0.028476923076923077","14","20"
"78","5","3","30","30","32","3200000","89629","0.0280090625","11","17"
"73","5","3","30","30","234","23400000","162784","0.0069565811965811965","12","13"
"77","5","3","30","30","40","4000000","112607","0.02815175","14","23"
"78","5","3","30","30","33","3300000","91085","0.02760151515151515","10","17"
"73","5","3","30","30","235","23500000","163087","0.006939872340425532","12","12"
"77","5","3","30","30","41","4100000","114180","0.027848780487804876","14","17"
"78","5","3","30","30","34","3400000","92290","0.027144117647058822","9","12"
"73","5","3","30","30","236","23600000","163360","0.006922033898305085","12","13"
"77","5","3","30","30","42","4200000","115827","0.027577857142857144","14","22"
"78","5","3","30","30","35","3500000","93388","0.026682285714285714","9","11"
"73","5","3","30","30","237","23700000","163649","0.006905021097046413","12","12"
"77","5","3","30","30","43","4300000","117619","0.027353255813953488","16","30"
"78","5","3","30","30","36","3600000","94433","0.026231388888888887","9","12"
"73","5","3","30","30","238","23800000","163950","0.006888655462184874","12","13"
"77","5","3","30","30","44","4400000","119460","0.02715","15","18"
"78","5","3","30","30","37","3700000","95687","0.025861351351351352","9","11"
"73","5","3","30","30","239","23900000","164362","0.006877071129707113","12","15"
"77","5","3","30","30","45","4500000","121544","0.02700977777777778","16","30"
"73","5","3","30","30","240","24000000","164712","0.006863","12","13"
"78","5","3","30","30","38","3800000","96822","0.025479473684210528","9","15"
"77","5","3","30","30","46","4600000","123531","0.026854565217391303","15","28"
"73","5","3","30","30","241","24100000","165160","0.006853112033195021","12","14"
"78","5","3","30","30","39","3900000","97523","0.025005897435897435","8","9"
"77","5","3","30","30","47","4700000","125556","0.02671404255319149","16","29"
"73","5","3","30","30","242","24200000","165616","0.006843636363636363","12","14"
"78","5","3","30","30","40","4000000","98108","0.024527","7","7"
"77","5","3","30","30","48","4800000","127536","0.02657","15","30"
"73","5","3","30","30","243","24300000","166006","0.006831522633744856","12","12"
"78","5","3","30","30","41","4100000","98601","0.024049024390243902","7","7"
"77","5","3","30","30","49","4900000","129444","0.026417142857142858","13","20"
"73","5","3","30","30","244","24400000","166341","0.006817254098360656","12","14"
"78","5","3","30","30","42","4200000","99135","0.02360357142857143","7","9"
"73","5","3","30","30","245","24500000","166661","0.006802489795918368","12","12"
"77","5","3","30","30","50","5000000","131413","0.0262826","14","25"
"78","5","3","30","30","43","4300000","99670","0.02317906976744186","7","9"
"73","5","3","30","30","246","24600000","166985","0.006788008130081301","12","13"
"77","5","3","30","30","51","5100000","132896","0.026058039215686276","13","18"
"78","5","3","30","30","44","4400000","99983","0.02272340909090909","7","7"
"73","5","3","30","30","247","24700000","167251","0.006771295546558705","12","12"
"77","5","3","30","30","52","5200000","134321","0.02583096153846154","14","24"
"78","5","3","30","30","45","4500000","100416","0.022314666666666667","7","8"
"73","5","3","30","30","248","24800000","167577","0.0067571370967741936","12","12"
"77","5","3","30","30","53","5300000","136135","0.025685849056603774","14","23"
"78","5","3","30","30","46","4600000","100907","0.021936304347826088","7","7"
"73","5","3","30","30","249","24900000","167844","0.0067407228915662655","12","12"
"77","5","3","30","30","54","5400000","137970","0.02555","15","27"
"78","5","3","30","30","47","4700000","101524","0.021600851063829786","7","9"
"73","5","3","30","30","250","25000000","168115","0.0067246","12","14"
"77","5","3","30","30","55","5500000","140145","0.025480909090909092","13","26"
"78","5","3","30","30","48","4800000","102164","0.021284166666666667","7","7"
"73","5","3","30","30","251","25100000","168364","0.0067077290836653385","12","12"
"77","5","3","30","30","56","5600000","142074","0.025370357142857142","13","22"
"78","5","3","30","30","49","4900000","102570","0.02093265306122449","7","8"
"73","5","3","30","30","252","25200000","168578","0.0066896031746031745","12","12"
"77","5","3","30","30","57","5700000","143995","0.025262280701754385","12","20"
"78","5","3","30","30","50","5000000","103007","0.0206014","7","7"
"73","5","3","30","30","253","25300000","168875","0.006674901185770751","12","13"
"77","5","3","30","30","58","5800000","145837","0.025144310344827586","15","30"
"78","5","3","30","30","51","5100000","103328","0.020260392156862744","7","7"
"73","5","3","30","30","254","25400000","169235","0.006662795275590551","12","12"
"77","5","3","30","30","59","5900000","147636","0.025023050847457626","13","20"
"78","5","3","30","30","52","5200000","103658","0.01993423076923077","7","9"
"73","5","3","30","30","255","25500000","169504","0.00664721568627451","12","13"
"77","5","3","30","30","60","6000000","149524","0.024920666666666667","11","18"
"78","5","3","30","30","53","5300000","103987","0.019620188679245282","7","7"
"73","5","3","30","30","256","25600000","169733","0.0066301953125","12","12"
"78","5","3","30","30","54","5400000","104250","0.019305555555555555","7","7"
"77","5","3","30","30","61","6100000","151178","0.02478327868852459","10","14"
"73","5","3","30","30","257","25700000","169987","0.006614280155642024","12","12"
"78","5","3","30","30","55","5500000","104619","0.019021636363636362","7","7"
"77","5","3","30","30","62","6200000","152670","0.024624193548387095","10","13"
"73","5","3","30","30","258","25800000","170262","0.006599302325581396","12","13"
"78","5","3","30","30","56","5600000","104902","0.0187325","7","7"
"77","5","3","30","30","63","6300000","154087","0.02445825396825397","10","14"
"73","5","3","30","30","259","25900000","170744","0.006592432432432432","12","13"
"78","5","3","30","30","57","5700000","105079","0.018434912280701755","7","7"
"77","5","3","30","30","64","6400000","155369","0.02427640625","10","16"
"73","5","3","30","30","260","26000000","171134","0.006582076923076923","12","13"
"78","5","3","30","30","58","5800000","105272","0.018150344827586207","7","7"
"77","5","3","30","30","65","6500000","156533","0.024082","10","16"
"73","5","3","30","30","261","26100000","171390","0.006566666666666667","12","12"
"78","5","3","30","30","59","5900000","105476","0.01787728813559322","7","7"
"77","5","3","30","30","66","6600000","157635","0.02388409090909091","10","18"
"73","5","3","30","30","262","26200000","171674","0.006552442748091603","12","13"
"78","5","3","30","30","60","6000000","105699","0.0176165","7","8"
"77","5","3","30","30","67","6700000","158773","0.023697462686567163","9","16"
"73","5","3","30","30","263","26300000","171959","0.006538365019011407","12","14"
"78","5","3","30","30","61","6100000","105962","0.01737081967213115","7","7"
"77","5","3","30","30","68","6800000","160024","0.02353294117647059","10","15"
"73","5","3","30","30","264","26400000","172231","0.0065239015151515155","12","12"
"78","5","3","30","30","62","6200000","106213","0.017131129032258066","7","8"
"77","5","3","30","30","69","6900000","161085","0.023345652173913045","9","13"
"73","5","3","30","30","265","26500000","172593","0.006512943396226415","12","12"
"78","5","3","30","30","63","6300000","106356","0.01688190476190476","7","7"
"77","5","3","30","30","70","7000000","162364","0.023194857142857142","10","15"
"73","5","3","30","30","266","26600000","172858","0.006498421052631579","12","12"
"78","5","3","30","30","64","6400000","106489","0.01663890625","7","7"
"77","5","3","30","30","71","7100000","163382","0.023011549295774647","10","15"
"73","5","3","30","30","267","26700000","173241","0.006488426966292135","12","13"
"78","5","3","30","30","65","6500000","106544","0.016391384615384617","7","7"
"77","5","3","30","30","72","7200000","164369","0.022829027777777778","9","16"
"73","5","3","30","30","268","26800000","173641","0.0064791417910447765","12","14"
"78","5","3","30","30","66","6600000","106548","0.016143636363636363","6","6"
"77","5","3","30","30","73","7300000","165369","0.022653287671232876","10","13"
"79","5","3","30","30","0","0","0","0","125","890"
"73","5","3","30","30","269","26900000","174044","0.0064700371747211894","12","12"
"77","5","3","30","30","74","7400000","166448","0.022492972972972973","10","15"
"79","5","3","30","30","1","100000","7717","0.07717","102","217"
"73","5","3","30","30","270","27000000","174382","0.006458592592592592","12","13"
"77","5","3","30","30","75","7500000","167575","0.022343333333333333","9","18"
"79","5","3","30","30","2","200000","14101","0.070505","78","143"
"73","5","3","30","30","271","27100000","174621","0.006443579335793358","12","13"
"77","5","3","30","30","76","7600000","168836","0.022215263157894738","10","15"
"73","5","3","30","30","272","27200000","174992","0.006433529411764706","12","12"
"79","5","3","30","30","3","300000","19386","0.06462","53","90"
"77","5","3","30","30","77","7700000","169980","0.022075324675324675","10","21"
"73","5","3","30","30","273","27300000","175331","0.006422380952380952","12","12"
"79","5","3","30","30","4","400000","23807","0.0595175","43","69"
"77","5","3","30","30","78","7800000","171011","0.021924487179487178","10","15"
"73","5","3","30","30","274","27400000","175665","0.006411131386861314","12","13"
"79","5","3","30","30","5","500000","27937","0.055874","42","68"
"77","5","3","30","30","79","7900000","172044","0.021777721518987343","9","15"
"73","5","3","30","30","275","27500000","175960","0.0063985454545454545","12","12"
"79","5","3","30","30","6","600000","32435","0.05405833333333333","43","68"
"77","5","3","30","30","80","8000000","173078","0.02163475","10","14"
"73","5","3","30","30","276","27600000","176297","0.006387572463768116","12","12"
"79","5","3","30","30","7","700000","36364","0.05194857142857143","38","66"
"77","5","3","30","30","81","8100000","174000","0.02148148148148148","10","15"
"73","5","3","30","30","277","27700000","176587","0.006374981949458484","12","13"
"79","5","3","30","30","8","800000","39978","0.0499725","33","64"
"77","5","3","30","30","82","8200000","175079","0.02135109756097561","10","16"
"73","5","3","30","30","278","27800000","176883","0.006362697841726619","12","13"
"79","5","3","30","30","9","900000","43476","0.048306666666666664","35","54"
"77","5","3","30","30","83","8300000","176130","0.021220481927710845","10","14"
"73","5","3","30","30","279","27900000","177143","0.00634921146953405","12","12"
"79","5","3","30","30","10","1000000","46580","0.04658","32","48"
"77","5","3","30","30","84","8400000","176999","0.021071309523809523","9","14"
"73","5","3","30","30","280","28000000","177410","0.006336071428571429","12","12"
"79","5","3","30","30","11","1100000","49375","0.044886363636363634","31","42"
"77","5","3","30","30","85","8500000","177946","0.020934823529411766","9","11"
"73","5","3","30","30","281","28100000","177634","0.006321494661921708","12","12"
"79","5","3","30","30","12","1200000","52192","0.043493333333333335","29","42"
"77","5","3","30","30","86","8600000","178768","0.020786976744186045","9","13"
"73","5","3","30","30","282","28200000","177982","0.006311418439716312","12","12"
"79","5","3","30","30","13","1300000","55360","0.04258461538461539","27","50"
"77","5","3","30","30","87","8700000","179573","0.02064057471264368","9","12"
"73","5","3","30","30","283","28300000","178292","0.006300070671378092","12","13"
"77","5","3","30","30","88","8800000","180290","0.0204875","8","10"
"79","5","3","30","30","14","1400000","58409","0.041720714285714285","30","44"
"73","5","3","30","30","284","28400000","178539","0.006286584507042253","12","12"
"77","5","3","30","30","89","8900000","180885","0.020324157303370786","8","10"
"79","5","3","30","30","15","1500000","62074","0.041382666666666665","28","51"
"73","5","3","30","30","285","28500000","178814","0.0062741754385964915","12","14"
"77","5","3","30","30","90","9000000","181488","0.020165333333333334","8","11"
"79","5","3","30","30","16","1600000","65053","0.040658125","25","40"
"73","5","3","30","30","286","28600000","179230","0.006266783216783217","12","14"
"77","5","3","30","30","91","9100000","182141","0.020015494505494506","8","10"
"79","5","3","30","30","17","1700000","68646","0.04038","29","47"
"73","5","3","30","30","287","28700000","179533","0.0062555052264808364","12","13"
"77","5","3","30","30","92","9200000","182833","0.019873152173913042","8","9"
"79","5","3","30","30","18","1800000","72090","0.04005","25","37"
"73","5","3","30","30","288","28800000","179754","0.006241458333333333","12","12"
"77","5","3","30","30","93","9300000","183309","0.019710645161290324","8","12"
"79","5","3","30","30","19","1900000","75344","0.03965473684210526","22","37"
"73","5","3","30","30","289","28900000","179987","0.006227923875432526","12","14"
"77","5","3","30","30","94","9400000","183855","0.019559042553191488","8","9"
"79","5","3","30","30","20","2000000","78418","0.039209","20","29"
"73","5","3","30","30","290","29000000","180261","0.006215896551724138","12","12"
"77","5","3","30","30","95","9500000","184355","0.01940578947368421","8","11"
"79","5","3","30","30","21","2100000","81154","0.038644761904761904","17","28"
"73","5","3","30","30","291","29100000","180532","0.006203848797250859","12","14"
"77","5","3","30","30","96","9600000","184912","0.019261666666666667","6","8"
"79","5","3","30","30","22","2200000","83568","0.037985454545454544","19","28"
"73","5","3","30","30","292","29200000","180743","0.006189828767123287","12","12"
"77","5","3","30","30","97","9700000","185411","0.019114536082474227","6","8"
"79","5","3","30","30","23","2300000","85513","0.037179565217391304","16","27"
"73","5","3","30","30","293","29300000","181038","0.006178771331058021","12","12"
"77","5","3","30","30","98","9800000","185839","0.018963163265306122","6","6"
"73","5","3","30","30","294","29400000","181383","0.006169489795918367","12","12"
"79","5","3","30","30","24","2400000","87203","0.03633458333333334","16","23"
"77","5","3","30","30","99","9900000","186113","0.01879929292929293","6","6"
"73","5","3","30","30","295","29500000","181619","0.006156576271186441","12","12"
"79","5","3","30","30","25","2500000","88980","0.035592","15","22"
"77","5","3","30","30","100","10000000","186474","0.0186474","6","9"
"73","5","3","30","30","296","29600000","181823","0.006142668918918919","12","13"
"79","5","3","30","30","26","2600000","90695","0.03488269230769231","13","16"
"77","5","3","30","30","101","10100000","186786","0.018493663366336635","6","8"
"73","5","3","30","30","297","29700000","182088","0.0061309090909090905","12","12"
"79","5","3","30","30","27","2700000","92308","0.03418814814814815","13","19"
"77","5","3","30","30","102","10200000","187096","0.018342745098039216","6","7"
"73","5","3","30","30","298","29800000","182371","0.006119832214765101","12","12"
"79","5","3","30","30","28","2800000","93920","0.033542857142857145","14","18"
"77","5","3","30","30","103","10300000","187394","0.01819359223300971","6","6"
"73","5","3","30","30","299","29900000","182639","0.006108327759197324","12","13"
"79","5","3","30","30","29","2900000","96036","0.03311586206896552","14","21"
"77","5","3","30","30","104","10400000","187397","0.01801894230769231","5","5"
"80","5","3","30","30","0","0","0","0","125","886"
"73","5","3","30","30","300","30000000","182857","0.006095233333333333","12","13"
"79","5","3","30","30","30","3000000","98079","0.032693","14","20"
"80","5","3","30","30","1","100000","7092","0.07092","94","214"
"73","5","3","30","30","301","30100000","183094","0.0060828571428571425","12","13"
"79","5","3","30","30","31","3100000","99990","0.03225483870967742","15","25"
"73","5","3","30","30","302","30200000","183348","0.00607112582781457","12","14"
"80","5","3","30","30","2","200000","13504","0.06752","71","142"
"79","5","3","30","30","32","3200000","102040","0.0318875","14","23"
"73","5","3","30","30","303","30300000","183570","0.006058415841584158","12","14"
"80","5","3","30","30","3","300000","19931","0.06643666666666667","62","127"
"79","5","3","30","30","33","3300000","103997","0.031514242424242424","14","23"
"73","5","3","30","30","304","30400000","183793","0.0060458223684210525","12","13"
"80","5","3","30","30","4","400000","25654","0.064135","48","95"
"79","5","3","30","30","34","3400000","106073","0.031197941176470588","15","22"
"73","5","3","30","30","305","30500000","184043","0.006034196721311475","12","12"
"80","5","3","30","30","5","500000","30748","0.061496","45","88"
"79","5","3","30","30","35","3500000","108218","0.03091942857142857","15","20"
"73","5","3","30","30","306","30600000","184268","0.006021830065359477","12","12"
"80","5","3","30","30","6","600000","35715","0.059525","37","63"
"79","5","3","30","30","36","3600000","110809","0.030780277777777778","17","30"
"73","5","3","30","30","307","30700000","184532","0.006010814332247557","12","12"
"80","5","3","30","30","7","700000","39505","0.056435714285714284","33","50"
"79","5","3","30","30","37","3700000","113281","0.030616486486486485","15","26"
"73","5","3","30","30","308","30800000","184784","0.005999480519480519","12","12"
"80","5","3","30","30","8","800000","42940","0.053675","33","46"
"79","5","3","30","30","38","3800000","115714","0.030451052631578948","17","24"
"73","5","3","30","30","309","30900000","185084","0.0059897734627831715","12","13"
"80","5","3","30","30","9","900000","45784","0.05087111111111111","24","32"
"79","5","3","30","30","39","3900000","118010","0.030258974358974358","14","29"
"73","5","3","30","30","310","31000000","185276","0.005976645161290322","12","12"
"80","5","3","30","30","10","1000000","48140","0.04814","21","28"
"79","5","3","30","30","40","4000000","120483","0.03012075","14","26"
"73","5","3","30","30","311","31100000","185491","0.005964340836012862","12","12"
"80","5","3","30","30","11","1100000","50204","0.04564","19","31"
"79","5","3","30","30","41","4100000","123234","0.030057073170731707","11","23"
"73","5","3","30","30","312","31200000","185719","0.0059525320512820515","12","12"
"80","5","3","30","30","12","1200000","52256","0.043546666666666664","21","35"
"73","5","3","30","30","313","31300000","186026","0.00594332268370607","12","13"
"79","5","3","30","30","42","4200000","125800","0.029952380952380953","12","18"
"80","5","3","30","30","13","1300000","54634","0.042026153846153845","20","34"
"73","5","3","30","30","314","31400000","186332","0.005934140127388535","12","13"
"79","5","3","30","30","43","4300000","128088","0.029787906976744185","12","17"
"80","5","3","30","30","14","1400000","57093","0.04078071428571429","21","32"
"73","5","3","30","30","315","31500000","186543","0.005922","12","12"
"79","5","3","30","30","44","4400000","130330","0.029620454545454547","15","27"
"80","5","3","30","30","15","1500000","59411","0.039607333333333335","21","38"
"73","5","3","30","30","316","31600000","186769","0.005910411392405063","12","12"
"79","5","3","30","30","45","4500000","132409","0.029424222222222223","11","18"
"80","5","3","30","30","16","1600000","61551","0.038469375","17","23"
"73","5","3","30","30","317","31700000","187032","0.00590006309148265","12","12"
"79","5","3","30","30","46","4600000","134644","0.029270434782608695","10","19"
"80","5","3","30","30","17","1700000","63591","0.03740647058823529","16","24"
"73","5","3","30","30","318","31800000","187250","0.005888364779874214","12","12"
"79","5","3","30","30","47","4700000","137139","0.02917851063829787","12","20"
"80","5","3","30","30","18","1800000","65515","0.03639722222222222","20","27"
"73","5","3","30","30","319","31900000","187517","0.005878275862068965","12","12"
"79","5","3","30","30","48","4800000","139555","0.029073958333333334","13","24"
"80","5","3","30","30","19","1900000","67595","0.035576315789473685","17","26"
"73","5","3","30","30","320","32000000","187803","0.00586884375","12","12"
"79","5","3","30","30","49","4900000","142163","0.029012857142857142","14","26"
"80","5","3","30","30","20","2000000","69914","0.034957","17","26"
"73","5","3","30","30","321","32100000","188043","0.00585803738317757","12","13"
"79","5","3","30","30","50","5000000","144950","0.02899","16","35"
"80","5","3","30","30","21","2100000","72033","0.03430142857142857","15","26"
"73","5","3","30","30","322","32200000","188258","0.005846521739130435","12","12"
"79","5","3","30","30","51","5100000","147933","0.029006470588235293","15","36"
"80","5","3","30","30","22","2200000","73872","0.03357818181818182","12","18"
"73","5","3","30","30","323","32300000","188463","0.005834767801857585","12","12"
"79","5","3","30","30","52","5200000","150601","0.02896173076923077","14","33"
"80","5","3","30","30","23","2300000","75554","0.032849565217391304","13","21"
"73","5","3","30","30","324","32400000","188702","0.005824135802469136","12","12"
"79","5","3","30","30","53","5300000","152598","0.028792075471698115","11","20"
"80","5","3","30","30","24","2400000","77075","0.032114583333333335","13","17"
"73","5","3","30","30","325","32500000","188998","0.005815323076923077","12","12"
"79","5","3","30","30","54","5400000","154832","0.028672592592592593","11","24"
"80","5","3","30","30","25","2500000","78896","0.0315584","16","35"
"73","5","3","30","30","326","32600000","189321","0.00580739263803681","12","12"
"79","5","3","30","30","55","5500000","157077","0.028559454545454544","13","27"
"80","5","3","30","30","26","2600000","80821","0.031085","12","20"
"73","5","3","30","30","327","32700000","189659","0.005799969418960244","12","12"
"79","5","3","30","30","56","5600000","159564","0.028493571428571427","12","21"
"80","5","3","30","30","27","2700000","82321","0.030489259259259258","11","16"
"73","5","3","30","30","328","32800000","189876","0.00578890243902439","12","12"
"79","5","3","30","30","57","5700000","161865","0.028397368421052633","10","24"
"80","5","3","30","30","28","2800000","83515","0.029826785714285715","12","18"
"73","5","3","30","30","329","32900000","190085","0.005777659574468085","12","12"
"80","5","3","30","30","29","2900000","84638","0.02918551724137931","11","21"
"79","5","3","30","30","58","5800000","164211","0.028312241379310345","11","16"
"73","5","3","30","30","330","33000000","190318","0.005767212121212121","12","12"
"80","5","3","30","30","30","3000000","85502","0.028500666666666667","8","12"
"73","5","3","30","30","331","33100000","190538","0.00575643504531722","12","12"
"79","5","3","30","30","59","5900000","166708","0.028255593220338982","12","25"
"80","5","3","30","30","31","3100000","86451","0.02788741935483871","10","17"
"73","5","3","30","30","332","33200000","190758","0.005745722891566265","12","13"
"79","5","3","30","30","60","6000000","168928","0.028154666666666668","13","23"
"73","5","3","30","30","333","33300000","191000","0.005735735735735736","12","12"
"80","5","3","30","30","32","3200000","87480","0.0273375","9","13"
"79","5","3","30","30","61","6100000","171032","0.028038032786885245","11","22"
"73","5","3","30","30","334","33400000","191328","0.005728383233532934","12","14"
"80","5","3","30","30","33","3300000","88433","0.026797878787878787","9","15"
"79","5","3","30","30","62","6200000","173206","0.027936451612903226","12","25"
"73","5","3","30","30","335","33500000","191555","0.005718059701492537","12","13"
"80","5","3","30","30","34","3400000","89397","0.02629323529411765","9","13"
"79","5","3","30","30","63","6300000","175510","0.02785873015873016","11","22"
"73","5","3","30","30","336","33600000","191770","0.005707440476190476","12","12"
"80","5","3","30","30","35","3500000","90127","0.025750571428571428","9","12"
"79","5","3","30","30","64","6400000","178233","0.02784890625","10","23"
"73","5","3","30","30","337","33700000","192010","0.0056976261127596435","12","12"
"80","5","3","30","30","36","3600000","91003","0.025278611111111113","9","16"
"79","5","3","30","30","65","6500000","180612","0.027786461538461538","11","17"
"73","5","3","30","30","338","33800000","192312","0.005689704142011834","12","12"
"80","5","3","30","30","37","3700000","92053","0.024879189189189188","10","18"
"79","5","3","30","30","66","6600000","183023","0.027730757575757575","10","22"
"73","5","3","30","30","339","33900000","192578","0.005680766961651917","12","12"
"80","5","3","30","30","38","3800000","93276","0.024546315789473683","9","12"
"79","5","3","30","30","67","6700000","185479","0.027683432835820896","9","18"
"73","5","3","30","30","340","34000000","192832","0.0056715294117647055","12","12"
"80","5","3","30","30","39","3900000","94391","0.02420282051282051","9","15"
"79","5","3","30","30","68","6800000","187782","0.027615","8","12"
"73","5","3","30","30","341","34100000","193046","0.005661173020527859","12","12"
"80","5","3","30","30","40","4000000","95472","0.023868","10","13"
"79","5","3","30","30","69","6900000","189858","0.027515652173913042","8","12"
"73","5","3","30","30","342","34200000","193281","0.005651491228070175","12","14"
"80","5","3","30","30","41","4100000","96624","0.023566829268292684","11","17"
"79","5","3","30","30","70","7000000","191853","0.027407571428571427","9","17"
"73","5","3","30","30","343","34300000","193611","0.00564463556851312","12","14"
"80","5","3","30","30","42","4200000","97977","0.023327857142857143","11","26"
"79","5","3","30","30","71","7100000","193882","0.027307323943661973","8","20"
"73","5","3","30","30","344","34400000","193942","0.005637848837209303","12","12"
"80","5","3","30","30","43","4300000","99160","0.02306046511627907","10","14"
"79","5","3","30","30","72","7200000","196365","0.027272916666666668","8","13"
"73","5","3","30","30","345","34500000","194170","0.005628115942028986","12","12"
"80","5","3","30","30","44","4400000","100206","0.02277409090909091","9","15"
"79","5","3","30","30","73","7300000","198665","0.027214383561643837","6","11"
"73","5","3","30","30","346","34600000","194441","0.005619682080924855","12","13"
"80","5","3","30","30","45","4500000","101149","0.022477555555555556","9","16"
"79","5","3","30","30","74","7400000","200293","0.02706662162162162","7","16"
"73","5","3","30","30","347","34700000","194668","0.0056100288184438045","12","12"
"80","5","3","30","30","46","4600000","102198","0.02221695652173913","9","10"
"73","5","3","30","30","348","34800000","194949","0.00560198275862069","12","12"
"79","5","3","30","30","75","7500000","201967","0.026928933333333332","7","11"
"80","5","3","30","30","47","4700000","103230","0.021963829787234043","9","18"
"73","5","3","30","30","349","34900000","195252","0.0055946131805157595","12","12"
"79","5","3","30","30","76","7600000","203563","0.026784605263157894","7","11"
"80","5","3","30","30","48","4800000","104258","0.021720416666666666","8","9"
"73","5","3","30","30","350","35000000","195515","0.005586142857142857","12","13"
"79","5","3","30","30","77","7700000","205133","0.026640649350649352","7","12"
"80","5","3","30","30","49","4900000","105334","0.021496734693877553","9","14"
"73","5","3","30","30","351","35100000","195715","0.005575925925925926","12","13"
"79","5","3","30","30","78","7800000","206496","0.026473846153846153","6","8"
"80","5","3","30","30","50","5000000","106509","0.0213018","9","9"
"73","5","3","30","30","352","35200000","195945","0.005566619318181818","12","12"
"79","5","3","30","30","79","7900000","207955","0.02632341772151899","7","12"
"80","5","3","30","30","51","5100000","107745","0.021126470588235295","9","14"
"73","5","3","30","30","353","35300000","196205","0.0055582152974504246","12","12"
"79","5","3","30","30","80","8000000","209315","0.026164375","7","13"
"80","5","3","30","30","52","5200000","109082","0.02097730769230769","8","21"
"73","5","3","30","30","354","35400000","196464","0.005549830508474576","12","12"
"79","5","3","30","30","81","8100000","210768","0.02602074074074074","7","13"
"80","5","3","30","30","53","5300000","110498","0.020848679245283018","8","15"
"73","5","3","30","30","355","35500000","196700","0.005540845070422535","12","12"
"79","5","3","30","30","82","8200000","212239","0.025882804878048782","6","10"
"80","5","3","30","30","54","5400000","111757","0.02069574074074074","8","12"
"73","5","3","30","30","356","35600000","196950","0.005532303370786517","12","13"
"79","5","3","30","30","83","8300000","213666","0.02574289156626506","7","11"
"80","5","3","30","30","55","5500000","112378","0.020432363636363637","6","6"
"73","5","3","30","30","357","35700000","197206","0.0055239775910364145","12","14"
"79","5","3","30","30","84","8400000","215045","0.025600595238095238","7","10"
"80","5","3","30","30","56","5600000","112837","0.020149464285714284","6","6"
"73","5","3","30","30","358","35800000","197443","0.005515167597765363","12","12"
"80","5","3","30","30","57","5700000","113442","0.019902105263157895","6","8"
"79","5","3","30","30","85","8500000","216424","0.02546164705882353","7","11"
"73","5","3","30","30","359","35900000","197709","0.005507214484679666","12","13"
"80","5","3","30","30","58","5800000","113955","0.01964741379310345","6","6"
"79","5","3","30","30","86","8600000","217928","0.02534046511627907","6","9"
"73","5","3","30","30","360","36000000","198002","0.005500055555555556","12","12"
"80","5","3","30","30","59","5900000","114498","0.0194064406779661","6","7"
"79","5","3","30","30","87","8700000","219484","0.025228045977011494","6","12"
"73","5","3","30","30","361","36100000","198280","0.005492520775623269","12","13"
"80","5","3","30","30","60","6000000","115034","0.019172333333333333","6","7"
"79","5","3","30","30","88","8800000","221399","0.025158977272727274","6","12"
"73","5","3","30","30","362","36200000","198573","0.0054854419889502765","12","12"
"80","5","3","30","30","61","6100000","115564","0.018944918032786886","6","7"
"79","5","3","30","30","89","8900000","223021","0.025058539325842698","6","8"
"73","5","3","30","30","363","36300000","198826","0.005477300275482094","12","12"
"80","5","3","30","30","62","6200000","116176","0.01873806451612903","6","6"
"79","5","3","30","30","90","9000000","224416","0.024935111111111113","6","9"
"73","5","3","30","30","364","36400000","199067","0.0054688736263736265","12","12"
"80","5","3","30","30","63","6300000","116690","0.01852222222222222","6","7"
"79","5","3","30","30","91","9100000","226017","0.024837032967032966","6","9"
"73","5","3","30","30","365","36500000","199409","0.005463260273972603","12","13"
"80","5","3","30","30","64","6400000","117156","0.018305625","6","7"
"79","5","3","30","30","92","9200000","227780","0.024758695652173913","7","12"
"73","5","3","30","30","366","36600000","199707","0.005456475409836066","12","12"
"80","5","3","30","30","65","6500000","117671","0.01810323076923077","6","6"
"79","5","3","30","30","93","9300000","229629","0.024691290322580644","6","13"
"73","5","3","30","30","367","36700000","200060","0.005451226158038147","12","13"
"80","5","3","30","30","66","6600000","118182","0.017906363636363637","6","6"
"79","5","3","30","30","94","9400000","231338","0.024610425531914892","6","8"
"73","5","3","30","30","368","36800000","200395","0.005445516304347826","12","12"
"80","5","3","30","30","67","6700000","118552","0.017694328358208954","6","7"
"79","5","3","30","30","95","9500000","232698","0.024494526315789474","6","10"
"73","5","3","30","30","369","36900000","200842","0.005442872628726288","12","14"
"80","5","3","30","30","68","6800000","118858","0.017479117647058822","6","6"
"79","5","3","30","30","96","9600000","233991","0.0243740625","6","9"
"73","5","3","30","30","370","37000000","201288","0.005440216216216216","12","15"
"80","5","3","30","30","69","6900000","119048","0.017253333333333332","6","6"
"79","5","3","30","30","97","9700000","235153","0.02424257731958763","6","8"
"73","5","3","30","30","371","37100000","201614","0.005434339622641509","12","13"
"80","5","3","30","30","70","7000000","119122","0.017017428571428572","5","5"
"81","5","3","30","30","0","0","0","0","125","888"
"79","5","3","30","30","98","9800000","236273","0.024109489795918367","6","8"
"73","5","3","30","30","372","37200000","201833","0.0054256182795698925","12","12"
"81","5","3","30","30","1","100000","7145","0.07145","90","235"
"73","5","3","30","30","373","37300000","202119","0.0054187399463806974","12","12"
"79","5","3","30","30","99","9900000","237297","0.02396939393939394","6","7"
"81","5","3","30","30","2","200000","12719","0.063595","63","128"
"73","5","3","30","30","374","37400000","202383","0.005411310160427807","12","12"
"79","5","3","30","30","100","10000000","238285","0.0238285","6","7"
"81","5","3","30","30","3","300000","17707","0.05902333333333333","51","98"
"73","5","3","30","30","375","37500000","202619","0.005403173333333333","12","12"
"79","5","3","30","30","101","10100000","239260","0.02368910891089109","5","7"
"81","5","3","30","30","4","400000","22409","0.0560225","46","93"
"73","5","3","30","30","376","37600000","202893","0.0053960904255319145","12","12"
"79","5","3","30","30","102","10200000","240167","0.02354578431372549","5","7"
"81","5","3","30","30","5","500000","26834","0.053668","28","48"
"73","5","3","30","30","377","37700000","203141","0.005388355437665782","12","12"
"79","5","3","30","30","103","10300000","241060","0.02340388349514563","5","8"
"73","5","3","30","30","378","37800000","203428","0.005381693121693122","12","13"
"81","5","3","30","30","6","600000","30811","0.051351666666666664","23","41"
"79","5","3","30","30","104","10400000","241993","0.023268557692307693","5","8"
"73","5","3","30","30","379","37900000","203754","0.005376094986807388","12","12"
"81","5","3","30","30","7","700000","34654","0.049505714285714285","24","44"
"79","5","3","30","30","105","10500000","243076","0.023150095238095237","5","7"
"73","5","3","30","30","380","38000000","204087","0.0053707105263157895","12","12"
"81","5","3","30","30","8","800000","38568","0.04821","15","29"
"79","5","3","30","30","106","10600000","244071","0.02302556603773585","5","7"
"73","5","3","30","30","381","38100000","204372","0.005364094488188976","12","13"
"81","5","3","30","30","9","900000","42087","0.04676333333333333","16","22"
"79","5","3","30","30","107","10700000","244912","0.022888971962616824","5","6"
"73","5","3","30","30","382","38200000","204672","0.005357905759162304","12","12"
"81","5","3","30","30","10","1000000","45620","0.04562","18","37"
"79","5","3","30","30","108","10800000","245722","0.022752037037037036","5","6"
"73","5","3","30","30","383","38300000","204946","0.005351070496083551","12","12"
"79","5","3","30","30","109","10900000","246605","0.022624311926605505","5","7"
"81","5","3","30","30","11","1100000","48824","0.04438545454545455","13","23"
"73","5","3","30","30","384","38400000","205232","0.005344583333333333","12","13"
"81","5","3","30","30","12","1200000","51512","0.04292666666666667","14","24"
"79","5","3","30","30","110","11000000","247443","0.022494818181818182","5","7"
"73","5","3","30","30","385","38500000","205560","0.0053392207792207795","12","14"
"79","5","3","30","30","111","11100000","248318","0.02237099099099099","5","7"
"81","5","3","30","30","13","1300000","54067","0.04159","14","22"
"73","5","3","30","30","386","38600000","205852","0.005332953367875648","12","12"
"79","5","3","30","30","112","11200000","249311","0.022259910714285715","5","9"
"81","5","3","30","30","14","1400000","56219","0.04015642857142857","12","16"
"73","5","3","30","30","387","38700000","206138","0.0053265633074935405","12","12"
"79","5","3","30","30","113","11300000","250164","0.022138407079646018","5","7"
"81","5","3","30","30","15","1500000","58465","0.038976666666666666","14","18"
"73","5","3","30","30","388","38800000","206397","0.005319510309278351","12","14"
"79","5","3","30","30","114","11400000","251097","0.022026052631578946","5","7"
"81","5","3","30","30","16","1600000","60698","0.03793625","17","29"
"73","5","3","30","30","389","38900000","206738","0.005314601542416452","12","12"
"79","5","3","30","30","115","11500000","251929","0.021906869565217393","5","6"
"81","5","3","30","30","17","1700000","63109","0.03712294117647059","13","26"
"73","5","3","30","30","390","39000000","207061","0.0053092564102564105","12","13"
"79","5","3","30","30","116","11600000","252807","0.021793706896551725","5","7"
"81","5","3","30","30","18","1800000","65805","0.03655833333333333","11","17"
"73","5","3","30","30","391","39100000","207309","0.0053020204603580565","12","12"
"79","5","3","30","30","117","11700000","253623","0.021677179487179486","5","6"
"81","5","3","30","30","19","1900000","68338","0.03596736842105263","8","18"
"73","5","3","30","30","392","39200000","207558","0.00529484693877551","12","12"
"79","5","3","30","30","118","11800000","254393","0.021558728813559323","5","7"
"81","5","3","30","30","20","2000000","70286","0.035143","9","18"
"73","5","3","30","30","393","39300000","207872","0.005289363867684478","12","12"
"79","5","3","30","30","119","11900000","255260","0.021450420168067228","5","8"
"81","5","3","30","30","21","2100000","71838","0.03420857142857143","9","16"
"73","5","3","30","30","394","39400000","208184","0.005283857868020304","12","12"
"79","5","3","30","30","120","12000000","256090","0.021340833333333333","5","7"
"81","5","3","30","30","22","2200000","73441","0.033382272727272726","8","11"
"73","5","3","30","30","395","39500000","208452","0.0052772658227848105","12","12"
"79","5","3","30","30","121","12100000","257049","0.021243719008264463","5","6"
"81","5","3","30","30","23","2300000","74949","0.03258652173913044","7","10"
"73","5","3","30","30","396","39600000","208733","0.005271035353535353","12","12"
"79","5","3","30","30","122","12200000","257960","0.021144262295081966","5","6"
"81","5","3","30","30","24","2400000","76486","0.031869166666666664","7","9"
"73","5","3","30","30","397","39700000","209018","0.005264937027707808","12","13"
"79","5","3","30","30","123","12300000","258970","0.021054471544715448","5","7"
"81","5","3","30","30","25","2500000","78061","0.0312244","7","10"
"73","5","3","30","30","398","39800000","209320","0.00525929648241206","12","12"
"79","5","3","30","30","124","12400000","259923","0.020961532258064516","5","9"
"81","5","3","30","30","26","2600000","79697","0.030652692307692308","7","15"
"73","5","3","30","30","399","39900000","209624","0.005253734335839599","12","13"
"79","5","3","30","30","125","12500000","261003","0.02088024","5","8"
"81","5","3","30","30","27","2700000","81420","0.030155555555555557","7","12"
"73","5","3","30","30","400","40000000","209876","0.0052469","12","12"
"79","5","3","30","30","126","12600000","262280","0.020815873015873017","4","7"
"81","5","3","30","30","28","2800000","82987","0.029638214285714285","7","9"
"73","5","3","30","30","401","40100000","210121","0.005239925187032419","12","12"
"79","5","3","30","30","127","12700000","263223","0.020726220472440944","4","6"
"81","5","3","30","30","29","2900000","84616","0.029177931034482758","7","12"
"73","5","3","30","30","402","40200000","210349","0.005232562189054726","12","13"
"79","5","3","30","30","128","12800000","264219","0.020642109375","4","6"
"73","5","3","30","30","403","40300000","210628","0.005226501240694789","12","13"
"81","5","3","30","30","30","3000000","85995","0.028665","7","10"
"79","5","3","30","30","129","12900000","265184","0.0205568992248062","4","10"
"73","5","3","30","30","404","40400000","210897","0.0052202227722772275","12","13"
"81","5","3","30","30","31","3100000","87347","0.028176451612903226","7","8"
"79","5","3","30","30","130","13000000","266040","0.020464615384615383","4","7"
"73","5","3","30","30","405","40500000","211179","0.005214296296296296","12","12"
"81","5","3","30","30","32","3200000","88936","0.0277925","7","11"
"79","5","3","30","30","131","13100000","266917","0.020375343511450383","4","5"
"73","5","3","30","30","406","40600000","211485","0.005208990147783251","12","14"
"81","5","3","30","30","33","3300000","90604","0.027455757575757574","7","11"
"79","5","3","30","30","132","13200000","267736","0.020283030303030303","4","5"
"73","5","3","30","30","407","40700000","211793","0.005203759213759214","12","12"
"81","5","3","30","30","34","3400000","92150","0.027102941176470587","7","16"
"79","5","3","30","30","133","13300000","268625","0.02019736842105263","4","6"
"73","5","3","30","30","408","40800000","212023","0.0051966421568627455","12","13"
"81","5","3","30","30","35","3500000","93631","0.026751714285714285","7","11"
"73","5","3","30","30","409","40900000","212234","0.005189095354523227","12","14"
"79","5","3","30","30","134","13400000","269545","0.020115298507462687","4","5"
"81","5","3","30","30","36","3600000","94967","0.02637972222222222","7","11"
"73","5","3","30","30","410","41000000","212492","0.005182731707317073","12","13"
"79","5","3","30","30","135","13500000","270290","0.02002148148148148","4","6"
"81","5","3","30","30","37","3700000","96441","0.026065135135135135","7","10"
"73","5","3","30","30","411","41100000","212756","0.00517654501216545","12","12"
"79","5","3","30","30","136","13600000","271040","0.019929411764705883","4","6"
"81","5","3","30","30","38","3800000","97870","0.025755263157894736","7","10"
"73","5","3","30","30","412","41200000","213082","0.0051718932038834955","12","13"
"79","5","3","30","30","137","13700000","271912","0.01984759124087591","4","7"
"81","5","3","30","30","39","3900000","99145","0.025421794871794873","7","10"
"73","5","3","30","30","413","41300000","213295","0.00516452784503632","12","13"
"79","5","3","30","30","138","13800000","273003","0.01978282608695652","4","5"
"81","5","3","30","30","40","4000000","100125","0.02503125","7","11"
"73","5","3","30","30","414","41400000","213559","0.005158429951690822","12","13"
"79","5","3","30","30","139","13900000","273864","0.019702446043165466","4","6"
"81","5","3","30","30","41","4100000","101241","0.024692926829268293","6","10"
"73","5","3","30","30","415","41500000","213811","0.005152072289156626","12","12"
"79","5","3","30","30","140","14000000","274793","0.01962807142857143","4","6"
"81","5","3","30","30","42","4200000","102461","0.02439547619047619","7","11"
"73","5","3","30","30","416","41600000","214125","0.005147235576923077","12","12"
"79","5","3","30","30","141","14100000","275687","0.019552269503546098","4","6"
"81","5","3","30","30","43","4300000","103785","0.024136046511627908","7","14"
"73","5","3","30","30","417","41700000","214484","0.005143501199040767","12","12"
"79","5","3","30","30","142","14200000","276478","0.019470281690140846","4","7"
"81","5","3","30","30","44","4400000","105185","0.02390568181818182","7","17"
"73","5","3","30","30","418","41800000","214849","0.005139928229665072","12","14"
"79","5","3","30","30","143","14300000","277438","0.019401258741258743","4","7"
"81","5","3","30","30","45","4500000","106418","0.023648444444444444","6","6"
"73","5","3","30","30","419","41900000","215182","0.0051356085918854415","12","12"
"79","5","3","30","30","144","14400000","278307","0.019326875","4","6"
"81","5","3","30","30","46","4600000","107265","0.023318478260869566","5","6"
"73","5","3","30","30","420","42000000","215438","0.00512947619047619","12","12"
"79","5","3","30","30","145","14500000","279069","0.019246137931034482","4","5"
"81","5","3","30","30","47","4700000","107951","0.022968297872340424","5","5"
"73","5","3","30","30","421","42100000","215756","0.005124845605700713","12","13"
"79","5","3","30","30","146","14600000","279803","0.01916458904109589","4","5"
"81","5","3","30","30","48","4800000","108473","0.022598541666666666","5","5"
"73","5","3","30","30","422","42200000","216048","0.005119620853080569","12","12"
"79","5","3","30","30","147","14700000","280659","0.019092448979591836","4","7"
"81","5","3","30","30","49","4900000","109040","0.022253061224489796","5","7"
"73","5","3","30","30","423","42300000","216292","0.0051132860520094565","12","14"
"79","5","3","30","30","148","14800000","281540","0.019022972972972972","4","5"
"81","5","3","30","30","50","5000000","109753","0.0219506","5","7"
"73","5","3","30","30","424","42400000","216561","0.005107570754716981","12","14"
"79","5","3","30","30","149","14900000","282336","0.018948724832214766","4","6"
"81","5","3","30","30","51","5100000","110412","0.021649411764705882","5","5"
"73","5","3","30","30","425","42500000","216763","0.005100305882352941","12","12"
"81","5","3","30","30","52","5200000","110953","0.021337115384615385","5","5"
"79","5","3","30","30","150","15000000","283112","0.018874133333333334","4","7"
"73","5","3","30","30","426","42600000","216800","0.005089201877934272","11","11"
"82","5","3","30","30","0","0","0","0","125","882"
"81","5","3","30","30","53","5300000","111483","0.021034528301886794","5","7"
"79","5","3","30","30","151","15100000","283948","0.01880450331125828","4","5"
"82","5","3","30","30","1","100000","7227","0.07227","100","245"
"81","5","3","30","30","54","5400000","112044","0.02074888888888889","5","6"
"79","5","3","30","30","152","15200000","284817","0.01873796052631579","4","5"
"82","5","3","30","30","2","200000","13864","0.06932","73","141"
"81","5","3","30","30","55","5500000","112353","0.020427818181818182","5","6"
"79","5","3","30","30","153","15300000","285715","0.01867418300653595","4","5"
"82","5","3","30","30","3","300000","18890","0.06296666666666667","61","105"
"81","5","3","30","30","56","5600000","112733","0.020130892857142858","5","8"
"79","5","3","30","30","154","15400000","286601","0.018610454545454545","4","6"
"81","5","3","30","30","57","5700000","112779","0.01978578947368421","4","4"
"82","5","3","30","30","4","400000","24100","0.06025","51","96"
"83","5","3","30","30","0","0","0","0","125","883"
"79","5","3","30","30","155","15500000","287481","0.01854716129032258","4","6"
"82","5","3","30","30","5","500000","28993","0.057986","44","64"
"79","5","3","30","30","156","15600000","288416","0.018488205128205128","4","7"
"83","5","3","30","30","1","100000","7478","0.07478","105","238"
"82","5","3","30","30","6","600000","33543","0.055905","36","68"
"79","5","3","30","30","157","15700000","289409","0.018433694267515923","4","9"
"83","5","3","30","30","2","200000","14668","0.07334","75","164"
"82","5","3","30","30","7","700000","37322","0.053317142857142855","35","47"
"79","5","3","30","30","158","15800000","290295","0.018373101265822783","4","6"
"83","5","3","30","30","3","300000","20345","0.06781666666666666","52","109"
"82","5","3","30","30","8","800000","40208","0.05026","27","51"
"79","5","3","30","30","159","15900000","291177","0.018313018867924528","4","6"
"83","5","3","30","30","4","400000","25600","0.064","52","107"
"82","5","3","30","30","9","900000","43204","0.04800444444444445","25","39"
"79","5","3","30","30","160","16000000","291990","0.018249375","4","6"
"83","5","3","30","30","5","500000","31775","0.06355","44","83"
"82","5","3","30","30","10","1000000","45782","0.045782","26","42"
"79","5","3","30","30","161","16100000","292793","0.018185900621118013","4","6"
"83","5","3","30","30","6","600000","36575","0.06095833333333334","37","58"
"82","5","3","30","30","11","1100000","48292","0.04390181818181818","21","34"
"79","5","3","30","30","162","16200000","293737","0.018131913580246913","4","8"
"83","5","3","30","30","7","700000","40834","0.058334285714285714","35","50"
"82","5","3","30","30","12","1200000","50951","0.042459166666666666","19","24"
"79","5","3","30","30","163","16300000","294580","0.01807239263803681","4","8"
"83","5","3","30","30","8","800000","45052","0.056315","31","63"
"82","5","3","30","30","13","1300000","53264","0.04097230769230769","14","25"
"79","5","3","30","30","164","16400000","295353","0.018009329268292684","4","5"
"83","5","3","30","30","9","900000","48874","0.05430444444444445","29","49"
"82","5","3","30","30","14","1400000","55165","0.03940357142857143","15","20"
"79","5","3","30","30","165","16500000","296254","0.01795478787878788","4","5"
"83","5","3","30","30","10","1000000","52109","0.052109","21","37"
"82","5","3","30","30","15","1500000","57053","0.03803533333333333","15","18"
"79","5","3","30","30","166","16600000","297001","0.017891626506024095","4","6"
"83","5","3","30","30","11","1100000","55403","0.05036636363636364","23","36"
"82","5","3","30","30","16","1600000","58743","0.036714375","15","27"
"79","5","3","30","30","167","16700000","297766","0.017830299401197604","4","5"
"83","5","3","30","30","12","1200000","58397","0.04866416666666667","20","24"
"82","5","3","30","30","17","1700000","60645","0.03567352941176471","14","24"
"79","5","3","30","30","168","16800000","298561","0.017771488095238094","4","5"
"83","5","3","30","30","13","1300000","61086","0.04698923076923077","18","28"
"82","5","3","30","30","18","1800000","62558","0.03475444444444444","15","26"
"79","5","3","30","30","169","16900000","299382","0.01771491124260355","4","6"
"83","5","3","30","30","14","1400000","63592","0.04542285714285714","14","19"
"82","5","3","30","30","19","1900000","64668","0.034035789473684214","15","23"
"79","5","3","30","30","170","17000000","300131","0.017654764705882352","4","5"
"83","5","3","30","30","15","1500000","65400","0.0436","12","14"
"82","5","3","30","30","20","2000000","66621","0.0333105","15","23"
"79","5","3","30","30","171","17100000","300907","0.017596900584795322","4","6"
"83","5","3","30","30","16","1600000","66713","0.041695625","11","12"
"82","5","3","30","30","21","2100000","68482","0.03261047619047619","13","17"
"79","5","3","30","30","172","17200000","301928","0.017553953488372093","4","11"
"83","5","3","30","30","17","1700000","67935","0.039961764705882356","11","12"
"82","5","3","30","30","22","2200000","70607","0.03209409090909091","13","24"
"79","5","3","30","30","173","17300000","302948","0.017511445086705203","4","7"
"83","5","3","30","30","18","1800000","69269","0.038482777777777775","11","13"
"82","5","3","30","30","23","2300000","72256","0.031415652173913046","12","17"
"79","5","3","30","30","174","17400000","303853","0.017462816091954023","4","6"
"83","5","3","30","30","19","1900000","70578","0.03714631578947369","11","15"
"82","5","3","30","30","24","2400000","73891","0.03078791666666667","12","17"
"79","5","3","30","30","175","17500000","304664","0.017409371428571428","4","5"
"83","5","3","30","30","20","2000000","71798","0.035899","11","13"
"82","5","3","30","30","25","2500000","75396","0.0301584","11","16"
"79","5","3","30","30","176","17600000","305257","0.01734414772727273","4","6"
"83","5","3","30","30","21","2100000","73256","0.034883809523809525","11","14"
"82","5","3","30","30","26","2600000","76864","0.029563076923076925","11","15"
"79","5","3","30","30","177","17700000","305929","0.01728412429378531","4","6"
"83","5","3","30","30","22","2200000","74677","0.03394409090909091","11","11"
"82","5","3","30","30","27","2700000","78030","0.0289","9","13"
"79","5","3","30","30","178","17800000","306556","0.017222247191011238","4","5"
"83","5","3","30","30","23","2300000","75929","0.033012608695652174","11","11"
"82","5","3","30","30","28","2800000","79179","0.028278214285714285","9","12"
"79","5","3","30","30","179","17900000","307233","0.017163854748603352","4","6"
"83","5","3","30","30","24","2400000","76964","0.03206833333333333","10","11"
"82","5","3","30","30","29","2900000","80401","0.02772448275862069","9","14"
"79","5","3","30","30","180","18000000","307959","0.017108833333333334","4","7"
"83","5","3","30","30","25","2500000","78012","0.0312048","10","14"
"82","5","3","30","30","30","3000000","81492","0.027164","9","15"
"79","5","3","30","30","181","18100000","308903","0.01706646408839779","4","7"
"83","5","3","30","30","26","2600000","78908","0.03034923076923077","9","9"
"82","5","3","30","30","31","3100000","82896","0.026740645161290322","9","15"
"79","5","3","30","30","182","18200000","309721","0.017017637362637363","4","7"
"83","5","3","30","30","27","2700000","79767","0.029543333333333335","9","10"
"82","5","3","30","30","32","3200000","84056","0.0262675","8","9"
"79","5","3","30","30","183","18300000","310513","0.01696792349726776","4","6"
"83","5","3","30","30","28","2800000","80623","0.02879392857142857","9","9"
"82","5","3","30","30","33","3300000","85194","0.025816363636363637","8","10"
"79","5","3","30","30","184","18400000","311319","0.016919510869565217","4","6"
"83","5","3","30","30","29","2900000","81298","0.028033793103448276","9","9"
"82","5","3","30","30","34","3400000","86540","0.025452941176470588","9","12"
"79","5","3","30","30","185","18500000","312138","0.016872324324324325","4","5"
"83","5","3","30","30","30","3000000","82248","0.027416","9","10"
"82","5","3","30","30","35","3500000","87726","0.02506457142857143","9","14"
"79","5","3","30","30","186","18600000","313246","0.016841182795698923","4","8"
"83","5","3","30","30","31","3100000","82971","0.02676483870967742","9","11"
"82","5","3","30","30","36","3600000","88798","0.02466611111111111","9","15"
"79","5","3","30","30","187","18700000","314161","0.016800053475935828","4","6"
"83","5","3","30","30","32","3200000","83775","0.0261796875","9","9"
"82","5","3","30","30","37","3700000","89566","0.024207027027027025","7","9"
"79","5","3","30","30","188","18800000","315155","0.016763563829787234","4","5"
"83","5","3","30","30","33","3300000","84433","0.025585757575757574","9","9"
"82","5","3","30","30","38","3800000","90199","0.02373657894736842","7","7"
"79","5","3","30","30","189","18900000","316048","0.0167221164021164","4","5"
"83","5","3","30","30","34","3400000","85134","0.025039411764705883","9","10"
"82","5","3","30","30","39","3900000","90793","0.02328025641025641","7","8"
"79","5","3","30","30","190","19000000","317049","0.01668678947368421","4","7"
"83","5","3","30","30","35","3500000","85774","0.024506857142857143","9","11"
"82","5","3","30","30","40","4000000","91336","0.022834","7","9"
"79","5","3","30","30","191","19100000","317899","0.01664392670157068","4","9"
"83","5","3","30","30","36","3600000","86377","0.02399361111111111","9","9"
"82","5","3","30","30","41","4100000","91930","0.022421951219512196","7","9"
"79","5","3","30","30","192","19200000","318677","0.016597760416666666","4","6"
"83","5","3","30","30","37","3700000","86978","0.023507567567567566","9","10"
"82","5","3","30","30","42","4200000","92516","0.02202761904761905","7","7"
"79","5","3","30","30","193","19300000","319591","0.016559119170984456","4","8"
"83","5","3","30","30","38","3800000","87647","0.023065","9","9"
"82","5","3","30","30","43","4300000","93294","0.02169627906976744","7","11"
"79","5","3","30","30","194","19400000","320562","0.01652381443298969","4","5"
"83","5","3","30","30","39","3900000","88219","0.02262025641025641","9","9"
"82","5","3","30","30","44","4400000","94087","0.021383409090909092","7","9"
"79","5","3","30","30","195","19500000","321179","0.016470717948717947","4","5"
"83","5","3","30","30","40","4000000","88912","0.022228","9","13"
"82","5","3","30","30","45","4500000","94629","0.021028666666666668","7","8"
"79","5","3","30","30","196","19600000","321784","0.016417551020408164","4","8"
"83","5","3","30","30","41","4100000","89378","0.02179951219512195","9","9"
"82","5","3","30","30","46","4600000","95315","0.020720652173913043","7","7"
"79","5","3","30","30","197","19700000","322383","0.0163646192893401","4","6"
"83","5","3","30","30","42","4200000","89785","0.021377380952380953","9","10"
"82","5","3","30","30","47","4700000","95928","0.020410212765957447","7","7"
"79","5","3","30","30","198","19800000","322913","0.016308737373737375","4","6"
"83","5","3","30","30","43","4300000","90263","0.02099139534883721","9","11"
"82","5","3","30","30","48","4800000","96612","0.0201275","7","10"
"79","5","3","30","30","199","19900000","323424","0.01625246231155779","4","7"
"83","5","3","30","30","44","4400000","90703","0.02061431818181818","9","9"
"82","5","3","30","30","49","4900000","97441","0.01988591836734694","7","11"
"79","5","3","30","30","200","20000000","323954","0.0161977","4","7"
"83","5","3","30","30","45","4500000","91075","0.02023888888888889","9","10"
"82","5","3","30","30","50","5000000","98270","0.019654","7","10"
"79","5","3","30","30","201","20100000","324407","0.01613965174129353","4","6"
"83","5","3","30","30","46","4600000","91373","0.019863695652173913","9","9"
"82","5","3","30","30","51","5100000","98976","0.019407058823529413","7","10"
"79","5","3","30","30","202","20200000","324900","0.016084158415841585","4","5"
"83","5","3","30","30","47","4700000","91528","0.01947404255319149","8","8"
"84","5","3","30","30","0","0","0","0","124","889"
"82","5","3","30","30","52","5200000","99700","0.019173076923076925","7","9"
"79","5","3","30","30","203","20300000","325369","0.016028029556650246","4","5"
"82","5","3","30","30","53","5300000","100554","0.01897245283018868","7","10"
"84","5","3","30","30","1","100000","6731","0.06731","105","233"
"79","5","3","30","30","204","20400000","325879","0.015974460784313724","4","6"
"82","5","3","30","30","54","5400000","101238","0.018747777777777776","7","9"
"84","5","3","30","30","2","200000","13202","0.06601","79","154"
"79","5","3","30","30","205","20500000","326356","0.015919804878048782","4","5"
"82","5","3","30","30","55","5500000","101850","0.01851818181818182","7","9"
"84","5","3","30","30","3","300000","19420","0.06473333333333334","64","113"
"79","5","3","30","30","206","20600000","326926","0.015870194174757282","4","6"
"82","5","3","30","30","56","5600000","102443","0.01829339285714286","7","8"
"84","5","3","30","30","4","400000","24851","0.0621275","57","102"
"79","5","3","30","30","207","20700000","327566","0.015824444444444443","4","8"
"82","5","3","30","30","57","5700000","103048","0.01807859649122807","7","8"
"84","5","3","30","30","5","500000","29633","0.059266","45","89"
"79","5","3","30","30","208","20800000","328202","0.015778942307692306","4","6"
"82","5","3","30","30","58","5800000","103653","0.017871206896551726","7","8"
"84","5","3","30","30","6","600000","33197","0.055328333333333334","30","50"
"79","5","3","30","30","209","20900000","328966","0.01574","4","6"
"82","5","3","30","30","59","5900000","104233","0.017666610169491524","7","8"
"84","5","3","30","30","7","700000","35985","0.05140714285714286","25","34"
"79","5","3","30","30","210","21000000","329733","0.01570157142857143","4","5"
"82","5","3","30","30","60","6000000","104895","0.0174825","7","9"
"84","5","3","30","30","8","800000","38648","0.04831","23","29"
"79","5","3","30","30","211","21100000","330644","0.015670331753554503","4","6"
"82","5","3","30","30","61","6100000","105488","0.017293114754098362","7","8"
"84","5","3","30","30","9","900000","41067","0.04563","21","33"
"79","5","3","30","30","212","21200000","331661","0.01564438679245283","4","5"
"82","5","3","30","30","62","6200000","106145","0.01712016129032258","7","7"
"84","5","3","30","30","10","1000000","43416","0.043416","20","25"
"79","5","3","30","30","213","21300000","332653","0.015617511737089201","4","5"
"82","5","3","30","30","63","6300000","106844","0.01695936507936508","7","7"
"84","5","3","30","30","11","1100000","45576","0.041432727272727274","21","29"
"79","5","3","30","30","214","21400000","333667","0.015591915887850468","4","6"
"82","5","3","30","30","64","6400000","107521","0.01680015625","7","10"
"84","5","3","30","30","12","1200000","48074","0.04006166666666667","20","38"
"79","5","3","30","30","215","21500000","334685","0.015566744186046512","4","6"
"82","5","3","30","30","65","6500000","108170","0.01664153846153846","7","9"
"84","5","3","30","30","13","1300000","50317","0.038705384615384614","19","27"
"82","5","3","30","30","66","6600000","108795","0.01648409090909091","7","9"
"79","5","3","30","30","216","21600000","335579","0.015536064814814815","4","6"
"84","5","3","30","30","14","1400000","52702","0.03764428571428571","21","30"
"82","5","3","30","30","67","6700000","109565","0.016352985074626864","7","9"
"79","5","3","30","30","217","21700000","336647","0.0155136866359447","4","5"
"84","5","3","30","30","15","1500000","54877","0.03658466666666667","20","31"
"82","5","3","30","30","68","6800000","110432","0.01624","7","10"
"79","5","3","30","30","218","21800000","337593","0.01548591743119266","4","7"
"84","5","3","30","30","16","1600000","57082","0.03567625","21","30"
"82","5","3","30","30","69","6900000","111117","0.01610391304347826","7","9"
"79","5","3","30","30","219","21900000","338579","0.015460228310502283","4","6"
"84","5","3","30","30","17","1700000","59111","0.034771176470588236","17","22"
"82","5","3","30","30","70","7000000","111727","0.015961","7","8"
"79","5","3","30","30","220","22000000","339422","0.015428272727272728","4","5"
"84","5","3","30","30","18","1800000","60665","0.033702777777777776","17","21"
"82","5","3","30","30","71","7100000","112371","0.015826901408450705","7","11"
"79","5","3","30","30","221","22100000","340255","0.015396153846153846","4","5"
"84","5","3","30","30","19","1900000","62524","0.03290736842105263","16","27"
"82","5","3","30","30","72","7200000","112835","0.015671527777777777","7","7"
"79","5","3","30","30","222","22200000","341184","0.015368648648648649","4","10"
"84","5","3","30","30","20","2000000","64336","0.032168","17","28"
"82","5","3","30","30","73","7300000","113483","0.015545616438356164","7","11"
"79","5","3","30","30","223","22300000","342064","0.015339192825112107","4","5"
"84","5","3","30","30","21","2100000","65802","0.03133428571428572","15","21"
"82","5","3","30","30","74","7400000","114194","0.015431621621621622","7","9"
"79","5","3","30","30","224","22400000","342964","0.015310892857142858","4","5"
"84","5","3","30","30","22","2200000","67524","0.030692727272727274","18","25"
"82","5","3","30","30","75","7500000","114749","0.015299866666666667","7","12"
"79","5","3","30","30","225","22500000","343894","0.015284177777777777","4","5"
"84","5","3","30","30","23","2300000","69729","0.03031695652173913","14","26"
"82","5","3","30","30","76","7600000","115040","0.015136842105263159","7","7"
"79","5","3","30","30","226","22600000","344744","0.015254159292035397","4","6"
"84","5","3","30","30","24","2400000","72159","0.03006625","14","23"
"82","5","3","30","30","77","7700000","115067","0.014943766233766234","7","7"
"79","5","3","30","30","227","22700000","345631","0.015226035242290749","4","9"
"84","5","3","30","30","25","2500000","74815","0.029926","17","24"
"82","5","3","30","30","78","7800000","115084","0.014754358974358974","7","7"
"79","5","3","30","30","228","22800000","346600","0.015201754385964912","4","6"
"82","5","3","30","30","79","7900000","115126","0.014572911392405062","7","7"
"84","5","3","30","30","26","2600000","77242","0.029708461538461538","14","20"
"79","5","3","30","30","229","22900000","347628","0.015180262008733625","4","7"
"82","5","3","30","30","80","8000000","115156","0.0143945","7","7"
"84","5","3","30","30","27","2700000","79615","0.029487037037037037","15","24"
"79","5","3","30","30","230","23000000","348694","0.015160608695652174","4","8"
"82","5","3","30","30","81","8100000","115182","0.01422","7","7"
"84","5","3","30","30","28","2800000","81439","0.029085357142857142","14","19"
"79","5","3","30","30","231","23100000","349613","0.015134761904761904","4","7"
"82","5","3","30","30","82","8200000","115211","0.014050121951219512","7","7"
"84","5","3","30","30","29","2900000","83144","0.02867034482758621","13","19"
"79","5","3","30","30","232","23200000","350521","0.015108663793103449","4","6"
"82","5","3","30","30","83","8300000","115233","0.013883493975903615","7","7"
"84","5","3","30","30","30","3000000","84782","0.028260666666666667","15","21"
"79","5","3","30","30","233","23300000","351288","0.015076738197424893","4","6"
"82","5","3","30","30","84","8400000","115269","0.0137225","7","7"
"84","5","3","30","30","31","3100000","86136","0.027785806451612903","9","11"
"79","5","3","30","30","234","23400000","352228","0.015052478632478633","4","5"
"82","5","3","30","30","85","8500000","115298","0.013564470588235294","7","7"
"84","5","3","30","30","32","3200000","87060","0.02720625","8","9"
"79","5","3","30","30","235","23500000","353235","0.01503127659574468","4","8"
"82","5","3","30","30","86","8600000","115306","0.01340767441860465","6","6"
"85","5","3","30","30","0","0","0","0","125","886"
"84","5","3","30","30","33","3300000","87988","0.026663030303030303","8","14"
"79","5","3","30","30","236","23600000","354138","0.01500584745762712","4","5"
"85","5","3","30","30","1","100000","7184","0.07184","95","199"
"84","5","3","30","30","34","3400000","88846","0.026131176470588234","7","7"
"79","5","3","30","30","237","23700000","354970","0.014977637130801687","4","6"
"84","5","3","30","30","35","3500000","89637","0.025610571428571427","7","9"
"85","5","3","30","30","2","200000","12865","0.064325","74","137"
"79","5","3","30","30","238","23800000","355847","0.01495155462184874","4","5"
"84","5","3","30","30","36","3600000","90496","0.025137777777777776","7","8"
"85","5","3","30","30","3","300000","18411","0.06137","60","109"
"79","5","3","30","30","239","23900000","356649","0.01492255230125523","4","6"
"84","5","3","30","30","37","3700000","91221","0.024654324324324323","7","7"
"85","5","3","30","30","4","400000","23717","0.0592925","55","116"
"79","5","3","30","30","240","24000000","357415","0.014892291666666667","4","5"
"84","5","3","30","30","38","3800000","91943","0.024195526315789473","7","7"
"85","5","3","30","30","5","500000","29107","0.058214","45","86"
"79","5","3","30","30","241","24100000","358257","0.014865435684647302","4","5"
"84","5","3","30","30","39","3900000","92719","0.023774102564102565","7","8"
"85","5","3","30","30","6","600000","34252","0.05708666666666667","38","79"
"79","5","3","30","30","242","24200000","359119","0.014839628099173554","4","6"
"84","5","3","30","30","40","4000000","93492","0.023373","7","7"
"85","5","3","30","30","7","700000","38157","0.05451","28","46"
"79","5","3","30","30","243","24300000","359899","0.014810658436213991","4","7"
"84","5","3","30","30","41","4100000","94360","0.023014634146341462","7","10"
"85","5","3","30","30","8","800000","41820","0.052275","29","47"
"79","5","3","30","30","244","24400000","360699","0.014782745901639345","4","5"
"84","5","3","30","30","42","4200000","95145","0.02265357142857143","7","9"
"85","5","3","30","30","9","900000","45638","0.05070888888888889","30","52"
"79","5","3","30","30","245","24500000","361612","0.014759673469387755","4","7"
"84","5","3","30","30","43","4300000","95912","0.022305116279069767","7","9"
"85","5","3","30","30","10","1000000","49593","0.049593","25","49"
"79","5","3","30","30","246","24600000","362524","0.014736747967479674","4","8"
"84","5","3","30","30","44","4400000","96619","0.021958863636363637","7","8"
"85","5","3","30","30","11","1100000","53383","0.04853","24","58"
"79","5","3","30","30","247","24700000","363423","0.014713481781376518","4","5"
"84","5","3","30","30","45","4500000","97289","0.02161977777777778","7","7"
"85","5","3","30","30","12","1200000","56389","0.046990833333333336","26","41"
"79","5","3","30","30","248","24800000","364286","0.014688951612903225","4","5"
"84","5","3","30","30","46","4600000","98006","0.021305652173913045","7","7"
"85","5","3","30","30","13","1300000","59326","0.04563538461538461","23","43"
"79","5","3","30","30","249","24900000","365156","0.014664899598393575","4","9"
"84","5","3","30","30","47","4700000","98751","0.021010851063829786","7","7"
"85","5","3","30","30","14","1400000","61824","0.04416","17","24"
"79","5","3","30","30","250","25000000","366002","0.01464008","4","8"
"84","5","3","30","30","48","4800000","99476","0.020724166666666665","7","9"
"85","5","3","30","30","15","1500000","63911","0.04260733333333333","13","19"
"79","5","3","30","30","251","25100000","366922","0.014618406374501992","4","5"
"84","5","3","30","30","49","4900000","100360","0.020481632653061223","7","8"
"85","5","3","30","30","16","1600000","66046","0.04127875","13","23"
"79","5","3","30","30","252","25200000","367951","0.014601230158730159","4","5"
"84","5","3","30","30","50","5000000","101122","0.0202244","7","7"
"85","5","3","30","30","17","1700000","67951","0.03997117647058823","15","21"
"79","5","3","30","30","253","25300000","368890","0.014580632411067194","4","5"
"84","5","3","30","30","51","5100000","101834","0.019967450980392158","7","8"
"85","5","3","30","30","18","1800000","69600","0.03866666666666667","13","22"
"79","5","3","30","30","254","25400000","369722","0.014555984251968504","4","6"
"84","5","3","30","30","52","5200000","102615","0.019733653846153845","7","8"
"85","5","3","30","30","19","1900000","71192","0.037469473684210525","11","15"
"79","5","3","30","30","255","25500000","370581","0.014532588235294118","4","7"
"84","5","3","30","30","53","5300000","103335","0.019497169811320755","7","8"
"85","5","3","30","30","20","2000000","72562","0.036281","10","11"
"79","5","3","30","30","256","25600000","371635","0.0145169921875","4","5"
"84","5","3","30","30","54","5400000","104036","0.019265925925925926","7","9"
"85","5","3","30","30","21","2100000","73864","0.035173333333333334","10","12"
"84","5","3","30","30","55","5500000","104741","0.019043818181818183","7","7"
"79","5","3","30","30","257","25700000","372601","0.014498093385214008","4","6"
"85","5","3","30","30","22","2200000","75011","0.03409590909090909","10","14"
"84","5","3","30","30","56","5600000","105377","0.01881732142857143","7","7"
"79","5","3","30","30","258","25800000","373608","0.014480930232558139","4","6"
"85","5","3","30","30","23","2300000","76083","0.033079565217391305","10","14"
"84","5","3","30","30","57","5700000","105881","0.018575614035087718","7","8"
"79","5","3","30","30","259","25900000","374431","0.014456795366795366","4","6"
"85","5","3","30","30","24","2400000","77076","0.032115","9","10"
"84","5","3","30","30","58","5800000","106486","0.018359655172413794","7","8"
"79","5","3","30","30","260","26000000","375254","0.014432846153846154","4","8"
"85","5","3","30","30","25","2500000","78024","0.0312096","9","10"
"84","5","3","30","30","59","5900000","107167","0.018163898305084747","7","7"
"79","5","3","30","30","261","26100000","375986","0.0144055938697318","4","8"
"85","5","3","30","30","26","2600000","78634","0.030243846153846152","8","8"
"84","5","3","30","30","60","6000000","107725","0.017954166666666667","7","7"
"79","5","3","30","30","262","26200000","376729","0.014378969465648855","4","7"
"85","5","3","30","30","27","2700000","79248","0.029351111111111113","8","12"
"84","5","3","30","30","61","6100000","108306","0.017755081967213114","7","8"
"79","5","3","30","30","263","26300000","377529","0.014354714828897339","4","6"
"85","5","3","30","30","28","2800000","79881","0.028528928571428573","8","9"
"84","5","3","30","30","62","6200000","108908","0.017565806451612903","7","8"
"79","5","3","30","30","264","26400000","378289","0.014329128787878788","4","5"
"85","5","3","30","30","29","2900000","80394","0.02772206896551724","7","8"
"84","5","3","30","30","63","6300000","109563","0.017390952380952382","7","7"
"79","5","3","30","30","265","26500000","379089","0.014305245283018868","4","7"
"85","5","3","30","30","30","3000000","80918","0.026972666666666666","7","8"
"84","5","3","30","30","64","6400000","110098","0.0172028125","7","8"
"79","5","3","30","30","266","26600000","379820","0.014278947368421053","4","6"
"85","5","3","30","30","31","3100000","81410","0.026261290322580646","7","8"
"84","5","3","30","30","65","6500000","110534","0.01700523076923077","7","7"
"79","5","3","30","30","267","26700000","380551","0.014252846441947565","4","5"
"85","5","3","30","30","32","3200000","81732","0.02554125","7","7"
"84","5","3","30","30","66","6600000","110915","0.01680530303030303","7","7"
"79","5","3","30","30","268","26800000","381312","0.014228059701492537","4","9"
"85","5","3","30","30","33","3300000","82142","0.02489151515151515","7","7"
"84","5","3","30","30","67","6700000","111182","0.016594328358208954","7","7"
"79","5","3","30","30","269","26900000","382093","0.014204200743494424","4","7"
"85","5","3","30","30","34","3400000","82670","0.02431470588235294","7","7"
"84","5","3","30","30","68","6800000","111412","0.016384117647058823","7","8"
"79","5","3","30","30","270","27000000","383064","0.014187555555555556","4","6"
"85","5","3","30","30","35","3500000","82982","0.023709142857142856","7","8"
"84","5","3","30","30","69","6900000","111666","0.016183478260869567","7","7"
"79","5","3","30","30","271","27100000","384132","0.01417461254612546","4","6"
"85","5","3","30","30","36","3600000","83169","0.0231025","7","7"
"84","5","3","30","30","70","7000000","111853","0.015979","7","8"
"79","5","3","30","30","272","27200000","385186","0.01416125","4","7"
"85","5","3","30","30","37","3700000","83475","0.02256081081081081","7","7"
"84","5","3","30","30","71","7100000","112020","0.015777464788732393","7","8"
"79","5","3","30","30","273","27300000","386121","0.014143626373626374","4","8"
"85","5","3","30","30","38","3800000","83956","0.022093684210526317","7","7"
"84","5","3","30","30","72","7200000","112024","0.01555888888888889","6","6"
"86","5","3","30","30","0","0","0","0","125","887"
"79","5","3","30","30","274","27400000","387016","0.014124671532846715","4","6"
"85","5","3","30","30","39","3900000","84410","0.021643589743589743","7","9"
"86","5","3","30","30","1","100000","7835","0.07835","94","212"
"79","5","3","30","30","275","27500000","387925","0.014106363636363636","4","6"
"85","5","3","30","30","40","4000000","84419","0.02110475","6","6"
"87","5","3","30","30","0","0","0","0","125","881"
"86","5","3","30","30","2","200000","14141","0.070705","72","146"
"79","5","3","30","30","276","27600000","388832","0.014088115942028986","4","6"
"87","5","3","30","30","1","100000","7066","0.07066","104","235"
"86","5","3","30","30","3","300000","19989","0.06663","57","111"
"79","5","3","30","30","277","27700000","389659","0.0140671119133574","4","5"
"87","5","3","30","30","2","200000","13274","0.06637","77","144"
"79","5","3","30","30","278","27800000","390590","0.01405","4","7"
"86","5","3","30","30","4","400000","25097","0.0627425","42","85"
"87","5","3","30","30","3","300000","19014","0.06338","67","122"
"79","5","3","30","30","279","27900000","391357","0.014027132616487456","4","6"
"86","5","3","30","30","5","500000","30236","0.060472","36","78"
"87","5","3","30","30","4","400000","25172","0.06293","58","125"
"79","5","3","30","30","280","28000000","392222","0.014007928571428572","4","6"
"86","5","3","30","30","6","600000","34568","0.057613333333333336","28","62"
"87","5","3","30","30","5","500000","31496","0.062992","50","107"
"79","5","3","30","30","281","28100000","393102","0.013989395017793595","4","6"
"86","5","3","30","30","7","700000","39009","0.05572714285714286","25","47"
"87","5","3","30","30","6","600000","37869","0.063115","46","90"
"79","5","3","30","30","282","28200000","393891","0.01396776595744681","4","6"
"86","5","3","30","30","8","800000","42834","0.0535425","23","47"
"87","5","3","30","30","7","700000","43689","0.062412857142857145","41","75"
"79","5","3","30","30","283","28300000","394687","0.013946537102473499","4","6"
"86","5","3","30","30","9","900000","46038","0.051153333333333335","22","32"
"87","5","3","30","30","8","800000","48769","0.06096125","29","67"
"79","5","3","30","30","284","28400000","395521","0.013926795774647888","4","6"
"86","5","3","30","30","10","1000000","49199","0.049199","20","35"
"87","5","3","30","30","9","900000","53663","0.05962555555555556","29","53"
"79","5","3","30","30","285","28500000","396229","0.01390277192982456","4","7"
"86","5","3","30","30","11","1100000","51952","0.04722909090909091","20","38"
"87","5","3","30","30","10","1000000","57873","0.057873","27","50"
"79","5","3","30","30","286","28600000","396963","0.013879825174825175","4","7"
"86","5","3","30","30","12","1200000","54704","0.045586666666666664","18","24"
"87","5","3","30","30","11","1100000","61970","0.056336363636363636","24","42"
"79","5","3","30","30","287","28700000","397811","0.013861010452961672","4","5"
"86","5","3","30","30","13","1300000","56899","0.04376846153846154","17","30"
"87","5","3","30","30","12","1200000","65979","0.0549825","24","40"
"79","5","3","30","30","288","28800000","398729","0.013844756944444444","4","7"
"86","5","3","30","30","14","1400000","59255","0.042325","16","28"
"87","5","3","30","30","13","1300000","68928","0.05302153846153846","21","34"
"79","5","3","30","30","289","28900000","399717","0.013831038062283738","4","5"
"86","5","3","30","30","15","1500000","61789","0.04119266666666667","16","28"
"87","5","3","30","30","14","1400000","71527","0.05109071428571429","17","27"
"79","5","3","30","30","290","29000000","400851","0.013822448275862069","4","6"
"86","5","3","30","30","16","1600000","64264","0.040165","16","30"
"87","5","3","30","30","15","1500000","74217","0.049478","22","36"
"79","5","3","30","30","291","29100000","401738","0.013805429553264605","4","6"
"86","5","3","30","30","17","1700000","66630","0.039194117647058824","14","21"
"87","5","3","30","30","16","1600000","76920","0.048075","19","31"
"79","5","3","30","30","292","29200000","402660","0.01378972602739726","4","6"
"86","5","3","30","30","18","1800000","68374","0.03798555555555556","14","22"
"87","5","3","30","30","17","1700000","79349","0.04667588235294118","19","30"
"79","5","3","30","30","293","29300000","403619","0.013775392491467578","4","5"
"86","5","3","30","30","19","1900000","70382","0.03704315789473684","14","20"
"87","5","3","30","30","18","1800000","81634","0.045352222222222224","18","32"
"79","5","3","30","30","294","29400000","404521","0.01375921768707483","4","5"
"86","5","3","30","30","20","2000000","72401","0.0362005","12","20"
"87","5","3","30","30","19","1900000","83798","0.04410421052631579","14","31"
"79","5","3","30","30","295","29500000","405079","0.013731491525423729","4","8"
"86","5","3","30","30","21","2100000","74519","0.0354852380952381","11","16"
"87","5","3","30","30","20","2000000","85847","0.0429235","13","23"
"79","5","3","30","30","296","29600000","405452","0.013697702702702702","4","5"
"86","5","3","30","30","22","2200000","76622","0.03482818181818182","10","16"
"87","5","3","30","30","21","2100000","87517","0.0416747619047619","11","22"
"79","5","3","30","30","297","29700000","405764","0.013662087542087541","3","4"
"88","5","3","30","30","0","0","0","0","125","891"
"86","5","3","30","30","23","2300000","78536","0.034146086956521736","10","14"
"87","5","3","30","30","22","2200000","88538","0.040244545454545456","10","14"
"86","5","3","30","30","24","2400000","80371","0.033487916666666666","10","12"
"88","5","3","30","30","1","100000","6670","0.0667","102","233"
"87","5","3","30","30","23","2300000","89564","0.03894086956521739","10","15"
"86","5","3","30","30","25","2500000","82236","0.0328944","11","19"
"88","5","3","30","30","2","200000","13396","0.06698","77","155"
"87","5","3","30","30","24","2400000","90629","0.037762083333333335","10","17"
"86","5","3","30","30","26","2600000","84317","0.03242961538461538","11","18"
"88","5","3","30","30","3","300000","19578","0.06526","63","116"
"87","5","3","30","30","25","2500000","91588","0.0366352","10","16"
"86","5","3","30","30","27","2700000","86469","0.03202555555555556","11","23"
"88","5","3","30","30","4","400000","24624","0.06156","47","87"
"87","5","3","30","30","26","2600000","92513","0.035581923076923073","10","20"
"86","5","3","30","30","28","2800000","88455","0.03159107142857143","12","19"
"88","5","3","30","30","5","500000","28997","0.057994","40","66"
"87","5","3","30","30","27","2700000","93486","0.034624444444444444","10","14"
"86","5","3","30","30","29","2900000","90535","0.03121896551724138","11","17"
"88","5","3","30","30","6","600000","33629","0.05604833333333333","31","52"
"87","5","3","30","30","28","2800000","94360","0.0337","10","12"
"86","5","3","30","30","30","3000000","92420","0.030806666666666666","11","12"
"88","5","3","30","30","7","700000","37940","0.0542","29","58"
"87","5","3","30","30","29","2900000","95389","0.032892758620689654","10","17"
"86","5","3","30","30","31","3100000","94192","0.030384516129032257","10","11"
"87","5","3","30","30","30","3000000","96108","0.032036","9","11"
"88","5","3","30","30","8","800000","41518","0.0518975","28","49"
"86","5","3","30","30","32","3200000","95893","0.0299665625","10","12"
"87","5","3","30","30","31","3100000","96848","0.031241290322580644","9","15"
"88","5","3","30","30","9","900000","44996","0.04999555555555556","27","56"
"86","5","3","30","30","33","3300000","97723","0.029613030303030304","11","13"
"87","5","3","30","30","32","3200000","97561","0.0304878125","9","15"
"88","5","3","30","30","10","1000000","48359","0.048359","25","34"
"86","5","3","30","30","34","3400000","99337","0.029216764705882352","11","12"
"87","5","3","30","30","33","3300000","98294","0.029786060606060608","9","15"
"88","5","3","30","30","11","1100000","51417","0.046742727272727276","24","36"
"86","5","3","30","30","35","3500000","101111","0.028888857142857143","10","15"
"87","5","3","30","30","34","3400000","99044","0.029130588235294116","9","12"
"88","5","3","30","30","12","1200000","54491","0.04540916666666667","23","47"
"86","5","3","30","30","36","3600000","102925","0.028590277777777777","11","15"
"87","5","3","30","30","35","3500000","99873","0.028535142857142856","8","8"
"88","5","3","30","30","13","1300000","57226","0.04402","21","38"
"86","5","3","30","30","37","3700000","104684","0.028292972972972973","11","15"
"87","5","3","30","30","36","3600000","100715","0.027976388888888887","7","10"
"88","5","3","30","30","14","1400000","59696","0.04264","16","29"
"86","5","3","30","30","38","3800000","106432","0.02800842105263158","10","17"
"87","5","3","30","30","37","3700000","101399","0.027405135135135136","8","8"
"88","5","3","30","30","15","1500000","62387","0.041591333333333334","21","44"
"86","5","3","30","30","39","3900000","108250","0.027756410256410256","10","15"
"87","5","3","30","30","38","3800000","101926","0.02682263157894737","7","7"
"88","5","3","30","30","16","1600000","65454","0.04090875","17","37"
"86","5","3","30","30","40","4000000","109493","0.02737325","7","10"
"87","5","3","30","30","39","3900000","102540","0.02629230769230769","6","6"
"88","5","3","30","30","17","1700000","68462","0.040271764705882354","15","38"
"86","5","3","30","30","41","4100000","110498","0.02695073170731707","7","8"
"87","5","3","30","30","40","4000000","103165","0.02579125","6","8"
"88","5","3","30","30","18","1800000","71151","0.03952833333333333","17","32"
"86","5","3","30","30","42","4200000","111437","0.026532619047619048","7","9"
"87","5","3","30","30","41","4100000","103774","0.025310731707317072","6","6"
"88","5","3","30","30","19","1900000","73757","0.03881947368421053","15","31"
"86","5","3","30","30","43","4300000","112239","0.026102093023255814","7","10"
"87","5","3","30","30","42","4200000","104309","0.02483547619047619","6","6"
"88","5","3","30","30","20","2000000","76362","0.038181","13","20"
"86","5","3","30","30","44","4400000","113128","0.02571090909090909","7","9"
"87","5","3","30","30","43","4300000","104857","0.024385348837209303","6","7"
"88","5","3","30","30","21","2100000","78767","0.037508095238095236","13","23"
"86","5","3","30","30","45","4500000","113958","0.025324","7","7"
"87","5","3","30","30","44","4400000","105271","0.02392522727272727","6","7"
"88","5","3","30","30","22","2200000","81042","0.036837272727272725","12","24"
"86","5","3","30","30","46","4600000","114713","0.024937608695652175","7","8"
"87","5","3","30","30","45","4500000","105712","0.023491555555555557","6","7"
"88","5","3","30","30","23","2300000","83322","0.03622695652173913","12","16"
"86","5","3","30","30","47","4700000","115482","0.02457063829787234","7","7"
"87","5","3","30","30","46","4600000","106222","0.02309173913043478","6","6"
"86","5","3","30","30","48","4800000","116219","0.024212291666666667","7","9"
"88","5","3","30","30","24","2400000","85572","0.035655","12","20"
"87","5","3","30","30","47","4700000","106702","0.022702553191489363","6","7"
"86","5","3","30","30","49","4900000","116850","0.023846938775510203","7","7"
"88","5","3","30","30","25","2500000","87778","0.0351112","13","16"
"87","5","3","30","30","48","4800000","107269","0.022347708333333334","6","7"
"86","5","3","30","30","50","5000000","117424","0.0234848","7","8"
"88","5","3","30","30","26","2600000","89994","0.03461307692307692","12","17"
"87","5","3","30","30","49","4900000","107917","0.022023877551020407","6","6"
"86","5","3","30","30","51","5100000","117955","0.02312843137254902","7","9"
"88","5","3","30","30","27","2700000","92156","0.03413185185185185","11","24"
"87","5","3","30","30","50","5000000","108399","0.0216798","6","6"
"86","5","3","30","30","52","5200000","118333","0.022756346153846155","7","9"
"87","5","3","30","30","51","5100000","108831","0.02133941176470588","6","6"
"88","5","3","30","30","28","2800000","94244","0.03365857142857143","13","17"
"86","5","3","30","30","53","5300000","118639","0.022384716981132074","7","7"
"87","5","3","30","30","52","5200000","109179","0.02099596153846154","6","6"
"88","5","3","30","30","29","2900000","95815","0.03303965517241379","10","18"
"86","5","3","30","30","54","5400000","118938","0.022025555555555555","7","7"
"87","5","3","30","30","53","5300000","109558","0.02067132075471698","6","7"
"88","5","3","30","30","30","3000000","97099","0.03236633333333333","10","11"
"86","5","3","30","30","55","5500000","119094","0.021653454545454545","6","6"
"89","5","3","30","30","0","0","0","0","125","891"
"87","5","3","30","30","54","5400000","109992","0.020368888888888888","6","7"
"88","5","3","30","30","31","3100000","98381","0.031735806451612905","9","13"
"87","5","3","30","30","55","5500000","110425","0.02007727272727273","6","7"
"89","5","3","30","30","1","100000","7293","0.07293","104","226"
"88","5","3","30","30","32","3200000","99549","0.0311090625","9","14"
"87","5","3","30","30","56","5600000","110837","0.01979232142857143","6","7"
"89","5","3","30","30","2","200000","13646","0.06823","86","159"
"88","5","3","30","30","33","3300000","100508","0.030456969696969698","8","11"
"87","5","3","30","30","57","5700000","111259","0.019519122807017543","6","6"
"89","5","3","30","30","3","300000","19089","0.06363","61","113"
"88","5","3","30","30","34","3400000","101149","0.029749705882352942","8","14"
"87","5","3","30","30","58","5800000","111719","0.01926189655172414","6","7"
"89","5","3","30","30","4","400000","24904","0.06226","58","116"
"88","5","3","30","30","35","3500000","101741","0.029068857142857143","8","11"
"87","5","3","30","30","59","5900000","112153","0.01900898305084746","6","6"
"88","5","3","30","30","36","3600000","102338","0.028427222222222222","7","7"
"89","5","3","30","30","5","500000","30434","0.060868","52","85"
"87","5","3","30","30","60","6000000","112592","0.018765333333333332","6","6"
"88","5","3","30","30","37","3700000","103057","0.027853243243243245","8","11"
"89","5","3","30","30","6","600000","35516","0.059193333333333334","42","73"
"87","5","3","30","30","61","6100000","113019","0.018527704918032788","6","7"
"88","5","3","30","30","38","3800000","103949","0.027355","8","14"
"89","5","3","30","30","7","700000","40054","0.05722","35","60"
"87","5","3","30","30","62","6200000","113433","0.018295645161290324","6","6"
"88","5","3","30","30","39","3900000","104881","0.026892564102564104","7","10"
"89","5","3","30","30","8","800000","44137","0.05517125","30","54"
"87","5","3","30","30","63","6300000","113824","0.018067301587301587","6","7"
"88","5","3","30","30","40","4000000","105705","0.02642625","7","8"
"89","5","3","30","30","9","900000","47972","0.05330222222222222","24","46"
"87","5","3","30","30","64","6400000","114202","0.0178440625","6","6"
"88","5","3","30","30","41","4100000","106421","0.025956341463414634","7","8"
"89","5","3","30","30","10","1000000","52415","0.052415","21","45"
"87","5","3","30","30","65","6500000","114575","0.017626923076923078","6","9"
"88","5","3","30","30","42","4200000","106893","0.025450714285714285","7","7"
"89","5","3","30","30","11","1100000","57033","0.05184818181818182","26","47"
"87","5","3","30","30","66","6600000","114898","0.017408787878787878","6","8"
"88","5","3","30","30","43","4300000","107342","0.024963255813953488","5","7"
"87","5","3","30","30","67","6700000","115257","0.017202537313432836","6","6"
"89","5","3","30","30","12","1200000","61514","0.051261666666666664","18","45"
"88","5","3","30","30","44","4400000","107740","0.024486363636363636","5","5"
"87","5","3","30","30","68","6800000","115565","0.01699485294117647","6","6"
"89","5","3","30","30","13","1300000","65096","0.050073846153846156","20","36"
"88","5","3","30","30","45","4500000","108124","0.024027555555555555","5","5"
"87","5","3","30","30","69","6900000","115667","0.016763333333333335","5","5"
"90","5","3","30","30","0","0","0","0","125","886"
"89","5","3","30","30","14","1400000","68525","0.04894642857142857","14","30"
"88","5","3","30","30","46","4600000","108490","0.02358478260869565","5","5"
"89","5","3","30","30","15","1500000","71989","0.04799266666666667","14","29"
"90","5","3","30","30","1","100000","7348","0.07348","95","207"
"88","5","3","30","30","47","4700000","108855","0.023160638297872342","5","6"
"89","5","3","30","30","16","1600000","75182","0.04698875","12","26"
"90","5","3","30","30","2","200000","13176","0.06588","73","134"
"88","5","3","30","30","48","4800000","109313","0.022773541666666668","5","5"
"89","5","3","30","30","17","1700000","78266","0.046038823529411764","12","21"
"90","5","3","30","30","3","300000","18330","0.0611","55","98"
"88","5","3","30","30","49","4900000","109724","0.02239265306122449","5","5"
"89","5","3","30","30","18","1800000","81314","0.04517444444444445","11","19"
"90","5","3","30","30","4","400000","23207","0.0580175","53","88"
"88","5","3","30","30","50","5000000","110207","0.0220414","5","5"
"89","5","3","30","30","19","1900000","83498","0.04394631578947369","8","15"
"90","5","3","30","30","5","500000","27426","0.054852","41","74"
"88","5","3","30","30","51","5100000","110783","0.021722156862745097","5","6"
"89","5","3","30","30","20","2000000","85660","0.04283","6","11"
"90","5","3","30","30","6","600000","31488","0.05248","47","80"
"88","5","3","30","30","52","5200000","111221","0.021388653846153845","5","7"
"89","5","3","30","30","21","2100000","87394","0.04161619047619047","5","9"
"90","5","3","30","30","7","700000","35273","0.05039","42","74"
"88","5","3","30","30","53","5300000","111655","0.02106698113207547","5","5"
"89","5","3","30","30","22","2200000","89036","0.04047090909090909","6","8"
"90","5","3","30","30","8","800000","39417","0.04927125","39","65"
"88","5","3","30","30","54","5400000","112242","0.020785555555555557","5","6"
"89","5","3","30","30","23","2300000","90812","0.039483478260869564","6","9"
"90","5","3","30","30","9","900000","43784","0.04864888888888889","33","50"
"88","5","3","30","30","55","5500000","112680","0.02048727272727273","5","5"
"89","5","3","30","30","24","2400000","92587","0.03857791666666667","6","7"
"90","5","3","30","30","10","1000000","47517","0.047517","30","45"
"88","5","3","30","30","56","5600000","113089","0.020194464285714284","5","5"
"89","5","3","30","30","25","2500000","94141","0.0376564","6","10"
"90","5","3","30","30","11","1100000","51416","0.04674181818181818","29","46"
"88","5","3","30","30","57","5700000","113551","0.019921228070175438","5","7"
"89","5","3","30","30","26","2600000","95698","0.03680692307692308","6","17"
"90","5","3","30","30","12","1200000","55155","0.0459625","27","46"
"88","5","3","30","30","58","5800000","114028","0.01966","5","5"
"89","5","3","30","30","27","2700000","97413","0.03607888888888889","6","13"
"90","5","3","30","30","13","1300000","58525","0.04501923076923077","27","41"
"88","5","3","30","30","59","5900000","114550","0.019415254237288137","5","5"
"89","5","3","30","30","28","2800000","99070","0.035382142857142855","6","15"
"90","5","3","30","30","14","1400000","61743","0.04410214285714286","27","45"
"88","5","3","30","30","60","6000000","115002","0.019167","5","7"
"89","5","3","30","30","29","2900000","100756","0.034743448275862066","6","9"
"90","5","3","30","30","15","1500000","64608","0.043072","28","38"
"88","5","3","30","30","61","6100000","115412","0.01892","5","7"
"89","5","3","30","30","30","3000000","102516","0.034172","6","12"
"90","5","3","30","30","16","1600000","67332","0.0420825","23","33"
"88","5","3","30","30","62","6200000","115784","0.01867483870967742","5","5"
"89","5","3","30","30","31","3100000","104206","0.03361483870967742","6","12"
"90","5","3","30","30","17","1700000","70006","0.04118","26","41"
"88","5","3","30","30","63","6300000","116075","0.018424603174603173","5","5"
"89","5","3","30","30","32","3200000","105486","0.032964375","6","8"
"90","5","3","30","30","18","1800000","73097","0.04060944444444444","23","35"
"88","5","3","30","30","64","6400000","116518","0.0182059375","5","6"
"89","5","3","30","30","33","3300000","107033","0.03243424242424242","6","9"
"90","5","3","30","30","19","1900000","75978","0.039988421052631576","23","32"
"88","5","3","30","30","65","6500000","116974","0.017996","5","5"
"89","5","3","30","30","34","3400000","108572","0.03193294117647059","6","15"
"90","5","3","30","30","20","2000000","78484","0.039242","21","26"
"88","5","3","30","30","66","6600000","117334","0.017777878787878787","5","6"
"89","5","3","30","30","35","3500000","110115","0.03146142857142857","6","15"
"90","5","3","30","30","21","2100000","80577","0.03837","17","24"
"88","5","3","30","30","67","6700000","117666","0.017562089552238806","5","5"
"89","5","3","30","30","36","3600000","111692","0.031025555555555556","6","13"
"90","5","3","30","30","22","2200000","82756","0.037616363636363635","19","28"
"88","5","3","30","30","68","6800000","118025","0.017356617647058824","5","5"
"89","5","3","30","30","37","3700000","112971","0.030532702702702703","6","13"
"88","5","3","30","30","69","6900000","118431","0.017163913043478262","5","6"
"90","5","3","30","30","23","2300000","85024","0.03696695652173913","18","28"
"89","5","3","30","30","38","3800000","114185","0.030048684210526314","6","9"
"90","5","3","30","30","24","2400000","87360","0.0364","19","26"
"88","5","3","30","30","70","7000000","118790","0.01697","5","5"
"89","5","3","30","30","39","3900000","115562","0.02963128205128205","6","14"
"90","5","3","30","30","25","2500000","89529","0.0358116","17","25"
"88","5","3","30","30","71","7100000","119223","0.016791971830985915","5","5"
"89","5","3","30","30","40","4000000","116850","0.0292125","6","12"
"90","5","3","30","30","26","2600000","91754","0.03529","17","29"
"88","5","3","30","30","72","7200000","119612","0.01661277777777778","5","5"
"89","5","3","30","30","41","4100000","118443","0.028888536585365852","6","14"
"88","5","3","30","30","73","7300000","120008","0.01643945205479452","5","6"
"90","5","3","30","30","27","2700000","93854","0.03476074074074074","17","23"
"89","5","3","30","30","42","4200000","120161","0.028609761904761905","6","8"
"88","5","3","30","30","74","7400000","120328","0.01626054054054054","5","5"
"90","5","3","30","30","28","2800000","95973","0.03427607142857143","17","28"
"88","5","3","30","30","75","7500000","120765","0.016102","5","6"
"90","5","3","30","30","29","2900000","98137","0.03384034482758621","17","25"
"89","5","3","30","30","43","4300000","121662","0.02829348837209302","6","12"
"88","5","3","30","30","76","7600000","121141","0.015939605263157894","5","5"
"90","5","3","30","30","30","3000000","100576","0.03352533333333333","18","27"
"89","5","3","30","30","44","4400000","123021","0.027959318181818182","6","11"
"88","5","3","30","30","77","7700000","121640","0.015797402597402598","5","7"
"89","5","3","30","30","45","4500000","124596","0.027688","6","9"
"90","5","3","30","30","31","3100000","103483","0.033381612903225805","19","28"
"88","5","3","30","30","78","7800000","122094","0.015653076923076922","5","5"
"89","5","3","30","30","46","4600000","126067","0.02740586956521739","6","8"
"90","5","3","30","30","32","3200000","106272","0.03321","19","31"
"88","5","3","30","30","79","7900000","122456","0.015500759493670887","5","5"
"89","5","3","30","30","47","4700000","127663","0.027162340425531915","5","5"
"90","5","3","30","30","33","3300000","109128","0.03306909090909091","25","36"
"88","5","3","30","30","80","8000000","122788","0.0153485","5","5"
"89","5","3","30","30","48","4800000","129234","0.02692375","5","6"
"90","5","3","30","30","34","3400000","112293","0.03302735294117647","20","38"
"88","5","3","30","30","81","8100000","123197","0.015209506172839506","5","6"
"89","5","3","30","30","49","4900000","130770","0.026687755102040817","5","8"
"90","5","3","30","30","35","3500000","115323","0.032949428571428574","15","21"
"88","5","3","30","30","82","8200000","123640","0.015078048780487805","5","6"
"89","5","3","30","30","50","5000000","132296","0.0264592","6","13"
"90","5","3","30","30","36","3600000","117970","0.03276944444444444","11","20"
"88","5","3","30","30","83","8300000","124096","0.01495132530120482","5","5"
"90","5","3","30","30","37","3700000","120235","0.032495945945945945","11","18"
"89","5","3","30","30","51","5100000","133836","0.02624235294117647","6","14"
"88","5","3","30","30","84","8400000","124403","0.014809880952380953","5","5"
"90","5","3","30","30","38","3800000","122896","0.032341052631578944","12","23"
"89","5","3","30","30","52","5200000","135287","0.026016730769230768","6","12"
"88","5","3","30","30","85","8500000","124751","0.014676588235294118","5","6"
"90","5","3","30","30","39","3900000","124956","0.03204","11","16"
"89","5","3","30","30","53","5300000","136827","0.02581641509433962","6","12"
"88","5","3","30","30","86","8600000","125117","0.014548488372093023","5","5"
"90","5","3","30","30","40","4000000","126669","0.03166725","11","25"
"89","5","3","30","30","54","5400000","138196","0.025591851851851852","6","12"
"88","5","3","30","30","87","8700000","125490","0.014424137931034482","5","6"
"90","5","3","30","30","41","4100000","128338","0.031301951219512195","11","14"
"89","5","3","30","30","55","5500000","139537","0.025370363636363635","6","8"
"88","5","3","30","30","88","8800000","125785","0.01429375","5","5"
"90","5","3","30","30","42","4200000","130052","0.030964761904761905","11","12"
"89","5","3","30","30","56","5600000","141126","0.025201071428571427","5","11"
"88","5","3","30","30","89","8900000","126129","0.014171797752808989","5","5"
"90","5","3","30","30","43","4300000","131885","0.03067093023255814","11","17"
"89","5","3","30","30","57","5700000","142618","0.025020701754385966","6","13"
"88","5","3","30","30","90","9000000","126491","0.014054555555555556","5","5"
"90","5","3","30","30","44","4400000","133746","0.03039681818181818","11","13"
"89","5","3","30","30","58","5800000","143982","0.02482448275862069","6","7"
"88","5","3","30","30","91","9100000","126886","0.013943516483516483","5","5"
"90","5","3","30","30","45","4500000","135538","0.030119555555555556","11","18"
"89","5","3","30","30","59","5900000","145364","0.024637966101694914","6","13"
"88","5","3","30","30","92","9200000","127259","0.0138325","5","5"
"90","5","3","30","30","46","4600000","137362","0.029861304347826086","11","16"
"89","5","3","30","30","60","6000000","146708","0.024451333333333332","6","12"
"88","5","3","30","30","93","9300000","127645","0.013725268817204301","5","5"
"90","5","3","30","30","47","4700000","139150","0.029606382978723405","10","16"
"89","5","3","30","30","61","6100000","148134","0.024284262295081967","6","14"
"88","5","3","30","30","94","9400000","127963","0.01361308510638298","5","5"
"90","5","3","30","30","48","4800000","140675","0.029307291666666666","10","15"
"89","5","3","30","30","62","6200000","149557","0.02412209677419355","6","10"
"88","5","3","30","30","95","9500000","128311","0.013506421052631579","5","5"
"90","5","3","30","30","49","4900000","142349","0.02905081632653061","10","12"
"89","5","3","30","30","63","6300000","151132","0.02398920634920635","6","9"
"88","5","3","30","30","96","9600000","128667","0.0134028125","5","6"
"90","5","3","30","30","50","5000000","144014","0.0288028","9","16"
"89","5","3","30","30","64","6400000","152573","0.02383953125","6","10"
"88","5","3","30","30","97","9700000","129002","0.013299175257731959","5","5"
"90","5","3","30","30","51","5100000","145538","0.02853686274509804","9","10"
"89","5","3","30","30","65","6500000","153957","0.023685692307692307","6","10"
"88","5","3","30","30","98","9800000","129348","0.013198775510204082","5","5"
"90","5","3","30","30","52","5200000","147215","0.028310576923076924","8","10"
"89","5","3","30","30","66","6600000","155315","0.02353257575757576","6","12"
"88","5","3","30","30","99","9900000","129702","0.013101212121212121","5","5"
"90","5","3","30","30","53","5300000","148714","0.02805924528301887","8","11"
"89","5","3","30","30","67","6700000","156561","0.02336731343283582","6","11"
"88","5","3","30","30","100","10000000","130033","0.0130033","5","6"
"90","5","3","30","30","54","5400000","150196","0.027814074074074074","8","10"
"89","5","3","30","30","68","6800000","157897","0.02322014705882353","6","11"
"88","5","3","30","30","101","10100000","130366","0.012907524752475247","5","5"
"90","5","3","30","30","55","5500000","151555","0.027555454545454546","8","8"
"89","5","3","30","30","69","6900000","159319","0.023089710144927535","6","7"
"88","5","3","30","30","102","10200000","130702","0.012813921568627451","5","7"
"90","5","3","30","30","56","5600000","152979","0.027317678571428573","8","11"
"89","5","3","30","30","70","7000000","160705","0.022957857142857144","6","11"
"88","5","3","30","30","103","10300000","131115","0.012729611650485436","5","5"
"90","5","3","30","30","57","5700000","154158","0.027045263157894735","7","8"
"89","5","3","30","30","71","7100000","162223","0.02284830985915493","5","6"
"88","5","3","30","30","104","10400000","131331","0.01262798076923077","5","5"
"90","5","3","30","30","58","5800000","155184","0.026755862068965516","7","10"
"89","5","3","30","30","72","7200000","163842","0.022755833333333333","6","9"
"88","5","3","30","30","105","10500000","131358","0.012510285714285715","5","5"
"90","5","3","30","30","59","5900000","156231","0.026479830508474578","7","7"
"89","5","3","30","30","73","7300000","165338","0.022649041095890412","5","9"
"88","5","3","30","30","106","10600000","131367","0.01239311320754717","4","4"
"91","5","3","30","30","0","0","0","0","125","885"
"90","5","3","30","30","60","6000000","157268","0.026211333333333333","7","9"
"89","5","3","30","30","74","7400000","166878","0.02255108108108108","6","18"
"90","5","3","30","30","61","6100000","158362","0.025960983606557377","7","8"
"91","5","3","30","30","1","100000","7389","0.07389","101","234"
"89","5","3","30","30","75","7500000","168331","0.022444133333333335","6","12"
"90","5","3","30","30","62","6200000","159370","0.025704838709677418","6","6"
"91","5","3","30","30","2","200000","13845","0.069225","72","155"
"89","5","3","30","30","76","7600000","169667","0.022324605263157896","6","15"
"90","5","3","30","30","63","6300000","160100","0.02541269841269841","6","7"
"91","5","3","30","30","3","300000","19095","0.06365","56","92"
"89","5","3","30","30","77","7700000","170558","0.02215038961038961","5","16"
"90","5","3","30","30","64","6400000","160764","0.025119375","6","7"
"91","5","3","30","30","4","400000","24730","0.061825","48","91"
"89","5","3","30","30","78","7800000","171596","0.02199948717948718","5","11"
"90","5","3","30","30","65","6500000","161290","0.024813846153846155","6","6"
"91","5","3","30","30","5","500000","30042","0.060084","38","69"
"89","5","3","30","30","79","7900000","172673","0.0218573417721519","4","9"
"90","5","3","30","30","66","6600000","161778","0.024511818181818183","6","6"
"91","5","3","30","30","6","600000","35431","0.05905166666666667","43","83"
"89","5","3","30","30","80","8000000","173929","0.021741125","5","12"
"90","5","3","30","30","67","6700000","162213","0.02421089552238806","6","6"
"91","5","3","30","30","7","700000","40428","0.057754285714285716","41","75"
"89","5","3","30","30","81","8100000","175378","0.021651604938271604","5","11"
"90","5","3","30","30","68","6800000","162545","0.023903676470588234","6","7"
"91","5","3","30","30","8","800000","45208","0.05651","35","62"
"89","5","3","30","30","82","8200000","176572","0.021533170731707317","5","11"
"90","5","3","30","30","69","6900000","162831","0.02359869565217391","6","6"
"91","5","3","30","30","9","900000","49551","0.055056666666666663","25","43"
"89","5","3","30","30","83","8300000","177653","0.021403975903614456","4","8"
"90","5","3","30","30","70","7000000","163066","0.023295142857142858","6","6"
"91","5","3","30","30","10","1000000","53651","0.053651","33","47"
"90","5","3","30","30","71","7100000","163160","0.022980281690140845","5","5"
"89","5","3","30","30","84","8400000","178987","0.02130797619047619","5","12"
"92","5","3","30","30","0","0","0","0","125","889"
"91","5","3","30","30","11","1100000","57466","0.05224181818181818","29","43"
"89","5","3","30","30","85","8500000","180607","0.021247882352941175","4","6"
"92","5","3","30","30","1","100000","7226","0.07226","90","222"
"91","5","3","30","30","12","1200000","61463","0.05121916666666667","27","55"
"89","5","3","30","30","86","8600000","181872","0.021147906976744187","4","5"
"92","5","3","30","30","2","200000","13654","0.06827","71","138"
"91","5","3","30","30","13","1300000","65414","0.05031846153846154","22","36"
"89","5","3","30","30","87","8700000","183096","0.021045517241379312","4","7"
"92","5","3","30","30","3","300000","20038","0.06679333333333333","54","90"
"91","5","3","30","30","14","1400000","68908","0.04922","19","29"
"89","5","3","30","30","88","8800000","184280","0.02094090909090909","4","6"
"92","5","3","30","30","4","400000","25136","0.06284","43","71"
"91","5","3","30","30","15","1500000","72146","0.04809733333333333","20","39"
"89","5","3","30","30","89","8900000","185569","0.02085044943820225","4","6"
"92","5","3","30","30","5","500000","29690","0.05938","37","68"
"91","5","3","30","30","16","1600000","75815","0.047384375","19","31"
"89","5","3","30","30","90","9000000","186888","0.020765333333333334","4","6"
"92","5","3","30","30","6","600000","34442","0.057403333333333334","36","64"
"91","5","3","30","30","17","1700000","79304","0.046649411764705884","20","28"
"89","5","3","30","30","91","9100000","188273","0.02068934065934066","4","9"
"92","5","3","30","30","7","700000","38960","0.055657142857142856","34","60"
"91","5","3","30","30","18","1800000","82970","0.046094444444444445","21","34"
"89","5","3","30","30","92","9200000","189555","0.020603804347826087","4","5"
"92","5","3","30","30","8","800000","43363","0.05420375","36","61"
"91","5","3","30","30","19","1900000","86248","0.045393684210526315","17","35"
"89","5","3","30","30","93","9300000","190808","0.020516989247311827","4","5"
"92","5","3","30","30","9","900000","47479","0.052754444444444444","32","45"
"89","5","3","30","30","94","9400000","191858","0.020410425531914893","5","10"
"91","5","3","30","30","20","2000000","89988","0.044994","19","39"
"92","5","3","30","30","10","1000000","51235","0.051235","28","43"
"89","5","3","30","30","95","9500000","193094","0.020325684210526315","5","9"
"91","5","3","30","30","21","2100000","93581","0.04456238095238095","18","39"
"92","5","3","30","30","11","1100000","54726","0.04975090909090909","27","50"
"89","5","3","30","30","96","9600000","194321","0.020241770833333332","5","9"
"91","5","3","30","30","22","2200000","97723","0.044419545454545455","14","28"
"92","5","3","30","30","12","1200000","58628","0.048856666666666666","26","45"
"89","5","3","30","30","97","9700000","195241","0.020127938144329897","5","9"
"91","5","3","30","30","23","2300000","101747","0.04423782608695652","14","27"
"92","5","3","30","30","13","1300000","62294","0.04791846153846154","25","45"
"89","5","3","30","30","98","9800000","196300","0.02003061224489796","5","10"
"91","5","3","30","30","24","2400000","105421","0.04392541666666667","16","26"
"92","5","3","30","30","14","1400000","66111","0.04722214285714286","19","33"
"89","5","3","30","30","99","9900000","197408","0.01994020202020202","5","12"
"91","5","3","30","30","25","2500000","108889","0.0435556","18","41"
"92","5","3","30","30","15","1500000","69470","0.04631333333333333","16","32"
"89","5","3","30","30","100","10000000","198597","0.0198597","5","6"
"91","5","3","30","30","26","2600000","112324","0.043201538461538465","17","32"
"92","5","3","30","30","16","1600000","72778","0.04548625","18","30"
"89","5","3","30","30","101","10100000","199673","0.01976960396039604","5","8"
"91","5","3","30","30","27","2700000","115394","0.042738518518518516","18","36"
"92","5","3","30","30","17","1700000","76003","0.04470764705882353","14","32"
"89","5","3","30","30","102","10200000","200913","0.01969735294117647","5","8"
"91","5","3","30","30","28","2800000","118801","0.04242892857142857","19","35"
"92","5","3","30","30","18","1800000","79083","0.043935","13","28"
"89","5","3","30","30","103","10300000","202013","0.019612912621359224","5","9"
"91","5","3","30","30","29","2900000","122142","0.04211793103448276","15","31"
"92","5","3","30","30","19","1900000","82767","0.04356157894736842","12","32"
"89","5","3","30","30","104","10400000","203111","0.019529903846153846","5","8"
"92","5","3","30","30","20","2000000","86164","0.043082","10","28"
"91","5","3","30","30","30","3000000","125537","0.04184566666666667","16","35"
"89","5","3","30","30","105","10500000","204167","0.01944447619047619","5","6"
"92","5","3","30","30","21","2100000","89299","0.04252333333333334","11","23"
"91","5","3","30","30","31","3100000","128328","0.04139612903225806","15","33"
"89","5","3","30","30","106","10600000","205238","0.019362075471698114","5","12"
"92","5","3","30","30","22","2200000","92661","0.042118636363636365","13","21"
"91","5","3","30","30","32","3200000","131161","0.0409878125","15","33"
"89","5","3","30","30","107","10700000","206295","0.019279906542056073","5","11"
"92","5","3","30","30","23","2300000","95930","0.041708695652173916","11","24"
"91","5","3","30","30","33","3300000","134001","0.040606363636363635","17","27"
"89","5","3","30","30","108","10800000","207413","0.019204907407407407","5","10"
"91","5","3","30","30","34","3400000","136423","0.04012441176470588","15","25"
"92","5","3","30","30","24","2400000","99365","0.04140208333333333","10","17"
"89","5","3","30","30","109","10900000","208548","0.01913284403669725","5","10"
"91","5","3","30","30","35","3500000","139088","0.03973942857142857","14","25"
"92","5","3","30","30","25","2500000","102000","0.0408","9","19"
"89","5","3","30","30","110","11000000","209688","0.019062545454545454","5","13"
"91","5","3","30","30","36","3600000","141910","0.039419444444444444","16","31"
"92","5","3","30","30","26","2600000","104774","0.040297692307692305","10","23"
"89","5","3","30","30","111","11100000","210861","0.018996486486486486","5","7"
"91","5","3","30","30","37","3700000","144762","0.03912486486486486","16","24"
"92","5","3","30","30","27","2700000","107297","0.03973962962962963","8","20"
"89","5","3","30","30","112","11200000","212036","0.018931785714285713","5","9"
"91","5","3","30","30","38","3800000","147651","0.03885552631578947","19","31"
"92","5","3","30","30","28","2800000","109598","0.039142142857142855","9","19"
"89","5","3","30","30","113","11300000","213311","0.0188770796460177","5","11"
"92","5","3","30","30","29","2900000","112256","0.03870896551724138","9","23"
"91","5","3","30","30","39","3900000","150342","0.038549230769230766","16","25"
"89","5","3","30","30","114","11400000","214679","0.018831491228070176","5","17"
"92","5","3","30","30","30","3000000","115009","0.03833633333333333","12","26"
"91","5","3","30","30","40","4000000","153003","0.03825075","14","28"
"89","5","3","30","30","115","11500000","216150","0.018795652173913043","5","10"
"92","5","3","30","30","31","3100000","117403","0.03787193548387097","11","22"
"91","5","3","30","30","41","4100000","155549","0.03793878048780488","16","24"
"89","5","3","30","30","116","11600000","217489","0.01874905172413793","5","8"
"92","5","3","30","30","32","3200000","119995","0.0374984375","10","21"
"91","5","3","30","30","42","4200000","158053","0.03763166666666667","12","20"
"89","5","3","30","30","117","11700000","218736","0.018695384615384614","5","7"
"92","5","3","30","30","33","3300000","122844","0.03722545454545455","10","28"
"91","5","3","30","30","43","4300000","160367","0.037294651162790696","12","21"
"89","5","3","30","30","118","11800000","219971","0.018641610169491524","4","6"
"92","5","3","30","30","34","3400000","125733","0.036980294117647056","10","20"
"91","5","3","30","30","44","4400000","162531","0.03693886363636364","12","16"
"89","5","3","30","30","119","11900000","221316","0.01859798319327731","4","5"
"92","5","3","30","30","35","3500000","128179","0.03662257142857143","11","20"
"91","5","3","30","30","45","4500000","164678","0.03659511111111111","12","18"
"89","5","3","30","30","120","12000000","222402","0.0185335","4","7"
"92","5","3","30","30","36","3600000","130709","0.03630805555555556","9","19"
"91","5","3","30","30","46","4600000","166869","0.03627586956521739","9","15"
"89","5","3","30","30","121","12100000","223028","0.01843206611570248","4","4"
"92","5","3","30","30","37","3700000","133505","0.036082432432432435","9","18"
"91","5","3","30","30","47","4700000","168590","0.03587021276595745","11","15"
"89","5","3","30","30","122","12200000","223663","0.018333032786885247","3","4"
"92","5","3","30","30","38","3800000","136220","0.035847368421052635","8","17"
"91","5","3","30","30","48","4800000","170663","0.03555479166666667","12","24"
"89","5","3","30","30","123","12300000","224278","0.0182339837398374","3","5"
"92","5","3","30","30","39","3900000","139252","0.03570564102564103","9","16"
"91","5","3","30","30","49","4900000","172938","0.0352934693877551","12","19"
"89","5","3","30","30","124","12400000","224919","0.018138629032258064","3","3"
"92","5","3","30","30","40","4000000","142036","0.035509","9","25"
"91","5","3","30","30","50","5000000","175062","0.0350124","12","23"
"89","5","3","30","30","125","12500000","225600","0.018048","3","3"
"92","5","3","30","30","41","4100000","144495","0.03524268292682927","8","13"
"91","5","3","30","30","51","5100000","177372","0.034778823529411765","12","19"
"89","5","3","30","30","126","12600000","226269","0.017957857142857143","3","4"
"92","5","3","30","30","42","4200000","146784","0.034948571428571426","8","25"
"91","5","3","30","30","52","5200000","179704","0.03455846153846154","12","19"
"89","5","3","30","30","127","12700000","226990","0.017873228346456695","3","4"
"92","5","3","30","30","43","4300000","148930","0.03463488372093023","7","16"
"91","5","3","30","30","53","5300000","181870","0.03431509433962264","11","19"
"89","5","3","30","30","128","12800000","227804","0.0177971875","3","4"
"92","5","3","30","30","44","4400000","151160","0.03435454545454546","7","15"
"91","5","3","30","30","54","5400000","184166","0.03410481481481482","11","15"
"89","5","3","30","30","129","12900000","228694","0.017728217054263567","3","4"
"92","5","3","30","30","45","4500000","153186","0.03404133333333333","7","10"
"91","5","3","30","30","55","5500000","186237","0.033861272727272726","12","25"
"89","5","3","30","30","130","13000000","229415","0.01764730769230769","3","3"
"92","5","3","30","30","46","4600000","154855","0.033664130434782606","6","8"
"89","5","3","30","30","131","13100000","230126","0.017566870229007634","3","3"
"91","5","3","30","30","56","5600000","188253","0.03361660714285714","11","26"
"92","5","3","30","30","47","4700000","156349","0.03326574468085106","5","5"
"89","5","3","30","30","132","13200000","230857","0.017489166666666667","3","3"
"91","5","3","30","30","57","5700000","190252","0.033377543859649125","10","22"
"92","5","3","30","30","48","4800000","157631","0.032839791666666666","4","5"
"89","5","3","30","30","133","13300000","231611","0.01741436090225564","3","5"
"91","5","3","30","30","58","5800000","192188","0.033135862068965516","9","18"
"92","5","3","30","30","49","4900000","158808","0.032409795918367346","3","3"
"89","5","3","30","30","134","13400000","232276","0.01733402985074627","3","3"
"91","5","3","30","30","59","5900000","194057","0.03289101694915254","9","24"
"92","5","3","30","30","50","5000000","159933","0.0319866","2","5"
"89","5","3","30","30","135","13500000","233182","0.01727274074074074","3","5"
"91","5","3","30","30","60","6000000","196225","0.032704166666666666","9","15"
"92","5","3","30","30","51","5100000","160752","0.03152","2","3"
"89","5","3","30","30","136","13600000","234151","0.017216985294117648","3","4"
"91","5","3","30","30","61","6100000","198100","0.032475409836065575","7","13"
"92","5","3","30","30","52","5200000","161651","0.03108673076923077","2","2"
"89","5","3","30","30","137","13700000","235293","0.017174671532846714","3","4"
"91","5","3","30","30","62","6200000","199706","0.032210645161290324","6","12"
"92","5","3","30","30","53","5300000","162564","0.030672452830188678","2","5"
"89","5","3","30","30","138","13800000","235969","0.017099202898550724","3","4"
"91","5","3","30","30","63","6300000","201119","0.031923650793650796","6","11"
"92","5","3","30","30","54","5400000","163421","0.030263148148148147","2","3"
"89","5","3","30","30","139","13900000","236587","0.01702064748201439","3","5"
"91","5","3","30","30","64","6400000","202286","0.0316071875","6","9"
"92","5","3","30","30","55","5500000","164245","0.029862727272727273","2","3"
"89","5","3","30","30","140","14000000","237299","0.01694992857142857","3","5"
"91","5","3","30","30","65","6500000","203279","0.03127369230769231","6","13"
"92","5","3","30","30","56","5600000","165085","0.029479464285714286","2","3"
"89","5","3","30","30","141","14100000","238005","0.016879787234042553","3","5"
"91","5","3","30","30","66","6600000","204101","0.03092439393939394","6","8"
"92","5","3","30","30","57","5700000","166048","0.029131228070175437","2","3"
"89","5","3","30","30","142","14200000","238719","0.016811197183098592","3","5"
"91","5","3","30","30","67","6700000","205086","0.030609850746268655","6","9"
"92","5","3","30","30","58","5800000","166798","0.028758275862068965","2","3"
"89","5","3","30","30","143","14300000","239465","0.016745804195804195","3","4"
"91","5","3","30","30","68","6800000","206039","0.030299852941176472","6","10"
"92","5","3","30","30","59","5900000","167605","0.028407627118644068","2","4"
"89","5","3","30","30","144","14400000","240302","0.016687638888888887","3","4"
"91","5","3","30","30","69","6900000","207016","0.03000231884057971","6","10"
"92","5","3","30","30","60","6000000","168422","0.028070333333333333","2","4"
"89","5","3","30","30","145","14500000","241322","0.01664289655172414","3","3"
"91","5","3","30","30","70","7000000","208076","0.029725142857142856","6","13"
"92","5","3","30","30","61","6100000","169423","0.027774262295081967","2","3"
"89","5","3","30","30","146","14600000","242472","0.016607671232876712","3","3"
"91","5","3","30","30","71","7100000","208922","0.029425633802816903","6","12"
"92","5","3","30","30","62","6200000","170282","0.02746483870967742","2","5"
"89","5","3","30","30","147","14700000","243497","0.016564421768707482","3","4"
"91","5","3","30","30","72","7200000","209997","0.02916625","6","9"
"92","5","3","30","30","63","6300000","171157","0.027167777777777777","2","4"
"89","5","3","30","30","148","14800000","244485","0.016519256756756757","3","4"
"91","5","3","30","30","73","7300000","211266","0.02894054794520548","6","15"
"92","5","3","30","30","64","6400000","172073","0.02688640625","2","3"
"89","5","3","30","30","149","14900000","245569","0.016481140939597315","3","5"
"91","5","3","30","30","74","7400000","212384","0.02870054054054054","5","7"
"92","5","3","30","30","65","6500000","173080","0.026627692307692307","2","3"
"89","5","3","30","30","150","15000000","246604","0.01644026666666667","3","5"
"91","5","3","30","30","75","7500000","213201","0.0284268","6","9"
"92","5","3","30","30","66","6600000","173982","0.02636090909090909","2","3"
"89","5","3","30","30","151","15100000","247655","0.016400993377483443","3","8"
"91","5","3","30","30","76","7600000","214188","0.02818263157894737","6","11"
"92","5","3","30","30","67","6700000","174856","0.026097910447761195","2","2"
"89","5","3","30","30","152","15200000","248471","0.016346776315789475","3","5"
"91","5","3","30","30","77","7700000","215227","0.02795155844155844","5","9"
"92","5","3","30","30","68","6800000","175852","0.025860588235294118","2","3"
"89","5","3","30","30","153","15300000","249223","0.01628908496732026","3","5"
"91","5","3","30","30","78","7800000","215959","0.027687051282051282","6","13"
"92","5","3","30","30","69","6900000","176736","0.02561391304347826","2","2"
"89","5","3","30","30","154","15400000","249885","0.0162262987012987","3","6"
"91","5","3","30","30","79","7900000","216857","0.027450253164556963","6","11"
"92","5","3","30","30","70","7000000","177734","0.02539057142857143","2","3"
"89","5","3","30","30","155","15500000","250324","0.01614993548387097","3","3"
"91","5","3","30","30","80","8000000","217920","0.02724","5","11"
"92","5","3","30","30","71","7100000","178685","0.025166901408450706","2","2"
"89","5","3","30","30","156","15600000","250813","0.01607775641025641","3","4"
"91","5","3","30","30","81","8100000","218781","0.02701","6","8"
"92","5","3","30","30","72","7200000","179767","0.02496763888888889","2","3"
"89","5","3","30","30","157","15700000","251325","0.01600796178343949","3","4"
"91","5","3","30","30","82","8200000","219681","0.026790365853658536","6","11"
"92","5","3","30","30","73","7300000","180658","0.024747671232876713","2","2"
"89","5","3","30","30","158","15800000","251807","0.015937151898734177","3","3"
"91","5","3","30","30","83","8300000","220522","0.026568915662650603","6","8"
"92","5","3","30","30","74","7400000","181613","0.0245422972972973","2","2"
"89","5","3","30","30","159","15900000","252277","0.015866477987421385","3","3"
"91","5","3","30","30","84","8400000","221426","0.026360238095238096","6","10"
"92","5","3","30","30","75","7500000","182405","0.024320666666666668","2","4"
"89","5","3","30","30","160","16000000","252642","0.015790125","3","3"
"91","5","3","30","30","85","8500000","222119","0.02613164705882353","6","8"
"92","5","3","30","30","76","7600000","183301","0.024118552631578947","2","2"
"89","5","3","30","30","161","16100000","253097","0.01572031055900621","3","4"
"91","5","3","30","30","86","8600000","222668","0.025891627906976744","6","12"
"92","5","3","30","30","77","7700000","184289","0.023933636363636365","2","2"
"89","5","3","30","30","162","16200000","253488","0.01564740740740741","3","4"
"91","5","3","30","30","87","8700000","223261","0.025662183908045977","6","12"
"92","5","3","30","30","78","7800000","185117","0.023732948717948718","2","2"
"89","5","3","30","30","163","16300000","253871","0.015574907975460123","3","4"
"91","5","3","30","30","88","8800000","223888","0.025441818181818183","6","9"
"92","5","3","30","30","79","7900000","185983","0.023542151898734178","2","3"
"89","5","3","30","30","164","16400000","254299","0.015506036585365854","3","3"
"91","5","3","30","30","89","8900000","224308","0.025203146067415732","6","7"
"92","5","3","30","30","80","8000000","186828","0.0233535","2","3"
"89","5","3","30","30","165","16500000","254780","0.015441212121212121","3","3"
"91","5","3","30","30","90","9000000","224783","0.024975888888888888","5","8"
"92","5","3","30","30","81","8100000","187794","0.023184444444444445","2","2"
"89","5","3","30","30","166","16600000","255232","0.015375421686746988","3","3"
"91","5","3","30","30","91","9100000","225332","0.02476175824175824","5","5"
"92","5","3","30","30","82","8200000","188686","0.02301048780487805","2","3"
"89","5","3","30","30","167","16700000","255613","0.01530616766467066","3","3"
"91","5","3","30","30","92","9200000","225821","0.024545760869565218","4","4"
"92","5","3","30","30","83","8300000","189464","0.02282698795180723","2","3"
"89","5","3","30","30","168","16800000","255996","0.015237857142857143","3","3"
"91","5","3","30","30","93","9300000","226303","0.024333655913978496","4","4"
"92","5","3","30","30","84","8400000","190451","0.022672738095238096","2","2"
"89","5","3","30","30","169","16900000","256396","0.015171360946745562","3","5"
"91","5","3","30","30","94","9400000","226653","0.024112021276595744","4","4"
"92","5","3","30","30","85","8500000","191314","0.022507529411764707","2","2"
"89","5","3","30","30","170","17000000","256765","0.015103823529411765","3","3"
"91","5","3","30","30","95","9500000","226810","0.023874736842105265","3","3"
"93","5","3","30","30","0","0","0","0","124","889"
"92","5","3","30","30","86","8600000","192244","0.022353953488372092","2","3"
"89","5","3","30","30","171","17100000","257161","0.015038654970760235","3","3"
"93","5","3","30","30","1","100000","6564","0.06564","100","220"
"92","5","3","30","30","87","8700000","193200","0.02220689655172414","2","2"
"89","5","3","30","30","172","17200000","257481","0.01496982558139535","3","4"
"93","5","3","30","30","2","200000","12482","0.06241","81","156"
"92","5","3","30","30","88","8800000","194112","0.022058181818181817","2","2"
"89","5","3","30","30","173","17300000","257741","0.014898323699421965","3","3"
"93","5","3","30","30","3","300000","18321","0.06107","67","122"
"92","5","3","30","30","89","8900000","195051","0.021915842696629214","2","3"
"89","5","3","30","30","174","17400000","257975","0.014826149425287356","3","3"
"93","5","3","30","30","4","400000","23695","0.0592375","57","91"
"92","5","3","30","30","90","9000000","195846","0.021760666666666668","2","2"
"89","5","3","30","30","175","17500000","258123","0.014749885714285715","2","2"
"94","5","3","30","30","0","0","0","0","125","887"
"92","5","3","30","30","91","9100000","196776","0.021623736263736263","2","3"
"93","5","3","30","30","5","500000","28328","0.056656","46","73"
"94","5","3","30","30","1","100000","7295","0.07295","103","244"
"92","5","3","30","30","92","9200000","197617","0.021480108695652173","2","2"
"93","5","3","30","30","6","600000","32675","0.05445833333333333","44","76"
"94","5","3","30","30","2","200000","14264","0.07132","74","146"
"92","5","3","30","30","93","9300000","198495","0.021343548387096775","2","3"
"93","5","3","30","30","7","700000","37262","0.05323142857142857","38","75"
"94","5","3","30","30","3","300000","19909","0.06636333333333333","48","113"
"92","5","3","30","30","94","9400000","199515","0.021225","2","4"
"93","5","3","30","30","8","800000","41661","0.05207625","33","47"
"94","5","3","30","30","4","400000","25409","0.0635225","47","88"
"92","5","3","30","30","95","9500000","200371","0.021091684210526315","2","3"
"93","5","3","30","30","9","900000","44961","0.04995666666666667","31","47"
"94","5","3","30","30","5","500000","30716","0.061432","46","95"
"92","5","3","30","30","96","9600000","201424","0.020981666666666666","2","4"
"93","5","3","30","30","10","1000000","47629","0.047629","25","39"
"94","5","3","30","30","6","600000","36144","0.06024","44","83"
"92","5","3","30","30","97","9700000","202553","0.020881752577319588","2","5"
"93","5","3","30","30","11","1100000","50607","0.04600636363636364","26","33"
"94","5","3","30","30","7","700000","41136","0.05876571428571429","40","71"
"92","5","3","30","30","98","9800000","203430","0.020758163265306124","2","2"
"93","5","3","30","30","12","1200000","53442","0.044535","22","43"
"94","5","3","30","30","8","800000","45950","0.0574375","33","61"
"92","5","3","30","30","99","9900000","204386","0.020645050505050506","2","2"
"93","5","3","30","30","13","1300000","55931","0.043023846153846156","24","36"
"94","5","3","30","30","9","900000","50378","0.055975555555555556","25","44"
"92","5","3","30","30","100","10000000","205250","0.020525","2","2"
"93","5","3","30","30","14","1400000","58303","0.041645","22","32"
"92","5","3","30","30","101","10100000","206017","0.02039772277227723","2","4"
"94","5","3","30","30","10","1000000","54779","0.054779","28","45"
"93","5","3","30","30","15","1500000","60559","0.04037266666666667","20","24"
"92","5","3","30","30","102","10200000","206957","0.020289901960784312","2","2"
"94","5","3","30","30","11","1100000","58968","0.053607272727272726","24","39"
"93","5","3","30","30","16","1600000","62472","0.039045","20","27"
"92","5","3","30","30","103","10300000","207785","0.020173300970873786","2","6"
"94","5","3","30","30","12","1200000","63092","0.05257666666666667","19","35"
"93","5","3","30","30","17","1700000","64718","0.03806941176470588","20","27"
"92","5","3","30","30","104","10400000","208754","0.0200725","2","3"
"94","5","3","30","30","13","1300000","67212","0.05170153846153846","18","39"
"93","5","3","30","30","18","1800000","66989","0.03721611111111111","19","27"
"92","5","3","30","30","105","10500000","209565","0.01995857142857143","2","2"
"94","5","3","30","30","14","1400000","71038","0.05074142857142857","20","30"
"93","5","3","30","30","19","1900000","69113","0.03637526315789474","19","24"
"92","5","3","30","30","106","10600000","210321","0.019841603773584907","2","2"
"94","5","3","30","30","15","1500000","74713","0.04980866666666667","19","40"
"93","5","3","30","30","20","2000000","71261","0.0356305","17","20"
"92","5","3","30","30","107","10700000","211139","0.019732616822429907","2","2"
"94","5","3","30","30","16","1600000","78471","0.049044375","20","33"
"93","5","3","30","30","21","2100000","73415","0.03495952380952381","19","32"
"92","5","3","30","30","108","10800000","211929","0.019623055555555557","2","2"
"94","5","3","30","30","17","1700000","82397","0.048468823529411766","18","30"
"93","5","3","30","30","22","2200000","75680","0.0344","21","30"
"92","5","3","30","30","109","10900000","212740","0.01951743119266055","2","3"
"94","5","3","30","30","18","1800000","86202","0.04789","20","38"
"93","5","3","30","30","23","2300000","78247","0.034020434782608695","17","25"
"92","5","3","30","30","110","11000000","213673","0.019424818181818182","2","3"
"94","5","3","30","30","19","1900000","89473","0.04709105263157895","17","32"
"93","5","3","30","30","24","2400000","80733","0.03363875","21","33"
"92","5","3","30","30","111","11100000","214686","0.019341081081081082","2","2"
"94","5","3","30","30","20","2000000","92784","0.046392","17","29"
"93","5","3","30","30","25","2500000","83185","0.033274","19","29"
"92","5","3","30","30","112","11200000","215519","0.019242767857142858","2","2"
"94","5","3","30","30","21","2100000","95855","0.04564523809523809","16","29"
"93","5","3","30","30","26","2600000","86139","0.03313038461538462","17","25"
"92","5","3","30","30","113","11300000","216383","0.019148938053097347","2","5"
"93","5","3","30","30","27","2700000","88730","0.03286296296296296","18","25"
"94","5","3","30","30","22","2200000","98670","0.04485","14","25"
"92","5","3","30","30","114","11400000","217159","0.0190490350877193","2","5"
"93","5","3","30","30","28","2800000","91195","0.03256964285714286","19","28"
"94","5","3","30","30","23","2300000","101830","0.04427391304347826","15","30"
"92","5","3","30","30","115","11500000","217962","0.018953217391304348","2","2"
"93","5","3","30","30","29","2900000","93994","0.03241172413793104","18","36"
"94","5","3","30","30","24","2400000","104838","0.0436825","13","31"
"92","5","3","30","30","116","11600000","218997","0.01887905172413793","2","2"
"93","5","3","30","30","30","3000000","96428","0.03214266666666667","16","22"
"94","5","3","30","30","25","2500000","107247","0.0428988","13","23"
"92","5","3","30","30","117","11700000","220012","0.018804444444444443","2","4"
"93","5","3","30","30","31","3100000","98863","0.031891290322580645","18","30"
"94","5","3","30","30","26","2600000","109381","0.042069615384615386","12","26"
"92","5","3","30","30","118","11800000","220870","0.018717796610169493","2","3"
"93","5","3","30","30","32","3200000","101202","0.031625625","16","20"
"94","5","3","30","30","27","2700000","111879","0.04143666666666666","11","18"
"92","5","3","30","30","119","11900000","221706","0.01863075630252101","2","2"
"93","5","3","30","30","33","3300000","103676","0.0314169696969697","17","23"
"94","5","3","30","30","28","2800000","114193","0.040783214285714284","9","23"
"92","5","3","30","30","120","12000000","222465","0.01853875","2","2"
"93","5","3","30","30","34","3400000","106247","0.031249117647058823","17","34"
"94","5","3","30","30","29","2900000","116146","0.04005034482758621","10","19"
"92","5","3","30","30","121","12100000","223339","0.01845776859504132","2","4"
"93","5","3","30","30","35","3500000","108932","0.031123428571428573","21","32"
"94","5","3","30","30","30","3000000","118114","0.039371333333333335","9","19"
"92","5","3","30","30","122","12200000","224228","0.01837934426229508","2","2"
"93","5","3","30","30","36","3600000","111615","0.031004166666666666","17","23"
"94","5","3","30","30","31","3100000","120227","0.03878290322580645","11","24"
"92","5","3","30","30","123","12300000","225207","0.01830951219512195","2","4"
"93","5","3","30","30","37","3700000","114163","0.030854864864864866","18","30"
"94","5","3","30","30","32","3200000","122315","0.0382234375","10","17"
"92","5","3","30","30","124","12400000","226145","0.0182375","2","3"
"93","5","3","30","30","38","3800000","116573","0.030677105263157894","18","30"
"94","5","3","30","30","33","3300000","124196","0.03763515151515152","9","16"
"92","5","3","30","30","125","12500000","227101","0.01816808","2","2"
"93","5","3","30","30","39","3900000","118872","0.03048","18","23"
"94","5","3","30","30","34","3400000","125910","0.03703235294117647","9","17"
"92","5","3","30","30","126","12600000","228211","0.018111984126984126","2","8"
"93","5","3","30","30","40","4000000","120993","0.03024825","18","31"
"92","5","3","30","30","127","12700000","229172","0.01804503937007874","2","3"
"94","5","3","30","30","35","3500000","127976","0.036564571428571425","10","17"
"93","5","3","30","30","41","4100000","122861","0.02996609756097561","17","24"
"92","5","3","30","30","128","12800000","230191","0.017983671875","2","6"
"94","5","3","30","30","36","3600000","130411","0.03622527777777778","9","15"
"93","5","3","30","30","42","4200000","124438","0.029628095238095238","19","27"
"92","5","3","30","30","129","12900000","231233","0.017925038759689923","2","6"
"94","5","3","30","30","37","3700000","133098","0.035972432432432436","9","13"
"93","5","3","30","30","43","4300000","126094","0.029324186046511626","16","20"
"92","5","3","30","30","130","13000000","232142","0.017857076923076923","2","3"
"94","5","3","30","30","38","3800000","135682","0.03570578947368421","9","21"
"93","5","3","30","30","44","4400000","127466","0.028969545454545456","16","24"
"92","5","3","30","30","131","13100000","232939","0.017781603053435114","2","3"
"94","5","3","30","30","39","3900000","138283","0.03545717948717949","8","19"
"93","5","3","30","30","45","4500000","129253","0.028722888888888888","17","21"
"92","5","3","30","30","132","13200000","233917","0.017720984848484847","2","3"
"94","5","3","30","30","40","4000000","140974","0.0352435","10","20"
"93","5","3","30","30","46","4600000","130971","0.02847195652173913","18","21"
"92","5","3","30","30","133","13300000","234707","0.017647142857142858","2","5"
"94","5","3","30","30","41","4100000","143692","0.03504682926829268","10","19"
"93","5","3","30","30","47","4700000","132758","0.028246382978723405","16","28"
"92","5","3","30","30","134","13400000","235598","0.017581940298507463","2","2"
"94","5","3","30","30","42","4200000","146567","0.03489690476190476","10","18"
"93","5","3","30","30","48","4800000","134810","0.028085416666666668","16","31"
"92","5","3","30","30","135","13500000","236507","0.017519037037037038","2","2"
"94","5","3","30","30","43","4300000","148943","0.03463790697674419","10","20"
"93","5","3","30","30","49","4900000","136920","0.027942857142857144","14","18"
"92","5","3","30","30","136","13600000","237298","0.017448382352941178","2","2"
"94","5","3","30","30","44","4400000","151373","0.03440295454545454","10","20"
"93","5","3","30","30","50","5000000","138864","0.0277728","15","22"
"92","5","3","30","30","137","13700000","238212","0.017387737226277372","2","3"
"94","5","3","30","30","45","4500000","153859","0.03419088888888889","11","20"
"93","5","3","30","30","51","5100000","140778","0.027603529411764707","16","25"
"92","5","3","30","30","138","13800000","239181","0.01733195652173913","2","3"
"94","5","3","30","30","46","4600000","156624","0.034048695652173916","12","22"
"93","5","3","30","30","52","5200000","142633","0.027429423076923077","13","17"
"92","5","3","30","30","139","13900000","240077","0.017271726618705036","2","4"
"94","5","3","30","30","47","4700000","159362","0.0339068085106383","13","20"
"93","5","3","30","30","53","5300000","144172","0.027202264150943397","13","19"
"92","5","3","30","30","140","14000000","241012","0.017215142857142856","2","3"
"94","5","3","30","30","48","4800000","162143","0.03377979166666667","10","18"
"93","5","3","30","30","54","5400000","145667","0.026975370370370372","12","16"
"92","5","3","30","30","141","14100000","241948","0.017159432624113475","2","3"
"94","5","3","30","30","49","4900000","165060","0.033685714285714284","11","25"
"93","5","3","30","30","55","5500000","147343","0.026789636363636363","11","13"
"92","5","3","30","30","142","14200000","242794","0.017098169014084508","2","3"
"94","5","3","30","30","50","5000000","167657","0.0335314","9","15"
"93","5","3","30","30","56","5600000","148911","0.02659125","11","16"
"92","5","3","30","30","143","14300000","243678","0.01704041958041958","2","3"
"93","5","3","30","30","57","5700000","150434","0.026391929824561403","12","18"
"94","5","3","30","30","51","5100000","169917","0.033317058823529415","9","17"
"92","5","3","30","30","144","14400000","244671","0.016991041666666668","2","2"
"93","5","3","30","30","58","5800000","151917","0.026192586206896552","11","17"
"94","5","3","30","30","52","5200000","172409","0.033155576923076926","9","24"
"92","5","3","30","30","145","14500000","245573","0.01693606896551724","2","2"
"93","5","3","30","30","59","5900000","153281","0.025979830508474577","11","17"
"94","5","3","30","30","53","5300000","174451","0.032915283018867925","9","24"
"92","5","3","30","30","146","14600000","246457","0.016880616438356165","2","3"
"93","5","3","30","30","60","6000000","154859","0.025809833333333334","11","19"
"94","5","3","30","30","54","5400000","176367","0.032660555555555554","10","21"
"92","5","3","30","30","147","14700000","247317","0.016824285714285715","2","5"
"93","5","3","30","30","61","6100000","156654","0.025680983606557378","11","20"
"94","5","3","30","30","55","5500000","178470","0.03244909090909091","9","19"
"92","5","3","30","30","148","14800000","248240","0.016772972972972974","2","3"
"93","5","3","30","30","62","6200000","158293","0.025531129032258064","11","17"
"94","5","3","30","30","56","5600000","180531","0.03223767857142857","10","22"
"92","5","3","30","30","149","14900000","249125","0.01671979865771812","2","3"
"93","5","3","30","30","63","6300000","160037","0.02540269841269841","11","17"
"94","5","3","30","30","57","5700000","182598","0.03203473684210526","8","11"
"92","5","3","30","30","150","15000000","249828","0.0166552","2","3"
"93","5","3","30","30","64","6400000","162268","0.025354375","12","21"
"94","5","3","30","30","58","5800000","184530","0.03181551724137931","7","13"
"92","5","3","30","30","151","15100000","250389","0.01658205298013245","2","3"
"93","5","3","30","30","65","6500000","164059","0.025239846153846154","12","16"
"94","5","3","30","30","59","5900000","186443","0.031600508474576273","8","14"
"92","5","3","30","30","152","15200000","250949","0.016509802631578946","2","2"
"93","5","3","30","30","66","6600000","165539","0.025081666666666665","11","16"
"94","5","3","30","30","60","6000000","188301","0.0313835","8","17"
"92","5","3","30","30","153","15300000","250950","0.016401960784313725","1","1"
"95","5","3","30","30","0","0","0","0","125","884"
"93","5","3","30","30","67","6700000","167496","0.024999402985074626","11","19"
"94","5","3","30","30","61","6100000","190256","0.03118950819672131","8","19"
"95","5","3","30","30","1","100000","7535","0.07535","96","234"
"93","5","3","30","30","68","6800000","169464","0.024921176470588235","12","23"
"94","5","3","30","30","62","6200000","192309","0.031017580645161292","7","19"
"95","5","3","30","30","2","200000","14473","0.072365","74","147"
"93","5","3","30","30","69","6900000","171582","0.02486695652173913","12","17"
"94","5","3","30","30","63","6300000","194446","0.030864444444444444","8","13"
"95","5","3","30","30","3","300000","20887","0.06962333333333333","54","99"
"93","5","3","30","30","70","7000000","173630","0.024804285714285713","12","21"
"94","5","3","30","30","64","6400000","196676","0.030730625","8","19"
"95","5","3","30","30","4","400000","26271","0.0656775","49","108"
"93","5","3","30","30","71","7100000","175620","0.024735211267605632","10","12"
"94","5","3","30","30","65","6500000","198697","0.03056876923076923","7","14"
"93","5","3","30","30","72","7200000","177678","0.0246775","10","17"
"95","5","3","30","30","5","500000","30993","0.061986","38","66"
"94","5","3","30","30","66","6600000","201110","0.03047121212121212","8","17"
"93","5","3","30","30","73","7300000","179335","0.024566438356164382","10","19"
"95","5","3","30","30","6","600000","34839","0.058065","35","56"
"94","5","3","30","30","67","6700000","203661","0.03039716417910448","7","11"
"93","5","3","30","30","74","7400000","181196","0.024485945945945945","10","17"
"95","5","3","30","30","7","700000","39077","0.055824285714285715","32","58"
"94","5","3","30","30","68","6800000","205868","0.03027470588235294","6","10"
"93","5","3","30","30","75","7500000","182907","0.0243876","10","16"
"95","5","3","30","30","8","800000","43357","0.05419625","33","58"
"94","5","3","30","30","69","6900000","207898","0.030130144927536233","6","9"
"93","5","3","30","30","76","7600000","184771","0.024311973684210526","10","15"
"95","5","3","30","30","9","900000","47519","0.05279888888888889","27","60"
"94","5","3","30","30","70","7000000","209530","0.029932857142857143","5","5"
"93","5","3","30","30","77","7700000","186365","0.024203246753246754","10","17"
"95","5","3","30","30","10","1000000","51705","0.051705","23","51"
"94","5","3","30","30","71","7100000","211058","0.029726478873239436","5","9"
"93","5","3","30","30","78","7800000","187862","0.024084871794871794","10","16"
"95","5","3","30","30","11","1100000","55839","0.05076272727272727","23","51"
"94","5","3","30","30","72","7200000","212535","0.02951875","5","7"
"93","5","3","30","30","79","7900000","189287","0.023960379746835445","10","10"
"95","5","3","30","30","12","1200000","59820","0.04985","23","52"
"94","5","3","30","30","73","7300000","214065","0.029323972602739726","5","11"
"93","5","3","30","30","80","8000000","190624","0.023828","10","15"
"95","5","3","30","30","13","1300000","63046","0.048496923076923076","21","41"
"94","5","3","30","30","74","7400000","215686","0.029146756756756757","5","7"
"93","5","3","30","30","81","8100000","192053","0.023710246913580247","10","14"
"95","5","3","30","30","14","1400000","66132","0.04723714285714286","19","31"
"94","5","3","30","30","75","7500000","217209","0.0289612","5","6"
"93","5","3","30","30","82","8200000","193064","0.02354439024390244","10","13"
"95","5","3","30","30","15","1500000","68904","0.045936","18","26"
"93","5","3","30","30","83","8300000","193891","0.023360361445783132","10","12"
"94","5","3","30","30","76","7600000","218599","0.028763026315789475","5","6"
"95","5","3","30","30","16","1600000","71379","0.044611875","21","36"
"93","5","3","30","30","84","8400000","194235","0.023123214285714285","7","7"
"94","5","3","30","30","77","7700000","220067","0.02858012987012987","5","7"
"95","5","3","30","30","17","1700000","73922","0.043483529411764706","18","28"
"93","5","3","30","30","85","8500000","194451","0.022876588235294117","7","8"
"94","5","3","30","30","78","7800000","221754","0.02843","5","8"
"95","5","3","30","30","18","1800000","76584","0.04254666666666667","15","32"
"93","5","3","30","30","86","8600000","194665","0.02263546511627907","7","7"
"94","5","3","30","30","79","7900000","223385","0.028276582278481014","5","10"
"95","5","3","30","30","19","1900000","79105","0.04163421052631579","18","29"
"93","5","3","30","30","87","8700000","194724","0.02238206896551724","6","6"
"96","5","3","30","30","0","0","0","0","125","884"
"94","5","3","30","30","80","8000000","224961","0.028120125","5","7"
"95","5","3","30","30","20","2000000","81935","0.0409675","17","30"
"96","5","3","30","30","1","100000","6863","0.06863","94","221"
"94","5","3","30","30","81","8100000","226413","0.027952222222222222","5","6"
"95","5","3","30","30","21","2100000","84522","0.040248571428571425","17","26"
"96","5","3","30","30","2","200000","13303","0.066515","72","153"
"94","5","3","30","30","82","8200000","227564","0.02775170731707317","5","7"
"95","5","3","30","30","22","2200000","87309","0.03968590909090909","17","26"
"94","5","3","30","30","83","8300000","228903","0.027578674698795182","5","6"
"96","5","3","30","30","3","300000","19003","0.06334333333333333","54","89"
"95","5","3","30","30","23","2300000","89933","0.039101304347826084","14","30"
"94","5","3","30","30","84","8400000","230224","0.02740761904761905","5","5"
"96","5","3","30","30","4","400000","24244","0.06061","42","76"
"95","5","3","30","30","24","2400000","92274","0.0384475","16","28"
"94","5","3","30","30","85","8500000","231506","0.027236","5","10"
"96","5","3","30","30","5","500000","28817","0.057634","37","75"
"95","5","3","30","30","25","2500000","94570","0.037828","17","30"
"94","5","3","30","30","86","8600000","232652","0.027052558139534885","6","7"
"96","5","3","30","30","6","600000","32902","0.054836666666666666","29","59"
"95","5","3","30","30","26","2600000","96698","0.03719153846153846","13","29"
"94","5","3","30","30","87","8700000","233971","0.026893218390804597","6","9"
"96","5","3","30","30","7","700000","36102","0.05157428571428571","25","38"
"95","5","3","30","30","27","2700000","98506","0.036483703703703706","12","17"
"94","5","3","30","30","88","8800000","235146","0.026721136363636364","6","8"
"96","5","3","30","30","8","800000","39200","0.049","31","48"
"95","5","3","30","30","28","2800000","100273","0.03581178571428571","10","19"
"94","5","3","30","30","89","8900000","236378","0.02655932584269663","6","10"
"96","5","3","30","30","9","900000","41872","0.046524444444444445","24","31"
"95","5","3","30","30","29","2900000","101704","0.035070344827586204","11","17"
"94","5","3","30","30","90","9000000","237413","0.02637922222222222","3","3"
"96","5","3","30","30","10","1000000","44629","0.044629","25","41"
"95","5","3","30","30","30","3000000","103494","0.034498","11","17"
"94","5","3","30","30","91","9100000","238437","0.02620186813186813","3","3"
"96","5","3","30","30","11","1100000","47505","0.043186363636363634","23","32"
"95","5","3","30","30","31","3100000","105123","0.033910645161290325","10","14"
"94","5","3","30","30","92","9200000","239314","0.026012391304347827","3","3"
"96","5","3","30","30","12","1200000","50043","0.0417025","21","29"
"95","5","3","30","30","32","3200000","106956","0.03342375","11","22"
"94","5","3","30","30","93","9300000","240157","0.025823333333333334","3","3"
"96","5","3","30","30","13","1300000","51983","0.03998692307692308","17","23"
"95","5","3","30","30","33","3300000","108891","0.03299727272727273","11","18"
"94","5","3","30","30","94","9400000","241082","0.025647021276595745","3","5"
"96","5","3","30","30","14","1400000","54049","0.03860642857142857","18","38"
"95","5","3","30","30","34","3400000","110872","0.03260941176470588","11","17"
"94","5","3","30","30","95","9500000","242174","0.025492","3","4"
"96","5","3","30","30","15","1500000","56207","0.037471333333333336","16","32"
"95","5","3","30","30","35","3500000","112603","0.032172285714285716","11","18"
"94","5","3","30","30","96","9600000","243197","0.025333020833333334","3","4"
"96","5","3","30","30","16","1600000","58160","0.03635","17","28"
"95","5","3","30","30","36","3600000","114374","0.03177055555555556","12","20"
"94","5","3","30","30","97","9700000","244101","0.025165051546391752","3","3"
"96","5","3","30","30","17","1700000","60105","0.035355882352941174","15","29"
"95","5","3","30","30","37","3700000","116129","0.03138621621621621","11","20"
"94","5","3","30","30","98","9800000","245026","0.02500265306122449","3","4"
"96","5","3","30","30","18","1800000","62059","0.03447722222222222","14","22"
"95","5","3","30","30","38","3800000","118028","0.03106","14","27"
"94","5","3","30","30","99","9900000","245895","0.024837878787878787","3","4"
"96","5","3","30","30","19","1900000","63974","0.03367052631578948","16","24"
"95","5","3","30","30","39","3900000","120154","0.030808717948717947","14","24"
"94","5","3","30","30","100","10000000","246796","0.0246796","3","4"
"96","5","3","30","30","20","2000000","65517","0.0327585","14","19"
"95","5","3","30","30","40","4000000","122274","0.0305685","12","19"
"94","5","3","30","30","101","10100000","247792","0.024533861386138615","3","3"
"96","5","3","30","30","21","2100000","66819","0.031818571428571425","12","18"
"95","5","3","30","30","41","4100000","124063","0.030259268292682925","10","14"
"94","5","3","30","30","102","10200000","248587","0.024371274509803923","3","3"
"96","5","3","30","30","22","2200000","67829","0.030831363636363636","11","16"
"95","5","3","30","30","42","4200000","125954","0.02998904761904762","9","19"
"94","5","3","30","30","103","10300000","249526","0.024225825242718445","3","4"
"96","5","3","30","30","23","2300000","68980","0.029991304347826087","11","21"
"95","5","3","30","30","43","4300000","127806","0.02972232558139535","10","20"
"94","5","3","30","30","104","10400000","250353","0.024072403846153848","3","4"
"96","5","3","30","30","24","2400000","70203","0.02925125","11","18"
"95","5","3","30","30","44","4400000","129384","0.029405454545454547","8","12"
"94","5","3","30","30","105","10500000","251204","0.023924190476190477","3","3"
"96","5","3","30","30","25","2500000","71478","0.0285912","13","16"
"95","5","3","30","30","45","4500000","131199","0.02915533333333333","9","17"
"94","5","3","30","30","106","10600000","252012","0.023774716981132076","3","4"
"96","5","3","30","30","26","2600000","72642","0.02793923076923077","11","16"
"95","5","3","30","30","46","4600000","133373","0.02899413043478261","7","13"
"94","5","3","30","30","107","10700000","252873","0.023632990654205606","3","3"
"96","5","3","30","30","27","2700000","73822","0.02734148148148148","12","20"
"95","5","3","30","30","47","4700000","135312","0.028789787234042553","7","13"
"94","5","3","30","30","108","10800000","253843","0.02350398148148148","3","4"
"96","5","3","30","30","28","2800000","75017","0.026791785714285716","11","22"
"95","5","3","30","30","48","4800000","136979","0.028537291666666666","7","11"
"94","5","3","30","30","109","10900000","254736","0.0233702752293578","3","7"
"96","5","3","30","30","29","2900000","76377","0.026336896551724137","10","17"
"95","5","3","30","30","49","4900000","138835","0.028333673469387755","7","11"
"94","5","3","30","30","110","11000000","255658","0.023241636363636364","3","3"
"96","5","3","30","30","30","3000000","77634","0.025878","10","15"
"95","5","3","30","30","50","5000000","140673","0.0281346","7","9"
"94","5","3","30","30","111","11100000","256591","0.023116306306306306","3","4"
"96","5","3","30","30","31","3100000","78921","0.025458387096774192","10","13"
"95","5","3","30","30","51","5100000","142496","0.027940392156862746","7","14"
"94","5","3","30","30","112","11200000","257439","0.022985625","3","4"
"96","5","3","30","30","32","3200000","80235","0.0250734375","9","14"
"95","5","3","30","30","52","5200000","144309","0.027751730769230768","8","14"
"94","5","3","30","30","113","11300000","258524","0.022878230088495575","3","3"
"96","5","3","30","30","33","3300000","81617","0.024732424242424243","9","10"
"95","5","3","30","30","53","5300000","146109","0.027567735849056602","8","13"
"94","5","3","30","30","114","11400000","259288","0.02274456140350877","3","3"
"96","5","3","30","30","34","3400000","82666","0.024313529411764706","9","12"
"95","5","3","30","30","54","5400000","148197","0.02744388888888889","7","20"
"94","5","3","30","30","115","11500000","260175","0.02262391304347826","3","4"
"96","5","3","30","30","35","3500000","83570","0.023877142857142857","9","11"
"95","5","3","30","30","55","5500000","150204","0.02730981818181818","8","13"
"94","5","3","30","30","116","11600000","261233","0.02252008620689655","3","4"
"96","5","3","30","30","36","3600000","84669","0.023519166666666667","9","11"
"95","5","3","30","30","56","5600000","152137","0.02716732142857143","8","15"
"94","5","3","30","30","117","11700000","262117","0.022403162393162392","3","4"
"96","5","3","30","30","37","3700000","85699","0.02316189189189189","9","10"
"95","5","3","30","30","57","5700000","153942","0.02700736842105263","8","15"
"94","5","3","30","30","118","11800000","262954","0.022284237288135594","3","5"
"96","5","3","30","30","38","3800000","86674","0.022808947368421054","8","10"
"95","5","3","30","30","58","5800000","155799","0.02686189655172414","8","15"
"94","5","3","30","30","119","11900000","263696","0.022159327731092436","3","3"
"96","5","3","30","30","39","3900000","87565","0.022452564102564104","8","10"
"95","5","3","30","30","59","5900000","157621","0.02671542372881356","7","11"
"94","5","3","30","30","120","12000000","264456","0.022038","3","4"
"96","5","3","30","30","40","4000000","88252","0.022063","8","9"
"95","5","3","30","30","60","6000000","159255","0.0265425","7","14"
"94","5","3","30","30","121","12100000","265376","0.02193190082644628","3","3"
"96","5","3","30","30","41","4100000","88956","0.021696585365853657","8","14"
"95","5","3","30","30","61","6100000","160921","0.02638049180327869","6","10"
"94","5","3","30","30","122","12200000","266225","0.02182172131147541","3","3"
"96","5","3","30","30","42","4200000","89685","0.02135357142857143","8","10"
"95","5","3","30","30","62","6200000","162702","0.02624225806451613","7","10"
"94","5","3","30","30","123","12300000","267093","0.021714878048780487","3","3"
"96","5","3","30","30","43","4300000","90428","0.021029767441860466","8","10"
"95","5","3","30","30","63","6300000","164474","0.026106984126984128","7","12"
"94","5","3","30","30","124","12400000","267912","0.0216058064516129","3","3"
"96","5","3","30","30","44","4400000","91046","0.020692272727272726","7","10"
"95","5","3","30","30","64","6400000","166273","0.02598015625","8","14"
"94","5","3","30","30","125","12500000","268689","0.02149512","3","3"
"96","5","3","30","30","45","4500000","91335","0.020296666666666668","6","7"
"95","5","3","30","30","65","6500000","168052","0.025854153846153846","7","15"
"94","5","3","30","30","126","12600000","269554","0.0213931746031746","3","6"
"96","5","3","30","30","46","4600000","91590","0.01991086956521739","6","7"
"95","5","3","30","30","66","6600000","169858","0.025736060606060606","7","11"
"94","5","3","30","30","127","12700000","270492","0.021298582677165355","3","6"
"96","5","3","30","30","47","4700000","91825","0.01953723404255319","6","7"
"95","5","3","30","30","67","6700000","171734","0.025631940298507464","8","18"
"96","5","3","30","30","48","4800000","92169","0.019201875","6","7"
"94","5","3","30","30","128","12800000","271412","0.0212040625","3","4"
"95","5","3","30","30","68","6800000","173575","0.025525735294117648","6","7"
"96","5","3","30","30","49","4900000","92441","0.018865510204081632","6","7"
"94","5","3","30","30","129","12900000","272265","0.021105813953488373","3","3"
"95","5","3","30","30","69","6900000","175173","0.025387391304347827","7","9"
"96","5","3","30","30","50","5000000","92754","0.0185508","6","8"
"94","5","3","30","30","130","13000000","272830","0.020986923076923077","3","3"
"95","5","3","30","30","70","7000000","176995","0.025285","6","7"
"96","5","3","30","30","51","5100000","93007","0.01823666666666667","6","7"
"94","5","3","30","30","131","13100000","273286","0.02086152671755725","3","3"
"95","5","3","30","30","71","7100000","178790","0.02518169014084507","6","6"
"96","5","3","30","30","52","5200000","93268","0.017936153846153845","6","11"
"94","5","3","30","30","132","13200000","273703","0.020735075757575758","3","4"
"95","5","3","30","30","72","7200000","180538","0.025074722222222224","6","8"
"96","5","3","30","30","53","5300000","93533","0.017647735849056604","6","7"
"94","5","3","30","30","133","13300000","274259","0.020620977443609023","3","6"
"95","5","3","30","30","73","7300000","182416","0.02498849315068493","6","9"
"96","5","3","30","30","54","5400000","93772","0.017365185185185185","6","7"
"94","5","3","30","30","134","13400000","274783","0.020506194029850745","3","3"
"95","5","3","30","30","74","7400000","184148","0.024884864864864863","7","10"
"96","5","3","30","30","55","5500000","94034","0.01709709090909091","6","10"
"94","5","3","30","30","135","13500000","275204","0.02038548148148148","3","3"
"95","5","3","30","30","75","7500000","185969","0.024795866666666666","6","11"
"96","5","3","30","30","56","5600000","94298","0.01683892857142857","6","9"
"94","5","3","30","30","136","13600000","275762","0.020276617647058823","3","7"
"96","5","3","30","30","57","5700000","94560","0.016589473684210525","6","8"
"95","5","3","30","30","76","7600000","187983","0.024734605263157895","6","10"
"94","5","3","30","30","137","13700000","276327","0.02016985401459854","3","7"
"96","5","3","30","30","58","5800000","94897","0.016361551724137932","6","7"
"95","5","3","30","30","77","7700000","189878","0.02465948051948052","6","9"
"94","5","3","30","30","138","13800000","276511","0.020037028985507247","2","2"
"97","5","3","30","30","0","0","0","0","125","883"
"96","5","3","30","30","59","5900000","95242","0.01614271186440678","6","8"
"95","5","3","30","30","78","7800000","191673","0.024573461538461537","6","10"
"97","5","3","30","30","1","100000","7383","0.07383","104","222"
"96","5","3","30","30","60","6000000","95628","0.015938","6","8"
"95","5","3","30","30","79","7900000","193463","0.024488987341772153","6","11"
"97","5","3","30","30","2","200000","13776","0.06888","80","138"
"96","5","3","30","30","61","6100000","95939","0.015727704918032787","6","7"
"95","5","3","30","30","80","8000000","195426","0.02442825","6","10"
"97","5","3","30","30","3","300000","20243","0.06747666666666667","58","105"
"96","5","3","30","30","62","6200000","96183","0.015513387096774193","6","7"
"95","5","3","30","30","81","8100000","197080","0.024330864197530864","6","7"
"97","5","3","30","30","4","400000","25560","0.0639","46","84"
"96","5","3","30","30","63","6300000","96432","0.015306666666666666","6","8"
"95","5","3","30","30","82","8200000","198220","0.024173170731707317","5","11"
"97","5","3","30","30","5","500000","30835","0.06167","48","81"
"96","5","3","30","30","64","6400000","96608","0.015095","6","8"
"95","5","3","30","30","83","8300000","199287","0.024010481927710842","5","8"
"97","5","3","30","30","6","600000","35711","0.05951833333333333","35","61"
"96","5","3","30","30","65","6500000","96616","0.014864","5","6"
"98","5","3","30","30","0","0","0","0","124","890"
"95","5","3","30","30","84","8400000","200358","0.023852142857142856","5","9"
"97","5","3","30","30","7","700000","40666","0.058094285714285716","32","66"
"95","5","3","30","30","85","8500000","201474","0.023702823529411766","5","5"
"98","5","3","30","30","1","100000","6946","0.06946","104","206"
"97","5","3","30","30","8","800000","45630","0.0570375","27","64"
"95","5","3","30","30","86","8600000","202689","0.02356848837209302","5","7"
"98","5","3","30","30","2","200000","13616","0.06808","72","131"
"97","5","3","30","30","9","900000","50970","0.056633333333333334","26","55"
"95","5","3","30","30","87","8700000","203749","0.023419425287356323","5","6"
"98","5","3","30","30","3","300000","19235","0.06411666666666667","61","99"
"95","5","3","30","30","88","8800000","204743","0.02326625","5","6"
"97","5","3","30","30","10","1000000","55572","0.055572","25","50"
"98","5","3","30","30","4","400000","24646","0.061615","47","79"
"95","5","3","30","30","89","8900000","205906","0.023135505617977527","5","5"
"97","5","3","30","30","11","1100000","59563","0.05414818181818182","26","43"
"98","5","3","30","30","5","500000","29527","0.059054","32","55"
"95","5","3","30","30","90","9000000","206937","0.022993","5","6"
"97","5","3","30","30","12","1200000","63445","0.05287083333333333","19","41"
"98","5","3","30","30","6","600000","33807","0.056345","25","41"
"95","5","3","30","30","91","9100000","208017","0.02285901098901099","5","6"
"97","5","3","30","30","13","1300000","66903","0.05146384615384615","15","31"
"98","5","3","30","30","7","700000","37787","0.05398142857142857","29","50"
"95","5","3","30","30","92","9200000","209067","0.02272467391304348","5","9"
"97","5","3","30","30","14","1400000","69575","0.04969642857142857","13","20"
"98","5","3","30","30","8","800000","41527","0.05190875","20","33"
"95","5","3","30","30","93","9300000","210010","0.022581720430107526","5","8"
"97","5","3","30","30","15","1500000","72357","0.048238","13","30"
"98","5","3","30","30","9","900000","44512","0.04945777777777778","18","26"
"95","5","3","30","30","94","9400000","210797","0.022425212765957447","4","5"
"97","5","3","30","30","16","1600000","74951","0.046844375","12","24"
"98","5","3","30","30","10","1000000","47027","0.047027","16","19"
"95","5","3","30","30","95","9500000","211652","0.02227915789473684","4","6"
"97","5","3","30","30","17","1700000","77412","0.045536470588235296","12","17"
"98","5","3","30","30","11","1100000","49502","0.045001818181818184","14","23"
"95","5","3","30","30","96","9600000","212551","0.022140729166666668","4","6"
"97","5","3","30","30","18","1800000","79942","0.04441222222222222","11","24"
"98","5","3","30","30","12","1200000","51417","0.0428475","12","21"
"95","5","3","30","30","97","9700000","213307","0.02199041237113402","4","4"
"97","5","3","30","30","19","1900000","82634","0.04349157894736842","10","21"
"98","5","3","30","30","13","1300000","53425","0.041096153846153845","13","22"
"95","5","3","30","30","98","9800000","214032","0.02184","4","6"
"97","5","3","30","30","20","2000000","85375","0.0426875","11","22"
"98","5","3","30","30","14","1400000","55265","0.039475","10","21"
"95","5","3","30","30","99","9900000","214827","0.02169969696969697","4","4"
"97","5","3","30","30","21","2100000","87819","0.04181857142857143","10","20"
"98","5","3","30","30","15","1500000","57557","0.038371333333333334","11","22"
"95","5","3","30","30","100","10000000","215523","0.0215523","4","5"
"97","5","3","30","30","22","2200000","89788","0.04081272727272727","8","14"
"98","5","3","30","30","16","1600000","59447","0.037154375","11","21"
"95","5","3","30","30","101","10100000","216330","0.02141881188118812","4","6"
"97","5","3","30","30","23","2300000","91555","0.039806521739130435","8","12"
"98","5","3","30","30","17","1700000","61609","0.036240588235294115","13","24"
"95","5","3","30","30","102","10200000","216919","0.02126656862745098","4","4"
"97","5","3","30","30","24","2400000","93281","0.03886708333333333","8","11"
"98","5","3","30","30","18","1800000","64255","0.03569722222222222","12","28"
"95","5","3","30","30","103","10300000","217460","0.021112621359223302","4","5"
"97","5","3","30","30","25","2500000","94856","0.0379424","8","15"
"98","5","3","30","30","19","1900000","66643","0.035075263157894734","10","16"
"95","5","3","30","30","104","10400000","218114","0.0209725","4","6"
"97","5","3","30","30","26","2600000","96427","0.03708730769230769","9","15"
"95","5","3","30","30","105","10500000","218764","0.020834666666666668","4","5"
"98","5","3","30","30","20","2000000","68679","0.0343395","10","20"
"97","5","3","30","30","27","2700000","98079","0.036325555555555555","8","14"
"95","5","3","30","30","106","10600000","219438","0.02070169811320755","4","5"
"98","5","3","30","30","21","2100000","70736","0.033683809523809526","10","16"
"97","5","3","30","30","28","2800000","99752","0.03562571428571429","8","14"
"95","5","3","30","30","107","10700000","220012","0.020561869158878504","4","5"
"98","5","3","30","30","22","2200000","72776","0.03308","10","24"
"97","5","3","30","30","29","2900000","101152","0.03488","8","12"
"95","5","3","30","30","108","10800000","220617","0.0204275","4","6"
"98","5","3","30","30","23","2300000","74889","0.03256043478260869","9","21"
"97","5","3","30","30","30","3000000","102647","0.034215666666666665","7","11"
"95","5","3","30","30","109","10900000","221397","0.020311651376146787","4","4"
"98","5","3","30","30","24","2400000","76923","0.03205125","9","20"
"97","5","3","30","30","31","3100000","104196","0.033611612903225806","7","10"
"95","5","3","30","30","110","11000000","222091","0.020190090909090908","4","5"
"98","5","3","30","30","25","2500000","79168","0.0316672","8","20"
"97","5","3","30","30","32","3200000","105688","0.0330275","7","8"
"95","5","3","30","30","111","11100000","222758","0.02006828828828829","4","4"
"98","5","3","30","30","26","2600000","81269","0.031257307692307695","9","14"
"97","5","3","30","30","33","3300000","107180","0.03247878787878788","7","9"
"95","5","3","30","30","112","11200000","223365","0.01994330357142857","4","4"
"98","5","3","30","30","27","2700000","83152","0.030797037037037036","8","12"
"97","5","3","30","30","34","3400000","108587","0.03193735294117647","7","12"
"95","5","3","30","30","113","11300000","223899","0.01981407079646018","4","4"
"98","5","3","30","30","28","2800000","85077","0.030384642857142857","7","12"
"97","5","3","30","30","35","3500000","109974","0.031421142857142856","7","12"
"95","5","3","30","30","114","11400000","224629","0.019704298245614035","4","6"
"98","5","3","30","30","29","2900000","86542","0.029842068965517242","7","10"
"97","5","3","30","30","36","3600000","111375","0.0309375","7","17"
"95","5","3","30","30","115","11500000","225263","0.019588086956521738","4","5"
"98","5","3","30","30","30","3000000","88138","0.029379333333333334","7","18"
"97","5","3","30","30","37","3700000","112788","0.03048324324324324","7","14"
"95","5","3","30","30","116","11600000","225890","0.019473275862068967","4","4"
"98","5","3","30","30","31","3100000","89855","0.028985483870967742","7","11"
"97","5","3","30","30","38","3800000","114329","0.030086578947368423","7","10"
"95","5","3","30","30","117","11700000","226556","0.019363760683760684","4","6"
"98","5","3","30","30","32","3200000","91802","0.028688125","7","12"
"97","5","3","30","30","39","3900000","115639","0.02965102564102564","7","10"
"95","5","3","30","30","118","11800000","227305","0.019263135593220338","4","6"
"98","5","3","30","30","33","3300000","93611","0.028366969696969696","5","10"
"97","5","3","30","30","40","4000000","116760","0.02919","6","7"
"95","5","3","30","30","119","11900000","227925","0.019153361344537816","4","5"
"98","5","3","30","30","34","3400000","95253","0.02801558823529412","5","11"
"97","5","3","30","30","41","4100000","117797","0.0287309756097561","6","7"
"95","5","3","30","30","120","12000000","228518","0.019043166666666667","4","5"
"98","5","3","30","30","35","3500000","96960","0.027702857142857144","6","11"
"97","5","3","30","30","42","4200000","118808","0.028287619047619048","5","7"
"95","5","3","30","30","121","12100000","229016","0.01892694214876033","4","6"
"98","5","3","30","30","36","3600000","98797","0.02744361111111111","7","16"
"95","5","3","30","30","122","12200000","229693","0.01882729508196721","4","5"
"97","5","3","30","30","43","4300000","120107","0.027931860465116278","5","8"
"98","5","3","30","30","37","3700000","100718","0.02722108108108108","6","20"
"95","5","3","30","30","123","12300000","230301","0.018723658536585367","4","4"
"97","5","3","30","30","44","4400000","121007","0.02750159090909091","5","5"
"98","5","3","30","30","38","3800000","102481","0.026968684210526315","5","9"
"95","5","3","30","30","124","12400000","230836","0.018615806451612902","4","4"
"97","5","3","30","30","45","4500000","121848","0.02707733333333333","5","6"
"98","5","3","30","30","39","3900000","104326","0.02675025641025641","6","12"
"95","5","3","30","30","125","12500000","231378","0.01851024","4","5"
"97","5","3","30","30","46","4600000","122761","0.02668717391304348","5","5"
"98","5","3","30","30","40","4000000","105986","0.0264965","5","7"
"95","5","3","30","30","126","12600000","231938","0.018407777777777776","4","4"
"97","5","3","30","30","47","4700000","123737","0.026327021276595745","5","6"
"98","5","3","30","30","41","4100000","107557","0.026233414634146343","5","8"
"95","5","3","30","30","127","12700000","232548","0.018310866141732284","4","6"
"97","5","3","30","30","48","4800000","124732","0.025985833333333333","5","8"
"98","5","3","30","30","42","4200000","109013","0.025955476190476192","6","8"
"95","5","3","30","30","128","12800000","233308","0.0182271875","4","5"
"97","5","3","30","30","49","4900000","125848","0.02568326530612245","5","6"
"95","5","3","30","30","129","12900000","234039","0.018142558139534883","4","4"
"98","5","3","30","30","43","4300000","110435","0.025682558139534885","6","10"
"97","5","3","30","30","50","5000000","126962","0.0253924","5","6"
"95","5","3","30","30","130","13000000","234773","0.018059461538461538","4","4"
"98","5","3","30","30","44","4400000","111886","0.025428636363636365","6","13"
"97","5","3","30","30","51","5100000","127875","0.025073529411764706","5","6"
"95","5","3","30","30","131","13100000","235409","0.017970152671755724","4","4"
"98","5","3","30","30","45","4500000","113341","0.02518688888888889","5","8"
"97","5","3","30","30","52","5200000","128741","0.024757884615384616","5","5"
"95","5","3","30","30","132","13200000","236033","0.01788128787878788","4","4"
"98","5","3","30","30","46","4600000","114603","0.02491369565217391","6","8"
"97","5","3","30","30","53","5300000","129750","0.024481132075471698","5","5"
"95","5","3","30","30","133","13300000","236734","0.01779954887218045","4","4"
"98","5","3","30","30","47","4700000","115816","0.024641702127659575","6","14"
"97","5","3","30","30","54","5400000","130732","0.02420962962962963","5","9"
"95","5","3","30","30","134","13400000","237302","0.01770910447761194","4","4"
"98","5","3","30","30","48","4800000","116889","0.024351875","5","7"
"97","5","3","30","30","55","5500000","131662","0.023938545454545455","5","6"
"95","5","3","30","30","135","13500000","237834","0.017617333333333332","4","5"
"98","5","3","30","30","49","4900000","117991","0.02407979591836735","4","10"
"97","5","3","30","30","56","5600000","132568","0.02367285714285714","5","5"
"95","5","3","30","30","136","13600000","238405","0.017529779411764704","4","5"
"98","5","3","30","30","50","5000000","119012","0.0238024","4","7"
"97","5","3","30","30","57","5700000","133469","0.02341561403508772","5","7"
"95","5","3","30","30","137","13700000","238792","0.01743007299270073","4","6"
"98","5","3","30","30","51","5100000","120102","0.02354941176470588","4","5"
"97","5","3","30","30","58","5800000","134398","0.023172068965517243","5","6"
"95","5","3","30","30","138","13800000","239116","0.017327246376811593","4","5"
"98","5","3","30","30","52","5200000","120939","0.0232575","4","5"
"97","5","3","30","30","59","5900000","135450","0.022957627118644068","5","5"
"95","5","3","30","30","139","13900000","239415","0.01722410071942446","4","4"
"98","5","3","30","30","53","5300000","121887","0.02299754716981132","4","6"
"97","5","3","30","30","60","6000000","136451","0.022741833333333333","5","5"
"95","5","3","30","30","140","14000000","239645","0.0171175","4","4"
"98","5","3","30","30","54","5400000","122820","0.022744444444444446","4","6"
"97","5","3","30","30","61","6100000","137370","0.022519672131147542","5","7"
"95","5","3","30","30","141","14100000","239812","0.017007943262411347","3","3"
"99","5","3","30","30","0","0","0","0","125","888"
"98","5","3","30","30","55","5500000","123491","0.02245290909090909","4","5"
"97","5","3","30","30","62","6200000","138308","0.02230774193548387","5","6"
"99","5","3","30","30","1","100000","7408","0.07408","96","240"
"98","5","3","30","30","56","5600000","124176","0.022174285714285716","4","5"
"97","5","3","30","30","63","6300000","139195","0.022094444444444444","5","6"
"98","5","3","30","30","57","5700000","124981","0.021926491228070177","4","4"
"99","5","3","30","30","2","200000","14395","0.071975","80","157"
"97","5","3","30","30","64","6400000","140141","0.02189703125","5","5"
"98","5","3","30","30","58","5800000","125663","0.021666034482758622","4","4"
"97","5","3","30","30","65","6500000","141205","0.021723846153846153","5","9"
"99","5","3","30","30","3","300000","20249","0.06749666666666666","55","95"
"98","5","3","30","30","59","5900000","126158","0.02138271186440678","4","4"
"97","5","3","30","30","66","6600000","142271","0.021556212121212122","5","6"
"99","5","3","30","30","4","400000","24717","0.0617925","52","84"
"98","5","3","30","30","60","6000000","126768","0.021128","4","6"
"97","5","3","30","30","67","6700000","143079","0.021355074626865672","5","8"
"99","5","3","30","30","5","500000","29210","0.05842","43","70"
"98","5","3","30","30","61","6100000","127407","0.020886393442622952","4","5"
"97","5","3","30","30","68","6800000","143901","0.021161911764705884","5","5"
"99","5","3","30","30","6","600000","33421","0.05570166666666666","33","63"
"98","5","3","30","30","62","6200000","127990","0.020643548387096776","4","4"
"97","5","3","30","30","69","6900000","144721","0.020974057971014492","5","8"
"99","5","3","30","30","7","700000","37365","0.05337857142857143","34","68"
"98","5","3","30","30","63","6300000","128679","0.020425238095238094","4","5"
"97","5","3","30","30","70","7000000","145665","0.020809285714285714","5","5"
"99","5","3","30","30","8","800000","41484","0.051855","32","59"
"98","5","3","30","30","64","6400000","129267","0.02019796875","4","4"
"97","5","3","30","30","71","7100000","146562","0.020642535211267604","5","5"
"99","5","3","30","30","9","900000","45618","0.050686666666666665","29","49"
"98","5","3","30","30","65","6500000","129852","0.019977230769230768","4","6"
"97","5","3","30","30","72","7200000","147256","0.020452222222222222","5","8"
"99","5","3","30","30","10","1000000","49791","0.049791","28","42"
"98","5","3","30","30","66","6600000","130546","0.01977969696969697","4","6"
"97","5","3","30","30","73","7300000","148046","0.02028027397260274","5","6"
"99","5","3","30","30","11","1100000","53506","0.04864181818181818","25","35"
"98","5","3","30","30","67","6700000","131118","0.019569850746268658","4","5"
"97","5","3","30","30","74","7400000","149016","0.020137297297297296","5","7"
"99","5","3","30","30","12","1200000","57228","0.04769","22","43"
"98","5","3","30","30","68","6800000","131879","0.019393970588235294","4","4"
"97","5","3","30","30","75","7500000","150009","0.0200012","5","5"
"99","5","3","30","30","13","1300000","60830","0.046792307692307696","22","37"
"98","5","3","30","30","69","6900000","132430","0.019192753623188407","4","7"
"97","5","3","30","30","76","7600000","150898","0.019855","5","7"
"99","5","3","30","30","14","1400000","64424","0.046017142857142854","21","39"
"98","5","3","30","30","70","7000000","132975","0.01899642857142857","4","4"
"97","5","3","30","30","77","7700000","151977","0.01973727272727273","5","5"
"99","5","3","30","30","15","1500000","67216","0.044810666666666665","16","24"
"98","5","3","30","30","71","7100000","133516","0.018805070422535212","4","4"
"97","5","3","30","30","78","7800000","152830","0.019593589743589743","5","6"
"99","5","3","30","30","16","1600000","69408","0.04338","14","18"
"98","5","3","30","30","72","7200000","134007","0.018612083333333335","4","5"
"97","5","3","30","30","79","7900000","153916","0.019483037974683544","5","5"
"99","5","3","30","30","17","1700000","70944","0.04173176470588235","14","27"
"98","5","3","30","30","73","7300000","134678","0.01844904109589041","4","5"
"97","5","3","30","30","80","8000000","154991","0.019373875","5","6"
"99","5","3","30","30","18","1800000","72696","0.04038666666666667","16","29"
"98","5","3","30","30","74","7400000","135280","0.01828108108108108","4","4"
"97","5","3","30","30","81","8100000","156182","0.019281728395061728","5","7"
"99","5","3","30","30","19","1900000","74545","0.03923421052631579","14","25"
"98","5","3","30","30","75","7500000","135729","0.0180972","4","5"
"97","5","3","30","30","82","8200000","157255","0.019177439024390244","5","6"
"99","5","3","30","30","20","2000000","76543","0.0382715","14","27"
"98","5","3","30","30","76","7600000","136280","0.01793157894736842","4","5"
"97","5","3","30","30","83","8300000","158187","0.01905867469879518","5","5"
"99","5","3","30","30","21","2100000","78423","0.03734428571428571","13","17"
"98","5","3","30","30","77","7700000","136856","0.017773506493506494","4","6"
"97","5","3","30","30","84","8400000","159048","0.018934285714285716","5","5"
"99","5","3","30","30","22","2200000","80427","0.03655772727272727","14","17"
"98","5","3","30","30","78","7800000","137351","0.017609102564102565","4","4"
"97","5","3","30","30","85","8500000","159981","0.018821294117647058","5","6"
"99","5","3","30","30","23","2300000","82502","0.03587043478260869","11","16"
"98","5","3","30","30","79","7900000","137932","0.01745974683544304","4","6"
"97","5","3","30","30","86","8600000","160922","0.01871186046511628","5","6"
"99","5","3","30","30","24","2400000","84217","0.035090416666666666","12","15"
"98","5","3","30","30","80","8000000","138480","0.01731","4","5"
"97","5","3","30","30","87","8700000","161867","0.018605402298850576","5","7"
"99","5","3","30","30","25","2500000","85958","0.0343832","12","18"
"98","5","3","30","30","81","8100000","138958","0.017155308641975307","4","6"
"97","5","3","30","30","88","8800000","162999","0.018522613636363636","5","9"
"99","5","3","30","30","26","2600000","87835","0.033782692307692305","12","15"
"98","5","3","30","30","82","8200000","139444","0.017005365853658538","4","4"
"97","5","3","30","30","89","8900000","164166","0.01844561797752809","5","6"
"99","5","3","30","30","27","2700000","89603","0.0331862962962963","11","13"
"98","5","3","30","30","83","8300000","139944","0.016860722891566263","4","4"
"97","5","3","30","30","90","9000000","165337","0.018370777777777778","5","6"
"99","5","3","30","30","28","2800000","91444","0.032658571428571426","13","17"
"98","5","3","30","30","84","8400000","140536","0.01673047619047619","4","4"
"97","5","3","30","30","91","9100000","166404","0.018286153846153848","5","6"
"99","5","3","30","30","29","2900000","93232","0.032148965517241376","12","16"
"98","5","3","30","30","85","8500000","141108","0.01660094117647059","4","4"
"97","5","3","30","30","92","9200000","167311","0.018185978260869564","5","6"
"99","5","3","30","30","30","3000000","95163","0.031721","11","16"
"98","5","3","30","30","86","8600000","141596","0.016464651162790698","4","4"
"97","5","3","30","30","93","9300000","168253","0.018091720430107528","5","5"
"99","5","3","30","30","31","3100000","96916","0.03126322580645161","12","18"
"98","5","3","30","30","87","8700000","142103","0.01633367816091954","4","4"
"97","5","3","30","30","94","9400000","168994","0.01797808510638298","5","6"
"99","5","3","30","30","32","3200000","98390","0.030746875","11","14"
"98","5","3","30","30","88","8800000","142596","0.016204090909090908","4","4"
"97","5","3","30","30","95","9500000","169788","0.01787242105263158","5","5"
"99","5","3","30","30","33","3300000","99944","0.030286060606060605","11","14"
"98","5","3","30","30","89","8900000","143114","0.016080224719101123","4","4"
"97","5","3","30","30","96","9600000","170542","0.01776479166666667","5","6"
"99","5","3","30","30","34","3400000","101574","0.029874705882352942","11","14"
"98","5","3","30","30","90","9000000","143568","0.015952","4","4"
"97","5","3","30","30","97","9700000","171135","0.01764278350515464","5","5"
"99","5","3","30","30","35","3500000","103159","0.029474","10","14"
"98","5","3","30","30","91","9100000","144078","0.01583274725274725","4","5"
"97","5","3","30","30","98","9800000","171656","0.01751591836734694","5","7"
"99","5","3","30","30","36","3600000","104483","0.029023055555555555","10","12"
"98","5","3","30","30","92","9200000","144432","0.015699130434782608","3","3"
"97","5","3","30","30","99","9900000","172084","0.017382222222222223","5","6"
"100","5","3","30","30","0","0","0","0","125","888"
"99","5","3","30","30","37","3700000","105499","0.028513243243243242","9","9"
"97","5","3","30","30","100","10000000","172088","0.0172088","4","4"
"100","5","3","30","30","1","100000","7245","0.07245","110","241"
"99","5","3","30","30","38","3800000","106342","0.027984736842105264","9","10"
"100","5","3","30","30","2","200000","13614","0.06807","84","150"
"99","5","3","30","30","39","3900000","107102","0.027462051282051283","9","11"
"100","5","3","30","30","3","300000","19050","0.0635","57","95"
"99","5","3","30","30","40","4000000","107883","0.02697075","9","12"
"100","5","3","30","30","4","400000","24149","0.0603725","47","76"
"99","5","3","30","30","41","4100000","108777","0.026530975609756098","9","9"
"100","5","3","30","30","5","500000","29267","0.058534","47","84"
"99","5","3","30","30","42","4200000","109546","0.026082380952380954","9","10"
"99","5","3","30","30","43","4300000","110475","0.02569186046511628","9","11"
"100","5","3","30","30","6","600000","34047","0.056745","41","80"
"99","5","3","30","30","44","4400000","111377","0.025312954545454545","9","9"
"100","5","3","30","30","7","700000","38759","0.05537","37","74"
"99","5","3","30","30","45","4500000","112224","0.024938666666666668","9","9"
"100","5","3","30","30","8","800000","43087","0.05385875","40","63"
"99","5","3","30","30","46","4600000","113110","0.02458913043478261","9","13"
"100","5","3","30","30","9","900000","46998","0.05222","32","59"
"99","5","3","30","30","47","4700000","113970","0.024248936170212766","9","12"
"100","5","3","30","30","10","1000000","50527","0.050527","27","53"
"99","5","3","30","30","48","4800000","114728","0.02390166666666667","9","11"
"100","5","3","30","30","11","1100000","53454","0.04859454545454545","26","45"
"99","5","3","30","30","49","4900000","115603","0.023592448979591837","9","11"
"100","5","3","30","30","12","1200000","56285","0.04690416666666666","23","39"
"99","5","3","30","30","50","5000000","116379","0.0232758","9","10"
"100","5","3","30","30","13","1300000","58962","0.04535538461538462","24","38"
"99","5","3","30","30","51","5100000","117338","0.02300745098039216","9","12"
"100","5","3","30","30","14","1400000","60935","0.043525","22","27"
"99","5","3","30","30","52","5200000","118386","0.022766538461538463","9","12"
"100","5","3","30","30","15","1500000","62192","0.041461333333333336","14","17"
"99","5","3","30","30","53","5300000","119354","0.022519622641509435","9","9"
"100","5","3","30","30","16","1600000","63051","0.039406875","13","16"
"99","5","3","30","30","54","5400000","120313","0.022280185185185184","9","9"
"100","5","3","30","30","17","1700000","64096","0.037703529411764705","14","18"
"99","5","3","30","30","55","5500000","121211","0.022038363636363637","8","9"
"100","5","3","30","30","18","1800000","64907","0.03605944444444444","13","15"
"99","5","3","30","30","56","5600000","121884","0.021765","8","8"
"100","5","3","30","30","19","1900000","65646","0.034550526315789476","12","15"
"99","5","3","30","30","57","5700000","122564","0.021502456140350876","8","9"
"100","5","3","30","30","20","2000000","66378","0.033189","12","14"
"99","5","3","30","30","58","5800000","123143","0.02123155172413793","8","9"
"100","5","3","30","30","21","2100000","66870","0.031842857142857145","12","13"
"99","5","3","30","30","59","5900000","123328","0.020903050847457628","7","7"
"100","5","3","30","30","22","2200000","67338","0.03060818181818182","12","14"
"100","5","3","30","30","23","2300000","67777","0.029468260869565218","12","14"
"100","5","3","30","30","24","2400000","68287","0.028452916666666668","12","13"
"100","5","3","30","30","25","2500000","68781","0.0275124","12","15"
"100","5","3","30","30","26","2600000","69313","0.026658846153846154","12","15"
"100","5","3","30","30","27","2700000","69802","0.025852592592592594","12","13"
"100","5","3","30","30","28","2800000","70210","0.025075","12","15"
"100","5","3","30","30","29","2900000","70599","0.02434448275862069","12","14"
"100","5","3","30","30","30","3000000","70954","0.023651333333333333","12","13"
"100","5","3","30","30","31","3100000","71293","0.02299774193548387","12","14"
"100","5","3","30","30","32","3200000","71627","0.0223834375","12","14"
"100","5","3","30","30","33","3300000","71948","0.02180242424242424","12","13"
"100","5","3","30","30","34","3400000","72313","0.021268529411764707","12","13"
"100","5","3","30","30","35","3500000","72608","0.020745142857142858","12","13"
"100","5","3","30","30","36","3600000","72945","0.0202625","12","17"
"100","5","3","30","30","37","3700000","73186","0.01978","11","12"
"100","5","3","30","30","38","3800000","73191","0.01926078947368421","10","11"
